사고번호,사고일시,요일,시군구,사고내용,사망자수,중상자수,경상자수,부상신고자수,사고유형,법규위반,노면상태,기상상태,도로형태,가해운전자 차종,가해운전자 성별,가해운전자 연령,가해운전자 상해정도,피해운전자 차종,피해운전자 성별,피해운전자 연령,피해운전자 상해정도
2016011300100006,2016년 1월 13일 00시,수요일,부산광역시 기장군 기장읍,중상사고,0,1,0,0,차대차 - 측면충돌,교차로운행방법위반,건조,맑음,교차로 - 교차로안,승용,남,18세,상해없음,이륜,남,37세,중상
2016011300100033,2016년 1월 13일 03시,수요일,부산광역시 해운대구 반송동,중상사고,0,1,0,0,차대차 - 측면충돌,안전운전불이행,건조,맑음,단일로 - 횡단보도상,승용,남,16세,상해없음,승용,남,67세,중상
2016011300100058,2016년 1월 13일 06시,수요일,부산광역시 금정구 서동,중상사고,0,1,0,0,차대차 - 측면충돌,안전거리미확보,건조,맑음,교차로 - 교차로안,승용,남,39세,상해없음,원동기,남,62세,중상
2016011300100059,2016년 1월 13일 06시,수요일,부산광역시 사상구 괘법동,경상사고,0,0,1,0,차대차 - 기타,교차로운행방법위반,건조,맑음,교차로 - 교차로부근,이륜,여,50세,경상,승용,남,75세,상해없음
2016011300100060,2016년 1월 13일 06시,수요일,부산광역시 기장군 일광면,중상사고,0,1,0,0,차대차 - 추돌,안전거리미확보,건조,맑음,단일로 - 기타,승용,여,27세,상해없음,이륜,남,65세,중상
2016011300100080,2016년 1월 13일 07시,수요일,부산광역시 해운대구 중동,경상사고,0,0,1,0,차대사람 - 기타,안전운전불이행,건조,맑음,단일로 - 기타,승용,여,78세,상해없음,보행자,여,85세,경상
2016011300100107,2016년 1월 13일 08시,수요일,부산광역시 사상구 덕포동,경상사고,0,0,1,0,차대차 - 측면직각충돌,안전거리미확보,건조,맑음,교차로 - 교차로부근,승용,남,47세,상해없음,이륜,남,59세,경상
2016011300100145,2016년 1월 13일 09시,수요일,부산광역시 서구 남부민동,중상사고,0,1,0,0,차대사람 - 차도통행중,안전운전불이행,건조,맑음,단일로 - 기타,화물,남,40세,상해없음,보행자,남,36세,중상
2016011300100146,2016년 1월 13일 09시,수요일,부산광역시 부산진구 양정동,경상사고,0,0,2,0,차대차 - 측면충돌,신호위반,건조,맑음,교차로 - 교차로안,승용,남,33세,상해없음,승용,여,35세,경상
2016011300100147,2016년 1월 13일 09시,수요일,부산광역시 금정구 구서동,중상사고,0,1,0,0,차대사람 - 횡단중,안전운전불이행,건조,맑음,단일로 - 기타,승용,남,29세,상해없음,보행자,여,79세,중상
2016011300100201,2016년 1월 13일 11시,수요일,부산광역시 남구 대연동,경상사고,0,0,1,0,차대사람 - 기타,안전운전불이행,건조,맑음,단일로 - 기타,승용,남,53세,상해없음,보행자,여,64세,경상
2016011300100225,2016년 1월 13일 12시,수요일,부산광역시 남구 용당동,중상사고,0,1,0,0,차대차 - 정면충돌,신호위반,건조,맑음,교차로 - 교차로안,승용,남,75세,상해없음,원동기,남,75세,중상
2016011300100226,2016년 1월 13일 12시,수요일,부산광역시 사하구 당리동,경상사고,0,0,1,0,차대사람 - 기타,안전운전불이행,건조,맑음,단일로 - 기타,승용,여,40세,상해없음,보행자,남,37세,경상
2016011300100253,2016년 1월 13일 13시,수요일,부산광역시 동구 수정동,경상사고,0,0,1,0,차대차 - 측면직각충돌,신호위반,건조,맑음,단일로 - 기타,승용,여,33세,상해없음,승용,남,33세,경상
2016011300100254,2016년 1월 13일 13시,수요일,부산광역시 남구 대연동,중상사고,0,1,0,0,차대차 - 추돌,안전운전불이행,건조,맑음,단일로 - 기타,건설기계,남,51세,상해없음,이륜,남,63세,중상
2016011300100255,2016년 1월 13일 13시,수요일,부산광역시 해운대구 재송동,경상사고,0,0,2,0,차대차 - 추돌,안전운전불이행,건조,맑음,단일로 - 교량,승용,남,50세,상해없음,승용,여,45세,경상
2016011300100256,2016년 1월 13일 13시,수요일,부산광역시 금정구 부곡동,중상사고,0,1,0,0,차대사람 - 횡단중,안전운전불이행,건조,맑음,단일로 - 기타,화물,남,53세,상해없음,보행자,여,74세,중상
2016011300100271,2016년 1월 13일 14시,수요일,부산광역시 강서구 범방동,중상사고,0,1,0,0,차대차 - 측면직각충돌,안전거리미확보,건조,맑음,교차로 - 교차로부근,화물,남,38세,상해없음,승용,남,26세,중상
2016011300100301,2016년 1월 13일 15시,수요일,부산광역시 연제구 연산동,중상사고,0,1,0,0,차대차 - 추돌,안전운전불이행,건조,맑음,교차로 - 교차로안,승용,여,38세,상해없음,승용,남,62세,중상
2016011300100332,2016년 1월 13일 16시,수요일,부산광역시 동래구 온천동,경상사고,0,0,1,0,차대차 - 추돌,안전운전불이행,건조,맑음,단일로 - 기타,승용,여,52세,상해없음,승용,여,33세,경상
2016011300100333,2016년 1월 13일 16시,수요일,부산광역시 동래구 온천동,경상사고,0,0,3,0,차대차 - 측면직각충돌,교차로운행방법위반,건조,맑음,교차로 - 교차로안,승용,남,71세,상해없음,승용,남,41세,경상
2016011300100368,2016년 1월 13일 17시,수요일,부산광역시 동구 범일동,중상사고,0,1,1,0,차대차 - 측면충돌,신호위반,건조,맑음,교차로 - 교차로안,승용,남,41세,상해없음,승용,남,42세,중상
2016011300100369,2016년 1월 13일 17시,수요일,부산광역시 수영구 광안동,경상사고,0,0,1,0,차대차 - 측면충돌,안전운전불이행,건조,맑음,단일로 - 횡단보도부근,승용,남,61세,상해없음,원동기,남,23세,경상
2016011300100370,2016년 1월 13일 17시,수요일,부산광역시 북구 금곡동,경상사고,0,0,1,0,차대사람 - 횡단중,신호위반,건조,맑음,단일로 - 횡단보도상,원동기,남,61세,상해없음,보행자,남,11세,경상
2016011300100371,2016년 1월 13일 17시,수요일,부산광역시 북구 만덕동,경상사고,0,0,2,0,차대차 - 측면직각충돌,중앙선침범,건조,맑음,단일로 - 기타,승용,남,35세,상해없음,승용,여,44세,경상
2016011300100414,2016년 1월 13일 18시,수요일,부산광역시 서구 충무동1가,경상사고,0,0,1,0,차대차 - 측면직각충돌,안전운전불이행,건조,맑음,단일로 - 기타,이륜,남,61세,상해없음,이륜,남,23세,경상
2016011300100415,2016년 1월 13일 18시,수요일,부산광역시 사하구 하단동,경상사고,0,0,2,0,차대차 - 추돌,안전운전불이행,건조,맑음,교차로 - 교차로부근,승용,남,57세,상해없음,승용,남,63세,경상
2016011300100416,2016년 1월 13일 18시,수요일,부산광역시 강서구 지사동,경상사고,0,0,1,0,차대차 - 측면직각충돌,중앙선침범,건조,맑음,교차로 - 교차로부근,승용,여,29세,상해없음,승용,여,35세,경상
2016011300100417,2016년 1월 13일 18시,수요일,부산광역시 강서구 명지동,중상사고,0,1,0,0,차대사람 - 기타,안전운전불이행,건조,맑음,교차로 - 교차로부근,승용,여,29세,상해없음,보행자,남,77세,중상
2016011300100418,2016년 1월 13일 18시,수요일,부산광역시 사상구 학장동,중상사고,0,1,0,0,차대차 - 측면직각충돌,안전운전불이행,건조,맑음,단일로 - 기타,승용,남,46세,상해없음,이륜,남,16세,중상
2016011300100419,2016년 1월 13일 18시,수요일,부산광역시 기장군 장안읍,경상사고,0,0,1,0,차대사람 - 횡단중,안전운전불이행,건조,맑음,단일로 - 기타,승용,남,30세,상해없음,보행자,여,67세,경상
2016011300100463,2016년 1월 13일 19시,수요일,부산광역시 북구 덕천동,중상사고,0,1,0,0,차대사람 - 횡단중,안전운전불이행,건조,맑음,교차로 - 교차로부근,승용,남,51세,상해없음,보행자,여,74세,중상
2016011300100531,2016년 1월 13일 21시,수요일,부산광역시 서구 토성동5가,부상신고사고,0,0,0,1,차대차 - 측면직각충돌,안전운전불이행,건조,맑음,단일로 - 기타,승용,남,31세,상해없음,이륜,남,36세,부상신고
2016011300100532,2016년 1월 13일 21시,수요일,부산광역시 영도구 영선동1가,중상사고,0,1,0,0,차대사람 - 횡단중,보행자보호의무위반,건조,맑음,단일로 - 횡단보도상,승용,남,60세,상해없음,보행자,여,21세,중상
2016011300100553,2016년 1월 13일 22시,수요일,부산광역시 해운대구 재송동,경상사고,0,0,1,0,차대사람 - 횡단중,보행자보호의무위반,건조,맑음,교차로 - 교차로부근,승용,남,59세,상해없음,보행자,남,28세,경상
2016011300100583,2016년 1월 13일 23시,수요일,부산광역시 서구 남부민동,경상사고,0,0,2,0,차대차 - 측면직각충돌,신호위반,건조,맑음,단일로 - 기타,승용,남,21세,상해없음,승합,남,66세,경상
2016011300100584,2016년 1월 13일 23시,수요일,부산광역시 금정구 구서동,경상사고,0,0,1,0,차대차 - 추돌,안전거리미확보,건조,맑음,단일로 - 기타,승용,남,51세,상해없음,승용,남,69세,경상
2016011400100001,2016년 1월 14일 00시,목요일,부산광역시 남구 대연동,중상사고,0,1,0,0,차대사람 - 횡단중,안전운전불이행,건조,맑음,단일로 - 횡단보도상,승용,남,51세,상해없음,보행자,남,60세,중상
2016011400100002,2016년 1월 14일 00시,목요일,부산광역시 사하구 장림동,경상사고,0,0,1,0,차대차 - 측면충돌,안전거리미확보,건조,맑음,교차로 - 교차로부근,이륜,남,16세,경상,승용,남,66세,상해없음
2016011400100020,2016년 1월 14일 01시,목요일,부산광역시 부산진구 부전동,경상사고,0,0,1,0,차대차 - 기타,신호위반,건조,맑음,교차로 - 교차로안,승용,남,21세,상해없음,승용,남,65세,경상
2016011400100021,2016년 1월 14일 01시,목요일,부산광역시 금정구 금사동,부상신고사고,0,0,0,1,차량단독 - 전도전복,안전운전불이행,건조,맑음,단일로 - 기타,승용,남,50세,부상신고,,,,
2016011400100057,2016년 1월 14일 05시,목요일,부산광역시 영도구 대교동2가,중상사고,0,1,0,0,차대사람 - 횡단중,신호위반,건조,맑음,단일로 - 횡단보도부근,승용,남,57세,상해없음,보행자,여,74세,중상
2016011400100095,2016년 1월 14일 07시,목요일,부산광역시 중구 남포동5가,중상사고,0,1,0,0,차대사람 - 횡단중,안전운전불이행,건조,맑음,단일로 - 기타,승용,남,45세,상해없음,보행자,여,71세,중상
2016011400100124,2016년 1월 14일 08시,목요일,부산광역시 해운대구 반여동,중상사고,0,1,0,0,차대사람 - 횡단중,안전운전불이행,건조,맑음,단일로 - 기타,승용,남,60세,상해없음,보행자,남,83세,중상
2016011400100125,2016년 1월 14일 08시,목요일,부산광역시 연제구 연산동,경상사고,0,0,2,0,차대차 - 측면직각충돌,교차로운행방법위반,건조,맑음,교차로 - 교차로부근,승용,남,74세,상해없음,승용,남,66세,경상
2016011400100126,2016년 1월 14일 08시,목요일,부산광역시 사상구 괘법동,중상사고,0,1,0,0,차대사람 - 차도통행중,안전운전불이행,건조,맑음,단일로 - 기타,승용,여,40세,상해없음,보행자,여,66세,중상
2016011400100164,2016년 1월 14일 09시,목요일,부산광역시 해운대구 반송동,사망사고,1,0,0,0,차대차 - 추돌,안전운전불이행,건조,맑음,단일로 - 기타,화물,남,50세,상해없음,화물,남,52세,사망
2016011400100195,2016년 1월 14일 10시,목요일,부산광역시 기장군 기장읍,경상사고,0,0,3,0,차대차 - 측면직각충돌,직진우회전진행방해,건조,맑음,교차로 - 교차로안,승용,여,56세,경상,승용,여,58세,경상
2016011400100224,2016년 1월 14일 11시,목요일,부산광역시 서구 부용동2가,중상사고,0,1,0,0,차대차 - 기타,안전운전불이행,건조,맑음,단일로 - 기타,승합,남,45세,상해없음,승용,남,62세,상해없음
2016011400100225,2016년 1월 14일 11시,목요일,부산광역시 금정구 구서동,경상사고,0,0,1,0,차대차 - 측면직각충돌,기타,건조,맑음,교차로 - 교차로안,승용,남,65세,상해없음,승용,여,37세,경상
2016011400100226,2016년 1월 14일 11시,목요일,부산광역시 사하구 장림동,경상사고,0,0,2,0,차대차 - 기타,안전운전불이행,건조,맑음,단일로 - 기타,승용,여,56세,경상,화물,남,28세,경상
2016011400100275,2016년 1월 14일 13시,목요일,부산광역시 동구 초량동,중상사고,0,1,0,0,차대차 - 기타,안전운전불이행,건조,맑음,단일로 - 기타,승합,남,71세,상해없음,원동기,남,63세,중상
2016011400100276,2016년 1월 14일 13시,목요일,부산광역시 부산진구 부전동,중상사고,0,1,1,0,차대사람 - 횡단중,안전운전불이행,건조,맑음,단일로 - 기타,승용,남,63세,상해없음,보행자,남,17세,경상
2016011400100277,2016년 1월 14일 13시,목요일,부산광역시 연제구 연산동,중상사고,0,1,0,0,차대사람 - 길가장자리구역통행중,안전운전불이행,건조,맑음,단일로 - 기타,화물,남,43세,상해없음,보행자,여,56세,중상
2016011400100278,2016년 1월 14일 13시,목요일,부산광역시 기장군 일광면,경상사고,0,0,1,0,차대차 - 기타,직진우회전진행방해,건조,맑음,교차로 - 교차로안,원동기,남,30세,경상,승용,여,54세,상해없음
2016011400100304,2016년 1월 14일 14시,목요일,부산광역시 연제구 연산동,중상사고,0,1,0,0,차대차 - 측면직각충돌,안전운전불이행,건조,맑음,교차로 - 교차로부근,승용,여,23세,상해없음,승용,남,60세,중상
2016011400100330,2016년 1월 14일 15시,목요일,부산광역시 수영구 광안동,경상사고,0,0,1,0,차대사람 - 횡단중,중앙선침범,건조,맑음,단일로 - 기타,기타불명,기타불명,기타불명,기타불명,보행자,여,50세,경상
2016011400100331,2016년 1월 14일 15시,목요일,부산광역시 영도구 대교동1가,경상사고,0,0,1,0,차대차 - 기타,안전운전불이행,건조,맑음,교차로 - 교차로안,이륜,남,43세,경상,승용,여,49세,상해없음
2016011400100362,2016년 1월 14일 16시,목요일,부산광역시 동래구 사직동,경상사고,0,0,1,0,차대차 - 측면직각충돌,안전거리미확보,건조,맑음,단일로 - 기타,승용,여,44세,상해없음,승합,남,60세,경상
2016011400100363,2016년 1월 14일 16시,목요일,부산광역시 금정구 구서동,부상신고사고,0,0,0,1,차대사람 - 횡단중,안전운전불이행,건조,맑음,단일로 - 기타,기타불명,기타불명,기타불명,기타불명,보행자,남,41세,부상신고
2016011400100392,2016년 1월 14일 17시,목요일,부산광역시 남구 대연동,경상사고,0,0,1,0,차대차 - 측면직각충돌,차로위반,건조,맑음,단일로 - 기타,승용,여,25세,상해없음,원동기,남,17세,경상
2016011400100393,2016년 1월 14일 17시,목요일,부산광역시 강서구 대저2동,중상사고,0,3,0,0,차대차 - 추돌,안전운전불이행,건조,맑음,단일로 - 기타,화물,남,61세,상해없음,승용,남,41세,중상
2016011400100394,2016년 1월 14일 17시,목요일,부산광역시 기장군 정관읍,중상사고,0,1,1,0,차대사람 - 횡단중,신호위반,건조,맑음,교차로 - 교차로부근,승합,남,54세,상해없음,보행자,여,74세,중상
2016011400100458,2016년 1월 14일 19시,목요일,부산광역시 북구 구포동,중상사고,0,2,0,0,차대차 - 측면직각충돌,교차로운행방법위반,건조,맑음,교차로 - 교차로안,승용,남,32세,상해없음,승용,남,36세,중상
2016011400100491,2016년 1월 14일 20시,목요일,부산광역시 수영구 민락동,부상신고사고,0,0,0,1,차대사람 - 길가장자리구역통행중,안전운전불이행,건조,맑음,단일로 - 기타,승용,여,38세,상해없음,보행자,남,63세,부상신고
2016011400100492,2016년 1월 14일 20시,목요일,부산광역시 북구 덕천동,경상사고,0,0,1,0,차대차 - 기타,안전운전불이행,건조,맑음,단일로 - 기타,승용,남,49세,상해없음,승용,남,42세,경상
2016011400100522,2016년 1월 14일 21시,목요일,부산광역시 서구 부민동1가,부상신고사고,0,0,0,1,차대차 - 추돌,안전운전불이행,건조,맑음,단일로 - 기타,이륜,남,34세,부상신고,승용,남,37세,상해없음
2016011400100523,2016년 1월 14일 21시,목요일,부산광역시 사하구 다대동,경상사고,0,0,1,0,차대차 - 측면충돌,안전운전불이행,건조,맑음,교차로 - 교차로부근,승용,남,40세,상해없음,이륜,남,21세,경상
2016011400100554,2016년 1월 14일 22시,목요일,부산광역시 수영구 광안동,경상사고,0,0,1,0,차대사람 - 길가장자리구역통행중,안전운전불이행,건조,맑음,단일로 - 기타,화물,남,57세,상해없음,보행자,여,52세,경상
2016011400100555,2016년 1월 14일 22시,목요일,부산광역시 연제구 연산동,경상사고,0,0,1,0,차대차 - 추돌,신호위반,건조,맑음,교차로 - 교차로부근,이륜,남,17세,상해없음,이륜,여,46세,경상
2016011400100556,2016년 1월 14일 22시,목요일,부산광역시 사상구 감전동,중상사고,0,1,1,0,차대사람 - 차도통행중,안전운전불이행,건조,맑음,교차로 - 교차로부근,승합,남,47세,상해없음,보행자,여,49세,중상
2016011400100557,2016년 1월 14일 22시,목요일,부산광역시 사상구 주례동,중상사고,0,1,1,0,차대차 - 추돌,안전운전불이행,건조,맑음,단일로 - 기타,승합,남,52세,상해없음,승용,남,71세,경상
2016011400100586,2016년 1월 14일 23시,목요일,부산광역시 사하구 감천동,중상사고,0,1,0,0,차대사람 - 기타,안전운전불이행,건조,맑음,단일로 - 기타,승용,남,63세,상해없음,보행자,남,45세,중상
2016011400100587,2016년 1월 14일 23시,목요일,부산광역시 기장군 기장읍,중상사고,0,1,1,0,차대차 - 추돌,안전운전불이행,건조,맑음,교차로 - 교차로안,승용,남,27세,상해없음,승용,남,46세,중상
2016011500100006,2016년 1월 15일 00시,금요일,부산광역시 강서구 명지동,경상사고,0,0,1,0,차대차 - 추돌,안전운전불이행,건조,맑음,교차로 - 교차로부근,승용,남,52세,상해없음,승용,남,60세,경상
2016011500100030,2016년 1월 15일 02시,금요일,부산광역시 금정구 장전동,중상사고,0,2,1,1,차량단독 - 전도전복,안전운전불이행,건조,맑음,단일로 - 기타,승합,여,53세,부상신고,,,,
2016011500100088,2016년 1월 15일 07시,금요일,부산광역시 동래구 명륜동,중상사고,0,1,0,0,차대차 - 추돌,교차로운행방법위반,건조,맑음,교차로 - 교차로안,승용,남,56세,상해없음,승용,남,37세,중상
2016011500100117,2016년 1월 15일 08시,금요일,부산광역시 북구 덕천동,경상사고,0,0,1,0,차대차 - 측면직각충돌,신호위반,건조,맑음,단일로 - 기타,화물,남,41세,상해없음,승용,남,28세,경상
2016011500100118,2016년 1월 15일 08시,금요일,부산광역시 해운대구 우동,경상사고,0,0,1,0,차대차 - 기타,안전거리미확보,건조,맑음,교차로 - 교차로부근,승용,여,41세,상해없음,승용,여,43세,경상
2016011500100119,2016년 1월 15일 08시,금요일,부산광역시 부산진구 부전동,경상사고,0,0,1,0,차대차 - 측면충돌,신호위반,건조,맑음,교차로 - 교차로안,화물,남,44세,상해없음,승용,여,56세,경상
2016011500100120,2016년 1월 15일 08시,금요일,부산광역시 연제구 연산동,경상사고,0,0,1,0,차대차 - 측면충돌,안전운전불이행,건조,맑음,단일로 - 기타,승용,여,47세,기타불명,승용,남,43세,경상
2016011500100152,2016년 1월 15일 09시,금요일,부산광역시 해운대구 우동,중상사고,0,1,0,0,차대차 - 추돌,안전운전불이행,건조,맑음,단일로 - 기타,승용,남,49세,상해없음,승용,여,54세,중상
2016011500100175,2016년 1월 15일 10시,금요일,부산광역시 남구 용호동,경상사고,0,0,1,0,차대차 - 추돌,안전운전불이행,건조,맑음,교차로 - 교차로부근,승용,남,69세,상해없음,승용,여,53세,경상
2016011500100176,2016년 1월 15일 10시,금요일,부산광역시 강서구 천성동,중상사고,0,1,0,0,차대차 - 추돌,안전거리미확보,건조,맑음,단일로 - 기타,건설기계,남,42세,상해없음,승용,남,50세,중상
2016011500100201,2016년 1월 15일 11시,금요일,부산광역시 기장군 정관읍,경상사고,0,0,2,0,차대차 - 측면충돌,안전거리미확보,건조,맑음,교차로 - 교차로부근,원동기,여,67세,경상,승용,여,27세,상해없음
2016011500100219,2016년 1월 15일 12시,금요일,부산광역시 금정구 구서동,경상사고,0,0,1,0,차대사람 - 횡단중,안전운전불이행,건조,맑음,교차로 - 교차로안,승용,여,41세,상해없음,보행자,여,71세,경상
2016011500100243,2016년 1월 15일 13시,금요일,부산광역시 중구 부평동2가,중상사고,0,1,1,0,차대차 - 측면직각충돌,차로위반,건조,맑음,단일로 - 기타,승용,여,30세,상해없음,건설기계,남,47세,상해없음
2016011500100244,2016년 1월 15일 13시,금요일,부산광역시 금정구 구서동,사망사고,1,0,0,0,차대차 - 측면충돌,교차로운행방법위반,건조,맑음,교차로 - 교차로안,이륜,남,66세,사망,승합,남,40세,상해없음
2016011500100300,2016년 1월 15일 15시,금요일,부산광역시 북구 구포동,중상사고,0,1,0,0,차대사람 - 횡단중,보행자보호의무위반,건조,맑음,교차로 - 교차로부근,화물,남,45세,상해없음,보행자,여,53세,중상
2016011500100301,2016년 1월 15일 15시,금요일,부산광역시 해운대구 석대동,중상사고,0,1,0,0,차량단독 - 전도전복,안전운전불이행,건조,맑음,단일로 - 기타,이륜,남,34세,중상,,,,
2016011500100302,2016년 1월 15일 15시,금요일,부산광역시 수영구 망미동,경상사고,0,0,1,0,차대차 - 기타,안전거리미확보,건조,맑음,단일로 - 기타,승용,남,70세,상해없음,승용,남,41세,경상
2016011500100331,2016년 1월 15일 16시,금요일,부산광역시 남구 대연동,경상사고,0,0,1,0,차대사람 - 길가장자리구역통행중,안전운전불이행,건조,맑음,단일로 - 기타,기타불명,기타불명,기타불명,기타불명,보행자,여,78세,경상
2016011500100354,2016년 1월 15일 17시,금요일,부산광역시 북구 금곡동,중상사고,0,1,0,0,차대차 - 측면직각충돌,중앙선침범,건조,맑음,단일로 - 횡단보도부근,승용,남,48세,상해없음,이륜,남,49세,중상
2016011500100355,2016년 1월 15일 17시,금요일,부산광역시 북구 화명동,경상사고,0,0,2,0,차대차 - 측면직각충돌,안전거리미확보,건조,맑음,단일로 - 기타,승합,남,67세,경상,승용,남,51세,경상
2016011500100383,2016년 1월 15일 18시,금요일,부산광역시 동구 범일동,중상사고,0,1,0,0,차대차 - 측면직각충돌,교차로운행방법위반,건조,맑음,교차로 - 교차로부근,승용,여,38세,상해없음,승용,남,42세,중상
2016011500100384,2016년 1월 15일 18시,금요일,부산광역시 북구 구포동,경상사고,0,0,1,0,차대차 - 기타,안전거리미확보,건조,맑음,단일로 - 기타,승용,기타불명,기타불명,기타불명,승용,남,36세,경상
2016011500100385,2016년 1월 15일 18시,금요일,부산광역시 동래구 명륜동,경상사고,0,0,1,0,차대사람 - 차도통행중,안전운전불이행,건조,맑음,단일로 - 횡단보도상,승용,남,75세,상해없음,보행자,남,24세,경상
2016011500100386,2016년 1월 15일 18시,금요일,부산광역시 금정구 남산동,중상사고,0,1,0,0,차대사람 - 차도통행중,안전운전불이행,건조,맑음,교차로 - 교차로안,승용,여,46세,상해없음,보행자,여,56세,중상
2016011500100387,2016년 1월 15일 18시,금요일,부산광역시 연제구 거제동,중상사고,0,1,0,0,차대차 - 추돌,안전운전불이행,건조,맑음,단일로 - 기타,승용,기타불명,기타불명,기타불명,승용,남,46세,중상
2016011500100448,2016년 1월 15일 19시,금요일,부산광역시 남구 문현동,중상사고,0,1,0,0,차대차 - 측면충돌,교차로운행방법위반,건조,맑음,교차로 - 교차로안,승용,남,35세,상해없음,이륜,남,35세,중상
2016011500100449,2016년 1월 15일 19시,금요일,부산광역시 북구 화명동,경상사고,0,0,1,0,차대사람 - 기타,안전운전불이행,건조,맑음,기타 - 기타,승용,남,27세,상해없음,보행자,여,60세,경상
2016011500100450,2016년 1월 15일 19시,금요일,부산광역시 부산진구 전포동,부상신고사고,0,0,0,1,차대차 - 측면충돌,안전운전불이행,건조,맑음,단일로 - 기타,화물,남,32세,상해없음,이륜,남,21세,부상신고
2016011500100492,2016년 1월 15일 20시,금요일,부산광역시 금정구 서동,중상사고,0,1,0,0,차대사람 - 횡단중,보행자보호의무위반,건조,맑음,단일로 - 횡단보도상,이륜,남,20세,상해없음,보행자,남,52세,중상
2016011500100493,2016년 1월 15일 20시,금요일,부산광역시 기장군 장안읍,경상사고,0,0,1,0,차대사람 - 기타,안전운전불이행,건조,맑음,기타 - 기타,승용,남,78세,상해없음,보행자,남,73세,경상
2016011500100528,2016년 1월 15일 21시,금요일,부산광역시 부산진구 범전동,경상사고,0,0,3,0,차대차 - 기타,안전운전불이행,건조,맑음,교차로 - 교차로부근,이륜,남,74세,상해없음,승용,남,29세,경상
2016011500100529,2016년 1월 15일 21시,금요일,부산광역시 수영구 망미동,중상사고,0,5,0,0,차대차 - 측면충돌,신호위반,건조,맑음,교차로 - 교차로안,승용,남,36세,상해없음,승용,남,43세,중상
2016011500100552,2016년 1월 15일 22시,금요일,부산광역시 수영구 망미동,경상사고,0,0,1,0,차대차 - 측면직각충돌,신호위반,건조,맑음,교차로 - 교차로안,승용,여,52세,상해없음,원동기,남,36세,경상
2016011500100588,2016년 1월 15일 23시,금요일,부산광역시 금정구 서동,중상사고,0,1,0,0,차대사람 - 차도통행중,안전운전불이행,건조,맑음,단일로 - 기타,승용,남,52세,기타불명,보행자,남,51세,중상
2016011500100589,2016년 1월 15일 23시,금요일,부산광역시 사상구 주례동,경상사고,0,0,1,0,차대사람 - 기타,안전운전불이행,건조,맑음,교차로 - 교차로부근,승용,남,32세,기타불명,보행자,남,58세,경상
2016011600100037,2016년 1월 16일 01시,토요일,부산광역시 부산진구 범천동,중상사고,0,1,0,0,차대사람 - 횡단중,안전운전불이행,건조,맑음,단일로 - 횡단보도상,승용,남,60세,상해없음,보행자,여,20세,중상
2016011600100038,2016년 1월 16일 01시,토요일,부산광역시 부산진구 부암동,경상사고,0,0,1,1,차대차 - 정면충돌,신호위반,건조,맑음,교차로 - 교차로안,승용,남,42세,상해없음,승용,남,50세,경상
2016011600100062,2016년 1월 16일 02시,토요일,부산광역시 금정구 구서동,사망사고,1,0,0,0,차량단독 - 공작물충돌,안전운전불이행,건조,맑음,단일로 - 기타,승용,남,35세,사망,,,,
2016011600100121,2016년 1월 16일 06시,토요일,부산광역시 연제구 연산동,경상사고,0,0,1,0,차대사람 - 보도통행중,보행자보호의무위반,건조,맑음,단일로 - 기타,승용,남,37세,상해없음,보행자,남,26세,경상
2016011600100221,2016년 1월 16일 11시,토요일,부산광역시 동래구 안락동,경상사고,0,0,1,1,차대차 - 추돌,안전거리미확보,건조,맑음,단일로 - 기타,승용,남,25세,상해없음,화물,남,44세,상해없음
2016011600100245,2016년 1월 16일 12시,토요일,부산광역시 수영구 남천동,경상사고,0,0,1,0,차대사람 - 차도통행중,신호위반,건조,맑음,단일로 - 기타,승용,남,57세,상해없음,보행자,남,56세,경상
2016011600100246,2016년 1월 16일 12시,토요일,부산광역시 동래구 명륜동,부상신고사고,0,0,0,1,차대차 - 측면직각충돌,중앙선침범,건조,맑음,단일로 - 기타,자전거,남,71세,부상신고,화물,남,61세,상해없음
2016011600100275,2016년 1월 16일 13시,토요일,부산광역시 영도구 동삼동,경상사고,0,0,1,0,차대차 - 추돌,안전운전불이행,건조,맑음,단일로 - 기타,승용,남,47세,상해없음,승용,남,24세,경상
2016011600100276,2016년 1월 16일 13시,토요일,부산광역시 부산진구 부전동,중상사고,0,1,0,0,차대차 - 기타,안전운전불이행,건조,맑음,단일로 - 기타,화물,남,62세,상해없음,승용,여,50세,중상
2016011600100352,2016년 1월 16일 16시,토요일,부산광역시 부산진구 당감동,경상사고,0,0,1,0,차대차 - 추돌,안전거리미확보,건조,맑음,단일로 - 기타,승용,남,55세,상해없음,승용,남,61세,경상
2016011600100379,2016년 1월 16일 17시,토요일,부산광역시 중구 중앙동2가,경상사고,0,0,1,0,차대차 - 기타,신호위반,건조,맑음,교차로 - 교차로안,승용,여,27세,상해없음,이륜,남,53세,경상
2016011600100416,2016년 1월 16일 18시,토요일,부산광역시 동래구 안락동,경상사고,0,0,1,0,차대사람 - 횡단중,보행자보호의무위반,건조,맑음,단일로 - 횡단보도상,승용,남,24세,상해없음,보행자,여,43세,경상
2016011600100417,2016년 1월 16일 18시,토요일,부산광역시 해운대구 우동,경상사고,0,0,2,0,차대차 - 추돌,안전거리미확보,건조,맑음,단일로 - 기타,승용,남,37세,상해없음,승용,남,28세,경상
2016011600100419,2016년 1월 16일 18시,토요일,부산광역시 사하구 당리동,경상사고,0,0,2,0,차대차 - 측면충돌,신호위반,건조,맑음,교차로 - 교차로안,승용,남,71세,상해없음,승용,남,56세,경상