사고번호,사고일시,요일,시군구,사고내용,사망자수,중상자수,경상자수,부상신고자수,사고유형,법규위반,노면상태,기상상태,도로형태,가해운전자 차종,가해운전자 성별,가해운전자 연령,가해운전자 상해정도,피해운전자 차종,피해운전자 성별,피해운전자 연령,피해운전자 상해정도
2016011600100420,2016년 1월 16일 18시,토요일,부산광역시 사하구 괴정동,중상사고,0,1,0,0,차대사람 - 차도통행중,보행자보호의무위반,건조,맑음,단일로 - 기타,승용,남,74세,상해없음,보행자,남,12세,중상
2016011600100475,2016년 1월 16일 19시,토요일,부산광역시 해운대구 반여동,중상사고,0,1,0,0,차대차 - 기타,안전거리미확보,건조,맑음,단일로 - 기타,승용,남,58세,상해없음,이륜,남,50세,중상
2016011600100477,2016년 1월 16일 19시,토요일,부산광역시 연제구 연산동,경상사고,0,0,1,0,차대차 - 기타,신호위반,건조,맑음,교차로 - 교차로안,승용,남,33세,상해없음,승용,남,36세,상해없음
2016011600100523,2016년 1월 16일 20시,토요일,부산광역시 부산진구 부전동,경상사고,0,0,1,0,차대사람 - 횡단중,안전운전불이행,건조,맑음,단일로 - 기타,이륜,남,25세,상해없음,보행자,여,24세,경상
2016011600100524,2016년 1월 16일 20시,토요일,부산광역시 연제구 연산동,경상사고,0,0,5,0,차대차 - 추돌,안전운전불이행,건조,맑음,교차로 - 교차로부근,승용,남,50세,상해없음,승용,남,46세,경상
2016011600100525,2016년 1월 16일 20시,토요일,부산광역시 기장군 정관읍,중상사고,0,1,0,0,차대차 - 추돌,안전운전불이행,건조,맑음,교차로 - 교차로부근,승용,남,35세,상해없음,승용,여,64세,중상
2016011600100559,2016년 1월 16일 21시,토요일,부산광역시 서구 서대신동3가,경상사고,0,0,1,0,차대사람 - 횡단중,보행자보호의무위반,건조,맑음,단일로 - 횡단보도상,승용,남,57세,상해없음,보행자,남,25세,경상
2016011600100602,2016년 1월 16일 22시,토요일,부산광역시 동래구 명장동,중상사고,0,1,0,0,차대차 - 측면직각충돌,직진우회전진행방해,건조,맑음,교차로 - 교차로안,이륜,남,16세,중상,승용,남,43세,상해없음
2016011600100627,2016년 1월 16일 23시,토요일,부산광역시 사상구 괘법동,경상사고,0,0,3,0,차대차 - 측면직각충돌,신호위반,건조,맑음,교차로 - 교차로안,승용,남,17세,상해없음,승용,남,64세,상해없음
2016011700100003,2016년 1월 17일 00시,일요일,부산광역시 동래구 수안동,경상사고,0,0,3,0,차대차 - 측면충돌,교차로운행방법위반,건조,맑음,교차로 - 교차로안,승용,남,48세,상해없음,승용,남,26세,경상
2016011700100004,2016년 1월 17일 00시,일요일,부산광역시 영도구 동삼동,중상사고,0,1,0,0,차대사람 - 횡단중,안전운전불이행,건조,맑음,단일로 - 기타,승용,남,58세,상해없음,보행자,남,48세,중상
2016011700100005,2016년 1월 17일 00시,일요일,부산광역시 해운대구 재송동,중상사고,0,1,0,0,차대차 - 정면충돌,신호위반,건조,맑음,교차로 - 교차로안,승용,남,54세,상해없음,원동기,남,20세,중상
2016011700100048,2016년 1월 17일 02시,일요일,부산광역시 서구 토성동5가,경상사고,0,0,1,0,차대사람 - 횡단중,안전운전불이행,건조,맑음,교차로 - 교차로부근,승용,남,56세,상해없음,보행자,여,51세,경상
2016011700100049,2016년 1월 17일 02시,일요일,부산광역시 서구 동대신동2가,경상사고,0,0,1,0,차대차 - 추돌,안전운전불이행,건조,맑음,단일로 - 기타,승용,남,55세,상해없음,승용,남,50세,경상
2016011700100050,2016년 1월 17일 02시,일요일,부산광역시 북구 만덕동,경상사고,0,0,1,0,차량단독 - 기타,안전운전불이행,건조,맑음,단일로 - 기타,승용,남,54세,상해없음,,,,
2016011700100095,2016년 1월 17일 05시,일요일,부산광역시 해운대구 중동,중상사고,0,1,0,0,차량단독 - 기타,안전운전불이행,건조,맑음,단일로 - 기타,이륜,남,42세,중상,,,,
2016011700100110,2016년 1월 17일 06시,일요일,부산광역시 부산진구 양정동,경상사고,0,0,5,0,차대차 - 측면직각충돌,안전거리미확보,건조,맑음,교차로 - 교차로부근,승용,남,23세,상해없음,승용,남,61세,경상
2016011700100111,2016년 1월 17일 06시,일요일,부산광역시 사상구 모라동,중상사고,0,1,1,0,차대차 - 기타,안전운전불이행,건조,맑음,단일로 - 기타,화물,남,27세,경상,화물,남,50세,기타불명
2016011700100112,2016년 1월 17일 06시,일요일,부산광역시 사상구 감전동,중상사고,0,2,1,0,차대차 - 측면직각충돌,교차로운행방법위반,건조,맑음,교차로 - 교차로안,승용,남,27세,상해없음,승용,남,66세,중상
2016011700100157,2016년 1월 17일 10시,일요일,부산광역시 영도구 영선동4가,경상사고,0,0,1,0,차대사람 - 횡단중,중앙선침범,건조,맑음,단일로 - 기타,화물,남,53세,상해없음,보행자,남,18세,경상
2016011700100171,2016년 1월 17일 11시,일요일,부산광역시 해운대구 우동,경상사고,0,0,1,0,차대사람 - 기타,기타,건조,맑음,단일로 - 기타,승용,남,59세,상해없음,보행자,남,73세,경상
2016011700100188,2016년 1월 17일 12시,일요일,부산광역시 중구 남포동5가,경상사고,0,0,1,0,차대사람 - 길가장자리구역통행중,안전운전불이행,건조,맑음,단일로 - 기타,승용,여,54세,상해없음,보행자,남,61세,경상
2016011700100189,2016년 1월 17일 12시,일요일,부산광역시 동구 좌천동,경상사고,0,0,1,0,차대차 - 기타,안전거리미확보,건조,맑음,단일로 - 기타,승용,남,43세,상해없음,승용,여,49세,경상
2016011700100248,2016년 1월 17일 15시,일요일,부산광역시 영도구 남항동3가,중상사고,0,1,0,1,차대차 - 추돌,직진우회전진행방해,습기,비,교차로 - 교차로안,승용,남,37세,부상신고,승용,남,73세,중상
2016011700100269,2016년 1월 17일 16시,일요일,부산광역시 중구 남포동3가,경상사고,0,0,1,0,차대차 - 기타,안전운전불이행,습기,비,단일로 - 기타,승용,남,61세,상해없음,이륜,남,24세,경상
2016011700100270,2016년 1월 17일 16시,일요일,부산광역시 중구 보수동1가,경상사고,0,0,3,0,차대차 - 추돌,안전운전불이행,습기,비,단일로 - 기타,승용,남,45세,상해없음,승용,여,51세,경상
2016011700100271,2016년 1월 17일 16시,일요일,부산광역시 북구 구포동,경상사고,0,0,1,0,차대차 - 기타,안전운전불이행,습기,비,교차로 - 교차로안,승용,남,57세,상해없음,이륜,남,17세,경상
2016011700100272,2016년 1월 17일 16시,일요일,부산광역시 사상구 학장동,경상사고,0,0,1,0,차대차 - 측면직각충돌,신호위반,습기,비,교차로 - 교차로안,승용,남,54세,상해없음,이륜,남,42세,경상
2016011700100295,2016년 1월 17일 17시,일요일,부산광역시 수영구 광안동,중상사고,0,1,0,0,차대사람 - 횡단중,보행자보호의무위반,습기,비,단일로 - 횡단보도상,승용,여,61세,상해없음,보행자,남,72세,중상
2016011700100296,2016년 1월 17일 17시,일요일,부산광역시 부산진구 부전동,경상사고,0,0,1,0,차대차 - 기타,신호위반,습기,비,교차로 - 교차로안,승용,남,56세,상해없음,승합,남,52세,상해없음
2016011700100297,2016년 1월 17일 17시,일요일,부산광역시 사하구 다대동,경상사고,0,0,4,0,차대차 - 정면충돌,중앙선침범,습기,비,단일로 - 기타,화물,남,62세,상해없음,승용,남,37세,경상
2016011700100298,2016년 1월 17일 17시,일요일,부산광역시 사하구 다대동,경상사고,0,0,4,0,차대차 - 기타,중앙선침범,습기,비,단일로 - 기타,승용,남,61세,상해없음,승용,여,53세,경상
2016011700100299,2016년 1월 17일 17시,일요일,부산광역시 기장군 정관읍,중상사고,0,1,0,0,차대차 - 기타,안전운전불이행,습기,비,교차로 - 교차로안,승용,남,48세,상해없음,이륜,남,53세,중상
2016011700100300,2016년 1월 17일 17시,일요일,부산광역시 기장군 장안읍,중상사고,0,1,2,0,차대차 - 측면직각충돌,안전운전불이행,건조,맑음,교차로 - 교차로안,승용,여,65세,상해없음,승용,남,38세,상해없음
2016011700100326,2016년 1월 17일 18시,일요일,부산광역시 동래구 명륜동,부상신고사고,0,0,0,2,차대차 - 측면직각충돌,안전거리미확보,습기,비,단일로 - 기타,승용,남,27세,부상신고,승용,남,42세,부상신고
2016011700100371,2016년 1월 17일 19시,일요일,부산광역시 동래구 온천동,중상사고,0,1,0,0,차대사람 - 횡단중,신호위반,습기,비,단일로 - 횡단보도상,화물,남,60세,상해없음,보행자,남,23세,중상
2016011700100372,2016년 1월 17일 19시,일요일,부산광역시 영도구 남항동1가,경상사고,0,0,1,0,차대차 - 추돌,안전운전불이행,습기,비,교차로 - 교차로안,승용,남,31세,상해없음,이륜,남,48세,경상
2016011700100373,2016년 1월 17일 19시,일요일,부산광역시 금정구 서동,경상사고,0,0,1,0,차대차 - 측면충돌,교차로운행방법위반,습기,비,교차로 - 교차로안,승용,남,52세,상해없음,원동기,남,41세,경상
2016011700100374,2016년 1월 17일 19시,일요일,부산광역시 사하구 하단동,경상사고,0,0,1,0,차대차 - 측면충돌,안전운전불이행,습기,흐림,단일로 - 기타,승용,남,53세,상해없음,원동기,남,23세,경상
2016011700100424,2016년 1월 17일 20시,일요일,부산광역시 서구 서대신동2가,중상사고,0,1,1,0,차량단독 - 기타,안전운전불이행,습기,비,단일로 - 터널,승용,남,55세,상해없음,,,,
2016011700100425,2016년 1월 17일 20시,일요일,부산광역시 남구 대연동,부상신고사고,0,0,0,1,차대차 - 측면직각충돌,안전운전불이행,습기,비,단일로 - 기타,승용,여,44세,상해없음,이륜,남,22세,부상신고
2016011700100426,2016년 1월 17일 20시,일요일,부산광역시 북구 금곡동,경상사고,0,0,1,0,차대차 - 추돌,안전운전불이행,습기,비,단일로 - 기타,승용,남,46세,상해없음,승용,여,38세,경상
2016011700100515,2016년 1월 17일 23시,일요일,부산광역시 해운대구 반여동,경상사고,0,0,2,0,차대차 - 측면직각충돌,교차로운행방법위반,건조,맑음,교차로 - 교차로안,승용,남,23세,상해없음,승용,남,23세,경상
2016011700100516,2016년 1월 17일 23시,일요일,부산광역시 강서구 녹산동,중상사고,0,2,0,0,차대차 - 추돌,안전운전불이행,건조,맑음,교차로 - 교차로부근,승용,여,44세,상해없음,승용,남,61세,중상
2016011800100016,2016년 1월 18일 01시,월요일,부산광역시 사상구 덕포동,중상사고,0,1,2,0,차대차 - 정면충돌,안전거리미확보,습기,흐림,단일로 - 기타,승용,남,57세,상해없음,승용,남,64세,중상
2016011800100065,2016년 1월 18일 06시,월요일,부산광역시 해운대구 우동,부상신고사고,0,0,0,1,차량단독 - 전도전복,안전운전불이행,건조,맑음,단일로 - 기타,승용,남,27세,부상신고,,,,
2016011800100066,2016년 1월 18일 06시,월요일,부산광역시 사하구 괴정동,중상사고,0,1,0,0,차대사람 - 횡단중,신호위반,건조,맑음,단일로 - 횡단보도상,승용,남,39세,상해없음,보행자,여,26세,중상
2016011800100067,2016년 1월 18일 06시,월요일,부산광역시 강서구 신호동,중상사고,0,1,0,0,차대차 - 추돌,안전운전불이행,건조,맑음,단일로 - 기타,화물,남,58세,상해없음,승용,여,46세,중상
2016011800100093,2016년 1월 18일 07시,월요일,부산광역시 부산진구 전포동,중상사고,0,1,0,0,차대사람 - 횡단중,안전운전불이행,건조,맑음,단일로 - 기타,승용,남,27세,상해없음,보행자,여,76세,중상
2016011800100094,2016년 1월 18일 07시,월요일,부산광역시 강서구 화전동,중상사고,0,1,1,0,차대차 - 추돌,안전운전불이행,건조,맑음,교차로 - 교차로부근,승용,남,65세,상해없음,승용,남,39세,중상
2016011800100159,2016년 1월 18일 09시,월요일,부산광역시 해운대구 반송동,경상사고,0,0,1,0,차량단독 - 전도전복,안전운전불이행,기타,맑음,단일로 - 기타,승용,여,35세,경상,,,,
2016011800100160,2016년 1월 18일 09시,월요일,부산광역시 부산진구 가야동,중상사고,0,4,1,1,차대차 - 측면충돌,신호위반,건조,맑음,교차로 - 교차로안,승합,남,56세,부상신고,화물,남,64세,중상
2016011800100161,2016년 1월 18일 09시,월요일,부산광역시 기장군 기장읍,경상사고,0,0,2,0,차대차 - 측면직각충돌,교차로운행방법위반,건조,맑음,교차로 - 교차로안,승용,남,36세,경상,승용,남,65세,상해없음
2016011800100188,2016년 1월 18일 10시,월요일,부산광역시 금정구 장전동,경상사고,0,0,1,0,차대차 - 측면충돌,기타,건조,맑음,교차로 - 교차로안,승용,남,69세,상해없음,화물,남,53세,경상
2016011800100277,2016년 1월 18일 13시,월요일,부산광역시 사상구 덕포동,경상사고,0,0,1,0,차대사람 - 보도통행중,보행자보호의무위반,건조,맑음,단일로 - 횡단보도상,이륜,남,41세,상해없음,보행자,남,67세,경상
2016011800100301,2016년 1월 18일 14시,월요일,부산광역시 동래구 온천동,중상사고,0,1,1,0,차대사람 - 기타,신호위반,건조,맑음,단일로 - 기타,승용,남,49세,상해없음,보행자,남,12세,경상
2016011800100302,2016년 1월 18일 14시,월요일,부산광역시 부산진구 부암동,중상사고,0,1,0,0,차대차 - 측면충돌,안전운전불이행,건조,맑음,교차로 - 교차로부근,승용,남,74세,상해없음,이륜,남,55세,중상
2016011800100334,2016년 1월 18일 15시,월요일,부산광역시 영도구 동삼동,중상사고,0,1,0,0,차대사람 - 횡단중,안전운전불이행,건조,맑음,교차로 - 교차로부근,승용,남,66세,상해없음,보행자,남,59세,중상
2016011800100372,2016년 1월 18일 16시,월요일,부산광역시 서구 서대신동3가,경상사고,0,0,2,0,차대차 - 기타,안전운전불이행,건조,맑음,단일로 - 기타,승용,여,42세,상해없음,승용,여,45세,경상
2016011800100402,2016년 1월 18일 17시,월요일,부산광역시 금정구 부곡동,부상신고사고,0,0,0,1,차대사람 - 횡단중,보행자보호의무위반,건조,맑음,단일로 - 횡단보도상,승용,여,36세,상해없음,보행자,여,62세,부상신고
2016011800100403,2016년 1월 18일 17시,월요일,부산광역시 북구 구포동,부상신고사고,0,0,0,1,차대사람 - 차도통행중,불법유턴,건조,맑음,단일로 - 기타,승용,남,61세,기타불명,보행자,여,19세,부상신고
2016011800100447,2016년 1월 18일 18시,월요일,부산광역시 금정구 구서동,경상사고,0,0,1,0,차대차 - 측면직각충돌,기타,건조,맑음,교차로 - 교차로안,승용,여,41세,상해없음,이륜,남,20세,경상
2016011800100448,2016년 1월 18일 18시,월요일,부산광역시 사하구 하단동,경상사고,0,0,1,0,차대차 - 측면직각충돌,안전거리미확보,건조,기타,단일로 - 기타,승용,남,32세,상해없음,이륜,남,34세,경상
2016011800100449,2016년 1월 18일 18시,월요일,부산광역시 사하구 하단동,부상신고사고,0,0,0,1,차대차 - 기타,신호위반,건조,기타,교차로 - 교차로안,이륜,남,29세,부상신고,승용,남,42세,상해없음
2016011800100503,2016년 1월 18일 19시,월요일,부산광역시 동래구 수안동,경상사고,0,0,1,0,차대사람 - 보도통행중,안전운전불이행,건조,맑음,단일로 - 기타,자전거,남,12세,상해없음,보행자,여,66세,경상
2016011800100504,2016년 1월 18일 19시,월요일,부산광역시 부산진구 범전동,경상사고,0,0,1,0,차대사람 - 기타,안전운전불이행,건조,맑음,단일로 - 기타,이륜,남,20세,상해없음,보행자,남,51세,경상
2016011800100505,2016년 1월 18일 19시,월요일,부산광역시 연제구 연산동,경상사고,0,0,1,0,차대사람 - 길가장자리구역통행중,신호위반,건조,맑음,단일로 - 기타,승용,여,38세,상해없음,보행자,여,78세,경상
2016011800100533,2016년 1월 18일 20시,월요일,부산광역시 북구 구포동,경상사고,0,0,1,0,차대사람 - 기타,안전운전불이행,건조,맑음,단일로 - 기타,승용,남,52세,상해없음,보행자,남,48세,경상
2016011800100534,2016년 1월 18일 20시,월요일,부산광역시 동래구 명장동,중상사고,0,1,1,0,차대차 - 측면직각충돌,안전운전불이행,건조,맑음,교차로 - 교차로안,승용,남,54세,상해없음,이륜,남,17세,경상
2016011800100535,2016년 1월 18일 20시,월요일,부산광역시 부산진구 가야동,중상사고,0,1,0,0,차대차 - 측면충돌,신호위반,건조,맑음,교차로 - 교차로안,승합,남,59세,상해없음,이륜,남,31세,중상
2016011800100536,2016년 1월 18일 20시,월요일,부산광역시 수영구 망미동,경상사고,0,0,1,0,차대차 - 측면직각충돌,안전운전불이행,건조,맑음,교차로 - 교차로안,승용,남,53세,상해없음,승용,남,53세,경상
2016011800100554,2016년 1월 18일 21시,월요일,부산광역시 북구 구포동,중상사고,0,1,0,0,차대사람 - 기타,안전운전불이행,건조,맑음,단일로 - 기타,화물,남,41세,상해없음,보행자,남,52세,중상
2016011800100585,2016년 1월 18일 22시,월요일,부산광역시 사상구 덕포동,중상사고,0,1,0,0,차대사람 - 길가장자리구역통행중,안전운전불이행,건조,맑음,단일로 - 기타,승용,남,29세,기타불명,보행자,여,48세,중상
2016011800100612,2016년 1월 18일 23시,월요일,부산광역시 부산진구 부전동,경상사고,0,0,2,0,차대사람 - 기타,기타,건조,맑음,단일로 - 기타,승용,남,24세,상해없음,보행자,여,19세,경상
2016011800100613,2016년 1월 18일 23시,월요일,부산광역시 사하구 괴정동,경상사고,0,0,1,0,차대차 - 추돌,안전운전불이행,건조,맑음,단일로 - 기타,승용,남,60세,상해없음,승용,남,62세,경상
2016011900100064,2016년 1월 19일 06시,화요일,부산광역시 부산진구 부전동,중상사고,0,2,0,0,차대차 - 정면충돌,중앙선침범,건조,맑음,단일로 - 기타,승용,남,35세,상해없음,승용,여,54세,중상
2016011900100065,2016년 1월 19일 06시,화요일,부산광역시 강서구 대저1동,경상사고,0,0,1,0,차대차 - 측면직각충돌,신호위반,건조,맑음,교차로 - 교차로안,이륜,남,47세,상해없음,승용,남,54세,경상
2016011900100100,2016년 1월 19일 08시,화요일,부산광역시 사상구 엄궁동,경상사고,0,0,1,0,차대차 - 추돌,안전거리미확보,건조,맑음,단일로 - 기타,승용,여,28세,상해없음,승용,남,43세,경상
2016011900100135,2016년 1월 19일 09시,화요일,부산광역시 서구 동대신동3가,중상사고,0,3,0,0,차대차 - 추돌,안전운전불이행,건조,맑음,교차로 - 교차로부근,승용,남,65세,기타불명,화물,남,69세,중상
2016011900100136,2016년 1월 19일 09시,화요일,부산광역시 부산진구 당감동,중상사고,0,1,0,0,차대사람 - 횡단중,안전운전불이행,건조,맑음,단일로 - 기타,화물,남,68세,상해없음,보행자,여,79세,중상
2016011900100137,2016년 1월 19일 09시,화요일,부산광역시 기장군 정관읍,경상사고,0,0,1,0,차대차 - 측면충돌,안전운전불이행,건조,맑음,단일로 - 기타,승합,남,35세,경상,화물,남,28세,상해없음
2016011900100196,2016년 1월 19일 11시,화요일,부산광역시 서구 남부민동,중상사고,0,1,0,0,차대사람 - 횡단중,안전운전불이행,건조,맑음,단일로 - 기타,승용,남,56세,상해없음,보행자,남,27세,중상
2016011900100197,2016년 1월 19일 11시,화요일,부산광역시 사하구 당리동,경상사고,0,0,1,0,차대사람 - 횡단중,보행자보호의무위반,건조,맑음,단일로 - 횡단보도상,승용,여,48세,기타불명,보행자,여,9세,경상
2016011900100247,2016년 1월 19일 13시,화요일,부산광역시 부산진구 양정동,중상사고,0,1,0,0,차대사람 - 기타,안전운전불이행,건조,맑음,단일로 - 기타,승용,남,26세,상해없음,보행자,남,9세,중상
2016011900100267,2016년 1월 19일 14시,화요일,부산광역시 동래구 수안동,부상신고사고,0,0,0,1,차대차 - 추돌,기타,건조,맑음,단일로 - 기타,승용,여,53세,상해없음,승합,남,55세,상해없음
2016011900100268,2016년 1월 19일 14시,화요일,부산광역시 금정구 남산동,중상사고,0,1,0,0,차대사람 - 횡단중,보행자보호의무위반,건조,맑음,단일로 - 횡단보도상,특수,남,42세,기타불명,보행자,남,75세,중상
2016011900100294,2016년 1월 19일 15시,화요일,부산광역시 동래구 낙민동,경상사고,0,0,1,0,차대차 - 측면직각충돌,안전거리미확보,건조,맑음,단일로 - 기타,승용,남,25세,상해없음,승용,여,37세,경상
2016011900100295,2016년 1월 19일 15시,화요일,부산광역시 해운대구 송정동,중상사고,0,1,3,0,차대차 - 추돌,안전운전불이행,건조,맑음,단일로 - 기타,건설기계,남,33세,상해없음,승용,여,51세,경상
2016011900100296,2016년 1월 19일 15시,화요일,부산광역시 사상구 엄궁동,경상사고,0,0,1,0,차대차 - 기타,중앙선침범,건조,맑음,단일로 - 기타,자전거,남,77세,경상,승용,남,36세,상해없음
2016011900100325,2016년 1월 19일 16시,화요일,부산광역시 사상구 주례동,경상사고,0,0,1,0,차대사람 - 기타,안전운전불이행,건조,맑음,단일로 - 기타,이륜,남,18세,기타불명,보행자,여,7세,경상
2016011900100347,2016년 1월 19일 17시,화요일,부산광역시 부산진구 당감동,중상사고,0,1,0,0,차대사람 - 횡단중,보행자보호의무위반,건조,맑음,단일로 - 횡단보도상,승용,남,64세,상해없음,보행자,여,76세,중상
2016011900100372,2016년 1월 19일 18시,화요일,부산광역시 동래구 낙민동,경상사고,0,0,1,0,차대사람 - 보도통행중,보행자보호의무위반,건조,맑음,단일로 - 횡단보도상,승용,남,43세,상해없음,보행자,남,74세,경상
2016011900100412,2016년 1월 19일 19시,화요일,부산광역시 중구 부평동2가,부상신고사고,0,0,0,1,차대차 - 측면직각충돌,교차로운행방법위반,건조,맑음,교차로 - 교차로안,이륜,남,22세,상해없음,이륜,남,38세,부상신고
2016011900100413,2016년 1월 19일 19시,화요일,부산광역시 남구 문현동,부상신고사고,0,0,0,1,차대차 - 추돌,안전운전불이행,건조,맑음,교차로 - 교차로안,화물,남,41세,상해없음,이륜,남,16세,부상신고
2016011900100461,2016년 1월 19일 20시,화요일,부산광역시 남구 문현동,경상사고,0,0,1,0,차대차 - 정면충돌,안전운전불이행,건조,맑음,단일로 - 기타,승용,남,48세,상해없음,화물,남,36세,경상
2016011900100508,2016년 1월 19일 22시,화요일,부산광역시 남구 용호동,경상사고,0,0,2,0,차대차 - 추돌,안전운전불이행,건조,맑음,교차로 - 교차로부근,승용,남,59세,상해없음,승용,남,30세,경상
2016011900100509,2016년 1월 19일 22시,화요일,부산광역시 동래구 온천동,경상사고,0,0,1,0,차대차 - 추돌,안전운전불이행,건조,맑음,교차로 - 교차로부근,승용,남,27세,상해없음,승용,남,57세,경상
2016011900100510,2016년 1월 19일 22시,화요일,부산광역시 금정구 청룡동,중상사고,0,1,0,1,차대차 - 측면충돌,신호위반,건조,맑음,교차로 - 교차로안,승용,여,48세,상해없음,이륜,남,23세,중상
2016011900100536,2016년 1월 19일 23시,화요일,부산광역시 남구 우암동,중상사고,0,1,0,0,차대사람 - 차도통행중,안전운전불이행,건조,맑음,단일로 - 기타,승용,남,61세,상해없음,보행자,여,67세,중상
2016012000100005,2016년 1월 20일 00시,수요일,부산광역시 금정구 서동,부상신고사고,0,0,0,1,차대차 - 기타,안전운전불이행,건조,맑음,단일로 - 기타,승용,기타불명,기타불명,기타불명,승합,남,52세,상해없음
2016012000100006,2016년 1월 20일 00시,수요일,부산광역시 사하구 괴정동,경상사고,0,0,1,0,차대차 - 기타,안전운전불이행,기타,맑음,기타 - 기타,승용,남,59세,상해없음,승용,남,56세,경상
2016012000100013,2016년 1월 20일 01시,수요일,부산광역시 사상구 주례동,중상사고,0,2,0,0,차량단독 - 기타,안전운전불이행,건조,맑음,단일로 - 기타,원동기,남,19세,중상,,,,
2016012000100021,2016년 1월 20일 02시,수요일,부산광역시 북구 구포동,경상사고,0,0,1,0,차대사람 - 기타,안전운전불이행,건조,맑음,단일로 - 기타,승용,남,60세,상해없음,보행자,남,38세,경상
2016012000100031,2016년 1월 20일 03시,수요일,부산광역시 북구 덕천동,경상사고,0,0,1,0,차대사람 - 횡단중,신호위반,건조,맑음,교차로 - 교차로안,승용,남,62세,상해없음,보행자,남,47세,경상
2016012000100048,2016년 1월 20일 06시,수요일,부산광역시 기장군 장안읍,경상사고,0,0,1,0,차대차 - 추돌,안전거리미확보,건조,맑음,단일로 - 기타,승용,남,38세,경상,특수,남,47세,상해없음
2016012000100148,2016년 1월 20일 10시,수요일,부산광역시 서구 서대신동1가,중상사고,0,1,0,0,차대사람 - 횡단중,안전운전불이행,건조,맑음,단일로 - 기타,승용,남,44세,상해없음,보행자,여,39세,중상
2016012000100149,2016년 1월 20일 10시,수요일,부산광역시 남구 대연동,중상사고,0,1,0,0,차대차 - 측면직각충돌,안전운전불이행,건조,맑음,교차로 - 교차로안,특수,남,54세,상해없음,승용,남,40세,중상
2016012000100150,2016년 1월 20일 10시,수요일,부산광역시 부산진구 개금동,경상사고,0,0,4,1,차대차 - 추돌,안전거리미확보,건조,맑음,단일로 - 기타,승용,남,49세,상해없음,승용,남,64세,경상
2016012000100201,2016년 1월 20일 12시,수요일,부산광역시 해운대구 반여동,중상사고,0,2,0,0,차대차 - 측면충돌,신호위반,건조,맑음,교차로 - 교차로안,화물,남,42세,상해없음,승합,남,43세,중상
2016012000100202,2016년 1월 20일 12시,수요일,부산광역시 금정구 구서동,중상사고,0,1,2,0,차대차 - 측면충돌,안전운전불이행,건조,맑음,단일로 - 기타,승용,기타불명,23세,기타불명,승용,여,59세,상해없음
2016012000100224,2016년 1월 20일 13시,수요일,부산광역시 영도구 청학동,경상사고,0,0,1,0,차대차 - 기타,안전운전불이행,건조,맑음,교차로 - 교차로안,승용,남,58세,상해없음,승용,남,33세,경상
2016012000100244,2016년 1월 20일 14시,수요일,부산광역시 수영구 남천동,경상사고,0,0,1,0,차대차 - 기타,차로위반,건조,맑음,단일로 - 기타,승합,남,54세,상해없음,원동기,남,55세,경상
2016012000100245,2016년 1월 20일 14시,수요일,부산광역시 부산진구 개금동,경상사고,0,0,1,0,차대차 - 정면충돌,안전운전불이행,건조,맑음,단일로 - 기타,화물,남,55세,상해없음,이륜,남,23세,경상
2016012000100268,2016년 1월 20일 15시,수요일,부산광역시 해운대구 송정동,부상신고사고,0,0,0,3,차대차 - 추돌,안전운전불이행,건조,맑음,교차로 - 교차로부근,승용,남,43세,부상신고,승용,여,31세,부상신고
2016012000100307,2016년 1월 20일 16시,수요일,부산광역시 서구 동대신동1가,경상사고,0,0,1,0,차대사람 - 길가장자리구역통행중,안전운전불이행,건조,맑음,단일로 - 기타,승용,남,65세,상해없음,보행자,여,45세,경상
2016012000100342,2016년 1월 20일 17시,수요일,부산광역시 해운대구 우동,중상사고,0,1,0,0,차대사람 - 횡단중,안전운전불이행,건조,맑음,단일로 - 횡단보도상,승용,남,54세,상해없음,보행자,여,72세,중상
2016012000100372,2016년 1월 20일 18시,수요일,부산광역시 수영구 남천동,경상사고,0,0,3,0,차대차 - 측면직각충돌,안전거리미확보,건조,맑음,단일로 - 기타,화물,남,47세,상해없음,승용,남,18세,경상
2016012000100373,2016년 1월 20일 18시,수요일,부산광역시 해운대구 중동,경상사고,0,0,1,0,차대사람 - 보도통행중,보행자보호의무위반,건조,맑음,단일로 - 횡단보도상,화물,남,51세,상해없음,보행자,여,23세,경상
2016012000100374,2016년 1월 20일 18시,수요일,부산광역시 금정구 구서동,경상사고,0,0,1,0,차대차 - 측면직각충돌,교차로운행방법위반,건조,맑음,교차로 - 교차로안,승용,여,56세,상해없음,승용,여,30세,경상
2016012000100375,2016년 1월 20일 18시,수요일,부산광역시 사상구 덕포동,중상사고,0,1,0,0,차대사람 - 횡단중,안전운전불이행,건조,맑음,단일로 - 기타,승용,남,45세,상해없음,보행자,남,28세,중상
2016012000100468,2016년 1월 20일 20시,수요일,부산광역시 금정구 서동,경상사고,0,0,1,0,차량단독 - 기타,기타,건조,맑음,단일로 - 기타,승합,남,53세,상해없음,,,,
2016012000100492,2016년 1월 20일 21시,수요일,부산광역시 서구 서대신동2가,중상사고,0,1,4,0,차대차 - 기타,안전거리미확보,건조,맑음,단일로 - 기타,승용,남,47세,기타불명,승용,남,48세,경상
2016012000100493,2016년 1월 20일 21시,수요일,부산광역시 기장군 정관읍,경상사고,0,0,1,0,차대차 - 측면직각충돌,안전거리미확보,건조,맑음,단일로 - 기타,승용,여,45세,경상,승용,여,38세,상해없음