사고번호,사고일시,요일,시군구,사고내용,사망자수,중상자수,경상자수,부상신고자수,사고유형,법규위반,노면상태,기상상태,도로형태,가해운전자 차종,가해운전자 성별,가해운전자 연령,가해운전자 상해정도,피해운전자 차종,피해운전자 성별,피해운전자 연령,피해운전자 상해정도
2016012000100528,2016년 1월 20일 22시,수요일,부산광역시 남구 문현동,중상사고,0,1,0,0,차대사람 - 횡단중,안전운전불이행,건조,맑음,단일로 - 기타,승용,남,28세,상해없음,보행자,남,43세,중상
2016012000100555,2016년 1월 20일 23시,수요일,부산광역시 연제구 거제동,중상사고,0,1,0,0,차대사람 - 차도통행중,안전운전불이행,건조,맑음,단일로 - 기타,승용,남,27세,상해없음,보행자,남,44세,중상
2016012100100007,2016년 1월 21일 00시,목요일,부산광역시 동구 범일동,경상사고,0,0,1,0,차대차 - 추돌,안전운전불이행,건조,맑음,단일로 - 기타,승용,남,54세,상해없음,승용,남,34세,경상
2016012100100008,2016년 1월 21일 00시,목요일,부산광역시 사상구 엄궁동,부상신고사고,0,0,0,1,차대차 - 추돌,안전거리미확보,건조,맑음,단일로 - 기타,승용,남,57세,상해없음,승용,남,60세,상해없음
2016012100100068,2016년 1월 21일 06시,목요일,부산광역시 중구 부평동4가,중상사고,0,1,0,0,차대차 - 측면직각충돌,중앙선침범,건조,맑음,단일로 - 기타,승용,남,63세,상해없음,이륜,남,57세,중상
2016012100100069,2016년 1월 21일 06시,목요일,부산광역시 사하구 당리동,중상사고,0,1,0,0,차대차 - 정면충돌,신호위반,건조,맑음,교차로 - 교차로안,승용,남,63세,상해없음,원동기,남,56세,중상
2016012100100085,2016년 1월 21일 07시,목요일,부산광역시 부산진구 부전동,중상사고,0,1,0,0,차대사람 - 차도통행중,안전운전불이행,건조,맑음,단일로 - 기타,승용,남,63세,기타불명,보행자,여,63세,중상
2016012100100086,2016년 1월 21일 07시,목요일,부산광역시 강서구 대저2동,중상사고,0,1,0,0,차대차 - 추돌,안전거리미확보,건조,맑음,단일로 - 기타,승용,남,34세,상해없음,승용,여,53세,중상
2016012100100109,2016년 1월 21일 08시,목요일,부산광역시 서구 남부민동,중상사고,0,1,0,0,차대사람 - 횡단중,보행자보호의무위반,습기,흐림,교차로 - 교차로부근,승용,여,59세,상해없음,보행자,여,26세,중상
2016012100100110,2016년 1월 21일 08시,목요일,부산광역시 부산진구 양정동,부상신고사고,0,0,0,1,차량단독 - 기타,안전운전불이행,건조,맑음,단일로 - 기타,승용,남,56세,상해없음,,,,
2016012100100136,2016년 1월 21일 09시,목요일,부산광역시 사하구 하단동,중상사고,0,1,0,0,차대사람 - 횡단중,기타,건조,맑음,단일로 - 기타,승용,여,47세,상해없음,보행자,남,7세,중상
2016012100100160,2016년 1월 21일 10시,목요일,부산광역시 북구 덕천동,경상사고,0,0,1,0,차대차 - 측면직각충돌,신호위반,건조,맑음,단일로 - 횡단보도부근,승용,남,67세,상해없음,이륜,남,22세,경상
2016012100100161,2016년 1월 21일 10시,목요일,부산광역시 기장군 정관읍,부상신고사고,0,0,0,1,차대차 - 기타,직진우회전진행방해,건조,맑음,교차로 - 교차로안,승용,여,55세,부상신고,화물,남,26세,상해없음
2016012100100178,2016년 1월 21일 11시,목요일,부산광역시 남구 대연동,중상사고,0,1,0,0,차대사람 - 기타,안전운전불이행,건조,맑음,교차로 - 교차로부근,승합,여,56세,상해없음,보행자,여,75세,중상
2016012100100197,2016년 1월 21일 12시,목요일,부산광역시 사하구 하단동,중상사고,0,1,0,0,차대차 - 측면충돌,신호위반,건조,맑음,단일로 - 횡단보도상,승용,여,59세,상해없음,이륜,남,47세,중상
2016012100100198,2016년 1월 21일 12시,목요일,부산광역시 사상구 덕포동,부상신고사고,0,0,0,1,차대차 - 기타,신호위반,건조,흐림,단일로 - 기타,원동기,기타불명,90세 이상,기타불명,원동기,남,44세,부상신고
2016012100100221,2016년 1월 21일 13시,목요일,부산광역시 사하구 장림동,중상사고,0,1,0,0,차대차 - 측면직각충돌,안전운전불이행,건조,맑음,단일로 - 기타,이륜,남,17세,중상,승용,여,57세,상해없음
2016012100100252,2016년 1월 21일 14시,목요일,부산광역시 북구 구포동,경상사고,0,0,2,0,차대차 - 추돌,안전거리미확보,건조,맑음,단일로 - 기타,승용,남,23세,상해없음,승용,여,29세,경상
2016012100100274,2016년 1월 21일 15시,목요일,부산광역시 사하구 신평동,경상사고,0,0,2,0,차대차 - 추돌,안전운전불이행,건조,맑음,단일로 - 기타,이륜,남,17세,경상,승용,남,48세,경상
2016012100100275,2016년 1월 21일 15시,목요일,부산광역시 강서구 대저1동,경상사고,0,0,1,0,차대차 - 추돌,안전운전불이행,건조,흐림,교차로 - 교차로부근,승용,기타불명,기타불명,기타불명,승용,남,27세,상해없음
2016012100100325,2016년 1월 21일 17시,목요일,부산광역시 수영구 남천동,경상사고,0,0,2,0,차대차 - 추돌,안전운전불이행,건조,맑음,단일로 - 교량,승용,남,37세,상해없음,승용,남,44세,경상
2016012100100326,2016년 1월 21일 17시,목요일,부산광역시 남구 감만동,경상사고,0,0,1,0,차대사람 - 차도통행중,안전운전불이행,건조,맑음,단일로 - 기타,승용,남,55세,상해없음,보행자,여,62세,경상
2016012100100327,2016년 1월 21일 17시,목요일,부산광역시 해운대구 우동,경상사고,0,0,1,0,차대차 - 측면직각충돌,교차로운행방법위반,건조,맑음,교차로 - 교차로안,승용,여,48세,상해없음,승용,여,31세,경상
2016012100100328,2016년 1월 21일 17시,목요일,부산광역시 부산진구 범천동,중상사고,0,1,0,0,차대사람 - 보도통행중,기타,건조,맑음,미분류 - 미분류,자전거,남,41세,상해없음,보행자,남,65세,중상
2016012100100329,2016년 1월 21일 17시,목요일,부산광역시 금정구 구서동,중상사고,0,1,0,0,차대차 - 측면충돌,기타,건조,맑음,교차로 - 교차로안,승용,남,45세,상해없음,승용,여,55세,중상
2016012100100349,2016년 1월 21일 18시,목요일,부산광역시 남구 대연동,중상사고,0,1,0,0,차대사람 - 횡단중,안전운전불이행,건조,맑음,단일로 - 기타,승용,남,63세,상해없음,보행자,여,42세,중상
2016012100100350,2016년 1월 21일 18시,목요일,부산광역시 북구 만덕동,경상사고,0,0,1,0,차대차 - 측면직각충돌,안전운전불이행,건조,맑음,단일로 - 기타,원동기,남,18세,경상,화물,남,52세,상해없음
2016012100100351,2016년 1월 21일 18시,목요일,부산광역시 동래구 명륜동,중상사고,0,1,0,0,차대사람 - 횡단중,보행자보호의무위반,건조,맑음,단일로 - 횡단보도상,승합,남,56세,상해없음,보행자,남,26세,중상
2016012100100352,2016년 1월 21일 18시,목요일,부산광역시 사하구 다대동,중상사고,0,1,0,0,차대차 - 추돌,안전운전불이행,건조,맑음,단일로 - 기타,이륜,남,20세,중상,승용,남,66세,상해없음
2016012100100399,2016년 1월 21일 19시,목요일,부산광역시 남구 문현동,경상사고,0,0,1,0,차대사람 - 기타,안전운전불이행,건조,맑음,단일로 - 기타,승용,남,37세,상해없음,보행자,남,45세,경상
2016012100100400,2016년 1월 21일 19시,목요일,부산광역시 해운대구 재송동,경상사고,0,0,3,0,차대차 - 기타,안전거리미확보,건조,맑음,단일로 - 기타,승용,남,24세,상해없음,승합,남,48세,상해없음
2016012100100401,2016년 1월 21일 19시,목요일,부산광역시 부산진구 연지동,경상사고,0,0,1,0,차대차 - 추돌,안전운전불이행,건조,맑음,교차로 - 교차로부근,승용,남,53세,상해없음,승용,여,31세,경상
2016012100100437,2016년 1월 21일 20시,목요일,부산광역시 해운대구 송정동,중상사고,0,1,0,0,차대차 - 정면충돌,중앙선침범,건조,맑음,단일로 - 기타,승용,남,51세,상해없음,화물,남,64세,중상
2016012100100438,2016년 1월 21일 20시,목요일,부산광역시 금정구 부곡동,경상사고,0,0,1,0,차대차 - 기타,안전운전불이행,건조,맑음,교차로 - 교차로부근,승용,남,58세,상해없음,이륜,남,47세,경상
2016012100100439,2016년 1월 21일 20시,목요일,부산광역시 연제구 거제동,중상사고,0,1,0,0,차대사람 - 차도통행중,안전운전불이행,건조,맑음,단일로 - 기타,승용,남,24세,상해없음,보행자,여,51세,중상
2016012100100471,2016년 1월 21일 21시,목요일,부산광역시 동래구 온천동,중상사고,0,1,0,0,차대차 - 추돌,안전운전불이행,건조,맑음,단일로 - 기타,승용,남,45세,상해없음,이륜,남,19세,중상
2016012100100472,2016년 1월 21일 21시,목요일,부산광역시 사상구 주례동,경상사고,0,0,2,0,차대차 - 추돌,안전운전불이행,건조,맑음,교차로 - 교차로부근,승용,여,59세,상해없음,승용,남,28세,경상
2016012100100473,2016년 1월 21일 21시,목요일,부산광역시 기장군 기장읍,중상사고,0,1,0,0,차대사람 - 기타,안전운전불이행,건조,맑음,단일로 - 기타,승용,남,36세,상해없음,보행자,남,21세,중상
2016012100100530,2016년 1월 21일 23시,목요일,부산광역시 남구 감만동,경상사고,0,0,1,0,차대차 - 기타,안전운전불이행,건조,맑음,단일로 - 기타,이륜,남,18세,상해없음,승용,남,59세,상해없음
2016012100100531,2016년 1월 21일 23시,목요일,부산광역시 강서구 강동동,사망사고,1,0,0,0,차대사람 - 차도통행중,안전운전불이행,건조,맑음,단일로 - 기타,승용,남,68세,상해없음,보행자,남,52세,사망
2016012200100020,2016년 1월 22일 01시,금요일,부산광역시 강서구 강동동,경상사고,0,0,2,0,차대차 - 추돌,안전운전불이행,건조,맑음,단일로 - 기타,승용,남,34세,상해없음,승용,남,50세,경상
2016012200100037,2016년 1월 22일 02시,금요일,부산광역시 수영구 민락동,경상사고,0,0,1,0,차대차 - 측면직각충돌,안전운전불이행,건조,맑음,교차로 - 교차로안,원동기,남,18세,상해없음,승용,남,58세,상해없음
2016012200100059,2016년 1월 22일 05시,금요일,부산광역시 동구 초량동,중상사고,0,1,0,0,차대사람 - 횡단중,안전운전불이행,건조,맑음,단일로 - 기타,승용,남,67세,상해없음,보행자,남,52세,중상
2016012200100060,2016년 1월 22일 05시,금요일,부산광역시 사하구 당리동,중상사고,0,1,0,0,차량단독 - 공작물충돌,안전운전불이행,건조,맑음,단일로 - 기타,승용,남,57세,중상,,,,
2016012200100092,2016년 1월 22일 07시,금요일,부산광역시 북구 만덕동,중상사고,0,1,0,0,차대사람 - 기타,안전운전불이행,건조,맑음,단일로 - 기타,승용,남,36세,상해없음,보행자,여,52세,중상
2016012200100124,2016년 1월 22일 08시,금요일,부산광역시 해운대구 우동,중상사고,0,1,0,0,차대차 - 기타,교차로운행방법위반,기타,맑음,교차로 - 교차로안,건설기계,남,37세,상해없음,승용,여,41세,중상
2016012200100151,2016년 1월 22일 09시,금요일,부산광역시 부산진구 개금동,중상사고,0,1,0,0,차대사람 - 횡단중,안전운전불이행,건조,맑음,단일로 - 기타,승용,여,41세,상해없음,보행자,여,45세,중상
2016012200100152,2016년 1월 22일 09시,금요일,부산광역시 부산진구 범천동,경상사고,0,0,1,0,차대차 - 정면충돌,중앙선침범,건조,맑음,단일로 - 기타,승용,여,59세,상해없음,승용,남,61세,경상
2016012200100153,2016년 1월 22일 09시,금요일,부산광역시 강서구 대저2동,중상사고,0,1,1,0,차대차 - 측면충돌,신호위반,건조,맑음,교차로 - 교차로안,특수,남,50세,상해없음,승용,여,30세,경상
2016012200100154,2016년 1월 22일 09시,금요일,부산광역시 사상구 엄궁동,중상사고,0,1,1,0,차대차 - 측면직각충돌,안전거리미확보,건조,맑음,단일로 - 기타,건설기계,남,52세,상해없음,승용,여,47세,경상
2016012200100182,2016년 1월 22일 10시,금요일,부산광역시 부산진구 개금동,경상사고,0,0,1,0,차대차 - 추돌,안전운전불이행,건조,맑음,단일로 - 기타,화물,남,49세,상해없음,화물,남,40세,경상
2016012200100183,2016년 1월 22일 10시,금요일,부산광역시 사하구 장림동,중상사고,0,1,0,0,차대차 - 기타,신호위반,건조,맑음,기타 - 기타,원동기,남,64세,중상,승용,여,43세,상해없음
2016012200100184,2016년 1월 22일 10시,금요일,부산광역시 연제구 연산동,경상사고,0,0,1,0,차대차 - 측면충돌,안전운전불이행,건조,맑음,교차로 - 교차로안,승용,남,32세,상해없음,승용,남,35세,경상
2016012200100259,2016년 1월 22일 13시,금요일,부산광역시 북구 구포동,중상사고,0,1,0,0,차대차 - 측면직각충돌,안전운전불이행,건조,맑음,교차로 - 교차로부근,이륜,남,76세,중상,승용,남,69세,상해없음
2016012200100286,2016년 1월 22일 14시,금요일,부산광역시 남구 문현동,경상사고,0,0,2,0,차대차 - 기타,안전운전불이행,건조,맑음,교차로 - 교차로안,승용,여,56세,상해없음,승합,남,50세,상해없음
2016012200100287,2016년 1월 22일 14시,금요일,부산광역시 동래구 온천동,중상사고,0,1,0,0,차대사람 - 길가장자리구역통행중,안전운전불이행,건조,맑음,단일로 - 기타,승용,여,55세,상해없음,보행자,여,64세,중상
2016012200100288,2016년 1월 22일 14시,금요일,부산광역시 해운대구 반송동,부상신고사고,0,0,0,1,차대사람 - 횡단중,안전운전불이행,건조,맑음,단일로 - 기타,승용,남,23세,상해없음,보행자,여,79세,부상신고
2016012200100325,2016년 1월 22일 15시,금요일,부산광역시 해운대구 우동,중상사고,0,1,0,0,차대차 - 측면직각충돌,안전운전불이행,건조,맑음,교차로 - 교차로안,승용,여,38세,상해없음,승용,여,62세,중상
2016012200100352,2016년 1월 22일 16시,금요일,부산광역시 부산진구 부전동,중상사고,0,1,0,0,차대사람 - 기타,안전운전불이행,건조,맑음,단일로 - 기타,화물,남,49세,상해없음,보행자,남,29세,중상
2016012200100353,2016년 1월 22일 16시,금요일,부산광역시 부산진구 전포동,경상사고,0,0,1,0,차대차 - 기타,교차로운행방법위반,건조,맑음,교차로 - 교차로안,승합,남,57세,상해없음,승용,남,36세,경상
2016012200100354,2016년 1월 22일 16시,금요일,부산광역시 사하구 장림동,경상사고,0,0,1,0,차대사람 - 횡단중,보행자보호의무위반,건조,맑음,단일로 - 횡단보도상,승합,남,55세,상해없음,보행자,남,8세,경상
2016012200100355,2016년 1월 22일 16시,금요일,부산광역시 사상구 괘법동,경상사고,0,0,2,0,차대차 - 측면직각충돌,직진우회전진행방해,건조,맑음,교차로 - 교차로안,승용,남,63세,상해없음,승용,남,52세,경상
2016012200100469,2016년 1월 22일 19시,금요일,부산광역시 해운대구 반여동,경상사고,0,0,1,0,차대차 - 측면직각충돌,안전운전불이행,건조,맑음,교차로 - 교차로안,승용,여,49세,상해없음,승용,남,31세,경상
2016012200100470,2016년 1월 22일 19시,금요일,부산광역시 금정구 서동,중상사고,0,1,0,0,차대사람 - 횡단중,보행자보호의무위반,건조,맑음,단일로 - 기타,승용,남,57세,상해없음,보행자,남,50세,중상
2016012200100471,2016년 1월 22일 19시,금요일,부산광역시 사하구 다대동,중상사고,0,1,1,0,차대사람 - 횡단중,안전운전불이행,건조,기타,단일로 - 기타,이륜,남,17세,경상,보행자,여,70세,중상
2016012200100472,2016년 1월 22일 19시,금요일,부산광역시 사하구 다대동,중상사고,0,1,0,0,차대사람 - 기타,안전운전불이행,건조,기타,단일로 - 기타,승용,남,33세,상해없음,보행자,남,26세,중상
2016012200100473,2016년 1월 22일 19시,금요일,부산광역시 사하구 하단동,경상사고,0,0,1,0,차대사람 - 기타,안전운전불이행,건조,맑음,단일로 - 기타,승용,남,53세,상해없음,보행자,남,33세,경상
2016012200100505,2016년 1월 22일 20시,금요일,부산광역시 수영구 광안동,경상사고,0,0,2,0,차대차 - 측면직각충돌,안전운전불이행,건조,맑음,교차로 - 교차로부근,승용,여,32세,상해없음,승용,남,42세,상해없음
2016012200100506,2016년 1월 22일 20시,금요일,부산광역시 연제구 연산동,경상사고,0,0,1,3,차대차 - 측면충돌,신호위반,건조,맑음,교차로 - 교차로안,승용,남,23세,상해없음,승용,남,50세,상해없음
2016012200100559,2016년 1월 22일 22시,금요일,부산광역시 사하구 신평동,경상사고,0,0,2,0,차대차 - 기타,안전운전불이행,건조,기타,교차로 - 교차로부근,승용,남,38세,상해없음,승용,남,31세,경상
2016012200100560,2016년 1월 22일 22시,금요일,부산광역시 사상구 덕포동,중상사고,0,1,0,0,차대사람 - 횡단중,안전운전불이행,건조,맑음,단일로 - 기타,승용,여,34세,상해없음,보행자,여,52세,중상
2016012200100599,2016년 1월 22일 23시,금요일,부산광역시 북구 만덕동,경상사고,0,0,1,0,차대사람 - 횡단중,안전운전불이행,건조,맑음,단일로 - 기타,원동기,남,18세,상해없음,보행자,남,28세,경상
2016012200100600,2016년 1월 22일 23시,금요일,부산광역시 동래구 명장동,경상사고,0,0,1,0,차대차 - 측면직각충돌,교차로운행방법위반,건조,맑음,교차로 - 교차로안,승용,남,29세,상해없음,승용,남,57세,경상
2016012200100601,2016년 1월 22일 23시,금요일,부산광역시 해운대구 중동,중상사고,0,1,0,0,차대사람 - 횡단중,안전운전불이행,건조,맑음,단일로 - 기타,승용,남,37세,상해없음,보행자,남,35세,중상
2016012200100602,2016년 1월 22일 23시,금요일,부산광역시 부산진구 부전동,부상신고사고,0,0,0,1,차대차 - 기타,교차로운행방법위반,건조,맑음,교차로 - 교차로안,이륜,남,28세,부상신고,승용,남,45세,상해없음
2016012200100603,2016년 1월 22일 23시,금요일,부산광역시 연제구 거제동,중상사고,0,1,0,0,차대차 - 정면충돌,신호위반,건조,맑음,교차로 - 교차로안,승용,남,66세,상해없음,이륜,남,17세,중상
2016012300100007,2016년 1월 23일 00시,토요일,부산광역시 남구 문현동,경상사고,0,0,1,0,차대차 - 측면직각충돌,안전운전불이행,건조,맑음,단일로 - 기타,이륜,남,35세,경상,승용,여,61세,상해없음
2016012300100008,2016년 1월 23일 00시,토요일,부산광역시 수영구 남천동,경상사고,0,0,1,0,차대차 - 측면직각충돌,안전운전불이행,건조,맑음,단일로 - 기타,승용,여,53세,상해없음,승용,남,55세,경상
2016012300100009,2016년 1월 23일 00시,토요일,부산광역시 사하구 신평동,중상사고,0,1,0,0,차대차 - 기타,안전운전불이행,건조,기타,단일로 - 기타,승용,남,60세,상해없음,이륜,남,50세,중상
2016012300100041,2016년 1월 23일 01시,토요일,부산광역시 사상구 주례동,사망사고,1,0,0,0,차대차 - 추돌,안전운전불이행,건조,맑음,미분류 - 미분류,화물,남,75세,사망,화물,남,55세,상해없음
2016012300100051,2016년 1월 23일 02시,토요일,부산광역시 사하구 당리동,중상사고,0,1,1,0,차대사람 - 횡단중,안전운전불이행,건조,맑음,단일로 - 횡단보도상,승용,남,23세,상해없음,보행자,남,52세,경상
2016012300100072,2016년 1월 23일 04시,토요일,부산광역시 해운대구 우동,경상사고,0,0,1,0,차대차 - 측면직각충돌,불법유턴,건조,맑음,단일로 - 횡단보도상,이륜,남,15세,상해없음,승용,남,42세,상해없음
2016012300100081,2016년 1월 23일 05시,토요일,부산광역시 동래구 안락동,경상사고,0,0,1,0,차대차 - 정면충돌,중앙선침범,건조,맑음,단일로 - 기타,승용,남,31세,상해없음,승용,남,61세,경상
2016012300100088,2016년 1월 23일 06시,토요일,부산광역시 남구 대연동,경상사고,0,0,1,0,차량단독 - 공작물충돌,안전운전불이행,건조,맑음,단일로 - 기타,승용,여,52세,경상,,,,
2016012300100138,2016년 1월 23일 10시,토요일,부산광역시 사하구 하단동,경상사고,0,0,2,1,차대차 - 기타,신호위반,건조,맑음,단일로 - 기타,승용,남,29세,경상,승용,남,66세,경상
2016012300100165,2016년 1월 23일 11시,토요일,부산광역시 금정구 금사동,경상사고,0,0,2,0,차대차 - 측면충돌,불법유턴,건조,맑음,단일로 - 기타,화물,남,38세,상해없음,승용,남,44세,경상
2016012300100187,2016년 1월 23일 12시,토요일,부산광역시 동구 초량동,경상사고,0,0,1,0,차대차 - 기타,안전운전불이행,건조,맑음,단일로 - 기타,승용,여,28세,상해없음,승용,남,50세,경상
2016012300100211,2016년 1월 23일 13시,토요일,부산광역시 부산진구 부전동,경상사고,0,0,1,0,차대차 - 기타,안전운전불이행,건조,맑음,단일로 - 기타,승용,여,58세,상해없음,승용,남,62세,상해없음
2016012300100212,2016년 1월 23일 13시,토요일,부산광역시 기장군 정관읍,중상사고,0,1,0,0,차대차 - 기타,기타,건조,맑음,단일로 - 기타,승용,여,38세,상해없음,이륜,남,34세,중상
2016012300100236,2016년 1월 23일 14시,토요일,부산광역시 남구 대연동,경상사고,0,0,1,0,차대차 - 측면직각충돌,안전운전불이행,건조,맑음,단일로 - 기타,화물,남,56세,상해없음,이륜,남,26세,경상
2016012300100237,2016년 1월 23일 14시,토요일,부산광역시 해운대구 좌동,경상사고,0,0,1,0,차대사람 - 횡단중,보행자보호의무위반,건조,맑음,교차로 - 교차로부근,승용,남,70세,상해없음,보행자,여,26세,경상
2016012300100238,2016년 1월 23일 14시,토요일,부산광역시 부산진구 개금동,경상사고,0,0,1,0,차대차 - 측면충돌,안전운전불이행,건조,맑음,단일로 - 기타,승용,남,30세,상해없음,이륜,남,18세,경상
2016012300100274,2016년 1월 23일 15시,토요일,부산광역시 사하구 다대동,중상사고,0,1,0,0,차대사람 - 기타,안전운전불이행,건조,맑음,단일로 - 기타,화물,남,65세,상해없음,보행자,여,71세,중상
2016012300100275,2016년 1월 23일 15시,토요일,부산광역시 기장군 철마면,중상사고,0,1,0,0,차대차 - 측면충돌,안전거리미확보,건조,맑음,단일로 - 기타,화물,남,39세,상해없음,승용,남,30세,중상
2016012300100276,2016년 1월 23일 15시,토요일,부산광역시 기장군 정관읍,경상사고,0,0,1,0,차대차 - 측면직각충돌,안전운전불이행,건조,맑음,단일로 - 기타,승용,남,36세,상해없음,이륜,남,26세,경상
2016012300100309,2016년 1월 23일 16시,토요일,부산광역시 사하구 신평동,경상사고,0,0,2,0,차대차 - 추돌,안전거리미확보,건조,맑음,단일로 - 기타,건설기계,남,62세,상해없음,화물,남,53세,경상
2016012300100327,2016년 1월 23일 17시,토요일,부산광역시 부산진구 범천동,경상사고,0,0,1,0,차대차 - 기타,안전운전불이행,건조,맑음,미분류 - 미분류,승용,남,21세,상해없음,승용,여,57세,경상
2016012300100474,2016년 1월 23일 22시,토요일,부산광역시 연제구 연산동,경상사고,0,0,1,0,차대사람 - 횡단중,보행자보호의무위반,건조,맑음,단일로 - 기타,승용,남,29세,상해없음,보행자,남,39세,경상
2016012300100499,2016년 1월 23일 23시,토요일,부산광역시 해운대구 반여동,경상사고,0,0,1,0,차대차 - 정면충돌,중앙선침범,건조,맑음,단일로 - 기타,승용,남,33세,상해없음,승용,남,66세,경상
2016012300100500,2016년 1월 23일 23시,토요일,부산광역시 사상구 학장동,경상사고,0,0,4,0,차대차 - 추돌,중앙선침범,건조,맑음,교차로 - 교차로부근,승용,남,41세,상해없음,승용,남,27세,경상
2016012400100005,2016년 1월 24일 00시,일요일,부산광역시 연제구 연산동,중상사고,0,1,1,0,차대차 - 측면직각충돌,안전운전불이행,건조,맑음,교차로 - 교차로부근,승용,남,22세,상해없음,승용,남,52세,중상
2016012400100006,2016년 1월 24일 00시,일요일,부산광역시 기장군 기장읍,경상사고,0,0,2,0,차대차 - 기타,안전운전불이행,건조,맑음,교차로 - 교차로안,승용,남,45세,상해없음,화물,남,45세,경상
2016012400100086,2016년 1월 24일 07시,일요일,부산광역시 중구 영주동,경상사고,0,0,1,0,차대차 - 추돌,안전운전불이행,건조,맑음,단일로 - 기타,승용,남,76세,상해없음,승용,남,62세,경상
2016012400100101,2016년 1월 24일 09시,일요일,부산광역시 남구 용호동,경상사고,0,0,5,0,차대차 - 기타,교차로운행방법위반,건조,맑음,교차로 - 교차로안,승용,여,36세,경상,승용,남,50세,경상
2016012400100113,2016년 1월 24일 10시,일요일,부산광역시 부산진구 부전동,중상사고,0,1,1,0,차대차 - 측면충돌,신호위반,건조,맑음,교차로 - 교차로안,승용,여,25세,상해없음,승용,남,53세,중상
2016012400100145,2016년 1월 24일 12시,일요일,부산광역시 기장군 기장읍,경상사고,0,0,1,0,차대사람 - 횡단중,안전운전불이행,건조,맑음,단일로 - 기타,승용,남,58세,상해없음,보행자,여,24세,경상
2016012400100171,2016년 1월 24일 13시,일요일,부산광역시 해운대구 좌동,중상사고,0,1,0,0,차대차 - 기타,안전거리미확보,건조,맑음,단일로 - 기타,승용,여,41세,상해없음,이륜,남,49세,중상
2016012400100188,2016년 1월 24일 14시,일요일,부산광역시 남구 대연동,경상사고,0,0,3,0,차대차 - 정면충돌,중앙선침범,건조,맑음,교차로 - 교차로부근,승용,남,44세,상해없음,승용,남,43세,경상
2016012400100189,2016년 1월 24일 14시,일요일,부산광역시 해운대구 우동,부상신고사고,0,0,0,1,차대차 - 측면직각충돌,안전운전불이행,건조,맑음,교차로 - 교차로부근,원동기,남,60세,부상신고,승용,남,39세,상해없음
2016012400100221,2016년 1월 24일 15시,일요일,부산광역시 해운대구 우동,경상사고,0,0,2,0,차대차 - 추돌,안전거리미확보,건조,맑음,단일로 - 기타,승용,여,43세,상해없음,승용,남,32세,경상
2016012400100222,2016년 1월 24일 15시,일요일,부산광역시 사상구 삼락동,부상신고사고,0,0,0,1,차대차 - 추돌,안전운전불이행,건조,맑음,단일로 - 기타,승용,남,56세,부상신고,화물,남,52세,기타불명
2016012400100243,2016년 1월 24일 16시,일요일,부산광역시 해운대구 우동,경상사고,0,0,1,0,차대차 - 측면직각충돌,안전운전불이행,건조,맑음,단일로 - 기타,자전거,여,33세,경상,승합,남,37세,상해없음
2016012400100265,2016년 1월 24일 17시,일요일,부산광역시 부산진구 개금동,경상사고,0,0,1,0,차대차 - 측면직각충돌,차로위반,건조,맑음,교차로 - 교차로부근,승용,남,60세,상해없음,승용,남,47세,경상
2016012400100288,2016년 1월 24일 18시,일요일,부산광역시 해운대구 우동,경상사고,0,0,1,0,차대차 - 측면충돌,안전운전불이행,건조,맑음,단일로 - 기타,화물,남,43세,상해없음,이륜,남,21세,경상
2016012400100289,2016년 1월 24일 18시,일요일,부산광역시 해운대구 우동,경상사고,0,0,1,0,차대차 - 측면충돌,안전운전불이행,건조,맑음,교차로 - 교차로부근,승용,남,48세,상해없음,승용,여,43세,경상
2016012400100316,2016년 1월 24일 19시,일요일,부산광역시 사하구 장림동,경상사고,0,0,4,0,차대차 - 추돌,안전운전불이행,건조,맑음,단일로 - 기타,승용,남,45세,상해없음,승용,남,44세,경상
2016012400100343,2016년 1월 24일 20시,일요일,부산광역시 남구 대연동,부상신고사고,0,0,0,1,차대차 - 기타,안전운전불이행,건조,맑음,단일로 - 기타,원동기,남,31세,부상신고,승용,남,55세,상해없음
2016012400100344,2016년 1월 24일 20시,일요일,부산광역시 해운대구 반송동,경상사고,0,0,1,0,차대차 - 추돌,안전거리미확보,건조,맑음,단일로 - 기타,승용,남,39세,상해없음,승용,남,61세,경상
2016012400100345,2016년 1월 24일 20시,일요일,부산광역시 금정구 두구동,경상사고,0,0,1,0,차대차 - 측면직각충돌,안전거리미확보,건조,맑음,단일로 - 기타,승용,남,50세,상해없음,승용,여,39세,경상
2016012400100370,2016년 1월 24일 21시,일요일,부산광역시 사하구 다대동,경상사고,0,0,1,0,차대사람 - 횡단중,안전운전불이행,건조,맑음,단일로 - 기타,원동기,남,26세,상해없음,보행자,남,57세,경상
2016012400100389,2016년 1월 24일 22시,일요일,부산광역시 남구 용호동,중상사고,0,1,0,0,차대사람 - 차도통행중,안전운전불이행,건조,맑음,단일로 - 횡단보도상,원동기,남,24세,상해없음,보행자,여,54세,중상
2016012400100390,2016년 1월 24일 22시,일요일,부산광역시 사상구 감전동,중상사고,0,1,0,0,차대사람 - 횡단중,신호위반,건조,맑음,교차로 - 교차로부근,이륜,남,20세,상해없음,보행자,여,56세,중상
2016012400100410,2016년 1월 24일 23시,일요일,부산광역시 강서구 대저1동,경상사고,0,0,2,0,차대차 - 측면충돌,안전거리미확보,건조,맑음,단일로 - 기타,승용,남,26세,상해없음,승용,남,50세,경상