사고번호,사고일시,요일,시군구,사고내용,사망자수,중상자수,경상자수,부상신고자수,사고유형,법규위반,노면상태,기상상태,도로형태,가해운전자 차종,가해운전자 성별,가해운전자 연령,가해운전자 상해정도,피해운전자 차종,피해운전자 성별,피해운전자 연령,피해운전자 상해정도
2016012500100017,2016년 1월 25일 02시,월요일,부산광역시 연제구 거제동,중상사고,0,2,2,0,차대차 - 측면직각충돌,신호위반,건조,맑음,교차로 - 교차로안,승용,남,23세,상해없음,승용,남,61세,경상
2016012500100018,2016년 1월 25일 02시,월요일,부산광역시 연제구 연산동,경상사고,0,0,1,0,차대차 - 추돌,안전운전불이행,건조,맑음,단일로 - 기타,승용,남,63세,상해없음,화물,남,59세,상해없음
2016012500100035,2016년 1월 25일 06시,월요일,부산광역시 금정구 노포동,중상사고,0,1,0,0,차대사람 - 횡단중,안전운전불이행,건조,맑음,단일로 - 횡단보도부근,승용,남,57세,상해없음,보행자,여,66세,중상
2016012500100048,2016년 1월 25일 07시,월요일,부산광역시 영도구 청학동,경상사고,0,0,1,0,차대차 - 추돌,안전거리미확보,건조,맑음,단일로 - 기타,승용,남,45세,상해없음,승용,남,59세,상해없음
2016012500100049,2016년 1월 25일 07시,월요일,부산광역시 영도구 대평동1가,경상사고,0,0,1,0,차대차 - 측면직각충돌,교차로운행방법위반,건조,맑음,교차로 - 교차로안,승용,남,61세,상해없음,승용,남,53세,경상
2016012500100079,2016년 1월 25일 08시,월요일,부산광역시 영도구 동삼동,중상사고,0,2,1,0,차대사람 - 횡단중,보행자보호의무위반,건조,맑음,교차로 - 교차로안,승용,남,51세,상해없음,보행자,여,34세,중상
2016012500100080,2016년 1월 25일 08시,월요일,부산광역시 부산진구 범천동,중상사고,0,1,0,0,차량단독 - 기타,안전운전불이행,건조,맑음,단일로 - 기타,승합,남,62세,상해없음,,,,
2016012500100147,2016년 1월 25일 10시,월요일,부산광역시 부산진구 가야동,중상사고,0,1,0,0,차대사람 - 기타,안전운전불이행,건조,맑음,교차로 - 교차로안,화물,남,54세,상해없음,보행자,여,63세,중상
2016012500100148,2016년 1월 25일 10시,월요일,부산광역시 사하구 장림동,경상사고,0,0,1,0,차대차 - 기타,차로위반,건조,맑음,기타 - 기타,승용,남,36세,상해없음,화물,남,63세,경상
2016012500100149,2016년 1월 25일 10시,월요일,부산광역시 사상구 괘법동,경상사고,0,0,1,0,차대차 - 측면직각충돌,신호위반,건조,맑음,교차로 - 교차로안,특수,남,28세,상해없음,승용,남,56세,경상
2016012500100170,2016년 1월 25일 11시,월요일,부산광역시 부산진구 개금동,중상사고,0,1,0,0,차량단독 - 기타,안전운전불이행,건조,맑음,단일로 - 기타,승합,남,59세,상해없음,,,,
2016012500100202,2016년 1월 25일 12시,월요일,부산광역시 해운대구 우동,중상사고,0,1,4,0,차대차 - 측면직각충돌,교차로운행방법위반,건조,맑음,교차로 - 교차로안,승용,남,22세,중상,승용,남,39세,경상
2016012500100203,2016년 1월 25일 12시,월요일,부산광역시 부산진구 부전동,경상사고,0,0,1,0,차대차 - 기타,안전운전불이행,건조,맑음,단일로 - 기타,원동기,남,31세,경상,승용,남,52세,상해없음
2016012500100204,2016년 1월 25일 12시,월요일,부산광역시 수영구 망미동,중상사고,0,1,0,0,차대차 - 측면직각충돌,신호위반,건조,맑음,교차로 - 교차로안,승용,남,62세,상해없음,이륜,남,27세,중상
2016012500100230,2016년 1월 25일 13시,월요일,부산광역시 해운대구 좌동,경상사고,0,0,1,0,차대차 - 추돌,안전운전불이행,건조,맑음,단일로 - 횡단보도부근,승용,남,60세,상해없음,승용,남,64세,경상
2016012500100259,2016년 1월 25일 14시,월요일,부산광역시 북구 덕천동,중상사고,0,1,0,1,차대차 - 기타,안전거리미확보,건조,맑음,단일로 - 기타,승용,여,41세,상해없음,승용,남,49세,중상
2016012500100260,2016년 1월 25일 14시,월요일,부산광역시 해운대구 반여동,경상사고,0,0,1,0,차대사람 - 횡단중,보행자보호의무위반,건조,맑음,교차로 - 교차로안,승용,남,62세,상해없음,보행자,여,78세,경상
2016012500100295,2016년 1월 25일 15시,월요일,부산광역시 부산진구 초읍동,중상사고,0,1,0,0,차대사람 - 기타,안전운전불이행,건조,맑음,단일로 - 기타,승용,여,57세,상해없음,보행자,여,62세,중상
2016012500100359,2016년 1월 25일 17시,월요일,부산광역시 해운대구 우동,중상사고,0,1,0,0,차대차 - 측면충돌,교차로운행방법위반,건조,맑음,교차로 - 교차로안,승용,여,44세,상해없음,이륜,남,60세,중상
2016012500100360,2016년 1월 25일 17시,월요일,부산광역시 부산진구 부전동,경상사고,0,0,1,0,차대사람 - 횡단중,안전운전불이행,건조,맑음,단일로 - 기타,승용,남,56세,상해없음,보행자,여,23세,경상
2016012500100388,2016년 1월 25일 18시,월요일,부산광역시 북구 덕천동,중상사고,0,4,2,0,차대차 - 측면직각충돌,신호위반,건조,맑음,교차로 - 교차로안,승합,남,59세,상해없음,승용,남,64세,경상
2016012500100389,2016년 1월 25일 18시,월요일,부산광역시 강서구 대저1동,중상사고,0,2,0,0,차대차 - 추돌,안전운전불이행,건조,맑음,단일로 - 기타,화물,남,54세,중상,화물,남,50세,중상
2016012500100484,2016년 1월 25일 20시,월요일,부산광역시 부산진구 부전동,부상신고사고,0,0,0,1,차대차 - 기타,안전운전불이행,건조,맑음,교차로 - 교차로안,이륜,남,26세,부상신고,승용,남,67세,상해없음
2016012500100507,2016년 1월 25일 21시,월요일,부산광역시 강서구 명지동,중상사고,0,1,0,0,차대차 - 측면충돌,신호위반,건조,맑음,교차로 - 교차로안,승용,남,54세,상해없음,이륜,남,19세,중상
2016012500100546,2016년 1월 25일 22시,월요일,부산광역시 수영구 광안동,경상사고,0,0,1,0,차대차 - 측면충돌,안전운전불이행,건조,맑음,교차로 - 교차로부근,승용,남,63세,상해없음,이륜,남,16세,경상
2016012500100547,2016년 1월 25일 22시,월요일,부산광역시 연제구 연산동,중상사고,0,1,1,0,차대차 - 추돌,안전운전불이행,건조,맑음,단일로 - 기타,승용,남,22세,상해없음,승용,여,42세,중상
2016012500100548,2016년 1월 25일 22시,월요일,부산광역시 사상구 엄궁동,부상신고사고,0,0,0,1,차대차 - 추돌,안전운전불이행,건조,맑음,교차로 - 교차로부근,이륜,남,31세,부상신고,승합,남,53세,상해없음
2016012500100577,2016년 1월 25일 23시,월요일,부산광역시 강서구 송정동,중상사고,0,1,0,0,차대차 - 측면충돌,신호위반,건조,맑음,교차로 - 교차로안,이륜,남,23세,상해없음,승용,남,44세,상해없음
2016012600100001,2016년 1월 26일 00시,화요일,부산광역시 해운대구 재송동,부상신고사고,0,0,0,1,차대차 - 측면충돌,안전운전불이행,건조,맑음,교차로 - 교차로안,승용,남,36세,상해없음,승용,남,67세,부상신고
2016012600100017,2016년 1월 26일 01시,화요일,부산광역시 동래구 온천동,경상사고,0,0,1,0,차대사람 - 차도통행중,안전운전불이행,건조,맑음,단일로 - 기타,승용,남,34세,상해없음,보행자,남,49세,경상
2016012600100030,2016년 1월 26일 02시,화요일,부산광역시 연제구 연산동,경상사고,0,0,1,0,차대차 - 추돌,안전운전불이행,건조,맑음,단일로 - 기타,승용,남,33세,상해없음,승용,남,24세,경상
2016012600100070,2016년 1월 26일 07시,화요일,부산광역시 서구 서대신동3가,경상사고,0,0,1,0,차대차 - 기타,교차로운행방법위반,건조,맑음,교차로 - 교차로안,화물,남,44세,기타불명,승용,남,66세,상해없음
2016012600100071,2016년 1월 26일 07시,화요일,부산광역시 동래구 온천동,경상사고,0,0,1,0,차대차 - 측면직각충돌,직진우회전진행방해,건조,맑음,교차로 - 교차로안,승용,남,68세,상해없음,승용,여,73세,상해없음
2016012600100103,2016년 1월 26일 08시,화요일,부산광역시 해운대구 중동,경상사고,0,0,1,0,차대차 - 측면직각충돌,신호위반,건조,맑음,교차로 - 교차로안,승합,남,68세,상해없음,승용,남,61세,경상
2016012600100104,2016년 1월 26일 08시,화요일,부산광역시 부산진구 개금동,경상사고,0,0,1,0,차대사람 - 기타,안전운전불이행,건조,맑음,교차로 - 교차로안,승합,남,57세,상해없음,보행자,여,8세,경상
2016012600100128,2016년 1월 26일 09시,화요일,부산광역시 부산진구 당감동,중상사고,0,1,0,0,차대차 - 추돌,안전거리미확보,건조,맑음,미분류 - 미분류,화물,남,55세,상해없음,승용,남,52세,중상
2016012600100129,2016년 1월 26일 09시,화요일,부산광역시 사하구 괴정동,중상사고,0,1,0,0,차대차 - 기타,안전운전불이행,건조,맑음,단일로 - 기타,승합,남,80세,상해없음,승용,여,39세,상해없음
2016012600100130,2016년 1월 26일 09시,화요일,부산광역시 사하구 장림동,경상사고,0,0,1,0,차대차 - 기타,안전운전불이행,건조,맑음,기타 - 기타,화물,남,60세,상해없음,승용,남,27세,기타불명
2016012600100131,2016년 1월 26일 09시,화요일,부산광역시 기장군 일광면,중상사고,0,1,1,0,차대차 - 측면직각충돌,직진우회전진행방해,건조,맑음,교차로 - 교차로안,승용,여,39세,경상,승용,남,26세,중상
2016012600100145,2016년 1월 26일 10시,화요일,부산광역시 동구 초량동,경상사고,0,0,1,0,차대차 - 추돌,안전운전불이행,건조,맑음,단일로 - 기타,화물,남,54세,상해없음,승용,남,53세,상해없음
2016012600100146,2016년 1월 26일 10시,화요일,부산광역시 수영구 광안동,경상사고,0,0,1,0,차대차 - 기타,안전운전불이행,건조,맑음,교차로 - 교차로안,특수,남,41세,상해없음,화물,남,34세,경상
2016012600100147,2016년 1월 26일 10시,화요일,부산광역시 북구 구포동,중상사고,0,1,0,0,차대사람 - 기타,안전운전불이행,건조,맑음,단일로 - 기타,화물,남,37세,상해없음,보행자,남,76세,중상
2016012600100148,2016년 1월 26일 10시,화요일,부산광역시 해운대구 반송동,경상사고,0,0,1,0,차대사람 - 기타,보행자보호의무위반,건조,맑음,교차로 - 교차로부근,승용,여,51세,상해없음,보행자,여,7세,경상
2016012600100149,2016년 1월 26일 10시,화요일,부산광역시 부산진구 부암동,경상사고,0,0,2,0,차대차 - 기타,안전운전불이행,건조,맑음,단일로 - 기타,화물,남,57세,상해없음,승용,남,69세,경상
2016012600100176,2016년 1월 26일 11시,화요일,부산광역시 남구 우암동,중상사고,0,1,0,0,차대사람 - 횡단중,신호위반,건조,맑음,단일로 - 횡단보도상,승용,여,78세,상해없음,보행자,남,76세,중상
2016012600100177,2016년 1월 26일 11시,화요일,부산광역시 북구 구포동,경상사고,0,0,1,0,차대차 - 추돌,안전운전불이행,건조,맑음,단일로 - 기타,화물,남,49세,상해없음,승용,남,53세,경상
2016012600100178,2016년 1월 26일 11시,화요일,부산광역시 연제구 거제동,중상사고,0,1,0,0,차대사람 - 횡단중,보행자보호의무위반,건조,맑음,교차로 - 교차로부근,승용,남,31세,상해없음,보행자,여,64세,중상
2016012600100233,2016년 1월 26일 13시,화요일,부산광역시 사상구 감전동,경상사고,0,0,1,0,차대사람 - 횡단중,안전운전불이행,건조,맑음,교차로 - 교차로안,승용,여,25세,상해없음,보행자,남,28세,경상
2016012600100256,2016년 1월 26일 14시,화요일,부산광역시 동래구 낙민동,경상사고,0,0,1,0,차대차 - 측면직각충돌,교차로운행방법위반,습기,비,교차로 - 교차로부근,승용,남,55세,상해없음,승용,남,40세,경상
2016012600100257,2016년 1월 26일 14시,화요일,부산광역시 영도구 봉래동2가,경상사고,0,0,4,0,차대차 - 측면직각충돌,안전거리미확보,건조,맑음,교차로 - 교차로안,승용,남,51세,상해없음,승용,남,33세,경상
2016012600100258,2016년 1월 26일 14시,화요일,부산광역시 부산진구 전포동,중상사고,0,1,0,0,차대차 - 기타,직진우회전진행방해,건조,맑음,교차로 - 교차로안,승용,남,40세,상해없음,이륜,남,63세,중상
2016012600100259,2016년 1월 26일 14시,화요일,부산광역시 금정구 두구동,중상사고,0,1,0,0,차대차 - 측면직각충돌,교차로운행방법위반,건조,맑음,교차로 - 교차로안,승합,남,63세,상해없음,승용,남,34세,중상
2016012600100260,2016년 1월 26일 14시,화요일,부산광역시 기장군 장안읍,부상신고사고,0,0,0,1,차대사람 - 기타,안전운전불이행,건조,맑음,단일로 - 기타,기타불명,기타불명,기타불명,기타불명,보행자,남,21세,부상신고
2016012600100293,2016년 1월 26일 15시,화요일,부산광역시 금정구 장전동,중상사고,0,1,0,0,차대사람 - 기타,기타,건조,맑음,단일로 - 기타,승합,남,37세,상해없음,보행자,여,76세,중상
2016012600100294,2016년 1월 26일 15시,화요일,부산광역시 금정구 구서동,경상사고,0,0,1,0,차대차 - 기타,안전운전불이행,건조,맑음,단일로 - 기타,승합,남,49세,상해없음,승용,남,40세,경상
2016012600100330,2016년 1월 26일 16시,화요일,부산광역시 해운대구 우동,중상사고,0,1,1,0,차대차 - 추돌,안전거리미확보,건조,맑음,단일로 - 기타,승용,남,60세,상해없음,이륜,남,28세,중상
2016012600100331,2016년 1월 26일 16시,화요일,부산광역시 부산진구 전포동,경상사고,0,0,1,0,차대차 - 측면직각충돌,안전운전불이행,건조,맑음,교차로 - 교차로안,승용,여,41세,상해없음,승용,여,27세,경상
2016012600100359,2016년 1월 26일 17시,화요일,부산광역시 해운대구 좌동,중상사고,0,1,2,0,차대차 - 기타,신호위반,건조,맑음,단일로 - 기타,승용,남,57세,상해없음,승용,남,43세,경상
2016012600100360,2016년 1월 26일 17시,화요일,부산광역시 사하구 하단동,부상신고사고,0,0,0,1,차대차 - 측면충돌,교차로운행방법위반,건조,맑음,단일로 - 기타,승용,남,45세,상해없음,자전거,남,66세,부상신고
2016012600100386,2016년 1월 26일 18시,화요일,부산광역시 영도구 청학동,경상사고,0,0,1,0,차대차 - 측면직각충돌,안전운전불이행,건조,맑음,교차로 - 교차로안,승용,남,32세,상해없음,승용,남,52세,경상
2016012600100387,2016년 1월 26일 18시,화요일,부산광역시 해운대구 재송동,중상사고,0,1,0,0,차대사람 - 횡단중,보행자보호의무위반,건조,맑음,단일로 - 횡단보도상,승합,남,41세,상해없음,보행자,여,32세,중상
2016012600100388,2016년 1월 26일 18시,화요일,부산광역시 부산진구 부암동,경상사고,0,0,2,0,차대차 - 추돌,안전운전불이행,건조,맑음,미분류 - 미분류,승용,남,61세,상해없음,승용,남,26세,경상
2016012600100389,2016년 1월 26일 18시,화요일,부산광역시 강서구 녹산동,중상사고,0,3,0,0,차대차 - 측면직각충돌,중앙선침범,건조,맑음,단일로 - 기타,승용,남,71세,상해없음,승용,여,44세,중상
2016012600100441,2016년 1월 26일 19시,화요일,부산광역시 동래구 온천동,경상사고,0,0,1,0,차대사람 - 차도통행중,안전운전불이행,건조,맑음,단일로 - 기타,승용,여,23세,상해없음,보행자,여,23세,경상
2016012600100442,2016년 1월 26일 19시,화요일,부산광역시 해운대구 반여동,경상사고,0,0,1,0,차대사람 - 횡단중,보행자보호의무위반,건조,맑음,교차로 - 교차로부근,승용,여,41세,상해없음,보행자,남,53세,경상
2016012600100479,2016년 1월 26일 20시,화요일,부산광역시 금정구 노포동,중상사고,0,1,1,0,차대차 - 기타,기타,건조,맑음,단일로 - 기타,기타불명,기타불명,기타불명,기타불명,승용,여,56세,경상
2016012600100543,2016년 1월 26일 22시,화요일,부산광역시 해운대구 중동,중상사고,0,1,0,0,차대차 - 측면충돌,안전거리미확보,건조,맑음,단일로 - 기타,이륜,남,37세,중상,이륜,남,22세,상해없음
2016012600100544,2016년 1월 26일 22시,화요일,부산광역시 부산진구 가야동,부상신고사고,0,0,0,1,차대차 - 측면충돌,안전운전불이행,건조,맑음,단일로 - 기타,승용,남,65세,상해없음,이륜,남,23세,부상신고
2016012600100545,2016년 1월 26일 22시,화요일,부산광역시 금정구 장전동,중상사고,0,1,2,2,차대차 - 측면충돌,기타,건조,맑음,교차로 - 교차로안,승용,남,44세,경상,승용,남,20세,경상
2016012600100546,2016년 1월 26일 22시,화요일,부산광역시 사하구 하단동,경상사고,0,0,1,0,차대차 - 기타,안전운전불이행,건조,맑음,단일로 - 기타,승합,남,47세,상해없음,승용,남,57세,경상
2016012600100575,2016년 1월 26일 23시,화요일,부산광역시 중구 중앙동1가,부상신고사고,0,0,0,1,차대사람 - 기타,안전운전불이행,건조,맑음,단일로 - 기타,승용,남,28세,상해없음,보행자,여,23세,부상신고
2016012600100576,2016년 1월 26일 23시,화요일,부산광역시 수영구 남천동,경상사고,0,0,2,0,차대차 - 측면직각충돌,신호위반,건조,맑음,교차로 - 교차로안,승용,남,61세,상해없음,승용,남,45세,경상
2016012700100009,2016년 1월 27일 00시,수요일,부산광역시 수영구 남천동,경상사고,0,0,1,0,차대차 - 정면충돌,안전운전불이행,건조,맑음,단일로 - 기타,이륜,남,28세,상해없음,승용,남,33세,경상
2016012700100046,2016년 1월 27일 03시,수요일,부산광역시 서구 동대신동3가,경상사고,0,0,1,0,차대차 - 측면직각충돌,신호위반,건조,맑음,교차로 - 교차로안,승용,남,46세,상해없음,승용,남,60세,경상
2016012700100051,2016년 1월 27일 04시,수요일,부산광역시 부산진구 부암동,경상사고,0,0,1,0,차대차 - 측면직각충돌,신호위반,건조,맑음,교차로 - 교차로안,승용,남,49세,상해없음,승용,남,82세,경상
2016012700100076,2016년 1월 27일 06시,수요일,부산광역시 사상구 덕포동,중상사고,0,1,0,0,차대사람 - 횡단중,신호위반,건조,맑음,단일로 - 기타,승용,남,72세,상해없음,보행자,여,57세,중상
2016012700100097,2016년 1월 27일 07시,수요일,부산광역시 사상구 감전동,중상사고,0,1,0,0,차대차 - 측면직각충돌,직진우회전진행방해,건조,맑음,교차로 - 교차로안,승용,여,67세,상해없음,이륜,남,36세,중상
2016012700100118,2016년 1월 27일 08시,수요일,부산광역시 부산진구 양정동,중상사고,0,1,1,0,차대차 - 추돌,안전거리미확보,건조,맑음,단일로 - 횡단보도부근,승용,남,63세,상해없음,승용,여,35세,중상
2016012700100119,2016년 1월 27일 08시,수요일,부산광역시 강서구 명지동,경상사고,0,0,1,0,차대차 - 추돌,안전운전불이행,건조,맑음,단일로 - 교량,화물,남,65세,상해없음,승용,남,29세,경상
2016012700100159,2016년 1월 27일 09시,수요일,부산광역시 해운대구 우동,경상사고,0,0,1,2,차대차 - 측면직각충돌,안전거리미확보,건조,맑음,교차로 - 교차로부근,승용,남,53세,부상신고,승용,남,51세,상해없음
2016012700100188,2016년 1월 27일 10시,수요일,부산광역시 동구 범일동,부상신고사고,0,0,0,1,차대차 - 측면충돌,안전거리미확보,건조,맑음,단일로 - 교량,화물,남,57세,기타불명,승용,남,28세,부상신고
2016012700100190,2016년 1월 27일 10시,수요일,부산광역시 기장군 기장읍,경상사고,0,0,1,0,차대차 - 측면충돌,교차로운행방법위반,건조,맑음,교차로 - 교차로부근,승용,여,60세,상해없음,승용,남,29세,경상
2016012700100211,2016년 1월 27일 11시,수요일,부산광역시 강서구 송정동,중상사고,0,1,0,0,차대차 - 추돌,교차로운행방법위반,건조,맑음,교차로 - 교차로안,승용,여,47세,상해없음,승용,남,57세,중상
2016012700100231,2016년 1월 27일 12시,수요일,부산광역시 북구 만덕동,중상사고,0,1,2,1,차대차 - 측면직각충돌,직진우회전진행방해,건조,맑음,교차로 - 교차로안,승용,남,32세,경상,승용,여,34세,중상
2016012700100232,2016년 1월 27일 12시,수요일,부산광역시 사하구 다대동,중상사고,0,1,1,0,차대사람 - 횡단중,보행자보호의무위반,건조,맑음,단일로 - 횡단보도상,승용,여,62세,기타불명,보행자,여,74세,중상
2016012700100260,2016년 1월 27일 13시,수요일,부산광역시 북구 덕천동,경상사고,0,0,4,0,차대차 - 측면직각충돌,신호위반,건조,맑음,교차로 - 교차로안,승용,남,31세,상해없음,승용,여,36세,경상
2016012700100307,2016년 1월 27일 15시,수요일,부산광역시 부산진구 부전동,중상사고,0,1,0,0,차대차 - 기타,안전거리미확보,건조,맑음,단일로 - 기타,승용,여,44세,기타불명,승합,남,32세,상해없음
2016012700100308,2016년 1월 27일 15시,수요일,부산광역시 금정구 구서동,중상사고,0,1,0,0,차대사람 - 보도통행중,기타,건조,맑음,단일로 - 기타,승용,여,57세,상해없음,보행자,남,58세,중상
2016012700100347,2016년 1월 27일 16시,수요일,부산광역시 부산진구 초읍동,중상사고,0,1,0,0,차대사람 - 횡단중,기타,건조,맑음,단일로 - 횡단보도부근,승용,남,58세,상해없음,보행자,여,33세,중상
2016012700100381,2016년 1월 27일 17시,수요일,부산광역시 기장군 장안읍,경상사고,0,0,1,0,차대사람 - 횡단중,안전운전불이행,건조,맑음,단일로 - 횡단보도부근,화물,남,29세,상해없음,보행자,남,59세,경상
2016012700100414,2016년 1월 27일 18시,수요일,부산광역시 해운대구 중동,경상사고,0,0,1,0,차대차 - 추돌,안전거리미확보,건조,맑음,교차로 - 교차로부근,승용,남,35세,상해없음,승용,여,70세,경상
2016012700100415,2016년 1월 27일 18시,수요일,부산광역시 사하구 장림동,중상사고,0,1,0,0,차대차 - 추돌,안전운전불이행,건조,맑음,기타 - 기타,승용,여,36세,상해없음,원동기,남,28세,중상
2016012700100416,2016년 1월 27일 18시,수요일,부산광역시 사상구 감전동,부상신고사고,0,0,0,2,차대차 - 추돌,안전운전불이행,건조,맑음,단일로 - 기타,승용,남,59세,상해없음,승합,남,47세,상해없음
2016012700100473,2016년 1월 27일 19시,수요일,부산광역시 수영구 민락동,경상사고,0,0,1,0,차대사람 - 기타,안전운전불이행,건조,맑음,단일로 - 기타,승용,남,37세,상해없음,보행자,남,49세,경상
2016012700100474,2016년 1월 27일 19시,수요일,부산광역시 동래구 온천동,경상사고,0,0,1,0,차대사람 - 차도통행중,안전운전불이행,건조,맑음,교차로 - 교차로부근,화물,남,52세,상해없음,보행자,여,61세,경상
2016012700100475,2016년 1월 27일 19시,수요일,부산광역시 사하구 괴정동,중상사고,0,1,0,0,차대차 - 기타,안전운전불이행,건조,맑음,기타 - 기타,승용,남,38세,중상,원동기,남,37세,기타불명
2016012700100521,2016년 1월 27일 20시,수요일,부산광역시 수영구 망미동,경상사고,0,0,1,0,차대차 - 측면충돌,기타,건조,맑음,단일로 - 기타,승용,남,63세,상해없음,원동기,남,17세,경상
2016012700100549,2016년 1월 27일 21시,수요일,부산광역시 해운대구 좌동,중상사고,0,1,0,0,차량단독 - 기타,안전운전불이행,건조,맑음,단일로 - 기타,승합,남,40세,기타불명,,,,
2016012700100550,2016년 1월 27일 21시,수요일,부산광역시 기장군 장안읍,경상사고,0,0,1,0,차대차 - 측면직각충돌,안전운전불이행,건조,맑음,교차로 - 교차로안,원동기,남,53세,상해없음,승용,남,28세,경상
2016012700100577,2016년 1월 27일 22시,수요일,부산광역시 수영구 민락동,경상사고,0,0,2,0,차대차 - 측면충돌,안전운전불이행,건조,맑음,단일로 - 기타,이륜,남,21세,경상,승용,남,24세,경상
2016012700100613,2016년 1월 27일 23시,수요일,부산광역시 부산진구 전포동,중상사고,0,1,0,0,차대차 - 측면직각충돌,신호위반,건조,맑음,교차로 - 교차로안,승용,남,67세,상해없음,승용,여,37세,중상
2016012700100614,2016년 1월 27일 23시,수요일,부산광역시 기장군 정관읍,경상사고,0,0,1,0,차대차 - 측면직각충돌,안전운전불이행,건조,맑음,교차로 - 교차로안,승용,남,53세,상해없음,원동기,남,16세,경상
2016012800100012,2016년 1월 28일 00시,목요일,부산광역시 강서구 성북동,경상사고,0,0,3,0,차대차 - 측면직각충돌,안전운전불이행,건조,맑음,교차로 - 교차로부근,화물,남,58세,상해없음,승용,남,35세,경상
2016012800100045,2016년 1월 28일 02시,목요일,부산광역시 수영구 수영동,경상사고,0,0,1,0,차대차 - 측면직각충돌,중앙선침범,건조,맑음,단일로 - 기타,승용,여,45세,상해없음,이륜,남,24세,경상
2016012800100058,2016년 1월 28일 03시,목요일,부산광역시 금정구 구서동,경상사고,0,0,3,0,차대차 - 측면충돌,기타,건조,맑음,교차로 - 교차로안,승용,남,33세,상해없음,승용,남,57세,경상
2016012800100059,2016년 1월 28일 03시,목요일,부산광역시 사상구 감전동,경상사고,0,0,2,0,차대차 - 측면직각충돌,신호위반,건조,맑음,단일로 - 기타,승용,남,21세,상해없음,승용,남,58세,경상
2016012800100066,2016년 1월 28일 04시,목요일,부산광역시 중구 중앙동7가,중상사고,0,2,1,0,차대차 - 측면충돌,교차로운행방법위반,건조,맑음,교차로 - 교차로안,화물,남,32세,상해없음,승용,남,48세,상해없음
2016012800100088,2016년 1월 28일 06시,목요일,부산광역시 남구 용호동,중상사고,0,1,0,0,차대차 - 측면직각충돌,중앙선침범,건조,맑음,단일로 - 기타,기타불명,여,74세,중상,승용,남,28세,상해없음
2016012800100089,2016년 1월 28일 06시,목요일,부산광역시 남구 감만동,중상사고,0,1,1,0,차대사람 - 차도통행중,신호위반,건조,맑음,단일로 - 횡단보도부근,원동기,남,18세,경상,보행자,여,64세,중상
2016012800100117,2016년 1월 28일 07시,목요일,부산광역시 서구 동대신동2가,중상사고,0,1,0,0,차대차 - 추돌,안전운전불이행,건조,맑음,교차로 - 교차로부근,승용,여,55세,상해없음,승용,여,54세,중상
2016012800100118,2016년 1월 28일 07시,목요일,부산광역시 북구 금곡동,중상사고,0,1,0,0,차대사람 - 차도통행중,안전운전불이행,건조,맑음,단일로 - 기타,화물,남,52세,상해없음,보행자,남,46세,중상
2016012800100119,2016년 1월 28일 07시,목요일,부산광역시 사상구 주례동,경상사고,0,0,1,0,차대사람 - 길가장자리구역통행중,안전운전불이행,건조,맑음,단일로 - 기타,화물,남,54세,기타불명,보행자,여,32세,경상
2016012800100158,2016년 1월 28일 08시,목요일,부산광역시 부산진구 개금동,중상사고,0,1,0,0,차대차 - 추돌,안전운전불이행,건조,맑음,단일로 - 기타,승용,여,22세,상해없음,승용,여,46세,중상
2016012800100159,2016년 1월 28일 08시,목요일,부산광역시 사하구 감천동,중상사고,0,1,0,0,차대차 - 기타,안전거리미확보,습기,흐림,단일로 - 기타,화물,남,27세,상해없음,이륜,남,54세,중상
2016012800100160,2016년 1월 28일 08시,목요일,부산광역시 사하구 하단동,경상사고,0,0,1,0,차대차 - 측면충돌,안전운전불이행,건조,맑음,단일로 - 기타,이륜,남,36세,경상,승용,여,59세,상해없음
2016012800100161,2016년 1월 28일 08시,목요일,부산광역시 강서구 대저1동,경상사고,0,0,1,0,차대차 - 측면직각충돌,안전거리미확보,건조,맑음,단일로 - 기타,건설기계,남,49세,상해없음,승용,남,29세,경상
2016012800100189,2016년 1월 28일 09시,목요일,부산광역시 동래구 온천동,경상사고,0,0,2,0,차대차 - 측면직각충돌,안전운전불이행,건조,맑음,교차로 - 교차로안,승용,여,48세,경상,승용,남,26세,경상
2016012800100190,2016년 1월 28일 09시,목요일,부산광역시 해운대구 반여동,중상사고,0,1,0,0,차대사람 - 기타,기타,건조,맑음,교차로 - 교차로안,승용,남,32세,상해없음,보행자,여,42세,중상
2016012800100191,2016년 1월 28일 09시,목요일,부산광역시 사상구 모라동,경상사고,0,0,1,0,차대차 - 추돌,안전운전불이행,습기,흐림,단일로 - 기타,승용,남,22세,상해없음,승용,여,47세,경상
2016012800100230,2016년 1월 28일 11시,목요일,부산광역시 해운대구 좌동,경상사고,0,0,4,0,차대차 - 추돌,안전거리미확보,건조,맑음,단일로 - 기타,승용,남,28세,상해없음,승용,여,51세,경상
2016012800100231,2016년 1월 28일 11시,목요일,부산광역시 부산진구 부전동,경상사고,0,0,1,0,차대사람 - 기타,안전운전불이행,건조,맑음,단일로 - 기타,승용,남,65세,상해없음,보행자,남,27세,경상
2016012800100232,2016년 1월 28일 11시,목요일,부산광역시 금정구 구서동,경상사고,0,0,1,0,차대사람 - 차도통행중,안전운전불이행,습기,흐림,단일로 - 기타,이륜,남,55세,기타불명,보행자,여,8세,경상
2016012800100260,2016년 1월 28일 12시,목요일,부산광역시 남구 대연동,부상신고사고,0,0,0,1,차대사람 - 기타,안전운전불이행,건조,맑음,단일로 - 기타,원동기,기타불명,기타불명,기타불명,보행자,여,90세 이상,부상신고