사고번호,사고일시,요일,시군구,사고내용,사망자수,중상자수,경상자수,부상신고자수,사고유형,법규위반,노면상태,기상상태,도로형태,가해운전자 차종,가해운전자 성별,가해운전자 연령,가해운전자 상해정도,피해운전자 차종,피해운전자 성별,피해운전자 연령,피해운전자 상해정도
2016020400100131,2016년 2월 4일 08시,목요일,부산광역시 동래구 온천동,경상사고,0,0,1,0,차대사람 - 차도통행중,안전운전불이행,건조,맑음,단일로 - 기타,승용,여,41세,상해없음,보행자,남,28세,경상
2016020400100132,2016년 2월 4일 08시,목요일,부산광역시 동래구 안락동,경상사고,0,0,1,0,차대차 - 측면충돌,신호위반,건조,맑음,기타 - 기타,승용,남,61세,상해없음,승용,여,29세,경상
2016020400100186,2016년 2월 4일 09시,목요일,부산광역시 동래구 온천동,중상사고,0,1,0,0,차대차 - 측면직각충돌,안전운전불이행,건조,맑음,단일로 - 기타,승용,남,66세,중상,승합,남,46세,상해없음
2016020400100216,2016년 2월 4일 10시,목요일,부산광역시 사상구 괘법동,경상사고,0,0,1,0,차대차 - 추돌,기타,건조,맑음,단일로 - 기타,특수,남,48세,상해없음,승합,남,57세,경상
2016020400100246,2016년 2월 4일 11시,목요일,부산광역시 금정구 장전동,경상사고,0,0,1,0,차대차 - 측면직각충돌,기타,건조,맑음,교차로 - 교차로안,화물,남,41세,상해없음,원동기,남,31세,경상
2016020400100247,2016년 2월 4일 11시,목요일,부산광역시 연제구 연산동,중상사고,0,1,0,0,차대사람 - 차도통행중,안전운전불이행,건조,맑음,단일로 - 기타,승용,남,66세,상해없음,보행자,남,28세,중상
2016020400100337,2016년 2월 4일 14시,목요일,부산광역시 동구 초량동,중상사고,0,1,0,0,차대사람 - 기타,보행자보호의무위반,건조,맑음,교차로 - 교차로부근,화물,남,43세,상해없음,보행자,여,79세,중상
2016020400100379,2016년 2월 4일 15시,목요일,부산광역시 해운대구 송정동,중상사고,0,1,0,0,차대사람 - 횡단중,안전운전불이행,건조,맑음,단일로 - 기타,승용,여,49세,상해없음,보행자,남,24세,중상
2016020400100380,2016년 2월 4일 15시,목요일,부산광역시 부산진구 부전동,중상사고,0,1,0,0,차대차 - 기타,안전운전불이행,건조,맑음,단일로 - 기타,승용,남,47세,상해없음,이륜,남,62세,중상
2016020400100381,2016년 2월 4일 15시,목요일,부산광역시 사상구 괘법동,중상사고,0,1,0,0,차대사람 - 차도통행중,안전운전불이행,건조,맑음,단일로 - 기타,화물,남,44세,상해없음,보행자,여,57세,중상
2016020400100382,2016년 2월 4일 15시,목요일,부산광역시 기장군 기장읍,중상사고,0,1,0,1,차대차 - 측면충돌,안전운전불이행,건조,맑음,교차로 - 교차로부근,승용,여,33세,상해없음,이륜,남,58세,부상신고
2016020400100428,2016년 2월 4일 16시,목요일,부산광역시 사상구 주례동,경상사고,0,0,1,0,차대차 - 측면직각충돌,교차로운행방법위반,건조,맑음,교차로 - 교차로안,승용,여,34세,상해없음,이륜,남,55세,경상
2016020400100465,2016년 2월 4일 17시,목요일,부산광역시 남구 대연동,중상사고,0,1,0,0,차대차 - 측면직각충돌,안전운전불이행,건조,맑음,단일로 - 기타,승용,남,38세,상해없음,자전거,여,25세,중상
2016020400100466,2016년 2월 4일 17시,목요일,부산광역시 해운대구 재송동,경상사고,0,0,2,0,차대차 - 측면충돌,안전운전불이행,건조,맑음,교차로 - 교차로안,승용,남,29세,상해없음,승용,남,31세,경상
2016020400100467,2016년 2월 4일 17시,목요일,부산광역시 수영구 망미동,경상사고,0,0,2,0,차대차 - 기타,안전거리미확보,건조,맑음,단일로 - 기타,승용,남,55세,상해없음,승용,남,31세,경상
2016020400100499,2016년 2월 4일 18시,목요일,부산광역시 해운대구 반송동,중상사고,0,1,1,0,차대사람 - 횡단중,안전운전불이행,건조,맑음,단일로 - 기타,승합,남,40세,상해없음,보행자,남,7세,경상
2016020400100500,2016년 2월 4일 18시,목요일,부산광역시 해운대구 반여동,경상사고,0,0,1,0,차대차 - 측면직각충돌,중앙선침범,건조,맑음,단일로 - 기타,승합,여,36세,상해없음,이륜,남,17세,경상
2016020400100545,2016년 2월 4일 19시,목요일,부산광역시 동래구 명장동,중상사고,0,1,0,0,차대사람 - 차도통행중,안전운전불이행,건조,맑음,단일로 - 기타,승용,남,29세,기타불명,보행자,여,55세,중상
2016020400100546,2016년 2월 4일 19시,목요일,부산광역시 사하구 하단동,중상사고,0,1,0,0,차대사람 - 횡단중,신호위반,건조,맑음,단일로 - 횡단보도상,승용,여,43세,상해없음,보행자,여,45세,중상
2016020400100547,2016년 2월 4일 19시,목요일,부산광역시 사하구 괴정동,중상사고,0,1,0,0,차대차 - 기타,안전운전불이행,건조,맑음,단일로 - 기타,승용,남,29세,상해없음,이륜,남,43세,중상
2016020400100548,2016년 2월 4일 19시,목요일,부산광역시 사상구 모라동,중상사고,0,1,0,0,차대차 - 측면직각충돌,안전운전불이행,건조,맑음,교차로 - 교차로안,화물,남,27세,상해없음,이륜,남,53세,중상
2016020400100549,2016년 2월 4일 19시,목요일,부산광역시 사상구 괘법동,중상사고,0,1,0,0,차대사람 - 차도통행중,보행자보호의무위반,건조,맑음,단일로 - 횡단보도상,승용,남,29세,상해없음,보행자,여,79세,중상
2016020400100608,2016년 2월 4일 21시,목요일,부산광역시 서구 서대신동1가,중상사고,0,1,0,0,차대차 - 정면충돌,교차로운행방법위반,건조,맑음,교차로 - 교차로안,승용,남,41세,상해없음,이륜,남,35세,중상
2016020400100609,2016년 2월 4일 21시,목요일,부산광역시 동래구 명륜동,중상사고,0,1,0,0,차대사람 - 차도통행중,안전운전불이행,건조,맑음,기타 - 기타,승용,남,36세,상해없음,보행자,여,57세,중상
2016020400100610,2016년 2월 4일 21시,목요일,부산광역시 동래구 명륜동,중상사고,0,1,1,0,차대차 - 측면충돌,차로위반,건조,맑음,단일로 - 기타,승용,남,61세,상해없음,승용,남,27세,중상
2016020400100643,2016년 2월 4일 22시,목요일,부산광역시 동구 범일동,경상사고,0,0,1,0,차대차 - 기타,중앙선침범,건조,맑음,교차로 - 교차로부근,승용,남,35세,상해없음,화물,남,43세,경상
2016020400100644,2016년 2월 4일 22시,목요일,부산광역시 동구 범일동,경상사고,0,0,2,0,차대차 - 기타,안전운전불이행,건조,맑음,교차로 - 교차로부근,화물,남,48세,경상,승용,남,59세,경상
2016020400100667,2016년 2월 4일 23시,목요일,부산광역시 수영구 광안동,중상사고,0,4,1,0,차대차 - 측면충돌,교차로운행방법위반,습기,비,교차로 - 교차로안,승용,남,53세,상해없음,승용,남,66세,상해없음
2016020400100668,2016년 2월 4일 23시,목요일,부산광역시 수영구 광안동,경상사고,0,0,1,0,차대사람 - 기타,안전운전불이행,건조,맑음,단일로 - 기타,승용,남,28세,상해없음,보행자,남,55세,경상
2016020500100006,2016년 2월 5일 00시,금요일,부산광역시 남구 대연동,경상사고,0,0,1,0,차대차 - 측면충돌,중앙선침범,건조,맑음,단일로 - 기타,승용,남,22세,상해없음,원동기,남,18세,경상
2016020500100007,2016년 2월 5일 00시,금요일,부산광역시 금정구 부곡동,경상사고,0,0,1,0,차대차 - 측면직각충돌,신호위반,건조,맑음,교차로 - 교차로안,승용,남,18세,상해없음,승용,남,48세,경상
2016020500100040,2016년 2월 5일 02시,금요일,부산광역시 서구 동대신동1가,중상사고,0,1,2,2,차대차 - 기타,신호위반,건조,맑음,교차로 - 교차로안,승용,남,52세,상해없음,승용,남,53세,경상
2016020500100064,2016년 2월 5일 05시,금요일,부산광역시 부산진구 범천동,중상사고,0,1,0,0,차대사람 - 횡단중,신호위반,건조,맑음,단일로 - 횡단보도상,승용,남,70세,상해없음,보행자,남,49세,중상
2016020500100077,2016년 2월 5일 06시,금요일,부산광역시 부산진구 양정동,경상사고,0,0,1,0,차대차 - 추돌,안전거리미확보,건조,맑음,단일로 - 기타,승용,남,34세,상해없음,승용,여,51세,경상
2016020500100092,2016년 2월 5일 07시,금요일,부산광역시 부산진구 연지동,경상사고,0,0,1,0,차대차 - 측면직각충돌,차로위반,건조,맑음,단일로 - 기타,이륜,남,32세,상해없음,승용,남,64세,상해없음
2016020500100093,2016년 2월 5일 07시,금요일,부산광역시 금정구 회동동,경상사고,0,0,4,0,차대차 - 추돌,안전거리미확보,건조,맑음,단일로 - 기타,승용,남,36세,경상,승용,남,48세,경상
2016020500100121,2016년 2월 5일 08시,금요일,부산광역시 동래구 온천동,부상신고사고,0,0,0,1,차대차 - 측면충돌,중앙선침범,건조,맑음,단일로 - 기타,원동기,남,74세,부상신고,화물,남,61세,상해없음
2016020500100122,2016년 2월 5일 08시,금요일,부산광역시 사하구 신평동,경상사고,0,0,1,0,차대차 - 정면충돌,안전운전불이행,건조,맑음,교차로 - 교차로안,승용,남,61세,상해없음,승용,남,29세,경상
2016020500100123,2016년 2월 5일 08시,금요일,부산광역시 사상구 모라동,중상사고,0,2,0,0,차대차 - 측면직각충돌,안전거리미확보,건조,맑음,미분류 - 미분류,화물,남,47세,상해없음,승용,여,40세,중상
2016020500100124,2016년 2월 5일 08시,금요일,부산광역시 사상구 감전동,경상사고,0,0,1,0,차대차 - 측면직각충돌,교차로운행방법위반,건조,맑음,단일로 - 기타,화물,남,60세,상해없음,원동기,남,59세,경상
2016020500100168,2016년 2월 5일 09시,금요일,부산광역시 금정구 구서동,중상사고,0,1,0,0,차대차 - 측면직각충돌,안전운전불이행,건조,맑음,단일로 - 기타,승용,여,39세,상해없음,자전거,여,55세,중상
2016020500100169,2016년 2월 5일 09시,금요일,부산광역시 금정구 두구동,경상사고,0,0,1,0,차대차 - 측면직각충돌,안전거리미확보,습기,맑음,단일로 - 기타,화물,남,46세,상해없음,승용,여,29세,경상
2016020500100170,2016년 2월 5일 09시,금요일,부산광역시 금정구 서동,경상사고,0,0,1,0,차대차 - 측면충돌,안전운전불이행,건조,맑음,교차로 - 교차로안,화물,남,55세,상해없음,자전거,남,32세,경상
2016020500100171,2016년 2월 5일 09시,금요일,부산광역시 수영구 망미동,경상사고,0,0,2,0,차대차 - 측면충돌,직진우회전진행방해,건조,맑음,교차로 - 교차로안,승용,여,42세,상해없음,승용,남,55세,상해없음
2016020500100197,2016년 2월 5일 10시,금요일,부산광역시 해운대구 중동,부상신고사고,0,0,0,1,차대차 - 기타,기타,건조,맑음,단일로 - 기타,화물,남,45세,상해없음,승용,남,60세,상해없음
2016020500100222,2016년 2월 5일 11시,금요일,부산광역시 북구 덕천동,경상사고,0,0,1,0,차대사람 - 기타,안전운전불이행,건조,맑음,단일로 - 기타,승용,남,57세,상해없음,보행자,남,54세,경상
2016020500100223,2016년 2월 5일 11시,금요일,부산광역시 동래구 온천동,부상신고사고,0,0,0,1,차대차 - 추돌,안전운전불이행,건조,맑음,교차로 - 교차로부근,화물,남,44세,상해없음,승용,남,64세,부상신고
2016020500100224,2016년 2월 5일 11시,금요일,부산광역시 부산진구 부암동,중상사고,0,1,0,0,차대차 - 측면직각충돌,교차로운행방법위반,건조,맑음,교차로 - 교차로안,화물,남,70세,상해없음,자전거,남,71세,중상
2016020500100225,2016년 2월 5일 11시,금요일,부산광역시 사하구 다대동,경상사고,0,0,1,0,차대차 - 기타,안전거리미확보,건조,맑음,단일로 - 횡단보도부근,승합,남,45세,상해없음,승용,기타불명,기타불명,기타불명
2016020500100365,2016년 2월 5일 15시,금요일,부산광역시 동구 좌천동,경상사고,0,0,1,0,차대차 - 추돌,안전거리미확보,건조,맑음,단일로 - 터널,승용,여,30세,상해없음,승용,여,39세,경상
2016020500100366,2016년 2월 5일 15시,금요일,부산광역시 남구 대연동,중상사고,0,1,0,0,차대차 - 추돌,안전운전불이행,건조,맑음,교차로 - 교차로안,화물,남,34세,상해없음,농기계,여,80세,중상
2016020500100367,2016년 2월 5일 15시,금요일,부산광역시 수영구 광안동,중상사고,0,1,1,0,차대차 - 측면충돌,교차로운행방법위반,건조,맑음,교차로 - 교차로안,승용,남,63세,중상,승용,남,57세,경상
2016020500100368,2016년 2월 5일 15시,금요일,부산광역시 금정구 부곡동,중상사고,0,1,0,0,차대사람 - 횡단중,보행자보호의무위반,건조,맑음,교차로 - 교차로부근,승용,남,56세,상해없음,보행자,여,50세,중상
2016020500100412,2016년 2월 5일 16시,금요일,부산광역시 동래구 온천동,중상사고,0,1,0,0,차량단독 - 기타,기타,건조,맑음,단일로 - 기타,승합,남,62세,상해없음,,,,
2016020500100413,2016년 2월 5일 16시,금요일,부산광역시 부산진구 부전동,중상사고,0,1,0,0,차대사람 - 횡단중,안전운전불이행,건조,맑음,단일로 - 기타,승용,남,70세,상해없음,보행자,여,45세,중상
2016020500100414,2016년 2월 5일 16시,금요일,부산광역시 연제구 연산동,부상신고사고,0,0,0,1,차대차 - 측면직각충돌,안전운전불이행,건조,맑음,단일로 - 기타,이륜,남,70세,상해없음,이륜,남,23세,부상신고
2016020500100486,2016년 2월 5일 18시,금요일,부산광역시 남구 대연동,경상사고,0,0,1,0,차대차 - 추돌,중앙선침범,건조,맑음,단일로 - 기타,승용,남,69세,상해없음,승합,여,52세,경상
2016020500100487,2016년 2월 5일 18시,금요일,부산광역시 북구 구포동,중상사고,0,1,0,0,차대사람 - 횡단중,안전운전불이행,건조,맑음,단일로 - 기타,승용,남,38세,상해없음,보행자,여,76세,중상
2016020500100527,2016년 2월 5일 19시,금요일,부산광역시 남구 우암동,부상신고사고,0,0,0,1,차대차 - 추돌,차로위반,건조,맑음,단일로 - 교량,화물,남,44세,상해없음,승용,남,61세,부상신고
2016020500100528,2016년 2월 5일 19시,금요일,부산광역시 연제구 거제동,중상사고,0,1,0,0,차대사람 - 차도통행중,안전운전불이행,건조,맑음,단일로 - 기타,승용,여,33세,상해없음,보행자,남,54세,중상
2016020500100529,2016년 2월 5일 19시,금요일,부산광역시 강서구 성북동,중상사고,0,1,0,0,차대차 - 측면직각충돌,안전운전불이행,건조,맑음,교차로 - 교차로부근,승용,남,28세,상해없음,승용,남,56세,중상
2016020500100530,2016년 2월 5일 19시,금요일,부산광역시 기장군 기장읍,경상사고,0,0,1,0,차대차 - 측면충돌,교차로운행방법위반,건조,맑음,교차로 - 교차로안,승용,남,31세,상해없음,자전거,남,67세,경상
2016020500100563,2016년 2월 5일 20시,금요일,부산광역시 해운대구 좌동,중상사고,0,1,0,0,차대사람 - 기타,안전운전불이행,건조,맑음,교차로 - 교차로안,승용,남,50세,상해없음,보행자,남,12세,중상
2016020500100564,2016년 2월 5일 20시,금요일,부산광역시 기장군 정관읍,경상사고,0,0,1,0,차대차 - 측면직각충돌,신호위반,건조,맑음,교차로 - 교차로안,화물,남,75세,상해없음,승용,남,64세,경상
2016020500100629,2016년 2월 5일 22시,금요일,부산광역시 사하구 괴정동,경상사고,0,0,1,0,차대차 - 추돌,안전거리미확보,건조,맑음,단일로 - 기타,승용,남,63세,상해없음,원동기,남,72세,경상
2016020500100659,2016년 2월 5일 23시,금요일,부산광역시 동구 초량동,중상사고,0,1,0,0,차대사람 - 횡단중,보행자보호의무위반,건조,맑음,단일로 - 기타,승용,여,46세,상해없음,보행자,남,60세,중상
2016020500100660,2016년 2월 5일 23시,금요일,부산광역시 해운대구 반여동,중상사고,0,1,0,0,차대사람 - 횡단중,안전운전불이행,건조,맑음,단일로 - 기타,이륜,남,26세,상해없음,보행자,남,37세,중상
2016020500100661,2016년 2월 5일 23시,금요일,부산광역시 사상구 덕포동,중상사고,0,1,0,0,차대차 - 측면직각충돌,안전거리미확보,건조,흐림,단일로 - 기타,승용,남,55세,상해없음,이륜,남,21세,중상
2016020600100003,2016년 2월 6일 00시,토요일,부산광역시 동래구 온천동,중상사고,0,1,0,0,차대사람 - 횡단중,보행자보호의무위반,건조,맑음,교차로 - 교차로안,승용,여,54세,상해없음,보행자,여,66세,중상
2016020600100059,2016년 2월 6일 02시,토요일,부산광역시 금정구 부곡동,경상사고,0,0,1,0,차대사람 - 횡단중,안전운전불이행,건조,맑음,교차로 - 교차로부근,승용,남,57세,상해없음,보행자,남,64세,경상
2016020600100085,2016년 2월 6일 04시,토요일,부산광역시 사하구 구평동,사망사고,1,1,0,0,차대차 - 추돌,안전운전불이행,건조,맑음,단일로 - 기타,화물,남,20세,중상,화물,남,45세,상해없음
2016020600100095,2016년 2월 6일 05시,토요일,부산광역시 동구 초량동,중상사고,0,2,0,0,차대차 - 측면직각충돌,신호위반,건조,맑음,단일로 - 기타,화물,남,70세,중상,특수,남,57세,상해없음
2016020600100096,2016년 2월 6일 05시,토요일,부산광역시 강서구 송정동,중상사고,0,1,0,0,차대차 - 추돌,안전운전불이행,건조,맑음,단일로 - 기타,승용,남,47세,상해없음,승용,남,40세,중상
2016020600100112,2016년 2월 6일 06시,토요일,부산광역시 동래구 안락동,중상사고,0,1,0,0,차대사람 - 차도통행중,안전운전불이행,건조,맑음,단일로 - 횡단보도부근,승용,남,53세,상해없음,보행자,남,23세,중상
2016020600100144,2016년 2월 6일 08시,토요일,부산광역시 남구 용호동,중상사고,0,1,0,0,차대사람 - 차도통행중,안전운전불이행,건조,맑음,단일로 - 기타,승용,남,41세,상해없음,보행자,여,52세,중상
2016020600100155,2016년 2월 6일 09시,토요일,부산광역시 북구 화명동,경상사고,0,0,2,0,차대차 - 측면직각충돌,안전운전불이행,건조,맑음,단일로 - 기타,승용,남,48세,상해없음,승용,남,47세,경상
2016020600100174,2016년 2월 6일 10시,토요일,부산광역시 동래구 복천동,중상사고,0,2,0,0,차대차 - 추돌,안전운전불이행,건조,맑음,교차로 - 교차로안,승용,여,52세,상해없음,승용,남,46세,중상
2016020600100176,2016년 2월 6일 10시,토요일,부산광역시 부산진구 초읍동,경상사고,0,0,1,0,차대차 - 기타,안전운전불이행,건조,맑음,교차로 - 교차로안,자전거,남,57세,경상,승용,여,32세,상해없음
2016020600100177,2016년 2월 6일 10시,토요일,부산광역시 사상구 감전동,경상사고,0,0,1,0,차대차 - 측면직각충돌,기타,건조,맑음,단일로 - 기타,승용,남,57세,상해없음,이륜,남,59세,경상
2016020600100227,2016년 2월 6일 12시,토요일,부산광역시 동래구 안락동,부상신고사고,0,0,0,1,차대차 - 측면충돌,안전운전불이행,건조,맑음,기타 - 기타,이륜,남,65세,부상신고,승용,남,41세,상해없음
2016020600100258,2016년 2월 6일 13시,토요일,부산광역시 서구 남부민동,경상사고,0,0,2,0,차대차 - 추돌,안전운전불이행,건조,맑음,교차로 - 교차로안,승용,남,53세,상해없음,승용,남,37세,상해없음
2016020600100259,2016년 2월 6일 13시,토요일,부산광역시 수영구 남천동,중상사고,0,1,0,0,차대차 - 추돌,안전운전불이행,건조,맑음,단일로 - 기타,승용,여,28세,상해없음,승용,여,39세,중상
2016020600100260,2016년 2월 6일 13시,토요일,부산광역시 영도구 동삼동,경상사고,0,0,2,0,차대차 - 추돌,안전운전불이행,건조,맑음,교차로 - 교차로안,원동기,남,58세,경상,승용,남,46세,경상
2016020600100324,2016년 2월 6일 15시,토요일,부산광역시 서구 아미동2가,중상사고,0,1,0,0,차대사람 - 차도통행중,안전운전불이행,건조,맑음,단일로 - 기타,승용,남,63세,상해없음,보행자,여,76세,중상
2016020600100325,2016년 2월 6일 15시,토요일,부산광역시 수영구 광안동,경상사고,0,0,1,0,차대사람 - 차도통행중,안전운전불이행,건조,맑음,단일로 - 기타,승용,남,55세,상해없음,보행자,남,28세,경상
2016020600100326,2016년 2월 6일 15시,토요일,부산광역시 남구 대연동,경상사고,0,0,2,0,차대차 - 추돌,안전거리미확보,건조,맑음,단일로 - 기타,승용,남,33세,상해없음,승용,남,36세,경상
2016020600100327,2016년 2월 6일 15시,토요일,부산광역시 사하구 하단동,중상사고,0,1,0,0,차대사람 - 기타,안전운전불이행,건조,맑음,교차로 - 교차로안,승용,남,46세,상해없음,보행자,남,70세,중상
2016020600100359,2016년 2월 6일 16시,토요일,부산광역시 동래구 온천동,경상사고,0,0,1,0,차대차 - 추돌,안전거리미확보,건조,맑음,단일로 - 기타,승용,남,33세,상해없음,이륜,남,35세,경상
2016020600100360,2016년 2월 6일 16시,토요일,부산광역시 사상구 학장동,경상사고,0,0,1,0,차대사람 - 횡단중,안전운전불이행,건조,맑음,교차로 - 교차로부근,승용,남,60세,상해없음,보행자,여,27세,경상
2016020600100361,2016년 2월 6일 16시,토요일,부산광역시 기장군 기장읍,부상신고사고,0,0,0,2,차대차 - 추돌,안전거리미확보,건조,맑음,교차로 - 교차로부근,승용,남,21세,상해없음,화물,남,27세,부상신고
2016020600100428,2016년 2월 6일 18시,토요일,부산광역시 사상구 괘법동,경상사고,0,0,1,0,차대차 - 측면직각충돌,안전운전불이행,건조,맑음,단일로 - 기타,승용,남,46세,상해없음,승용,여,39세,경상
2016020600100487,2016년 2월 6일 20시,토요일,부산광역시 영도구 봉래동1가,경상사고,0,0,1,0,차량단독 - 기타,안전운전불이행,건조,맑음,단일로 - 기타,이륜,남,19세,상해없음,,,,
2016020600100488,2016년 2월 6일 20시,토요일,부산광역시 부산진구 부전동,중상사고,0,1,0,0,차대사람 - 차도통행중,안전운전불이행,건조,맑음,단일로 - 기타,승용,남,30세,상해없음,보행자,여,59세,중상
2016020600100542,2016년 2월 6일 22시,토요일,부산광역시 중구 중앙동4가,경상사고,0,0,2,0,차대차 - 추돌,안전운전불이행,건조,맑음,단일로 - 기타,화물,남,64세,상해없음,승용,남,29세,경상
2016020600100556,2016년 2월 6일 23시,토요일,부산광역시 해운대구 재송동,경상사고,0,0,1,0,차대차 - 기타,안전운전불이행,건조,맑음,단일로 - 기타,승용,남,53세,상해없음,이륜,여,21세,경상
2016020600100557,2016년 2월 6일 23시,토요일,부산광역시 연제구 거제동,중상사고,0,1,2,0,차대차 - 측면충돌,신호위반,건조,맑음,교차로 - 교차로안,승용,남,53세,상해없음,승용,남,25세,중상
2016020700100004,2016년 2월 7일 00시,일요일,부산광역시 남구 대연동,중상사고,0,3,6,0,차대차 - 측면직각충돌,안전운전불이행,건조,맑음,단일로 - 기타,승용,남,28세,상해없음,승용,남,37세,경상
2016020700100048,2016년 2월 7일 03시,일요일,부산광역시 북구 덕천동,중상사고,0,1,0,0,차량단독 - 공작물충돌,과속,건조,맑음,단일로 - 기타,승용,남,57세,상해없음,,,,
2016020700100065,2016년 2월 7일 04시,일요일,부산광역시 금정구 금사동,경상사고,0,0,1,0,차대차 - 측면직각충돌,차로위반,건조,맑음,단일로 - 횡단보도부근,승용,남,57세,상해없음,승합,남,39세,경상
2016020700100087,2016년 2월 7일 06시,일요일,부산광역시 영도구 봉래동3가,경상사고,0,0,1,0,차대차 - 추돌,안전거리미확보,건조,맑음,교차로 - 교차로부근,승합,남,59세,상해없음,승용,남,60세,경상
2016020700100097,2016년 2월 7일 07시,일요일,부산광역시 해운대구 좌동,경상사고,0,0,1,0,차대사람 - 횡단중,안전운전불이행,건조,맑음,단일로 - 기타,승용,여,65세,상해없음,보행자,남,56세,경상
2016020700100122,2016년 2월 7일 09시,일요일,부산광역시 사하구 하단동,경상사고,0,0,4,0,차대차 - 기타,신호위반,건조,맑음,교차로 - 교차로안,화물,남,58세,상해없음,승용,남,41세,경상
2016020700100139,2016년 2월 7일 10시,일요일,부산광역시 사하구 다대동,경상사고,0,0,1,0,차대사람 - 횡단중,안전운전불이행,건조,맑음,기타 - 기타,승용,남,29세,상해없음,보행자,남,47세,경상
2016020700100194,2016년 2월 7일 12시,일요일,부산광역시 남구 대연동,경상사고,0,0,1,0,차대차 - 기타,안전운전불이행,건조,맑음,단일로 - 기타,원동기,남,25세,상해없음,승용,남,27세,경상
2016020700100218,2016년 2월 7일 13시,일요일,부산광역시 남구 대연동,경상사고,0,0,1,0,차대사람 - 차도통행중,안전운전불이행,건조,맑음,단일로 - 기타,승용,여,46세,상해없음,보행자,남,44세,경상
2016020700100219,2016년 2월 7일 13시,일요일,부산광역시 북구 화명동,경상사고,0,0,4,0,차대차 - 측면직각충돌,안전운전불이행,건조,맑음,단일로 - 기타,승합,남,50세,상해없음,승용,남,45세,경상
2016020700100220,2016년 2월 7일 13시,일요일,부산광역시 수영구 망미동,경상사고,0,0,3,0,차대차 - 측면직각충돌,안전운전불이행,건조,맑음,단일로 - 기타,승용,여,43세,경상,승용,남,40세,경상
2016020700100240,2016년 2월 7일 14시,일요일,부산광역시 사상구 주례동,중상사고,0,1,2,0,차대차 - 측면직각충돌,교차로운행방법위반,건조,맑음,교차로 - 교차로안,승용,여,24세,경상,승용,남,49세,경상
2016020700100263,2016년 2월 7일 15시,일요일,부산광역시 북구 구포동,경상사고,0,0,2,0,차대차 - 측면직각충돌,직진우회전진행방해,건조,맑음,교차로 - 교차로안,이륜,남,19세,경상,승용,남,63세,상해없음
2016020700100287,2016년 2월 7일 16시,일요일,부산광역시 부산진구 연지동,중상사고,0,1,0,0,차대차 - 기타,불법유턴,건조,맑음,단일로 - 기타,자전거,남,72세,중상,승합,남,65세,상해없음
2016020700100300,2016년 2월 7일 17시,일요일,부산광역시 해운대구 좌동,경상사고,0,0,1,0,차대사람 - 기타,안전운전불이행,건조,맑음,단일로 - 기타,승용,남,56세,상해없음,보행자,남,66세,경상
2016020700100301,2016년 2월 7일 17시,일요일,부산광역시 해운대구 중동,경상사고,0,0,4,0,차대차 - 측면직각충돌,교차로운행방법위반,기타,맑음,교차로 - 교차로안,승용,여,22세,상해없음,승용,여,31세,경상
2016020700100339,2016년 2월 7일 19시,일요일,부산광역시 해운대구 반송동,중상사고,0,1,0,0,차대사람 - 횡단중,안전운전불이행,건조,맑음,단일로 - 기타,원동기,남,23세,상해없음,보행자,여,73세,중상
2016020700100375,2016년 2월 7일 21시,일요일,부산광역시 해운대구 재송동,경상사고,0,0,1,0,차대차 - 측면직각충돌,안전운전불이행,건조,맑음,단일로 - 기타,승용,남,47세,상해없음,승용,남,52세,경상
2016020700100389,2016년 2월 7일 22시,일요일,부산광역시 서구 충무동1가,경상사고,0,0,1,0,차대차 - 기타,차로위반,건조,맑음,단일로 - 기타,승용,남,19세,상해없음,승용,남,60세,상해없음
2016020700100390,2016년 2월 7일 22시,일요일,부산광역시 동래구 안락동,경상사고,0,0,1,0,차대사람 - 차도통행중,안전운전불이행,건조,맑음,단일로 - 기타,이륜,남,19세,상해없음,보행자,남,38세,경상
2016020700100391,2016년 2월 7일 22시,일요일,부산광역시 연제구 거제동,중상사고,0,1,0,0,차대사람 - 차도통행중,안전운전불이행,건조,맑음,단일로 - 기타,승용,남,40세,상해없음,보행자,여,62세,중상
2016020700100403,2016년 2월 7일 23시,일요일,부산광역시 사하구 장림동,중상사고,0,2,1,0,차대차 - 추돌,안전운전불이행,건조,맑음,단일로 - 기타,승용,남,51세,상해없음,승용,남,38세,중상
2016020700100404,2016년 2월 7일 23시,일요일,부산광역시 수영구 망미동,경상사고,0,0,3,0,차대차 - 측면직각충돌,교차로운행방법위반,건조,맑음,교차로 - 교차로안,승용,남,25세,상해없음,승합,남,47세,경상
2016020800100004,2016년 2월 8일 00시,월요일,부산광역시 북구 덕천동,경상사고,0,0,1,0,차대차 - 측면직각충돌,안전거리미확보,건조,맑음,단일로 - 기타,승용,남,66세,상해없음,이륜,남,21세,경상
2016020800100018,2016년 2월 8일 01시,월요일,부산광역시 남구 대연동,중상사고,0,1,0,0,차량단독 - 전도전복,안전운전불이행,건조,맑음,교차로 - 교차로부근,원동기,남,29세,상해없음,,,,
2016020800100019,2016년 2월 8일 01시,월요일,부산광역시 기장군 정관읍,중상사고,0,1,1,0,차량단독 - 전도전복,안전운전불이행,건조,맑음,단일로 - 기타,이륜,남,24세,경상,,,,
2016020800100036,2016년 2월 8일 04시,월요일,부산광역시 영도구 영선동1가,경상사고,0,0,1,0,차대차 - 기타,신호위반,건조,맑음,교차로 - 교차로안,승용,남,52세,상해없음,승용,남,58세,경상
2016020800100037,2016년 2월 8일 04시,월요일,부산광역시 부산진구 전포동,중상사고,0,2,1,0,차대차 - 기타,안전거리미확보,건조,맑음,단일로 - 기타,승용,남,63세,상해없음,승용,남,59세,중상