사고번호,사고일시,요일,시군구,사고내용,사망자수,중상자수,경상자수,부상신고자수,사고유형,법규위반,노면상태,기상상태,도로형태,가해운전자 차종,가해운전자 성별,가해운전자 연령,가해운전자 상해정도,피해운전자 차종,피해운전자 성별,피해운전자 연령,피해운전자 상해정도
2016021200100396,2016년 2월 12일 19시,금요일,부산광역시 남구 대연동,경상사고,0,0,1,0,차대차 - 측면직각충돌,안전운전불이행,습기,비,교차로 - 교차로안,승용,남,47세,상해없음,원동기,남,39세,경상
2016021200100397,2016년 2월 12일 19시,금요일,부산광역시 연제구 거제동,경상사고,0,0,1,0,차대사람 - 횡단중,보행자보호의무위반,습기,비,단일로 - 횡단보도상,승용,남,45세,상해없음,보행자,남,15세,경상
2016021200100398,2016년 2월 12일 19시,금요일,부산광역시 연제구 거제동,경상사고,0,0,1,0,차대사람 - 횡단중,신호위반,습기,비,단일로 - 기타,승용,남,40세,상해없음,보행자,여,52세,경상
2016021200100451,2016년 2월 12일 20시,금요일,부산광역시 동래구 사직동,경상사고,0,0,1,0,차대사람 - 보도통행중,신호위반,습기,맑음,단일로 - 횡단보도상,승용,남,56세,상해없음,보행자,남,55세,경상
2016021200100452,2016년 2월 12일 20시,금요일,부산광역시 해운대구 재송동,중상사고,0,1,0,0,차대사람 - 횡단중,신호위반,습기,비,교차로 - 교차로안,이륜,남,19세,상해없음,보행자,남,71세,중상
2016021200100453,2016년 2월 12일 20시,금요일,부산광역시 사하구 감천동,경상사고,0,0,1,0,차대사람 - 기타,중앙선침범,습기,비,기타 - 기타,승용,남,26세,상해없음,보행자,여,46세,경상
2016021200100495,2016년 2월 12일 21시,금요일,부산광역시 사하구 하단동,중상사고,0,1,0,0,차대사람 - 횡단중,보행자보호의무위반,습기,비,단일로 - 횡단보도상,이륜,남,24세,상해없음,보행자,남,51세,중상
2016021200100496,2016년 2월 12일 21시,금요일,부산광역시 연제구 연산동,경상사고,0,0,1,0,차대사람 - 차도통행중,안전운전불이행,습기,비,단일로 - 기타,승용,남,34세,상해없음,보행자,남,25세,경상
2016021200100528,2016년 2월 12일 22시,금요일,부산광역시 해운대구 좌동,중상사고,0,1,0,0,차대차 - 측면직각충돌,직진우회전진행방해,습기,비,교차로 - 교차로안,승용,남,35세,상해없음,이륜,남,21세,중상
2016021200100529,2016년 2월 12일 22시,금요일,부산광역시 연제구 연산동,경상사고,0,0,1,0,차대차 - 측면직각충돌,신호위반,습기,비,교차로 - 교차로안,승용,남,72세,상해없음,승용,남,44세,경상
2016021200100530,2016년 2월 12일 22시,금요일,부산광역시 연제구 연산동,경상사고,0,0,2,0,차대차 - 추돌,안전거리미확보,건조,맑음,단일로 - 기타,승용,남,56세,상해없음,승용,여,29세,경상
2016021200100531,2016년 2월 12일 22시,금요일,부산광역시 사상구 학장동,경상사고,0,0,1,0,차대사람 - 횡단중,안전운전불이행,습기,비,교차로 - 교차로안,승용,남,63세,상해없음,보행자,여,56세,경상
2016021200100532,2016년 2월 12일 22시,금요일,부산광역시 기장군 철마면,중상사고,0,2,0,0,차대차 - 추돌,안전거리미확보,습기,비,단일로 - 기타,화물,남,67세,상해없음,승용,여,58세,중상
2016021200100533,2016년 2월 12일 22시,금요일,부산광역시 기장군 정관읍,경상사고,0,0,1,0,차대차 - 추돌,안전운전불이행,습기,비,단일로 - 기타,승용,남,34세,상해없음,승용,남,33세,경상
2016021200100565,2016년 2월 12일 23시,금요일,부산광역시 서구 동대신동1가,경상사고,0,0,1,0,차대사람 - 횡단중,신호위반,습기,비,단일로 - 기타,화물,남,39세,상해없음,보행자,여,21세,경상
2016021200100566,2016년 2월 12일 23시,금요일,부산광역시 동래구 안락동,경상사고,0,0,3,0,차대차 - 측면충돌,신호위반,습기,비,교차로 - 교차로안,승용,남,43세,상해없음,승용,남,53세,경상
2016021200100567,2016년 2월 12일 23시,금요일,부산광역시 부산진구 초읍동,중상사고,0,1,0,0,차대사람 - 횡단중,안전운전불이행,습기,비,단일로 - 기타,승용,남,64세,상해없음,보행자,남,59세,중상
2016021300100008,2016년 2월 13일 00시,토요일,부산광역시 남구 대연동,경상사고,0,0,1,0,차대사람 - 차도통행중,안전운전불이행,습기,비,단일로 - 기타,승합,남,45세,기타불명,보행자,여,18세,경상
2016021300100009,2016년 2월 13일 00시,토요일,부산광역시 북구 구포동,경상사고,0,0,1,0,차대차 - 측면직각충돌,안전거리미확보,습기,비,교차로 - 교차로부근,승용,남,44세,상해없음,승용,남,45세,상해없음
2016021300100010,2016년 2월 13일 00시,토요일,부산광역시 영도구 동삼동,중상사고,0,1,0,0,차대사람 - 차도통행중,안전운전불이행,습기,비,교차로 - 교차로안,승용,남,52세,상해없음,보행자,남,37세,중상
2016021300100028,2016년 2월 13일 01시,토요일,부산광역시 남구 대연동,중상사고,0,1,3,0,차대차 - 기타,신호위반,습기,비,교차로 - 교차로안,승용,남,51세,상해없음,승용,남,45세,경상
2016021300100050,2016년 2월 13일 02시,토요일,부산광역시 해운대구 반여동,중상사고,0,1,0,0,차대차 - 측면직각충돌,신호위반,습기,비,교차로 - 교차로안,승용,남,43세,상해없음,화물,남,28세,중상
2016021300100051,2016년 2월 13일 02시,토요일,부산광역시 사상구 덕포동,경상사고,0,0,3,0,차대차 - 측면직각충돌,안전거리미확보,습기,비,단일로 - 기타,승용,남,60세,상해없음,승용,남,45세,경상
2016021300100085,2016년 2월 13일 05시,토요일,부산광역시 부산진구 부전동,경상사고,0,0,1,0,차대사람 - 횡단중,보행자보호의무위반,건조,맑음,단일로 - 횡단보도상,승용,남,53세,상해없음,보행자,남,35세,경상
2016021300100086,2016년 2월 13일 05시,토요일,부산광역시 금정구 노포동,경상사고,0,0,1,0,차대차 - 측면충돌,신호위반,건조,맑음,교차로 - 교차로안,화물,남,38세,상해없음,승용,남,63세,경상
2016021300100105,2016년 2월 13일 07시,토요일,부산광역시 부산진구 당감동,중상사고,0,1,0,0,차대사람 - 횡단중,안전운전불이행,습기,흐림,단일로 - 기타,승용,남,68세,상해없음,보행자,남,74세,중상
2016021300100150,2016년 2월 13일 10시,토요일,부산광역시 남구 문현동,경상사고,0,0,1,1,차대차 - 측면직각충돌,신호위반,건조,맑음,교차로 - 교차로안,화물,남,59세,상해없음,승용,남,56세,경상
2016021300100151,2016년 2월 13일 10시,토요일,부산광역시 영도구 동삼동,중상사고,0,1,0,0,차대차 - 측면직각충돌,중앙선침범,습기,비,단일로 - 기타,승용,여,50세,상해없음,승용,남,43세,중상
2016021300100152,2016년 2월 13일 10시,토요일,부산광역시 부산진구 범천동,경상사고,0,0,1,0,차대차 - 기타,신호위반,습기,비,교차로 - 교차로안,승용,남,19세,상해없음,이륜,남,17세,경상
2016021300100180,2016년 2월 13일 11시,토요일,부산광역시 서구 아미동2가,중상사고,0,1,0,0,차대사람 - 횡단중,보행자보호의무위반,습기,비,단일로 - 횡단보도상,승용,남,63세,상해없음,보행자,여,59세,중상
2016021300100181,2016년 2월 13일 11시,토요일,부산광역시 동래구 안락동,경상사고,0,0,2,0,차대차 - 추돌,안전운전불이행,건조,맑음,단일로 - 기타,승용,남,61세,상해없음,승용,남,36세,경상
2016021300100182,2016년 2월 13일 11시,토요일,부산광역시 부산진구 당감동,사망사고,1,0,0,0,차대사람 - 횡단중,보행자보호의무위반,습기,비,단일로 - 횡단보도상,화물,남,65세,상해없음,보행자,남,5세,사망
2016021300100197,2016년 2월 13일 12시,토요일,부산광역시 수영구 광안동,경상사고,0,0,4,0,차대차 - 추돌,안전운전불이행,습기,비,미분류 - 미분류,화물,남,56세,상해없음,승용,남,63세,경상
2016021300100198,2016년 2월 13일 12시,토요일,부산광역시 해운대구 좌동,부상신고사고,0,0,0,1,차대사람 - 기타,안전운전불이행,습기,비,단일로 - 기타,승용,남,52세,상해없음,보행자,남,55세,부상신고
2016021300100199,2016년 2월 13일 12시,토요일,부산광역시 부산진구 범천동,경상사고,0,0,1,0,차대차 - 추돌,안전거리미확보,건조,흐림,미분류 - 미분류,승합,남,21세,상해없음,승용,여,32세,경상
2016021300100216,2016년 2월 13일 13시,토요일,부산광역시 동래구 온천동,중상사고,0,1,1,0,차대차 - 측면충돌,직진우회전진행방해,건조,맑음,교차로 - 교차로안,승용,남,44세,상해없음,승용,남,60세,중상
2016021300100275,2016년 2월 13일 16시,토요일,부산광역시 부산진구 개금동,중상사고,0,1,0,0,차대차 - 측면충돌,안전운전불이행,습기,비,교차로 - 교차로안,이륜,여,57세,중상,승용,남,51세,상해없음
2016021300100302,2016년 2월 13일 17시,토요일,부산광역시 해운대구 우동,사망사고,1,0,0,0,차대사람 - 횡단중,안전운전불이행,습기,비,단일로 - 기타,승용,여,53세,상해없음,보행자,남,82세,사망
2016021300100303,2016년 2월 13일 17시,토요일,부산광역시 해운대구 우동,경상사고,0,0,3,0,차대차 - 측면직각충돌,안전거리미확보,습기,비,단일로 - 기타,승용,남,45세,상해없음,승용,남,45세,경상
2016021300100334,2016년 2월 13일 18시,토요일,부산광역시 사상구 모라동,중상사고,0,1,0,0,차대사람 - 횡단중,보행자보호의무위반,습기,비,교차로 - 교차로부근,승용,여,57세,상해없음,보행자,남,67세,중상
2016021300100381,2016년 2월 13일 19시,토요일,부산광역시 해운대구 반여동,경상사고,0,0,1,0,차대사람 - 기타,안전운전불이행,습기,비,단일로 - 기타,승용,남,59세,기타불명,보행자,남,63세,경상
2016021300100420,2016년 2월 13일 20시,토요일,부산광역시 해운대구 중동,부상신고사고,0,0,0,1,차대사람 - 기타,안전운전불이행,기타,비,단일로 - 기타,승용,남,56세,상해없음,보행자,여,21세,부상신고
2016021300100421,2016년 2월 13일 20시,토요일,부산광역시 해운대구 우동,중상사고,0,1,0,0,차대사람 - 횡단중,보행자보호의무위반,습기,비,단일로 - 횡단보도상,승용,남,56세,상해없음,보행자,여,66세,중상
2016021300100422,2016년 2월 13일 20시,토요일,부산광역시 연제구 연산동,경상사고,0,0,1,0,차대차 - 기타,안전거리미확보,습기,비,단일로 - 기타,승합,남,54세,상해없음,승용,여,33세,경상
2016021300100451,2016년 2월 13일 21시,토요일,부산광역시 남구 대연동,경상사고,0,0,1,0,차대차 - 추돌,안전운전불이행,건조,맑음,단일로 - 기타,승용,남,30세,상해없음,승용,남,33세,상해없음
2016021300100452,2016년 2월 13일 21시,토요일,부산광역시 북구 덕천동,경상사고,0,0,1,0,차대차 - 기타,안전거리미확보,습기,비,단일로 - 기타,원동기,남,33세,경상,승용,남,68세,상해없음
2016021300100490,2016년 2월 13일 22시,토요일,부산광역시 북구 덕천동,경상사고,0,0,1,0,차대사람 - 기타,안전운전불이행,건조,맑음,단일로 - 기타,승용,여,42세,상해없음,보행자,남,19세,경상
2016021300100491,2016년 2월 13일 22시,토요일,부산광역시 부산진구 부전동,경상사고,0,0,1,0,차대차 - 기타,안전거리미확보,습기,맑음,단일로 - 기타,승용,남,57세,상해없음,승용,남,43세,경상
2016021300100511,2016년 2월 13일 23시,토요일,부산광역시 중구 부평동1가,중상사고,0,1,0,0,차대차 - 측면직각충돌,차로위반,습기,비,단일로 - 기타,승용,남,35세,상해없음,이륜,남,56세,중상
2016021400100006,2016년 2월 14일 00시,일요일,부산광역시 해운대구 재송동,중상사고,0,1,3,1,차대차 - 측면직각충돌,중앙선침범,습기,비,단일로 - 교량,승용,남,63세,상해없음,승용,남,47세,중상
2016021400100033,2016년 2월 14일 01시,일요일,부산광역시 북구 만덕동,중상사고,0,1,2,0,차대차 - 정면충돌,중앙선침범,건조,맑음,교차로 - 교차로부근,승합,여,40세,경상,승용,남,59세,경상
2016021400100034,2016년 2월 14일 01시,일요일,부산광역시 해운대구 석대동,경상사고,0,0,3,0,차대차 - 측면직각충돌,안전운전불이행,습기,비,단일로 - 기타,승용,남,55세,상해없음,승용,남,63세,경상
2016021400100035,2016년 2월 14일 01시,일요일,부산광역시 해운대구 석대동,중상사고,0,1,0,0,차대차 - 추돌,안전운전불이행,습기,비,단일로 - 기타,승용,남,58세,상해없음,승용,여,22세,기타불명
2016021400100036,2016년 2월 14일 01시,일요일,부산광역시 사하구 구평동,중상사고,0,1,0,0,차대사람 - 횡단중,보행자보호의무위반,건조,맑음,단일로 - 횡단보도상,승용,남,21세,상해없음,보행자,여,48세,중상
2016021400100037,2016년 2월 14일 01시,일요일,부산광역시 사상구 덕포동,중상사고,0,1,0,0,차대차 - 측면직각충돌,안전운전불이행,건조,맑음,단일로 - 기타,승용,남,61세,상해없음,승용,남,58세,중상
2016021400100038,2016년 2월 14일 01시,일요일,부산광역시 사상구 학장동,중상사고,0,1,1,1,차대차 - 측면직각충돌,신호위반,습기,맑음,교차로 - 교차로안,승용,남,66세,상해없음,승용,남,44세,중상
2016021400100069,2016년 2월 14일 03시,일요일,부산광역시 해운대구 좌동,경상사고,0,0,4,0,차량단독 - 기타,안전운전불이행,기타,맑음,단일로 - 기타,승용,남,19세,경상,,,,
2016021400100075,2016년 2월 14일 04시,일요일,부산광역시 수영구 남천동,경상사고,0,0,1,0,차대사람 - 보도통행중,신호위반,건조,맑음,단일로 - 횡단보도상,승용,남,69세,상해없음,보행자,남,24세,경상
2016021400100088,2016년 2월 14일 06시,일요일,부산광역시 해운대구 중동,중상사고,0,1,0,0,차대사람 - 횡단중,안전운전불이행,건조,맑음,단일로 - 기타,승용,남,54세,상해없음,보행자,남,38세,중상
2016021400100109,2016년 2월 14일 09시,일요일,부산광역시 해운대구 우동,경상사고,0,0,1,0,차대사람 - 횡단중,보행자보호의무위반,건조,맑음,교차로 - 교차로부근,승용,여,66세,상해없음,보행자,여,71세,경상
2016021400100119,2016년 2월 14일 10시,일요일,부산광역시 강서구 죽동동,경상사고,0,0,1,0,차대차 - 측면직각충돌,기타,건조,맑음,미분류 - 미분류,이륜,남,52세,상해없음,승용,여,60세,경상
2016021400100169,2016년 2월 14일 14시,일요일,부산광역시 북구 구포동,경상사고,0,0,1,0,차대차 - 추돌,안전운전불이행,건조,맑음,교차로 - 교차로안,승용,남,60세,상해없음,승용,남,44세,경상
2016021400100170,2016년 2월 14일 14시,일요일,부산광역시 북구 덕천동,경상사고,0,0,1,0,차대차 - 추돌,안전운전불이행,건조,맑음,단일로 - 기타,원동기,남,35세,경상,승용,남,59세,상해없음
2016021400100184,2016년 2월 14일 15시,일요일,부산광역시 사하구 신평동,경상사고,0,0,1,0,차량단독 - 기타,안전운전불이행,건조,맑음,단일로 - 기타,승합,남,46세,상해없음,,,,
2016021400100216,2016년 2월 14일 16시,일요일,부산광역시 해운대구 우동,부상신고사고,0,0,0,1,차대차 - 기타,안전운전불이행,건조,맑음,교차로 - 교차로안,자전거,남,10세,부상신고,승용,여,46세,상해없음
2016021400100217,2016년 2월 14일 16시,일요일,부산광역시 사하구 장림동,중상사고,0,1,0,0,차대사람 - 기타,안전운전불이행,건조,맑음,교차로 - 교차로부근,화물,남,34세,상해없음,보행자,남,43세,중상
2016021400100228,2016년 2월 14일 17시,일요일,부산광역시 북구 덕천동,중상사고,0,1,0,0,차대사람 - 횡단중,안전운전불이행,건조,맑음,단일로 - 기타,승용,남,39세,상해없음,보행자,남,9세,중상
2016021400100257,2016년 2월 14일 18시,일요일,부산광역시 부산진구 범천동,중상사고,0,1,3,0,차대차 - 기타,교차로운행방법위반,건조,맑음,교차로 - 교차로안,승용,남,75세,상해없음,승용,남,46세,경상
2016021400100258,2016년 2월 14일 18시,일요일,부산광역시 사하구 신평동,중상사고,0,1,1,0,차대사람 - 횡단중,안전운전불이행,건조,맑음,교차로 - 교차로안,이륜,남,17세,경상,보행자,여,18세,중상
2016021400100259,2016년 2월 14일 18시,일요일,부산광역시 기장군 기장읍,경상사고,0,0,1,0,차대차 - 기타,교차로운행방법위반,건조,맑음,교차로 - 교차로안,승용,남,43세,경상,승용,남,67세,상해없음
2016021400100304,2016년 2월 14일 20시,일요일,부산광역시 동래구 온천동,부상신고사고,0,0,0,1,차대차 - 측면충돌,안전운전불이행,건조,맑음,교차로 - 교차로안,승용,남,31세,상해없음,원동기,남,19세,부상신고
2016021400100336,2016년 2월 14일 22시,일요일,부산광역시 사상구 엄궁동,중상사고,0,1,0,0,차대차 - 측면직각충돌,신호위반,습기,흐림,교차로 - 교차로안,승용,남,22세,상해없음,이륜,남,19세,중상
2016021400100352,2016년 2월 14일 23시,일요일,부산광역시 동구 초량동,중상사고,0,1,1,0,차대차 - 측면직각충돌,안전운전불이행,건조,맑음,단일로 - 기타,승용,여,42세,상해없음,승용,남,53세,경상
2016021400100353,2016년 2월 14일 23시,일요일,부산광역시 서구 충무동2가,부상신고사고,0,0,0,1,차대차 - 추돌,안전운전불이행,건조,맑음,단일로 - 기타,이륜,남,23세,부상신고,승용,남,47세,상해없음
2016021500100003,2016년 2월 15일 00시,월요일,부산광역시 금정구 부곡동,경상사고,0,0,1,0,차대차 - 측면충돌,안전운전불이행,건조,맑음,단일로 - 기타,승합,여,48세,상해없음,원동기,남,16세,경상
2016021500100014,2016년 2월 15일 02시,월요일,부산광역시 수영구 민락동,경상사고,0,0,1,0,차량단독 - 기타,기타,건조,맑음,단일로 - 교량,승용,남,64세,상해없음,,,,
2016021500100050,2016년 2월 15일 07시,월요일,부산광역시 해운대구 우동,사망사고,1,0,0,0,차대차 - 기타,신호위반,건조,맑음,교차로 - 교차로부근,건설기계,남,44세,상해없음,승용,남,36세,상해없음
2016021500100079,2016년 2월 15일 08시,월요일,부산광역시 중구 중앙동4가,중상사고,0,1,0,0,차대차 - 측면충돌,안전운전불이행,건조,맑음,단일로 - 기타,승용,남,37세,상해없음,승용,남,32세,중상
2016021500100117,2016년 2월 15일 09시,월요일,부산광역시 강서구 명지동,경상사고,0,0,1,0,차대차 - 측면직각충돌,신호위반,건조,맑음,교차로 - 교차로안,승용,남,43세,상해없음,승용,남,54세,경상
2016021500100150,2016년 2월 15일 10시,월요일,부산광역시 서구 서대신동2가,경상사고,0,0,3,0,차대차 - 기타,교차로운행방법위반,건조,맑음,단일로 - 기타,화물,남,65세,상해없음,승용,남,44세,경상
2016021500100151,2016년 2월 15일 10시,월요일,부산광역시 해운대구 반송동,경상사고,0,0,1,0,차대사람 - 횡단중,안전운전불이행,건조,맑음,교차로 - 교차로부근,승합,남,62세,상해없음,보행자,여,80세,경상
2016021500100152,2016년 2월 15일 10시,월요일,부산광역시 해운대구 좌동,중상사고,0,1,0,0,차량단독 - 기타,안전운전불이행,건조,맑음,교차로 - 교차로부근,승합,남,55세,상해없음,,,,
2016021500100177,2016년 2월 15일 11시,월요일,부산광역시 남구 문현동,중상사고,0,1,0,0,차대차 - 기타,안전운전불이행,건조,맑음,단일로 - 기타,승합,남,56세,상해없음,자전거,남,55세,중상
2016021500100178,2016년 2월 15일 11시,월요일,부산광역시 북구 금곡동,중상사고,0,1,0,0,차대사람 - 횡단중,신호위반,건조,맑음,단일로 - 횡단보도부근,화물,남,63세,상해없음,보행자,남,16세,중상
2016021500100179,2016년 2월 15일 11시,월요일,부산광역시 연제구 거제동,경상사고,0,0,1,0,차대사람 - 차도통행중,안전운전불이행,건조,맑음,교차로 - 교차로부근,승용,여,36세,상해없음,보행자,남,74세,경상
2016021500100180,2016년 2월 15일 11시,월요일,부산광역시 강서구 구랑동,중상사고,0,1,0,0,차대차 - 측면직각충돌,교차로운행방법위반,건조,맑음,교차로 - 교차로안,승용,남,48세,상해없음,승용,여,47세,중상
2016021500100181,2016년 2월 15일 11시,월요일,부산광역시 기장군 기장읍,경상사고,0,0,1,0,차대차 - 측면직각충돌,신호위반,건조,맑음,교차로 - 교차로안,승용,남,50세,상해없음,승용,여,33세,경상
2016021500100241,2016년 2월 15일 13시,월요일,부산광역시 수영구 남천동,경상사고,0,0,1,0,차대차 - 추돌,안전운전불이행,건조,맑음,단일로 - 기타,기타불명,기타불명,기타불명,기타불명,승용,여,32세,경상
2016021500100300,2016년 2월 15일 15시,월요일,부산광역시 남구 감만동,경상사고,0,0,1,0,차량단독 - 기타,안전운전불이행,건조,맑음,단일로 - 기타,승합,남,53세,상해없음,,,,
2016021500100301,2016년 2월 15일 15시,월요일,부산광역시 강서구 동선동,사망사고,1,0,1,0,차대차 - 추돌,안전운전불이행,건조,맑음,단일로 - 터널,화물,남,63세,사망,화물,남,51세,경상
2016021500100340,2016년 2월 15일 16시,월요일,부산광역시 동래구 온천동,중상사고,0,1,0,0,차대차 - 추돌,안전운전불이행,건조,맑음,기타 - 기타,승용,여,50세,상해없음,화물,남,26세,기타불명
2016021500100341,2016년 2월 15일 16시,월요일,부산광역시 해운대구 반송동,경상사고,0,0,1,0,차대차 - 기타,안전운전불이행,건조,맑음,단일로 - 횡단보도상,승용,여,48세,상해없음,자전거,여,53세,경상
2016021500100342,2016년 2월 15일 16시,월요일,부산광역시 부산진구 부전동,경상사고,0,0,1,0,차대사람 - 기타,안전운전불이행,건조,맑음,단일로 - 기타,승용,남,44세,상해없음,보행자,남,15세,경상
2016021500100382,2016년 2월 15일 17시,월요일,부산광역시 동래구 안락동,경상사고,0,0,1,0,차대사람 - 차도통행중,안전운전불이행,건조,맑음,단일로 - 기타,승합,남,59세,상해없음,보행자,여,46세,경상
2016021500100383,2016년 2월 15일 17시,월요일,부산광역시 동래구 사직동,경상사고,0,0,1,0,차대사람 - 길가장자리구역통행중,안전운전불이행,건조,맑음,단일로 - 기타,승용,남,66세,상해없음,보행자,여,62세,경상
2016021500100384,2016년 2월 15일 17시,월요일,부산광역시 사하구 장림동,경상사고,0,0,1,0,차대차 - 기타,교차로운행방법위반,건조,맑음,교차로 - 교차로안,승용,남,66세,상해없음,승용,남,49세,경상
2016021500100418,2016년 2월 15일 18시,월요일,부산광역시 금정구 서동,경상사고,0,0,1,0,차대사람 - 차도통행중,안전운전불이행,건조,맑음,단일로 - 기타,이륜,남,47세,상해없음,보행자,여,52세,경상
2016021500100419,2016년 2월 15일 18시,월요일,부산광역시 연제구 거제동,경상사고,0,0,2,0,차대차 - 기타,안전거리미확보,건조,맑음,교차로 - 교차로안,승용,여,68세,상해없음,승용,남,52세,경상
2016021500100420,2016년 2월 15일 18시,월요일,부산광역시 강서구 신호동,경상사고,0,0,1,0,차대차 - 측면직각충돌,교차로운행방법위반,건조,맑음,교차로 - 교차로안,승용,남,31세,상해없음,승용,여,40세,경상
2016021500100456,2016년 2월 15일 19시,월요일,부산광역시 부산진구 초읍동,중상사고,0,1,0,0,차대사람 - 길가장자리구역통행중,안전운전불이행,건조,맑음,단일로 - 기타,승합,남,48세,상해없음,보행자,남,72세,중상
2016021500100457,2016년 2월 15일 19시,월요일,부산광역시 수영구 망미동,경상사고,0,0,1,0,차대사람 - 횡단중,보행자보호의무위반,건조,맑음,단일로 - 횡단보도상,승용,남,35세,상해없음,보행자,남,25세,경상
2016021500100458,2016년 2월 15일 19시,월요일,부산광역시 강서구 명지동,중상사고,0,1,0,0,차대차 - 추돌,안전운전불이행,건조,맑음,교차로 - 교차로부근,승용,남,67세,상해없음,승용,여,37세,중상
2016021500100493,2016년 2월 15일 20시,월요일,부산광역시 남구 우암동,경상사고,0,0,1,0,차대차 - 추돌,안전운전불이행,건조,맑음,교차로 - 교차로부근,승용,남,30세,상해없음,승용,남,37세,경상
2016021500100494,2016년 2월 15일 20시,월요일,부산광역시 사하구 하단동,경상사고,0,0,1,0,차대차 - 기타,차로위반,건조,맑음,단일로 - 기타,화물,남,33세,상해없음,승용,남,45세,상해없음
2016021500100495,2016년 2월 15일 20시,월요일,부산광역시 사상구 주례동,중상사고,0,1,0,0,차대차 - 측면직각충돌,안전거리미확보,건조,맑음,단일로 - 기타,승용,남,63세,상해없음,이륜,남,24세,중상
2016021500100515,2016년 2월 15일 21시,월요일,부산광역시 사상구 괘법동,중상사고,0,1,0,0,차량단독 - 전도전복,안전운전불이행,결빙,맑음,단일로 - 기타,이륜,남,22세,중상,,,,
2016021500100545,2016년 2월 15일 22시,월요일,부산광역시 중구 보수동1가,경상사고,0,0,1,0,차대사람 - 기타,안전운전불이행,건조,맑음,단일로 - 기타,승용,남,43세,상해없음,보행자,여,59세,경상
2016021500100580,2016년 2월 15일 23시,월요일,부산광역시 남구 감만동,경상사고,0,0,2,0,차대차 - 추돌,신호위반,건조,맑음,교차로 - 교차로안,승용,남,27세,상해없음,승용,남,28세,경상
2016021600100003,2016년 2월 16일 00시,화요일,부산광역시 동래구 명륜동,경상사고,0,0,2,0,차대차 - 추돌,안전운전불이행,건조,맑음,단일로 - 기타,승용,남,25세,상해없음,승용,남,57세,경상
2016021600100020,2016년 2월 16일 01시,화요일,부산광역시 남구 문현동,경상사고,0,0,1,0,차대차 - 기타,기타,건조,맑음,교차로 - 교차로부근,화물,여,51세,상해없음,승용,남,71세,기타불명
2016021600100070,2016년 2월 16일 06시,화요일,부산광역시 남구 용호동,경상사고,0,0,1,0,차대차 - 측면직각충돌,중앙선침범,건조,맑음,단일로 - 기타,승용,남,39세,상해없음,승합,남,51세,경상
2016021600100071,2016년 2월 16일 06시,화요일,부산광역시 사상구 엄궁동,경상사고,0,0,1,0,차대사람 - 횡단중,안전운전불이행,건조,맑음,교차로 - 교차로안,화물,남,68세,상해없음,보행자,여,67세,경상
2016021600100072,2016년 2월 16일 06시,화요일,부산광역시 사상구 감전동,경상사고,0,0,1,0,차대차 - 측면직각충돌,안전거리미확보,건조,맑음,단일로 - 기타,화물,기타불명,90세 이상,기타불명,원동기,남,61세,경상
2016021600100114,2016년 2월 16일 08시,화요일,부산광역시 동구 초량동,중상사고,0,1,0,0,차대사람 - 기타,안전운전불이행,건조,맑음,단일로 - 횡단보도상,승용,남,64세,상해없음,보행자,여,70세,중상
2016021600100115,2016년 2월 16일 08시,화요일,부산광역시 영도구 청학동,중상사고,0,1,0,0,차대차 - 추돌,불법유턴,건조,맑음,교차로 - 교차로안,승용,남,47세,상해없음,이륜,남,52세,중상
2016021600100116,2016년 2월 16일 08시,화요일,부산광역시 부산진구 당감동,경상사고,0,0,1,0,차대사람 - 횡단중,보행자보호의무위반,건조,맑음,단일로 - 횡단보도상,승용,남,49세,상해없음,보행자,여,52세,경상
2016021600100117,2016년 2월 16일 08시,화요일,부산광역시 사하구 괴정동,경상사고,0,0,1,0,차대차 - 기타,교차로운행방법위반,건조,맑음,교차로 - 교차로안,승합,남,32세,기타불명,이륜,남,31세,경상
2016021600100118,2016년 2월 16일 08시,화요일,부산광역시 수영구 망미동,경상사고,0,0,1,0,차대차 - 추돌,안전거리미확보,건조,맑음,단일로 - 기타,화물,남,23세,상해없음,승용,여,41세,경상
2016021600100186,2016년 2월 16일 10시,화요일,부산광역시 부산진구 당감동,경상사고,0,0,2,0,차대차 - 추돌,안전거리미확보,건조,맑음,단일로 - 교량,승용,여,41세,기타불명,승용,남,57세,경상
2016021600100187,2016년 2월 16일 10시,화요일,부산광역시 사상구 주례동,경상사고,0,0,2,0,차대차 - 측면직각충돌,안전거리미확보,건조,맑음,단일로 - 기타,승용,여,53세,경상,승용,여,36세,경상
2016021600100323,2016년 2월 16일 14시,화요일,부산광역시 사하구 괴정동,경상사고,0,0,1,0,차대차 - 기타,안전운전불이행,건조,맑음,단일로 - 기타,승용,남,62세,상해없음,승용,여,38세,경상
2016021600100324,2016년 2월 16일 14시,화요일,부산광역시 연제구 연산동,경상사고,0,0,1,0,차대사람 - 차도통행중,안전운전불이행,건조,맑음,단일로 - 기타,승용,남,48세,상해없음,보행자,남,49세,경상
2016021600100325,2016년 2월 16일 14시,화요일,부산광역시 사상구 학장동,부상신고사고,0,0,0,1,차대차 - 추돌,안전운전불이행,건조,맑음,단일로 - 기타,화물,남,61세,기타불명,승용,남,46세,부상신고
2016021600100355,2016년 2월 16일 15시,화요일,부산광역시 동래구 사직동,경상사고,0,0,2,0,차대차 - 측면직각충돌,교차로운행방법위반,건조,맑음,교차로 - 교차로안,승용,여,65세,경상,승용,남,33세,경상