사고번호,사고일시,요일,시군구,사고내용,사망자수,중상자수,경상자수,부상신고자수,사고유형,법규위반,노면상태,기상상태,도로형태,가해운전자 차종,가해운전자 성별,가해운전자 연령,가해운전자 상해정도,피해운전자 차종,피해운전자 성별,피해운전자 연령,피해운전자 상해정도
2016021600100356,2016년 2월 16일 15시,화요일,부산광역시 연제구 연산동,경상사고,0,0,1,0,차대차 - 측면충돌,교차로운행방법위반,건조,맑음,교차로 - 교차로안,화물,남,34세,상해없음,자전거,남,59세,경상
2016021600100357,2016년 2월 16일 15시,화요일,부산광역시 사상구 감전동,중상사고,0,1,0,0,차대차 - 측면직각충돌,신호위반,건조,맑음,단일로 - 기타,원동기,남,60세,중상,승용,남,41세,상해없음
2016021600100383,2016년 2월 16일 16시,화요일,부산광역시 해운대구 중동,경상사고,0,0,1,0,차대사람 - 기타,안전운전불이행,건조,맑음,단일로 - 기타,승용,남,27세,상해없음,보행자,여,83세,경상
2016021600100408,2016년 2월 16일 17시,화요일,부산광역시 남구 문현동,중상사고,0,1,0,0,차대사람 - 차도통행중,안전운전불이행,건조,맑음,교차로 - 교차로부근,화물,남,66세,상해없음,보행자,남,36세,중상
2016021600100409,2016년 2월 16일 17시,화요일,부산광역시 해운대구 좌동,경상사고,0,0,2,0,차대차 - 추돌,안전운전불이행,건조,맑음,교차로 - 교차로부근,승용,남,26세,상해없음,승용,남,49세,경상
2016021600100410,2016년 2월 16일 17시,화요일,부산광역시 부산진구 당감동,경상사고,0,0,1,0,차대차 - 추돌,안전운전불이행,건조,맑음,미분류 - 미분류,화물,남,41세,상해없음,승용,여,51세,경상
2016021600100447,2016년 2월 16일 18시,화요일,부산광역시 해운대구 중동,경상사고,0,0,1,0,차대차 - 측면충돌,안전운전불이행,건조,맑음,교차로 - 교차로안,화물,남,56세,상해없음,이륜,남,32세,경상
2016021600100448,2016년 2월 16일 18시,화요일,부산광역시 부산진구 부전동,중상사고,0,1,0,0,차대사람 - 횡단중,안전운전불이행,건조,맑음,단일로 - 기타,승용,남,30세,상해없음,보행자,여,68세,중상
2016021600100490,2016년 2월 16일 19시,화요일,부산광역시 남구 대연동,중상사고,0,1,0,0,차대사람 - 차도통행중,기타,건조,맑음,단일로 - 기타,승용,남,56세,상해없음,보행자,남,12세,중상
2016021600100491,2016년 2월 16일 19시,화요일,부산광역시 금정구 장전동,중상사고,0,1,0,0,차대차 - 측면충돌,차로위반,건조,맑음,단일로 - 기타,승용,남,55세,상해없음,자전거,남,30세,중상
2016021600100492,2016년 2월 16일 19시,화요일,부산광역시 사하구 다대동,경상사고,0,0,1,0,차대차 - 기타,교차로운행방법위반,건조,맑음,교차로 - 교차로안,승용,여,38세,상해없음,이륜,남,20세,경상
2016021600100493,2016년 2월 16일 19시,화요일,부산광역시 사상구 감전동,경상사고,0,0,1,0,차대차 - 측면직각충돌,직진우회전진행방해,건조,맑음,교차로 - 교차로안,승용,남,61세,상해없음,승용,남,51세,경상
2016021600100523,2016년 2월 16일 20시,화요일,부산광역시 금정구 부곡동,경상사고,0,0,1,0,차대사람 - 횡단중,보행자보호의무위반,건조,맑음,단일로 - 기타,승합,여,54세,상해없음,보행자,남,47세,경상
2016021600100574,2016년 2월 16일 22시,화요일,부산광역시 사하구 괴정동,중상사고,0,1,0,0,차대사람 - 기타,안전운전불이행,건조,맑음,단일로 - 기타,화물,남,56세,상해없음,보행자,남,40세,중상
2016021600100575,2016년 2월 16일 22시,화요일,부산광역시 수영구 수영동,경상사고,0,0,1,0,차대차 - 측면직각충돌,중앙선침범,건조,맑음,단일로 - 기타,승용,남,26세,상해없음,승용,여,52세,경상
2016021600100606,2016년 2월 16일 23시,화요일,부산광역시 동래구 온천동,중상사고,0,1,0,0,차대사람 - 횡단중,신호위반,건조,맑음,단일로 - 기타,승용,여,50세,상해없음,보행자,여,37세,중상
2016021700100032,2016년 2월 17일 02시,수요일,부산광역시 남구 문현동,중상사고,0,1,0,0,차대차 - 측면직각충돌,신호위반,건조,맑음,단일로 - 기타,이륜,남,59세,중상,승용,남,63세,상해없음
2016021700100049,2016년 2월 17일 04시,수요일,부산광역시 해운대구 좌동,부상신고사고,0,0,0,1,차대차 - 측면직각충돌,신호위반,건조,맑음,교차로 - 교차로안,승용,남,51세,상해없음,승용,남,50세,부상신고
2016021700100050,2016년 2월 17일 04시,수요일,부산광역시 연제구 거제동,경상사고,0,0,2,0,차대차 - 추돌,안전운전불이행,건조,맑음,단일로 - 횡단보도부근,승용,남,51세,상해없음,승용,남,60세,경상
2016021700100059,2016년 2월 17일 05시,수요일,부산광역시 사하구 괴정동,중상사고,0,1,1,0,차대차 - 기타,중앙선침범,건조,맑음,기타 - 기타,승용,남,49세,상해없음,승용,남,54세,경상
2016021700100076,2016년 2월 17일 06시,수요일,부산광역시 서구 서대신동1가,중상사고,0,1,0,0,차대차 - 측면직각충돌,신호위반,건조,맑음,교차로 - 교차로안,승용,남,27세,상해없음,승용,여,33세,중상
2016021700100168,2016년 2월 17일 09시,수요일,부산광역시 해운대구 우동,경상사고,0,0,1,0,차대차 - 측면직각충돌,신호위반,건조,맑음,교차로 - 교차로안,승용,남,27세,상해없음,원동기,남,27세,경상
2016021700100169,2016년 2월 17일 09시,수요일,부산광역시 금정구 구서동,중상사고,0,1,0,0,차대차 - 측면직각충돌,교차로운행방법위반,건조,맑음,교차로 - 교차로안,승합,여,55세,상해없음,승용,여,64세,중상
2016021700100202,2016년 2월 17일 10시,수요일,부산광역시 사상구 삼락동,경상사고,0,0,1,0,차대차 - 측면직각충돌,안전거리미확보,건조,맑음,단일로 - 기타,승용,남,24세,상해없음,이륜,남,36세,경상
2016021700100232,2016년 2월 17일 11시,수요일,부산광역시 해운대구 석대동,부상신고사고,0,0,0,1,차대차 - 기타,안전운전불이행,건조,맑음,단일로 - 기타,원동기,남,23세,부상신고,화물,남,58세,상해없음
2016021700100233,2016년 2월 17일 11시,수요일,부산광역시 해운대구 석대동,경상사고,0,0,1,0,차대차 - 측면충돌,중앙선침범,기타,맑음,단일로 - 기타,이륜,남,67세,경상,화물,남,51세,상해없음
2016021700100234,2016년 2월 17일 11시,수요일,부산광역시 금정구 금사동,중상사고,0,1,0,0,차대차 - 측면충돌,기타,건조,맑음,교차로 - 교차로안,승용,여,45세,상해없음,이륜,남,42세,중상
2016021700100235,2016년 2월 17일 11시,수요일,부산광역시 연제구 연산동,경상사고,0,0,1,0,차대사람 - 기타,안전운전불이행,건조,맑음,단일로 - 기타,승용,남,24세,기타불명,보행자,남,36세,경상
2016021700100267,2016년 2월 17일 12시,수요일,부산광역시 남구 대연동,중상사고,0,1,2,0,차대차 - 추돌,안전운전불이행,건조,맑음,단일로 - 터널,승용,남,43세,중상,승용,남,21세,경상
2016021700100268,2016년 2월 17일 12시,수요일,부산광역시 부산진구 범천동,부상신고사고,0,0,0,1,차대사람 - 횡단중,안전운전불이행,건조,맑음,단일로 - 기타,승용,남,33세,상해없음,보행자,여,23세,부상신고
2016021700100269,2016년 2월 17일 12시,수요일,부산광역시 사하구 괴정동,경상사고,0,0,4,0,차대차 - 기타,안전거리미확보,건조,맑음,단일로 - 기타,건설기계,남,45세,상해없음,승용,남,69세,경상
2016021700100270,2016년 2월 17일 12시,수요일,부산광역시 사하구 당리동,경상사고,0,0,1,0,차대차 - 측면직각충돌,안전거리미확보,건조,맑음,단일로 - 기타,화물,남,42세,상해없음,승용,남,57세,경상
2016021700100302,2016년 2월 17일 13시,수요일,부산광역시 남구 용호동,경상사고,0,0,1,0,차대사람 - 횡단중,보행자보호의무위반,건조,맑음,단일로 - 횡단보도상,화물,남,58세,상해없음,보행자,남,66세,경상
2016021700100303,2016년 2월 17일 13시,수요일,부산광역시 동래구 수안동,중상사고,0,1,0,0,차대차 - 추돌,안전운전불이행,건조,맑음,단일로 - 기타,승용,남,36세,상해없음,승용,남,52세,중상
2016021700100304,2016년 2월 17일 13시,수요일,부산광역시 동래구 온천동,경상사고,0,0,1,0,차대차 - 측면직각충돌,교차로운행방법위반,건조,맑음,교차로 - 교차로안,화물,남,57세,상해없음,원동기,남,36세,경상
2016021700100305,2016년 2월 17일 13시,수요일,부산광역시 사상구 학장동,중상사고,0,1,0,2,차대차 - 측면직각충돌,안전거리미확보,건조,맑음,단일로 - 기타,승용,남,64세,상해없음,원동기,남,15세,부상신고
2016021700100324,2016년 2월 17일 14시,수요일,부산광역시 부산진구 부전동,경상사고,0,0,1,1,차대사람 - 횡단중,안전운전불이행,건조,맑음,교차로 - 교차로부근,화물,남,51세,상해없음,보행자,여,85세,경상
2016021700100353,2016년 2월 17일 15시,수요일,부산광역시 동구 범일동,경상사고,0,0,1,0,차대차 - 측면직각충돌,교차로운행방법위반,건조,맑음,단일로 - 기타,승용,남,56세,상해없음,승용,남,25세,경상
2016021700100354,2016년 2월 17일 15시,수요일,부산광역시 부산진구 양정동,중상사고,0,1,0,0,차대사람 - 횡단중,안전운전불이행,건조,맑음,단일로 - 기타,승용,남,75세,상해없음,보행자,남,60세,중상
2016021700100356,2016년 2월 17일 15시,수요일,부산광역시 사상구 감전동,중상사고,0,1,0,0,차대사람 - 횡단중,보행자보호의무위반,건조,맑음,교차로 - 교차로부근,화물,남,43세,상해없음,보행자,여,66세,중상
2016021700100403,2016년 2월 17일 16시,수요일,부산광역시 금정구 남산동,경상사고,0,0,1,0,차대차 - 측면충돌,안전운전불이행,건조,맑음,단일로 - 기타,승용,남,38세,상해없음,원동기,여,56세,경상
2016021700100404,2016년 2월 17일 16시,수요일,부산광역시 사상구 감전동,경상사고,0,0,3,0,차대사람 - 길가장자리구역통행중,안전운전불이행,건조,맑음,단일로 - 기타,화물,남,56세,상해없음,보행자,여,39세,경상
2016021700100437,2016년 2월 17일 17시,수요일,부산광역시 금정구 부곡동,중상사고,0,1,0,0,차대사람 - 횡단중,보행자보호의무위반,건조,맑음,단일로 - 기타,화물,남,27세,상해없음,보행자,남,60세,중상
2016021700100469,2016년 2월 17일 18시,수요일,부산광역시 사하구 감천동,중상사고,0,1,0,0,차대사람 - 횡단중,신호위반,건조,맑음,교차로 - 교차로부근,원동기,남,71세,상해없음,보행자,남,66세,중상
2016021700100517,2016년 2월 17일 19시,수요일,부산광역시 부산진구 부암동,경상사고,0,0,1,0,차량단독 - 기타,안전운전불이행,건조,맑음,단일로 - 기타,이륜,남,30세,경상,,,,
2016021700100557,2016년 2월 17일 20시,수요일,부산광역시 연제구 거제동,중상사고,0,1,0,0,차대차 - 측면충돌,신호위반,건조,맑음,교차로 - 교차로부근,승용,남,51세,상해없음,승용,남,48세,중상
2016021700100618,2016년 2월 17일 22시,수요일,부산광역시 북구 만덕동,경상사고,0,0,1,0,차대차 - 추돌,안전운전불이행,건조,맑음,단일로 - 기타,승용,여,33세,상해없음,승용,여,24세,경상
2016021700100645,2016년 2월 17일 23시,수요일,부산광역시 남구 대연동,경상사고,0,0,1,0,차대사람 - 기타,안전운전불이행,건조,맑음,단일로 - 기타,승용,남,50세,상해없음,보행자,여,46세,경상
2016021700100646,2016년 2월 17일 23시,수요일,부산광역시 동래구 안락동,중상사고,0,1,0,0,차대차 - 측면직각충돌,신호위반,건조,맑음,교차로 - 교차로부근,승용,남,50세,상해없음,승용,남,70세,중상
2016021700100647,2016년 2월 17일 23시,수요일,부산광역시 해운대구 좌동,중상사고,0,1,1,1,차대차 - 측면직각충돌,신호위반,건조,맑음,교차로 - 교차로안,승용,남,31세,부상신고,승용,남,55세,중상
2016021800100007,2016년 2월 18일 00시,목요일,부산광역시 수영구 남천동,중상사고,0,1,0,0,차대사람 - 차도통행중,안전운전불이행,건조,맑음,단일로 - 기타,승용,여,38세,상해없음,보행자,남,55세,중상
2016021800100035,2016년 2월 18일 02시,목요일,부산광역시 금정구 장전동,경상사고,0,0,1,0,차대사람 - 횡단중,보행자보호의무위반,건조,맑음,단일로 - 횡단보도상,승용,남,59세,상해없음,보행자,남,24세,경상
2016021800100045,2016년 2월 18일 03시,목요일,부산광역시 부산진구 당감동,경상사고,0,0,1,0,차량단독 - 공작물충돌,안전운전불이행,건조,맑음,단일로 - 기타,이륜,남,23세,경상,,,,
2016021800100046,2016년 2월 18일 03시,목요일,부산광역시 금정구 장전동,경상사고,0,0,1,0,차대사람 - 차도통행중,안전운전불이행,건조,맑음,단일로 - 기타,승용,남,46세,상해없음,보행자,남,20세,경상
2016021800100065,2016년 2월 18일 05시,목요일,부산광역시 금정구 장전동,부상신고사고,0,0,0,1,차대차 - 추돌,안전운전불이행,건조,맑음,교차로 - 교차로안,원동기,남,19세,부상신고,승용,남,62세,상해없음
2016021800100118,2016년 2월 18일 08시,목요일,부산광역시 금정구 남산동,중상사고,0,1,0,0,차대사람 - 횡단중,보행자보호의무위반,건조,맑음,단일로 - 횡단보도상,승용,남,47세,상해없음,보행자,남,80세,중상
2016021800100119,2016년 2월 18일 08시,목요일,부산광역시 사하구 하단동,경상사고,0,0,1,0,차대차 - 측면충돌,안전운전불이행,건조,맑음,단일로 - 기타,이륜,남,58세,경상,승용,남,49세,상해없음
2016021800100120,2016년 2월 18일 08시,목요일,부산광역시 사상구 주례동,경상사고,0,0,1,0,차대차 - 측면직각충돌,중앙선침범,건조,맑음,단일로 - 기타,승용,남,62세,상해없음,화물,남,56세,경상
2016021800100152,2016년 2월 18일 09시,목요일,부산광역시 사하구 신평동,중상사고,0,1,0,0,차대차 - 기타,안전운전불이행,건조,맑음,단일로 - 기타,승용,남,33세,상해없음,이륜,남,41세,중상
2016021800100153,2016년 2월 18일 09시,목요일,부산광역시 연제구 연산동,경상사고,0,0,1,0,차대사람 - 횡단중,보행자보호의무위반,건조,맑음,교차로 - 교차로부근,화물,남,60세,상해없음,보행자,여,40세,경상
2016021800100180,2016년 2월 18일 10시,목요일,부산광역시 남구 용당동,경상사고,0,0,1,0,차대사람 - 횡단중,안전운전불이행,건조,맑음,단일로 - 횡단보도상,화물,남,47세,상해없음,보행자,남,76세,경상
2016021800100236,2016년 2월 18일 12시,목요일,부산광역시 중구 중앙동6가,부상신고사고,0,0,0,1,차대차 - 추돌,안전운전불이행,건조,맑음,기타 - 기타,승용,여,32세,상해없음,승용,여,44세,부상신고
2016021800100237,2016년 2월 18일 12시,목요일,부산광역시 금정구 두구동,경상사고,0,0,2,0,차대차 - 측면직각충돌,안전거리미확보,건조,맑음,단일로 - 기타,화물,남,61세,상해없음,승용,여,53세,경상
2016021800100285,2016년 2월 18일 14시,목요일,부산광역시 동구 범일동,중상사고,0,1,0,0,차대사람 - 기타,안전운전불이행,건조,맑음,단일로 - 기타,승용,여,55세,상해없음,보행자,여,74세,중상
2016021800100310,2016년 2월 18일 15시,목요일,부산광역시 서구 부민동1가,경상사고,0,0,1,2,차대차 - 추돌,안전운전불이행,건조,맑음,교차로 - 교차로부근,승용,여,50세,상해없음,승용,여,60세,경상
2016021800100345,2016년 2월 18일 16시,목요일,부산광역시 동래구 안락동,경상사고,0,0,1,0,차대차 - 측면충돌,안전운전불이행,건조,맑음,교차로 - 교차로부근,이륜,남,22세,경상,승용,남,27세,상해없음
2016021800100347,2016년 2월 18일 16시,목요일,부산광역시 사하구 당리동,경상사고,0,0,1,0,차대차 - 측면직각충돌,교차로운행방법위반,건조,맑음,교차로 - 교차로안,승용,남,47세,상해없음,승용,여,63세,경상
2016021800100380,2016년 2월 18일 17시,목요일,부산광역시 수영구 광안동,경상사고,0,0,1,0,차대차 - 기타,기타,건조,맑음,교차로 - 교차로부근,승용,여,46세,상해없음,자전거,남,21세,경상
2016021800100442,2016년 2월 18일 19시,목요일,부산광역시 동구 범일동,중상사고,0,1,0,0,차대차 - 측면직각충돌,교차로운행방법위반,건조,맑음,교차로 - 교차로안,화물,여,32세,상해없음,화물,남,32세,중상
2016021800100444,2016년 2월 18일 19시,목요일,부산광역시 부산진구 가야동,경상사고,0,0,2,0,차대차 - 정면충돌,중앙선침범,건조,맑음,교차로 - 교차로안,원동기,남,26세,상해없음,원동기,남,19세,경상
2016021800100511,2016년 2월 18일 21시,목요일,부산광역시 서구 부민동2가,경상사고,0,0,1,0,차대차 - 측면직각충돌,차로위반,건조,맑음,교차로 - 교차로안,승용,남,61세,상해없음,원동기,남,25세,경상
2016021800100512,2016년 2월 18일 21시,목요일,부산광역시 사하구 감천동,경상사고,0,0,1,0,차대사람 - 횡단중,안전운전불이행,건조,맑음,단일로 - 기타,승용,남,48세,상해없음,보행자,여,14세,경상
2016021800100545,2016년 2월 18일 22시,목요일,부산광역시 남구 대연동,경상사고,0,0,4,0,차대차 - 추돌,안전운전불이행,건조,맑음,단일로 - 기타,승용,여,30세,상해없음,승용,여,41세,경상
2016021800100546,2016년 2월 18일 22시,목요일,부산광역시 동래구 온천동,중상사고,0,1,4,1,차대차 - 추돌,안전운전불이행,건조,맑음,단일로 - 기타,승용,남,39세,부상신고,승합,남,52세,상해없음
2016021800100547,2016년 2월 18일 22시,목요일,부산광역시 동래구 명륜동,부상신고사고,0,0,0,1,차대사람 - 기타,안전운전불이행,건조,맑음,단일로 - 기타,승용,남,49세,상해없음,보행자,남,18세,부상신고
2016021800100580,2016년 2월 18일 23시,목요일,부산광역시 동구 좌천동,중상사고,0,1,1,0,차대차 - 추돌,안전운전불이행,건조,맑음,기타 - 기타,화물,남,50세,상해없음,승용,여,55세,중상
2016021800100581,2016년 2월 18일 23시,목요일,부산광역시 사상구 모라동,경상사고,0,0,1,0,차대차 - 추돌,안전운전불이행,건조,맑음,단일로 - 기타,승용,남,25세,상해없음,승합,남,65세,상해없음
2016021900100007,2016년 2월 19일 00시,금요일,부산광역시 금정구 서동,경상사고,0,0,1,0,차대사람 - 횡단중,안전운전불이행,건조,맑음,단일로 - 기타,승용,남,54세,상해없음,보행자,남,35세,경상
2016021900100049,2016년 2월 19일 03시,금요일,부산광역시 금정구 부곡동,경상사고,0,0,3,0,차대사람 - 차도통행중,안전운전불이행,건조,맑음,단일로 - 기타,승용,남,31세,상해없음,보행자,남,55세,경상
2016021900100061,2016년 2월 19일 05시,금요일,부산광역시 부산진구 연지동,중상사고,0,2,0,0,차대차 - 측면충돌,신호위반,건조,맑음,교차로 - 교차로안,이륜,남,21세,중상,승용,남,73세,상해없음
2016021900100062,2016년 2월 19일 05시,금요일,부산광역시 강서구 대저1동,중상사고,0,1,0,0,차대사람 - 차도통행중,안전운전불이행,건조,맑음,단일로 - 기타,승합,남,44세,상해없음,보행자,여,68세,중상
2016021900100077,2016년 2월 19일 06시,금요일,부산광역시 북구 금곡동,경상사고,0,0,1,0,차대사람 - 기타,안전운전불이행,건조,맑음,단일로 - 기타,승용,남,49세,기타불명,보행자,남,52세,경상
2016021900100078,2016년 2월 19일 06시,금요일,부산광역시 부산진구 범천동,중상사고,0,1,0,0,차대사람 - 횡단중,신호위반,건조,흐림,교차로 - 교차로안,승용,남,30세,상해없음,보행자,남,67세,중상
2016021900100079,2016년 2월 19일 06시,금요일,부산광역시 기장군 기장읍,중상사고,0,1,0,0,차대사람 - 횡단중,신호위반,건조,맑음,교차로 - 교차로안,승용,남,45세,상해없음,보행자,여,79세,중상
2016021900100110,2016년 2월 19일 07시,금요일,부산광역시 기장군 철마면,경상사고,0,0,1,0,차량단독 - 전도전복,안전운전불이행,건조,맑음,교차로 - 교차로부근,승용,남,65세,경상,,,,
2016021900100124,2016년 2월 19일 08시,금요일,부산광역시 동래구 수안동,경상사고,0,0,1,0,차대차 - 추돌,교차로운행방법위반,건조,맑음,교차로 - 교차로안,승용,남,18세,상해없음,승용,여,32세,경상
2016021900100154,2016년 2월 19일 09시,금요일,부산광역시 동래구 명륜동,경상사고,0,0,1,0,차대차 - 추돌,안전거리미확보,건조,맑음,단일로 - 기타,승용,남,70세,기타불명,승용,남,29세,경상
2016021900100179,2016년 2월 19일 10시,금요일,부산광역시 부산진구 부전동,중상사고,0,2,0,0,차대차 - 측면충돌,교차로운행방법위반,건조,맑음,교차로 - 교차로부근,승용,남,64세,상해없음,승합,남,51세,상해없음
2016021900100195,2016년 2월 19일 11시,금요일,부산광역시 수영구 광안동,경상사고,0,0,1,0,차대차 - 기타,안전운전불이행,건조,맑음,교차로 - 교차로부근,원동기,남,67세,경상,승용,여,32세,상해없음
2016021900100217,2016년 2월 19일 12시,금요일,부산광역시 북구 화명동,경상사고,0,0,1,0,차량단독 - 기타,안전운전불이행,건조,맑음,단일로 - 기타,승용,남,51세,상해없음,,,,
2016021900100218,2016년 2월 19일 12시,금요일,부산광역시 부산진구 전포동,경상사고,0,0,1,0,차대차 - 기타,중앙선침범,건조,맑음,단일로 - 기타,승용,남,36세,상해없음,승용,남,56세,경상
2016021900100219,2016년 2월 19일 12시,금요일,부산광역시 강서구 대저2동,중상사고,0,1,1,0,차대차 - 측면직각충돌,신호위반,건조,맑음,교차로 - 교차로안,건설기계,남,66세,상해없음,화물,남,65세,경상
2016021900100247,2016년 2월 19일 13시,금요일,부산광역시 남구 대연동,부상신고사고,0,0,0,1,차대차 - 추돌,안전운전불이행,건조,맑음,단일로 - 기타,승합,남,43세,상해없음,화물,남,49세,상해없음
2016021900100265,2016년 2월 19일 14시,금요일,부산광역시 남구 용호동,경상사고,0,0,3,0,차대차 - 추돌,안전운전불이행,건조,맑음,단일로 - 기타,승용,남,66세,상해없음,원동기,남,60세,상해없음
2016021900100266,2016년 2월 19일 14시,금요일,부산광역시 부산진구 부전동,경상사고,0,0,1,0,차대차 - 측면충돌,기타,건조,맑음,단일로 - 기타,승용,남,57세,상해없음,이륜,남,34세,경상
2016021900100267,2016년 2월 19일 14시,금요일,부산광역시 부산진구 가야동,중상사고,0,1,0,0,차대사람 - 횡단중,보행자보호의무위반,건조,맑음,단일로 - 횡단보도상,승용,남,30세,상해없음,보행자,여,14세,중상
2016021900100268,2016년 2월 19일 14시,금요일,부산광역시 금정구 서동,중상사고,0,1,0,0,차대차 - 추돌,안전거리미확보,건조,맑음,교차로 - 교차로부근,승용,여,61세,기타불명,승합,남,35세,중상
2016021900100269,2016년 2월 19일 14시,금요일,부산광역시 사상구 주례동,중상사고,0,1,0,0,차대차 - 측면직각충돌,안전운전불이행,건조,맑음,단일로 - 기타,화물,남,51세,상해없음,승용,남,58세,중상
2016021900100358,2016년 2월 19일 17시,금요일,부산광역시 북구 구포동,중상사고,0,2,0,0,차대차 - 측면직각충돌,신호위반,건조,맑음,교차로 - 교차로안,이륜,남,54세,중상,승용,남,55세,상해없음
2016021900100359,2016년 2월 19일 17시,금요일,부산광역시 북구 화명동,경상사고,0,0,1,0,차량단독 - 기타,안전운전불이행,건조,맑음,미분류 - 미분류,승용,남,27세,경상,,,,
2016021900100360,2016년 2월 19일 17시,금요일,부산광역시 수영구 망미동,경상사고,0,0,1,0,차대사람 - 길가장자리구역통행중,안전운전불이행,건조,맑음,교차로 - 교차로안,승용,남,64세,상해없음,보행자,여,16세,경상
2016021900100361,2016년 2월 19일 17시,금요일,부산광역시 연제구 거제동,경상사고,0,0,1,0,차대차 - 측면직각충돌,차로위반,건조,맑음,교차로 - 교차로부근,원동기,남,16세,상해없음,자전거,남,11세,경상
2016021900100398,2016년 2월 19일 18시,금요일,부산광역시 중구 중앙동2가,경상사고,0,0,1,0,차대차 - 기타,교차로운행방법위반,건조,맑음,교차로 - 교차로안,승용,남,47세,상해없음,이륜,남,24세,경상
2016021900100399,2016년 2월 19일 18시,금요일,부산광역시 북구 화명동,경상사고,0,0,1,0,차대차 - 추돌,기타,건조,맑음,단일로 - 기타,승합,남,61세,상해없음,원동기,남,16세,경상
2016021900100400,2016년 2월 19일 18시,금요일,부산광역시 해운대구 반여동,중상사고,0,1,0,0,차대사람 - 횡단중,안전운전불이행,건조,맑음,교차로 - 교차로부근,승용,남,36세,상해없음,보행자,남,66세,중상
2016021900100401,2016년 2월 19일 18시,금요일,부산광역시 강서구 범방동,경상사고,0,0,2,0,차대차 - 추돌,안전거리미확보,건조,맑음,교차로 - 교차로부근,승합,남,53세,상해없음,승용,남,36세,경상
2016021900100443,2016년 2월 19일 19시,금요일,부산광역시 남구 대연동,경상사고,0,0,1,0,차대차 - 추돌,안전운전불이행,건조,맑음,단일로 - 기타,승용,남,53세,상해없음,승용,남,42세,경상
2016021900100444,2016년 2월 19일 19시,금요일,부산광역시 금정구 부곡동,경상사고,0,0,1,0,차대차 - 측면직각충돌,안전운전불이행,건조,맑음,기타 - 기타,화물,남,66세,상해없음,승용,여,36세,경상
2016021900100445,2016년 2월 19일 19시,금요일,부산광역시 사상구 주례동,경상사고,0,0,1,0,차대차 - 측면직각충돌,안전운전불이행,건조,맑음,교차로 - 교차로부근,승용,남,51세,상해없음,승용,남,49세,경상
2016021900100446,2016년 2월 19일 19시,금요일,부산광역시 기장군 장안읍,경상사고,0,0,2,0,차대차 - 추돌,안전운전불이행,건조,맑음,교차로 - 교차로부근,승용,남,24세,상해없음,승용,남,62세,상해없음
2016021900100487,2016년 2월 19일 20시,금요일,부산광역시 수영구 남천동,부상신고사고,0,0,0,1,차대사람 - 기타,안전운전불이행,건조,맑음,단일로 - 기타,승합,남,46세,상해없음,보행자,여,69세,부상신고
2016021900100488,2016년 2월 19일 20시,금요일,부산광역시 부산진구 개금동,중상사고,0,1,0,0,차대사람 - 횡단중,신호위반,건조,맑음,교차로 - 교차로부근,원동기,남,16세,상해없음,보행자,여,45세,중상
2016021900100489,2016년 2월 19일 20시,금요일,부산광역시 사하구 하단동,경상사고,0,0,1,0,차대차 - 기타,안전운전불이행,건조,맑음,교차로 - 교차로부근,화물,남,60세,상해없음,원동기,남,25세,경상
2016021900100490,2016년 2월 19일 20시,금요일,부산광역시 강서구 송정동,중상사고,0,1,0,0,차대차 - 측면직각충돌,교차로운행방법위반,건조,맑음,교차로 - 교차로안,승용,남,29세,상해없음,승용,남,46세,중상
2016021900100539,2016년 2월 19일 22시,금요일,부산광역시 북구 덕천동,경상사고,0,0,3,0,차대차 - 측면직각충돌,안전거리미확보,습기,비,단일로 - 기타,승용,여,51세,경상,승용,남,58세,경상
2016021900100540,2016년 2월 19일 22시,금요일,부산광역시 부산진구 부전동,중상사고,0,1,0,0,차대사람 - 기타,안전운전불이행,건조,맑음,단일로 - 기타,승용,남,33세,기타불명,보행자,남,50세,중상
2016021900100541,2016년 2월 19일 22시,금요일,부산광역시 연제구 연산동,경상사고,0,0,2,0,차대차 - 측면직각충돌,안전운전불이행,건조,맑음,교차로 - 교차로안,승용,남,51세,상해없음,승용,남,35세,경상
2016022000100006,2016년 2월 20일 00시,토요일,부산광역시 부산진구 부전동,경상사고,0,0,1,0,차대사람 - 횡단중,안전운전불이행,건조,맑음,단일로 - 기타,이륜,남,18세,상해없음,보행자,남,19세,경상
2016022000100007,2016년 2월 20일 00시,토요일,부산광역시 기장군 장안읍,경상사고,0,0,1,0,차대차 - 추돌,안전운전불이행,건조,맑음,교차로 - 교차로부근,승용,남,32세,상해없음,승용,여,60세,경상
2016022000100028,2016년 2월 20일 01시,토요일,부산광역시 부산진구 부전동,경상사고,0,0,1,0,차대차 - 측면직각충돌,중앙선침범,건조,맑음,단일로 - 기타,승용,남,22세,상해없음,승용,남,45세,경상
2016022000100052,2016년 2월 20일 02시,토요일,부산광역시 수영구 광안동,중상사고,0,1,0,0,차대사람 - 횡단중,안전운전불이행,건조,맑음,단일로 - 횡단보도상,승용,남,64세,상해없음,보행자,남,37세,중상
2016022000100071,2016년 2월 20일 03시,토요일,부산광역시 해운대구 우동,중상사고,0,1,2,0,차량단독 - 공작물충돌,안전운전불이행,건조,맑음,교차로 - 교차로부근,승용,남,57세,상해없음,,,,
2016022000100072,2016년 2월 20일 03시,토요일,부산광역시 사하구 다대동,경상사고,0,0,1,0,차대차 - 추돌,안전운전불이행,건조,기타,단일로 - 기타,승용,남,58세,경상,건설기계,남,46세,상해없음