사고번호,사고일시,요일,시군구,사고내용,사망자수,중상자수,경상자수,부상신고자수,사고유형,법규위반,노면상태,기상상태,도로형태,가해운전자 차종,가해운전자 성별,가해운전자 연령,가해운전자 상해정도,피해운전자 차종,피해운전자 성별,피해운전자 연령,피해운전자 상해정도
2016022000100084,2016년 2월 20일 04시,토요일,부산광역시 북구 만덕동,중상사고,0,1,0,0,차대차 - 정면충돌,중앙선침범,건조,맑음,단일로 - 기타,승용,여,30세,상해없음,승용,남,47세,중상
2016022000100096,2016년 2월 20일 05시,토요일,부산광역시 북구 화명동,중상사고,0,1,0,0,차대사람 - 기타,안전운전불이행,건조,맑음,단일로 - 교량,승용,남,30세,기타불명,보행자,남,54세,중상
2016022000100112,2016년 2월 20일 06시,토요일,부산광역시 해운대구 반여동,중상사고,0,1,0,0,차대사람 - 횡단중,안전운전불이행,습기,비,단일로 - 기타,승용,남,61세,상해없음,보행자,여,71세,중상
2016022000100131,2016년 2월 20일 07시,토요일,부산광역시 강서구 송정동,중상사고,0,1,0,0,차대차 - 추돌,안전거리미확보,건조,맑음,단일로 - 기타,승용,남,46세,상해없음,승용,남,56세,중상
2016022000100171,2016년 2월 20일 09시,토요일,부산광역시 강서구 송정동,경상사고,0,0,1,0,차대차 - 측면직각충돌,교차로운행방법위반,건조,맑음,교차로 - 교차로부근,화물,남,41세,상해없음,승용,남,45세,경상
2016022000100172,2016년 2월 20일 09시,토요일,부산광역시 사상구 학장동,중상사고,0,1,0,0,차대차 - 추돌,안전운전불이행,습기,비,교차로 - 교차로부근,승용,남,34세,상해없음,승용,남,28세,중상
2016022000100173,2016년 2월 20일 09시,토요일,부산광역시 사상구 주례동,경상사고,0,0,2,0,차대차 - 측면직각충돌,직진우회전진행방해,건조,맑음,교차로 - 교차로안,승용,남,36세,경상,승용,남,58세,경상
2016022000100174,2016년 2월 20일 09시,토요일,부산광역시 기장군 기장읍,경상사고,0,0,1,0,차대차 - 측면충돌,중앙선침범,건조,맑음,단일로 - 기타,승용,남,46세,상해없음,승용,남,44세,경상
2016022000100276,2016년 2월 20일 13시,토요일,부산광역시 남구 문현동,경상사고,0,0,1,0,차대차 - 측면충돌,안전운전불이행,건조,맑음,단일로 - 기타,이륜,남,76세,경상,승용,남,52세,상해없음
2016022000100277,2016년 2월 20일 13시,토요일,부산광역시 강서구 생곡동,경상사고,0,0,2,0,차대차 - 추돌,안전운전불이행,건조,맑음,교차로 - 교차로부근,화물,남,27세,상해없음,승합,남,64세,경상
2016022000100278,2016년 2월 20일 13시,토요일,부산광역시 사상구 주례동,경상사고,0,0,1,0,차대차 - 측면직각충돌,직진우회전진행방해,건조,맑음,교차로 - 교차로안,원동기,남,31세,경상,승용,남,52세,상해없음
2016022000100314,2016년 2월 20일 14시,토요일,부산광역시 남구 용당동,중상사고,0,1,0,0,차대차 - 측면직각충돌,차로위반,건조,맑음,단일로 - 기타,기타불명,기타불명,기타불명,기타불명,이륜,남,64세,중상
2016022000100315,2016년 2월 20일 14시,토요일,부산광역시 남구 대연동,경상사고,0,0,1,0,차대사람 - 길가장자리구역통행중,교차로운행방법위반,건조,맑음,교차로 - 교차로부근,승용,남,29세,상해없음,보행자,여,81세,경상
2016022000100316,2016년 2월 20일 14시,토요일,부산광역시 금정구 장전동,경상사고,0,0,1,0,차대차 - 측면직각충돌,직진우회전진행방해,건조,맑음,교차로 - 교차로안,승용,여,49세,상해없음,승용,여,31세,경상
2016022000100342,2016년 2월 20일 15시,토요일,부산광역시 동래구 명륜동,중상사고,0,3,2,1,차대사람 - 횡단중,신호위반,건조,맑음,단일로 - 횡단보도상,승용,여,45세,상해없음,보행자,남,64세,중상
2016022000100343,2016년 2월 20일 15시,토요일,부산광역시 사하구 장림동,부상신고사고,0,0,0,1,차대차 - 측면충돌,안전운전불이행,건조,맑음,단일로 - 기타,승용,남,52세,기타불명,원동기,남,17세,부상신고
2016022000100386,2016년 2월 20일 16시,토요일,부산광역시 남구 대연동,경상사고,0,0,1,0,차대사람 - 차도통행중,안전운전불이행,건조,맑음,단일로 - 기타,승용,여,39세,상해없음,보행자,여,57세,경상
2016022000100387,2016년 2월 20일 16시,토요일,부산광역시 동래구 명장동,중상사고,0,1,0,0,차대사람 - 차도통행중,안전운전불이행,건조,맑음,교차로 - 교차로부근,승용,남,57세,상해없음,보행자,여,8세,중상
2016022000100388,2016년 2월 20일 16시,토요일,부산광역시 부산진구 가야동,중상사고,0,1,0,0,차대차 - 측면충돌,교차로운행방법위반,건조,맑음,교차로 - 교차로안,승합,남,60세,상해없음,자전거,남,51세,중상
2016022000100448,2016년 2월 20일 18시,토요일,부산광역시 북구 금곡동,경상사고,0,0,1,0,차대차 - 측면직각충돌,교차로운행방법위반,건조,맑음,교차로 - 교차로부근,이륜,남,44세,상해없음,이륜,남,19세,경상
2016022000100449,2016년 2월 20일 18시,토요일,부산광역시 수영구 수영동,중상사고,0,1,0,0,차대사람 - 횡단중,보행자보호의무위반,습기,비,단일로 - 횡단보도상,화물,남,66세,상해없음,보행자,여,49세,중상
2016022000100486,2016년 2월 20일 19시,토요일,부산광역시 중구 남포동3가,경상사고,0,0,1,0,차대차 - 기타,안전운전불이행,건조,맑음,단일로 - 기타,승용,남,25세,상해없음,승합,남,43세,경상
2016022000100487,2016년 2월 20일 19시,토요일,부산광역시 수영구 민락동,중상사고,0,1,1,0,차대사람 - 차도통행중,안전운전불이행,건조,맑음,교차로 - 교차로안,승용,남,52세,상해없음,보행자,여,38세,중상
2016022000100488,2016년 2월 20일 19시,토요일,부산광역시 북구 화명동,경상사고,0,0,3,1,차대차 - 추돌,안전운전불이행,건조,맑음,단일로 - 기타,승용,남,65세,상해없음,승용,남,39세,경상
2016022000100526,2016년 2월 20일 20시,토요일,부산광역시 수영구 남천동,경상사고,0,0,1,0,차대차 - 기타,안전운전불이행,습기,비,교차로 - 교차로안,이륜,남,40세,경상,이륜,남,50세,상해없음
2016022000100527,2016년 2월 20일 20시,토요일,부산광역시 사하구 하단동,중상사고,0,1,1,0,차대차 - 추돌,안전운전불이행,건조,맑음,교차로 - 교차로부근,승용,남,48세,상해없음,승용,남,33세,경상
2016022000100528,2016년 2월 20일 20시,토요일,부산광역시 사상구 괘법동,중상사고,0,1,1,0,차대차 - 추돌,안전운전불이행,건조,맑음,교차로 - 교차로부근,승합,남,53세,상해없음,화물,남,44세,중상
2016022000100554,2016년 2월 20일 21시,토요일,부산광역시 사상구 학장동,중상사고,0,1,0,1,차대차 - 측면직각충돌,직진우회전진행방해,습기,흐림,교차로 - 교차로안,이륜,남,19세,부상신고,이륜,남,23세,중상
2016022000100578,2016년 2월 20일 22시,토요일,부산광역시 동래구 사직동,중상사고,0,1,0,0,차대차 - 측면충돌,신호위반,건조,맑음,교차로 - 교차로안,승용,남,27세,상해없음,이륜,남,56세,중상
2016022000100601,2016년 2월 20일 23시,토요일,부산광역시 북구 덕천동,중상사고,0,1,0,0,차대사람 - 기타,안전운전불이행,건조,맑음,단일로 - 기타,승용,여,48세,상해없음,보행자,여,48세,중상
2016022000100602,2016년 2월 20일 23시,토요일,부산광역시 사하구 하단동,중상사고,0,1,0,0,차대차 - 기타,안전운전불이행,건조,맑음,기타 - 기타,원동기,남,22세,중상,승용,남,58세,상해없음
2016022000100603,2016년 2월 20일 23시,토요일,부산광역시 사상구 괘법동,경상사고,0,0,1,0,차대사람 - 기타,안전운전불이행,건조,맑음,단일로 - 기타,승용,여,23세,상해없음,보행자,남,28세,경상
2016022100100006,2016년 2월 21일 00시,일요일,부산광역시 수영구 망미동,경상사고,0,0,1,0,차대차 - 측면충돌,신호위반,건조,맑음,교차로 - 교차로안,승용,남,55세,상해없음,승용,남,47세,상해없음
2016022100100048,2016년 2월 21일 03시,일요일,부산광역시 사하구 괴정동,부상신고사고,0,0,0,1,차대차 - 기타,교차로운행방법위반,건조,맑음,교차로 - 교차로부근,승용,남,67세,상해없음,승용,남,25세,상해없음
2016022100100123,2016년 2월 21일 10시,일요일,부산광역시 동래구 사직동,경상사고,0,0,1,0,차대차 - 측면직각충돌,신호위반,건조,맑음,단일로 - 기타,승용,남,54세,상해없음,승용,여,39세,경상
2016022100100124,2016년 2월 21일 10시,일요일,부산광역시 해운대구 재송동,중상사고,0,1,0,0,차대사람 - 보도통행중,안전운전불이행,건조,맑음,단일로 - 기타,승용,남,32세,상해없음,보행자,남,45세,중상
2016022100100125,2016년 2월 21일 10시,일요일,부산광역시 부산진구 당감동,부상신고사고,0,0,0,2,차대차 - 추돌,안전거리미확보,건조,맑음,단일로 - 기타,승용,남,33세,상해없음,승용,여,50세,부상신고
2016022100100145,2016년 2월 21일 11시,일요일,부산광역시 북구 화명동,경상사고,0,0,1,0,차대사람 - 횡단중,보행자보호의무위반,건조,맑음,단일로 - 기타,화물,여,49세,상해없음,보행자,남,54세,경상
2016022100100146,2016년 2월 21일 11시,일요일,부산광역시 동래구 명장동,경상사고,0,0,1,0,차대차 - 추돌,안전운전불이행,건조,맑음,교차로 - 교차로부근,승용,남,35세,상해없음,승용,여,41세,경상
2016022100100187,2016년 2월 21일 13시,일요일,부산광역시 동구 좌천동,중상사고,0,1,1,0,차대차 - 기타,안전운전불이행,건조,맑음,교차로 - 교차로부근,승용,남,62세,상해없음,승용,남,59세,경상
2016022100100188,2016년 2월 21일 13시,일요일,부산광역시 서구 남부민동,경상사고,0,0,2,0,차대차 - 측면직각충돌,직진우회전진행방해,건조,맑음,교차로 - 교차로안,승용,남,67세,상해없음,승용,남,36세,경상
2016022100100189,2016년 2월 21일 13시,일요일,부산광역시 수영구 망미동,경상사고,0,0,1,0,차대차 - 측면직각충돌,안전거리미확보,건조,맑음,단일로 - 기타,승용,남,34세,상해없음,승용,여,51세,경상
2016022100100214,2016년 2월 21일 14시,일요일,부산광역시 기장군 기장읍,경상사고,0,0,1,0,차대사람 - 기타,교차로운행방법위반,건조,맑음,교차로 - 교차로안,승용,남,38세,상해없음,보행자,남,74세,경상
2016022100100238,2016년 2월 21일 15시,일요일,부산광역시 남구 감만동,경상사고,0,0,1,0,차대차 - 측면직각충돌,안전거리미확보,건조,맑음,단일로 - 기타,승용,남,54세,상해없음,승용,여,35세,경상
2016022100100268,2016년 2월 21일 16시,일요일,부산광역시 서구 아미동2가,경상사고,0,0,1,0,차대사람 - 길가장자리구역통행중,안전운전불이행,건조,맑음,단일로 - 기타,승용,남,33세,상해없음,보행자,여,68세,경상
2016022100100269,2016년 2월 21일 16시,일요일,부산광역시 부산진구 당감동,중상사고,0,1,0,0,차대차 - 측면충돌,안전운전불이행,기타,맑음,기타 - 기타,승용,남,47세,상해없음,승합,남,56세,중상
2016022100100291,2016년 2월 21일 17시,일요일,부산광역시 금정구 구서동,경상사고,0,0,1,0,차대차 - 추돌,안전거리미확보,건조,맑음,단일로 - 횡단보도부근,승용,남,64세,상해없음,승용,남,38세,경상
2016022100100292,2016년 2월 21일 17시,일요일,부산광역시 수영구 망미동,경상사고,0,0,1,0,차대사람 - 차도통행중,안전운전불이행,건조,맑음,교차로 - 교차로안,승용,남,55세,상해없음,보행자,남,46세,경상
2016022100100323,2016년 2월 21일 18시,일요일,부산광역시 부산진구 당감동,경상사고,0,0,2,0,차대차 - 추돌,안전거리미확보,건조,맑음,교차로 - 교차로부근,승용,남,55세,상해없음,승용,남,31세,경상
2016022100100324,2016년 2월 21일 18시,일요일,부산광역시 사상구 감전동,경상사고,0,0,2,0,차대차 - 추돌,안전운전불이행,건조,맑음,단일로 - 기타,승용,남,29세,상해없음,승용,남,38세,경상
2016022100100352,2016년 2월 21일 19시,일요일,부산광역시 남구 대연동,경상사고,0,0,1,0,차대차 - 측면직각충돌,안전운전불이행,건조,맑음,단일로 - 기타,승용,남,62세,상해없음,이륜,남,22세,경상
2016022100100353,2016년 2월 21일 19시,일요일,부산광역시 해운대구 재송동,경상사고,0,0,1,0,차대차 - 추돌,안전운전불이행,건조,맑음,단일로 - 기타,승용,남,59세,상해없음,승용,남,56세,경상
2016022100100354,2016년 2월 21일 19시,일요일,부산광역시 부산진구 부암동,경상사고,0,0,1,0,차대차 - 측면충돌,차로위반,건조,맑음,단일로 - 기타,승용,여,56세,상해없음,원동기,남,21세,경상
2016022100100355,2016년 2월 21일 19시,일요일,부산광역시 부산진구 개금동,경상사고,0,0,2,0,차대차 - 측면직각충돌,안전운전불이행,건조,맑음,단일로 - 기타,승용,남,25세,상해없음,승용,여,53세,경상
2016022100100376,2016년 2월 21일 20시,일요일,부산광역시 해운대구 재송동,경상사고,0,0,1,0,차대사람 - 기타,안전운전불이행,건조,맑음,단일로 - 기타,승용,남,35세,기타불명,보행자,여,63세,경상
2016022100100377,2016년 2월 21일 20시,일요일,부산광역시 부산진구 부전동,중상사고,0,1,1,2,차대차 - 추돌,안전운전불이행,건조,맑음,단일로 - 기타,승용,남,44세,상해없음,승용,남,31세,경상
2016022100100407,2016년 2월 21일 21시,일요일,부산광역시 북구 화명동,경상사고,0,0,1,0,차대차 - 측면직각충돌,안전운전불이행,건조,맑음,단일로 - 기타,승용,남,37세,상해없음,원동기,남,16세,경상
2016022100100408,2016년 2월 21일 21시,일요일,부산광역시 기장군 기장읍,경상사고,0,0,1,0,차대차 - 측면충돌,신호위반,건조,맑음,교차로 - 교차로안,이륜,남,61세,경상,승용,남,59세,상해없음
2016022100100430,2016년 2월 21일 22시,일요일,부산광역시 수영구 남천동,경상사고,0,0,2,0,차대차 - 추돌,안전운전불이행,건조,맑음,단일로 - 기타,승용,남,23세,상해없음,승용,남,55세,경상
2016022100100431,2016년 2월 21일 22시,일요일,부산광역시 북구 구포동,중상사고,0,1,0,0,차대사람 - 횡단중,보행자보호의무위반,건조,맑음,단일로 - 기타,승용,남,30세,상해없음,보행자,여,50세,중상
2016022100100432,2016년 2월 21일 22시,일요일,부산광역시 동래구 명장동,경상사고,0,0,2,0,차대차 - 측면직각충돌,신호위반,건조,맑음,교차로 - 교차로안,승용,여,46세,상해없음,승용,남,53세,경상
2016022100100452,2016년 2월 21일 23시,일요일,부산광역시 해운대구 우동,경상사고,0,0,1,0,차대차 - 기타,기타,건조,맑음,교차로 - 교차로부근,승용,남,31세,상해없음,승용,남,55세,경상
2016022100100453,2016년 2월 21일 23시,일요일,부산광역시 부산진구 양정동,중상사고,0,2,1,0,차대차 - 측면직각충돌,과속,건조,맑음,단일로 - 기타,승용,남,59세,중상,승용,여,34세,상해없음
2016022200100003,2016년 2월 22일 00시,월요일,부산광역시 중구 남포동5가,경상사고,0,0,1,0,차대차 - 측면충돌,신호위반,건조,맑음,단일로 - 기타,이륜,남,40세,경상,승용,남,50세,상해없음
2016022200100014,2016년 2월 22일 02시,월요일,부산광역시 강서구 송정동,중상사고,0,2,0,0,차대차 - 측면직각충돌,신호위반,건조,맑음,교차로 - 교차로안,승용,남,33세,상해없음,승용,남,19세,중상
2016022200100031,2016년 2월 22일 05시,월요일,부산광역시 해운대구 반여동,경상사고,0,0,1,0,차대차 - 기타,교차로운행방법위반,건조,맑음,교차로 - 교차로안,화물,남,35세,상해없음,이륜,남,53세,경상
2016022200100059,2016년 2월 22일 07시,월요일,부산광역시 해운대구 우동,부상신고사고,0,0,0,1,차대차 - 측면직각충돌,안전운전불이행,건조,맑음,교차로 - 교차로부근,승용,여,56세,부상신고,승합,남,49세,상해없음
2016022200100074,2016년 2월 22일 08시,월요일,부산광역시 해운대구 반송동,경상사고,0,0,1,0,차대차 - 추돌,안전운전불이행,건조,맑음,단일로 - 기타,승용,남,24세,상해없음,승용,남,46세,경상
2016022200100075,2016년 2월 22일 08시,월요일,부산광역시 부산진구 양정동,경상사고,0,0,1,0,차대사람 - 횡단중,안전운전불이행,건조,맑음,단일로 - 기타,승용,남,67세,상해없음,보행자,여,79세,경상
2016022200100076,2016년 2월 22일 08시,월요일,부산광역시 사하구 하단동,중상사고,0,1,0,0,차대차 - 기타,신호위반,건조,맑음,교차로 - 교차로안,승용,남,31세,상해없음,승용,남,63세,중상
2016022200100104,2016년 2월 22일 09시,월요일,부산광역시 동래구 사직동,중상사고,0,1,0,0,차대차 - 측면충돌,신호위반,건조,맑음,교차로 - 교차로안,자전거,남,67세,중상,승용,남,40세,상해없음
2016022200100130,2016년 2월 22일 10시,월요일,부산광역시 기장군 정관읍,경상사고,0,0,1,0,차대차 - 기타,기타,건조,맑음,단일로 - 터널,화물,남,58세,상해없음,승합,남,42세,경상
2016022200100131,2016년 2월 22일 10시,월요일,부산광역시 기장군 정관읍,경상사고,0,0,1,0,차대차 - 측면직각충돌,교차로운행방법위반,건조,맑음,교차로 - 교차로안,승용,여,34세,상해없음,승용,남,69세,경상
2016022200100166,2016년 2월 22일 12시,월요일,부산광역시 남구 대연동,경상사고,0,0,1,0,차대사람 - 기타,안전운전불이행,건조,맑음,단일로 - 기타,승용,남,72세,상해없음,보행자,남,54세,경상
2016022200100167,2016년 2월 22일 12시,월요일,부산광역시 부산진구 개금동,경상사고,0,0,1,0,차대차 - 추돌,안전운전불이행,건조,맑음,단일로 - 기타,화물,남,64세,상해없음,승용,여,41세,경상
2016022200100188,2016년 2월 22일 13시,월요일,부산광역시 북구 구포동,경상사고,0,0,1,0,차대차 - 기타,직진우회전진행방해,건조,맑음,교차로 - 교차로안,승용,남,21세,상해없음,원동기,남,23세,경상
2016022200100189,2016년 2월 22일 13시,월요일,부산광역시 해운대구 반여동,중상사고,0,1,0,0,차대사람 - 길가장자리구역통행중,안전운전불이행,건조,맑음,교차로 - 교차로안,승용,여,49세,상해없음,보행자,여,73세,중상
2016022200100190,2016년 2월 22일 13시,월요일,부산광역시 사하구 다대동,경상사고,0,0,1,0,차대차 - 추돌,교차로운행방법위반,건조,맑음,교차로 - 교차로안,승용,여,50세,상해없음,승용,남,63세,경상
2016022200100213,2016년 2월 22일 14시,월요일,부산광역시 영도구 남항동1가,경상사고,0,0,1,0,차대차 - 측면직각충돌,교차로운행방법위반,건조,맑음,교차로 - 교차로안,이륜,남,69세,상해없음,이륜,남,52세,경상
2016022200100214,2016년 2월 22일 14시,월요일,부산광역시 수영구 망미동,중상사고,0,1,0,0,차대차 - 측면직각충돌,교차로운행방법위반,건조,맑음,교차로 - 교차로안,승용,남,31세,상해없음,승용,여,56세,중상
2016022200100236,2016년 2월 22일 15시,월요일,부산광역시 부산진구 부암동,중상사고,0,1,0,0,차대사람 - 횡단중,안전운전불이행,건조,맑음,단일로 - 횡단보도부근,화물,남,44세,상해없음,보행자,여,63세,중상
2016022200100260,2016년 2월 22일 16시,월요일,부산광역시 연제구 연산동,부상신고사고,0,0,0,1,차대차 - 추돌,안전운전불이행,건조,맑음,단일로 - 기타,화물,남,44세,상해없음,이륜,남,20세,부상신고
2016022200100286,2016년 2월 22일 17시,월요일,부산광역시 서구 토성동1가,중상사고,0,1,0,0,차대사람 - 횡단중,보행자보호의무위반,습기,흐림,단일로 - 횡단보도상,승용,여,46세,상해없음,보행자,남,52세,중상
2016022200100308,2016년 2월 22일 18시,월요일,부산광역시 북구 구포동,중상사고,0,1,0,0,차대사람 - 기타,안전운전불이행,건조,맑음,단일로 - 기타,승합,남,40세,상해없음,보행자,여,63세,중상
2016022200100309,2016년 2월 22일 18시,월요일,부산광역시 북구 화명동,경상사고,0,0,1,0,차대차 - 추돌,안전운전불이행,건조,맑음,교차로 - 교차로부근,승용,남,61세,상해없음,승용,여,47세,경상
2016022200100310,2016년 2월 22일 18시,월요일,부산광역시 동래구 명륜동,경상사고,0,0,1,0,차대차 - 측면충돌,교차로운행방법위반,건조,맑음,교차로 - 교차로안,승용,남,62세,상해없음,승용,남,33세,경상
2016022200100311,2016년 2월 22일 18시,월요일,부산광역시 금정구 부곡동,경상사고,0,0,1,0,차대차 - 정면충돌,중앙선침범,건조,맑음,교차로 - 교차로부근,승용,남,64세,상해없음,원동기,남,19세,경상
2016022200100350,2016년 2월 22일 19시,월요일,부산광역시 동구 초량동,부상신고사고,0,0,0,1,차대차 - 측면직각충돌,불법유턴,건조,맑음,교차로 - 교차로부근,특수,남,49세,상해없음,원동기,남,20세,부상신고
2016022200100351,2016년 2월 22일 19시,월요일,부산광역시 동래구 사직동,중상사고,0,1,0,0,차량단독 - 기타,안전운전불이행,건조,맑음,단일로 - 기타,승합,남,32세,기타불명,,,,
2016022200100386,2016년 2월 22일 20시,월요일,부산광역시 남구 대연동,경상사고,0,0,1,0,차대사람 - 기타,안전운전불이행,건조,맑음,교차로 - 교차로부근,승용,여,39세,상해없음,보행자,남,12세,경상
2016022200100387,2016년 2월 22일 20시,월요일,부산광역시 동래구 낙민동,경상사고,0,0,1,0,차대차 - 측면직각충돌,중앙선침범,건조,맑음,교차로 - 교차로안,승용,남,67세,상해없음,승용,남,29세,경상
2016022200100388,2016년 2월 22일 20시,월요일,부산광역시 사하구 당리동,경상사고,0,0,1,0,차대차 - 측면직각충돌,안전거리미확보,건조,맑음,단일로 - 기타,승용,기타불명,기타불명,기타불명,화물,여,51세,경상
2016022200100405,2016년 2월 22일 21시,월요일,부산광역시 사하구 다대동,경상사고,0,0,1,0,차대차 - 측면직각충돌,안전운전불이행,건조,맑음,단일로 - 기타,승용,여,45세,상해없음,이륜,남,17세,경상
2016022200100418,2016년 2월 22일 22시,월요일,부산광역시 영도구 남항동1가,경상사고,0,0,1,0,차대차 - 추돌,안전운전불이행,건조,맑음,교차로 - 교차로안,승용,남,50세,상해없음,승용,남,45세,경상
2016022200100443,2016년 2월 22일 23시,월요일,부산광역시 기장군 정관읍,부상신고사고,0,0,0,1,차대차 - 기타,안전운전불이행,건조,맑음,교차로 - 교차로부근,기타불명,남,16세,기타불명,승용,남,58세,부상신고
2016022300100006,2016년 2월 23일 00시,화요일,부산광역시 부산진구 부전동,경상사고,0,0,1,0,차대차 - 측면충돌,신호위반,건조,맑음,교차로 - 교차로안,승용,남,67세,상해없음,이륜,남,21세,경상
2016022300100050,2016년 2월 23일 05시,화요일,부산광역시 부산진구 가야동,경상사고,0,0,1,0,차대사람 - 기타,안전운전불이행,건조,맑음,단일로 - 기타,승용,남,58세,상해없음,보행자,남,45세,경상
2016022300100062,2016년 2월 23일 06시,화요일,부산광역시 남구 대연동,중상사고,0,1,0,0,차대사람 - 횡단중,보행자보호의무위반,건조,맑음,단일로 - 기타,승용,남,48세,상해없음,보행자,남,71세,중상
2016022300100110,2016년 2월 23일 08시,화요일,부산광역시 북구 금곡동,중상사고,0,1,0,0,차대사람 - 횡단중,안전운전불이행,건조,맑음,단일로 - 기타,승용,남,57세,상해없음,보행자,여,62세,중상
2016022300100135,2016년 2월 23일 09시,화요일,부산광역시 부산진구 부전동,경상사고,0,0,1,0,차대차 - 측면충돌,기타,건조,맑음,단일로 - 기타,승용,남,58세,상해없음,이륜,남,26세,경상
2016022300100202,2016년 2월 23일 12시,화요일,부산광역시 동래구 온천동,중상사고,0,1,0,0,차대차 - 측면충돌,안전운전불이행,건조,맑음,단일로 - 기타,화물,남,46세,상해없음,이륜,남,47세,중상
2016022300100266,2016년 2월 23일 14시,화요일,부산광역시 서구 동대신동3가,경상사고,0,0,1,0,차대사람 - 횡단중,신호위반,건조,맑음,단일로 - 횡단보도상,승용,남,57세,상해없음,보행자,남,5세,경상
2016022300100267,2016년 2월 23일 14시,화요일,부산광역시 부산진구 개금동,부상신고사고,0,0,0,1,차대사람 - 횡단중,안전운전불이행,건조,맑음,단일로 - 기타,화물,남,43세,상해없음,보행자,여,66세,부상신고
2016022300100268,2016년 2월 23일 14시,화요일,부산광역시 사상구 모라동,경상사고,0,0,3,0,차대차 - 추돌,안전운전불이행,건조,맑음,단일로 - 기타,승용,남,77세,상해없음,승용,남,43세,경상
2016022300100269,2016년 2월 23일 14시,화요일,부산광역시 사상구 삼락동,경상사고,0,0,1,0,차대사람 - 횡단중,안전운전불이행,건조,맑음,교차로 - 교차로안,승용,여,48세,상해없음,보행자,여,43세,경상
2016022300100287,2016년 2월 23일 15시,화요일,부산광역시 강서구 구랑동,중상사고,0,2,0,0,차대차 - 추돌,교차로운행방법위반,건조,맑음,교차로 - 교차로부근,승용,남,65세,상해없음,승용,남,33세,중상
2016022300100288,2016년 2월 23일 15시,화요일,부산광역시 강서구 대저1동,경상사고,0,0,1,0,차대차 - 기타,신호위반,건조,맑음,교차로 - 교차로부근,승용,남,41세,상해없음,승용,여,40세,경상
2016022300100289,2016년 2월 23일 15시,화요일,부산광역시 기장군 기장읍,부상신고사고,0,0,0,1,차대차 - 측면충돌,안전운전불이행,건조,맑음,단일로 - 기타,자전거,남,79세,부상신고,승용,여,55세,상해없음
2016022300100315,2016년 2월 23일 16시,화요일,부산광역시 남구 대연동,경상사고,0,0,2,0,차대차 - 추돌,안전거리미확보,건조,맑음,교차로 - 교차로안,승용,남,60세,상해없음,승용,여,38세,경상
2016022300100316,2016년 2월 23일 16시,화요일,부산광역시 북구 구포동,경상사고,0,0,1,0,차대차 - 기타,차로위반,건조,맑음,교차로 - 교차로부근,승용,남,79세,상해없음,승합,남,60세,상해없음
2016022300100317,2016년 2월 23일 16시,화요일,부산광역시 영도구 봉래동1가,경상사고,0,0,1,0,차대차 - 측면직각충돌,안전운전불이행,건조,맑음,교차로 - 교차로부근,이륜,남,18세,상해없음,화물,남,31세,경상
2016022300100318,2016년 2월 23일 16시,화요일,부산광역시 부산진구 부전동,경상사고,0,0,1,0,차대차 - 기타,안전운전불이행,건조,맑음,단일로 - 기타,이륜,남,19세,경상,승용,남,62세,상해없음
2016022300100319,2016년 2월 23일 16시,화요일,부산광역시 사상구 괘법동,중상사고,0,1,0,0,차대사람 - 기타,안전운전불이행,건조,맑음,교차로 - 교차로부근,특수,남,42세,상해없음,보행자,여,58세,중상
2016022300100320,2016년 2월 23일 16시,화요일,부산광역시 사상구 덕포동,경상사고,0,0,1,0,차대차 - 측면직각충돌,안전운전불이행,건조,맑음,교차로 - 교차로안,승용,여,60세,상해없음,승용,남,75세,상해없음
2016022300100350,2016년 2월 23일 17시,화요일,부산광역시 남구 대연동,경상사고,0,0,1,0,차대차 - 측면직각충돌,안전거리미확보,건조,맑음,단일로 - 기타,승용,남,22세,상해없음,원동기,남,42세,경상
2016022300100351,2016년 2월 23일 17시,화요일,부산광역시 동래구 안락동,경상사고,0,0,1,0,차대사람 - 보도통행중,보행자보호의무위반,건조,맑음,교차로 - 교차로부근,화물,남,39세,상해없음,보행자,남,1세,경상
2016022300100352,2016년 2월 23일 17시,화요일,부산광역시 부산진구 범천동,경상사고,0,0,1,0,차대차 - 기타,중앙선침범,건조,맑음,단일로 - 기타,자전거,남,57세,경상,승용,여,46세,상해없음
2016022300100379,2016년 2월 23일 18시,화요일,부산광역시 사상구 감전동,경상사고,0,0,1,0,차량단독 - 기타,안전운전불이행,건조,맑음,단일로 - 기타,승합,남,53세,상해없음,,,,
2016022300100411,2016년 2월 23일 19시,화요일,부산광역시 남구 용당동,경상사고,0,0,2,0,차대차 - 측면직각충돌,중앙선침범,건조,맑음,단일로 - 기타,승용,남,78세,상해없음,승용,남,26세,경상
2016022300100412,2016년 2월 23일 19시,화요일,부산광역시 해운대구 반여동,경상사고,0,0,1,0,차대차 - 측면직각충돌,안전거리미확보,건조,맑음,교차로 - 교차로부근,승용,여,20세,상해없음,승용,남,28세,경상
2016022300100443,2016년 2월 23일 20시,화요일,부산광역시 동래구 온천동,경상사고,0,0,1,0,차대차 - 측면직각충돌,안전운전불이행,건조,맑음,교차로 - 교차로안,승용,남,27세,상해없음,승용,여,61세,경상
2016022300100464,2016년 2월 23일 21시,화요일,부산광역시 서구 암남동,중상사고,0,1,0,0,차대차 - 측면직각충돌,신호위반,건조,맑음,교차로 - 교차로안,이륜,남,52세,중상,승용,여,52세,상해없음