사고번호,사고일시,요일,시군구,사고내용,사망자수,중상자수,경상자수,부상신고자수,사고유형,법규위반,노면상태,기상상태,도로형태,가해운전자 차종,가해운전자 성별,가해운전자 연령,가해운전자 상해정도,피해운전자 차종,피해운전자 성별,피해운전자 연령,피해운전자 상해정도
2016022300100465,2016년 2월 23일 21시,화요일,부산광역시 동래구 수안동,중상사고,0,1,0,0,차대차 - 추돌,안전운전불이행,건조,맑음,단일로 - 횡단보도상,승용,남,41세,상해없음,자전거,남,19세,중상
2016022300100466,2016년 2월 23일 21시,화요일,부산광역시 기장군 정관읍,부상신고사고,0,0,0,1,차대차 - 측면충돌,신호위반,건조,맑음,단일로 - 기타,이륜,남,35세,부상신고,승용,여,32세,상해없음
2016022300100514,2016년 2월 23일 23시,화요일,부산광역시 남구 대연동,사망사고,1,1,0,0,차대차 - 정면충돌,중앙선침범,건조,맑음,단일로 - 기타,승용,남,48세,사망,승용,남,27세,중상
2016022300100515,2016년 2월 23일 23시,화요일,부산광역시 금정구 부곡동,경상사고,0,0,1,0,차대차 - 측면직각충돌,교차로운행방법위반,건조,맑음,교차로 - 교차로안,자전거,남,17세,경상,승용,남,58세,상해없음
2016022400100005,2016년 2월 24일 00시,수요일,부산광역시 북구 만덕동,부상신고사고,0,0,0,1,차대사람 - 횡단중,신호위반,건조,맑음,단일로 - 기타,승용,남,68세,상해없음,보행자,남,26세,부상신고
2016022400100020,2016년 2월 24일 01시,수요일,부산광역시 해운대구 중동,중상사고,0,1,0,0,차대사람 - 횡단중,안전운전불이행,기타,맑음,단일로 - 기타,승용,남,56세,상해없음,보행자,남,35세,중상
2016022400100036,2016년 2월 24일 03시,수요일,부산광역시 수영구 민락동,경상사고,0,0,2,0,차대차 - 측면직각충돌,안전운전불이행,건조,맑음,교차로 - 교차로부근,승용,남,34세,경상,이륜,남,36세,기타불명
2016022400100037,2016년 2월 24일 03시,수요일,부산광역시 해운대구 좌동,경상사고,0,0,1,0,차대차 - 기타,안전운전불이행,건조,맑음,교차로 - 교차로부근,승용,남,61세,상해없음,기타불명,기타불명,기타불명,기타불명
2016022400100040,2016년 2월 24일 04시,수요일,부산광역시 동래구 온천동,경상사고,0,0,1,0,차대사람 - 차도통행중,안전운전불이행,건조,맑음,교차로 - 교차로안,이륜,남,90세 이상,기타불명,보행자,여,69세,경상
2016022400100048,2016년 2월 24일 05시,수요일,부산광역시 연제구 연산동,경상사고,0,0,2,0,차대차 - 추돌,중앙선침범,건조,맑음,단일로 - 기타,승용,남,66세,상해없음,승용,남,55세,경상
2016022400100097,2016년 2월 24일 08시,수요일,부산광역시 연제구 연산동,경상사고,0,0,2,0,차대차 - 측면직각충돌,안전거리미확보,건조,맑음,단일로 - 기타,승용,남,65세,상해없음,승용,남,69세,경상
2016022400100128,2016년 2월 24일 09시,수요일,부산광역시 남구 대연동,중상사고,0,1,0,0,차대사람 - 기타,안전운전불이행,건조,맑음,단일로 - 기타,승용,남,68세,상해없음,보행자,여,88세,중상
2016022400100162,2016년 2월 24일 10시,수요일,부산광역시 기장군 기장읍,경상사고,0,0,1,0,차대차 - 추돌,안전운전불이행,건조,맑음,단일로 - 기타,승용,남,72세,상해없음,승용,여,45세,경상
2016022400100191,2016년 2월 24일 11시,수요일,부산광역시 부산진구 양정동,중상사고,0,1,0,0,차대차 - 측면충돌,안전거리미확보,건조,맑음,단일로 - 기타,승용,여,53세,상해없음,승용,여,58세,중상
2016022400100192,2016년 2월 24일 11시,수요일,부산광역시 금정구 구서동,부상신고사고,0,0,0,1,차량단독 - 전도전복,안전운전불이행,건조,맑음,단일로 - 기타,이륜,남,29세,부상신고,,,,
2016022400100193,2016년 2월 24일 11시,수요일,부산광역시 기장군 정관읍,경상사고,0,0,1,0,차대차 - 측면직각충돌,직진우회전진행방해,건조,맑음,교차로 - 교차로안,승용,여,44세,상해없음,승용,남,22세,경상
2016022400100223,2016년 2월 24일 12시,수요일,부산광역시 해운대구 반여동,경상사고,0,0,1,0,차대차 - 기타,교차로운행방법위반,건조,맑음,교차로 - 교차로안,승용,남,74세,상해없음,승용,여,51세,경상
2016022400100224,2016년 2월 24일 12시,수요일,부산광역시 강서구 명지동,경상사고,0,0,1,0,차대차 - 추돌,안전운전불이행,건조,맑음,교차로 - 교차로안,화물,남,57세,상해없음,승용,남,33세,상해없음
2016022400100246,2016년 2월 24일 13시,수요일,부산광역시 영도구 남항동1가,경상사고,0,0,1,0,차대차 - 기타,안전운전불이행,건조,맑음,단일로 - 기타,화물,남,60세,상해없음,자전거,남,23세,경상
2016022400100247,2016년 2월 24일 13시,수요일,부산광역시 강서구 명지동,중상사고,0,1,0,0,차대차 - 기타,안전운전불이행,건조,맑음,단일로 - 기타,승용,남,55세,상해없음,자전거,남,13세,중상
2016022400100248,2016년 2월 24일 13시,수요일,부산광역시 사상구 주례동,중상사고,0,1,0,0,차대사람 - 길가장자리구역통행중,안전운전불이행,건조,맑음,단일로 - 기타,승용,기타불명,90세 이상,기타불명,보행자,여,75세,중상
2016022400100273,2016년 2월 24일 14시,수요일,부산광역시 해운대구 좌동,중상사고,0,1,0,0,차대사람 - 기타,안전운전불이행,건조,맑음,교차로 - 교차로부근,승용,남,46세,상해없음,보행자,남,79세,중상
2016022400100274,2016년 2월 24일 14시,수요일,부산광역시 수영구 망미동,경상사고,0,0,1,0,차대차 - 측면직각충돌,안전운전불이행,건조,맑음,단일로 - 기타,원동기,남,19세,상해없음,승용,여,62세,경상
2016022400100310,2016년 2월 24일 15시,수요일,부산광역시 중구 보수동1가,중상사고,0,1,0,0,차대차 - 측면직각충돌,안전운전불이행,건조,맑음,교차로 - 교차로안,원동기,남,77세,상해없음,원동기,남,69세,중상
2016022400100311,2016년 2월 24일 15시,수요일,부산광역시 강서구 녹산동,경상사고,0,0,1,0,차대차 - 측면직각충돌,안전거리미확보,건조,맑음,단일로 - 기타,화물,남,52세,상해없음,승용,남,37세,경상
2016022400100338,2016년 2월 24일 16시,수요일,부산광역시 남구 대연동,중상사고,0,1,0,0,차대차 - 측면직각충돌,교차로운행방법위반,건조,맑음,교차로 - 교차로부근,승용,남,69세,상해없음,원동기,남,32세,중상
2016022400100339,2016년 2월 24일 16시,수요일,부산광역시 동래구 사직동,경상사고,0,0,1,0,차대차 - 추돌,안전운전불이행,건조,맑음,교차로 - 교차로부근,승용,남,52세,상해없음,승용,여,40세,경상
2016022400100377,2016년 2월 24일 17시,수요일,부산광역시 사하구 신평동,중상사고,0,1,1,0,차대차 - 기타,신호위반,건조,맑음,교차로 - 교차로안,승용,남,18세,상해없음,승용,남,54세,경상
2016022400100378,2016년 2월 24일 17시,수요일,부산광역시 기장군 정관읍,경상사고,0,0,1,0,차대차 - 기타,교차로운행방법위반,건조,맑음,교차로 - 교차로안,화물,남,56세,상해없음,이륜,남,45세,경상
2016022400100411,2016년 2월 24일 18시,수요일,부산광역시 남구 대연동,중상사고,0,1,0,0,차대사람 - 기타,안전운전불이행,건조,맑음,단일로 - 기타,승용,남,40세,상해없음,보행자,남,73세,중상
2016022400100412,2016년 2월 24일 18시,수요일,부산광역시 연제구 연산동,중상사고,0,1,0,0,차대차 - 측면충돌,중앙선침범,건조,맑음,단일로 - 기타,자전거,남,26세,중상,원동기,남,43세,상해없음
2016022400100413,2016년 2월 24일 18시,수요일,부산광역시 연제구 연산동,경상사고,0,0,1,0,차대사람 - 기타,안전운전불이행,건조,맑음,단일로 - 기타,승용,남,59세,상해없음,보행자,여,57세,경상
2016022400100449,2016년 2월 24일 19시,수요일,부산광역시 북구 구포동,경상사고,0,0,2,1,차대차 - 추돌,안전운전불이행,건조,맑음,단일로 - 기타,승용,남,29세,상해없음,승용,남,60세,경상
2016022400100450,2016년 2월 24일 19시,수요일,부산광역시 북구 금곡동,경상사고,0,0,1,0,차대차 - 측면직각충돌,안전운전불이행,건조,맑음,단일로 - 기타,승용,여,41세,상해없음,승용,남,54세,경상
2016022400100484,2016년 2월 24일 20시,수요일,부산광역시 사하구 다대동,경상사고,0,0,1,0,차대차 - 측면직각충돌,교차로운행방법위반,건조,맑음,교차로 - 교차로안,승용,남,50세,상해없음,화물,남,34세,경상
2016022400100538,2016년 2월 24일 22시,수요일,부산광역시 부산진구 부전동,경상사고,0,0,1,0,차대사람 - 기타,안전운전불이행,건조,맑음,단일로 - 기타,승용,남,21세,기타불명,보행자,여,27세,경상
2016022400100568,2016년 2월 24일 23시,수요일,부산광역시 수영구 망미동,경상사고,0,0,1,0,차대차 - 정면충돌,중앙선침범,건조,맑음,교차로 - 교차로부근,자전거,남,24세,경상,원동기,남,37세,상해없음
2016022500100009,2016년 2월 25일 00시,목요일,부산광역시 동래구 온천동,경상사고,0,0,1,0,차대사람 - 기타,안전운전불이행,건조,맑음,단일로 - 기타,승용,남,49세,기타불명,보행자,남,45세,경상
2016022500100010,2016년 2월 25일 00시,목요일,부산광역시 해운대구 우동,경상사고,0,0,1,0,차대차 - 측면충돌,안전거리미확보,건조,맑음,단일로 - 기타,승용,남,46세,경상,승용,남,38세,상해없음
2016022500100041,2016년 2월 25일 03시,목요일,부산광역시 기장군 기장읍,사망사고,1,0,0,0,차량단독 - 공작물충돌,안전운전불이행,건조,맑음,단일로 - 기타,승용,남,45세,사망,,,,
2016022500100048,2016년 2월 25일 04시,목요일,부산광역시 동래구 낙민동,경상사고,0,0,1,0,차대사람 - 보도통행중,안전운전불이행,건조,맑음,단일로 - 기타,승합,남,57세,상해없음,보행자,여,71세,경상
2016022500100080,2016년 2월 25일 07시,목요일,부산광역시 연제구 거제동,경상사고,0,0,1,0,차대차 - 측면충돌,교차로운행방법위반,건조,맑음,교차로 - 교차로안,승용,남,32세,상해없음,자전거,남,50세,경상
2016022500100081,2016년 2월 25일 07시,목요일,부산광역시 연제구 거제동,경상사고,0,0,1,0,차대차 - 측면직각충돌,안전운전불이행,건조,맑음,단일로 - 기타,승용,남,67세,상해없음,승용,남,56세,경상
2016022500100082,2016년 2월 25일 07시,목요일,부산광역시 사상구 감전동,부상신고사고,0,0,0,1,차대차 - 추돌,교차로운행방법위반,건조,맑음,교차로 - 교차로안,승용,남,32세,상해없음,승용,여,57세,부상신고
2016022500100083,2016년 2월 25일 07시,목요일,부산광역시 사상구 학장동,경상사고,0,0,1,0,차대사람 - 기타,안전운전불이행,건조,맑음,단일로 - 기타,승용,남,65세,상해없음,보행자,여,61세,경상
2016022500100142,2016년 2월 25일 09시,목요일,부산광역시 영도구 봉래동3가,중상사고,0,1,0,0,차대차 - 측면충돌,신호위반,건조,맑음,단일로 - 기타,승용,여,40세,상해없음,원동기,남,64세,중상
2016022500100143,2016년 2월 25일 09시,목요일,부산광역시 부산진구 부전동,경상사고,0,0,1,0,차대차 - 정면충돌,안전운전불이행,건조,맑음,교차로 - 교차로안,승용,남,34세,상해없음,승용,여,20세,상해없음
2016022500100144,2016년 2월 25일 09시,목요일,부산광역시 부산진구 전포동,경상사고,0,0,1,0,차대사람 - 차도통행중,안전운전불이행,건조,맑음,교차로 - 교차로안,승용,남,21세,상해없음,보행자,여,55세,경상
2016022500100199,2016년 2월 25일 11시,목요일,부산광역시 서구 남부민동,경상사고,0,0,1,0,차대차 - 정면충돌,신호위반,건조,맑음,교차로 - 교차로안,원동기,남,29세,경상,승용,남,64세,상해없음
2016022500100200,2016년 2월 25일 11시,목요일,부산광역시 북구 구포동,중상사고,0,1,0,0,차대사람 - 기타,안전운전불이행,건조,맑음,단일로 - 기타,승용,남,43세,상해없음,보행자,여,55세,중상
2016022500100231,2016년 2월 25일 12시,목요일,부산광역시 북구 덕천동,경상사고,0,0,1,0,차대차 - 측면직각충돌,안전운전불이행,건조,맑음,단일로 - 기타,원동기,남,33세,경상,승용,남,73세,상해없음
2016022500100267,2016년 2월 25일 13시,목요일,부산광역시 동구 좌천동,경상사고,0,0,2,0,차대차 - 측면직각충돌,신호위반,건조,맑음,단일로 - 기타,승용,남,61세,상해없음,승용,남,47세,상해없음
2016022500100268,2016년 2월 25일 13시,목요일,부산광역시 서구 남부민동,중상사고,0,1,0,0,차대사람 - 길가장자리구역통행중,안전운전불이행,건조,맑음,단일로 - 기타,승용,남,54세,상해없음,보행자,남,51세,중상
2016022500100269,2016년 2월 25일 13시,목요일,부산광역시 영도구 남항동1가,경상사고,0,0,1,0,차대차 - 추돌,교차로운행방법위반,건조,맑음,교차로 - 교차로안,원동기,남,55세,경상,화물,남,48세,상해없음
2016022500100270,2016년 2월 25일 13시,목요일,부산광역시 해운대구 반여동,부상신고사고,0,0,0,1,차량단독 - 전도전복,안전운전불이행,건조,맑음,단일로 - 기타,화물,남,52세,부상신고,,,,
2016022500100271,2016년 2월 25일 13시,목요일,부산광역시 부산진구 당감동,중상사고,0,2,1,0,차대차 - 측면충돌,안전운전불이행,건조,맑음,단일로 - 기타,이륜,남,56세,중상,이륜,남,60세,경상
2016022500100299,2016년 2월 25일 14시,목요일,부산광역시 부산진구 부암동,경상사고,0,0,1,0,차대차 - 측면직각충돌,안전운전불이행,건조,맑음,단일로 - 기타,승용,남,51세,상해없음,이륜,남,30세,경상
2016022500100333,2016년 2월 25일 15시,목요일,부산광역시 남구 문현동,부상신고사고,0,0,0,1,차대차 - 측면직각충돌,안전운전불이행,건조,맑음,단일로 - 기타,이륜,남,19세,부상신고,승용,남,49세,상해없음
2016022500100361,2016년 2월 25일 16시,목요일,부산광역시 금정구 부곡동,중상사고,0,1,0,0,차대사람 - 횡단중,보행자보호의무위반,건조,맑음,단일로 - 횡단보도상,화물,남,65세,상해없음,보행자,여,70세,중상
2016022500100362,2016년 2월 25일 16시,목요일,부산광역시 금정구 장전동,경상사고,0,0,1,0,차대차 - 측면충돌,기타,건조,맑음,교차로 - 교차로안,승용,남,72세,상해없음,승합,남,49세,상해없음
2016022500100385,2016년 2월 25일 17시,목요일,부산광역시 해운대구 반여동,부상신고사고,0,0,0,1,차대차 - 측면직각충돌,안전운전불이행,건조,맑음,교차로 - 교차로안,이륜,남,22세,부상신고,승용,남,23세,상해없음
2016022500100386,2016년 2월 25일 17시,목요일,부산광역시 해운대구 재송동,중상사고,0,1,0,0,차대사람 - 횡단중,안전운전불이행,건조,맑음,단일로 - 기타,승용,여,35세,상해없음,보행자,여,73세,중상
2016022500100387,2016년 2월 25일 17시,목요일,부산광역시 금정구 남산동,경상사고,0,0,2,0,차대차 - 추돌,안전운전불이행,건조,맑음,단일로 - 기타,승용,남,67세,상해없음,승용,여,60세,경상
2016022500100452,2016년 2월 25일 19시,목요일,부산광역시 서구 부민동2가,경상사고,0,0,1,0,차대차 - 정면충돌,안전운전불이행,건조,맑음,단일로 - 기타,승용,남,33세,상해없음,이륜,남,58세,경상
2016022500100453,2016년 2월 25일 19시,목요일,부산광역시 동래구 온천동,중상사고,0,1,0,0,차대차 - 정면충돌,신호위반,건조,맑음,교차로 - 교차로안,승합,남,73세,상해없음,원동기,남,18세,중상
2016022500100454,2016년 2월 25일 19시,목요일,부산광역시 금정구 부곡동,중상사고,0,1,0,0,차대차 - 측면충돌,안전운전불이행,건조,맑음,단일로 - 기타,승용,남,53세,상해없음,화물,남,50세,중상
2016022500100491,2016년 2월 25일 20시,목요일,부산광역시 해운대구 우동,경상사고,0,0,1,0,차대차 - 추돌,안전운전불이행,건조,맑음,교차로 - 교차로부근,승용,남,71세,상해없음,승용,남,65세,경상
2016022500100492,2016년 2월 25일 20시,목요일,부산광역시 강서구 신호동,경상사고,0,0,1,0,차대차 - 추돌,안전운전불이행,건조,맑음,교차로 - 교차로부근,승용,남,34세,상해없음,승용,남,52세,상해없음
2016022500100522,2016년 2월 25일 21시,목요일,부산광역시 남구 대연동,부상신고사고,0,0,0,1,차대사람 - 기타,안전운전불이행,건조,맑음,교차로 - 교차로부근,승용,여,25세,상해없음,보행자,여,21세,부상신고
2016022500100547,2016년 2월 25일 22시,목요일,부산광역시 동래구 안락동,경상사고,0,0,1,0,차대차 - 추돌,안전운전불이행,건조,맑음,단일로 - 기타,승합,남,51세,상해없음,승용,남,24세,경상
2016022500100548,2016년 2월 25일 22시,목요일,부산광역시 부산진구 양정동,경상사고,0,0,1,0,차대차 - 추돌,안전운전불이행,건조,맑음,단일로 - 기타,승용,기타불명,기타불명,기타불명,승용,남,39세,경상
2016022600100006,2016년 2월 26일 00시,금요일,부산광역시 동래구 명륜동,중상사고,0,1,0,0,차대사람 - 차도통행중,안전운전불이행,건조,맑음,단일로 - 기타,승용,남,57세,상해없음,보행자,남,19세,중상
2016022600100007,2016년 2월 26일 00시,금요일,부산광역시 강서구 명지동,중상사고,0,1,0,0,차대차 - 추돌,안전운전불이행,건조,맑음,교차로 - 교차로안,승용,남,46세,상해없음,이륜,남,40세,중상
2016022600100077,2016년 2월 26일 06시,금요일,부산광역시 남구 용당동,중상사고,0,1,2,0,차대차 - 정면충돌,중앙선침범,건조,맑음,교차로 - 교차로부근,승용,남,51세,상해없음,승용,남,38세,경상
2016022600100092,2016년 2월 26일 07시,금요일,부산광역시 북구 화명동,경상사고,0,0,1,0,차대차 - 기타,안전거리미확보,건조,맑음,단일로 - 기타,승용,남,37세,상해없음,승용,남,46세,경상
2016022600100093,2016년 2월 26일 07시,금요일,부산광역시 사하구 장림동,경상사고,0,0,2,0,차대차 - 기타,안전운전불이행,건조,맑음,단일로 - 기타,승용,남,56세,상해없음,승용,여,24세,경상
2016022600100115,2016년 2월 26일 08시,금요일,부산광역시 사하구 감천동,경상사고,0,0,1,0,차대차 - 기타,안전운전불이행,건조,맑음,단일로 - 기타,기타불명,기타불명,기타불명,기타불명,승합,남,47세,상해없음
2016022600100116,2016년 2월 26일 08시,금요일,부산광역시 기장군 기장읍,경상사고,0,0,1,0,차대차 - 측면직각충돌,직진우회전진행방해,건조,맑음,교차로 - 교차로안,승용,여,25세,상해없음,승용,남,59세,경상
2016022600100149,2016년 2월 26일 09시,금요일,부산광역시 해운대구 좌동,경상사고,0,0,1,0,차대차 - 추돌,안전거리미확보,건조,맑음,단일로 - 기타,승용,여,50세,상해없음,승용,남,35세,경상
2016022600100150,2016년 2월 26일 09시,금요일,부산광역시 사상구 감전동,경상사고,0,0,1,0,차대사람 - 횡단중,보행자보호의무위반,건조,맑음,단일로 - 횡단보도상,승용,남,59세,기타불명,보행자,남,20세,경상
2016022600100180,2016년 2월 26일 10시,금요일,부산광역시 중구 중앙동4가,경상사고,0,0,1,0,차대차 - 측면직각충돌,차로위반,건조,맑음,단일로 - 기타,승용,여,48세,경상,승용,남,63세,상해없음
2016022600100181,2016년 2월 26일 10시,금요일,부산광역시 서구 충무동1가,경상사고,0,0,1,0,차대사람 - 기타,안전운전불이행,건조,맑음,단일로 - 기타,기타불명,여,63세,상해없음,보행자,여,74세,경상
2016022600100209,2016년 2월 26일 11시,금요일,부산광역시 연제구 연산동,경상사고,0,0,1,0,차대차 - 추돌,안전운전불이행,건조,맑음,단일로 - 기타,건설기계,남,31세,상해없음,화물,남,27세,경상
2016022600100232,2016년 2월 26일 12시,금요일,부산광역시 남구 대연동,경상사고,0,0,1,0,차대차 - 추돌,차로위반,건조,맑음,단일로 - 기타,승용,여,69세,상해없음,승용,여,39세,경상
2016022600100233,2016년 2월 26일 12시,금요일,부산광역시 금정구 부곡동,경상사고,0,0,1,0,차대차 - 추돌,안전거리미확보,건조,맑음,단일로 - 기타,승용,남,75세,상해없음,승용,남,33세,경상
2016022600100234,2016년 2월 26일 12시,금요일,부산광역시 사하구 신평동,경상사고,0,0,1,0,차량단독 - 기타,안전운전불이행,건조,맑음,단일로 - 기타,승합,남,59세,상해없음,,,,
2016022600100299,2016년 2월 26일 14시,금요일,부산광역시 동구 수정동,경상사고,0,0,1,0,차대사람 - 차도통행중,안전운전불이행,건조,맑음,단일로 - 기타,승용,여,49세,상해없음,보행자,남,65세,경상
2016022600100300,2016년 2월 26일 14시,금요일,부산광역시 북구 화명동,부상신고사고,0,0,0,1,차대차 - 기타,신호위반,건조,맑음,교차로 - 교차로안,원동기,남,63세,상해없음,원동기,남,47세,부상신고
2016022600100301,2016년 2월 26일 14시,금요일,부산광역시 부산진구 초읍동,경상사고,0,0,1,0,차대사람 - 기타,기타,기타,맑음,단일로 - 기타,승용,남,27세,상해없음,보행자,남,11세,경상
2016022600100329,2016년 2월 26일 15시,금요일,부산광역시 서구 남부민동,중상사고,0,1,1,0,차대차 - 측면충돌,신호위반,건조,맑음,교차로 - 교차로부근,승용,여,59세,상해없음,승용,남,60세,경상
2016022600100330,2016년 2월 26일 15시,금요일,부산광역시 해운대구 우동,중상사고,0,1,4,0,차대차 - 추돌,안전운전불이행,건조,맑음,단일로 - 기타,승용,남,60세,상해없음,승용,남,70세,경상
2016022600100378,2016년 2월 26일 17시,금요일,부산광역시 북구 만덕동,경상사고,0,0,1,0,차대차 - 측면충돌,안전거리미확보,건조,맑음,단일로 - 기타,승용,남,62세,상해없음,원동기,남,68세,경상
2016022600100379,2016년 2월 26일 17시,금요일,부산광역시 북구 만덕동,경상사고,0,0,1,0,차대사람 - 길가장자리구역통행중,안전운전불이행,건조,맑음,단일로 - 기타,화물,남,46세,상해없음,보행자,여,71세,경상
2016022600100380,2016년 2월 26일 17시,금요일,부산광역시 해운대구 우동,경상사고,0,0,1,0,차대차 - 추돌,안전운전불이행,건조,맑음,단일로 - 터널,승용,남,28세,상해없음,승용,여,30세,경상
2016022600100429,2016년 2월 26일 18시,금요일,부산광역시 북구 구포동,경상사고,0,0,1,0,차대차 - 추돌,안전거리미확보,건조,맑음,단일로 - 횡단보도부근,승용,남,24세,상해없음,승용,남,28세,경상
2016022600100430,2016년 2월 26일 18시,금요일,부산광역시 영도구 신선동1가,경상사고,0,0,1,0,차대차 - 추돌,안전운전불이행,건조,맑음,단일로 - 기타,승용,남,47세,상해없음,승용,남,45세,상해없음
2016022600100431,2016년 2월 26일 18시,금요일,부산광역시 부산진구 개금동,중상사고,0,1,0,0,차대사람 - 보도통행중,기타,건조,맑음,단일로 - 기타,이륜,남,19세,상해없음,보행자,여,18세,중상
2016022600100432,2016년 2월 26일 18시,금요일,부산광역시 연제구 거제동,경상사고,0,0,1,0,차대차 - 추돌,안전거리미확보,건조,맑음,단일로 - 기타,승용,남,66세,상해없음,승용,남,60세,경상
2016022600100469,2016년 2월 26일 19시,금요일,부산광역시 수영구 광안동,중상사고,0,1,0,0,차대사람 - 차도통행중,안전운전불이행,건조,맑음,교차로 - 교차로안,승용,남,53세,상해없음,보행자,여,64세,중상
2016022600100501,2016년 2월 26일 20시,금요일,부산광역시 동구 좌천동,경상사고,0,0,1,0,차대사람 - 기타,보행자보호의무위반,건조,맑음,단일로 - 횡단보도상,화물,남,49세,상해없음,보행자,남,27세,경상
2016022600100502,2016년 2월 26일 20시,금요일,부산광역시 동래구 안락동,경상사고,0,0,1,0,차대차 - 측면직각충돌,안전거리미확보,건조,맑음,단일로 - 기타,승용,여,57세,상해없음,승용,남,28세,경상
2016022600100503,2016년 2월 26일 20시,금요일,부산광역시 해운대구 우동,경상사고,0,0,1,0,차대사람 - 횡단중,안전운전불이행,건조,맑음,교차로 - 교차로안,승용,남,42세,상해없음,보행자,여,53세,경상
2016022600100537,2016년 2월 26일 21시,금요일,부산광역시 서구 부민동1가,중상사고,0,1,0,0,차량단독 - 기타,안전운전불이행,건조,맑음,기타 - 기타,승합,남,58세,상해없음,,,,
2016022600100538,2016년 2월 26일 21시,금요일,부산광역시 동래구 수안동,경상사고,0,0,1,0,차대사람 - 횡단중,신호위반,건조,맑음,단일로 - 횡단보도상,승용,남,41세,상해없음,보행자,여,23세,경상
2016022600100539,2016년 2월 26일 21시,금요일,부산광역시 동래구 안락동,경상사고,0,0,1,0,차대차 - 추돌,안전운전불이행,건조,맑음,단일로 - 기타,승합,남,43세,상해없음,원동기,남,18세,경상
2016022600100577,2016년 2월 26일 22시,금요일,부산광역시 부산진구 전포동,경상사고,0,0,1,0,차량단독 - 전도전복,안전거리미확보,건조,맑음,단일로 - 기타,승합,남,34세,상해없음,,,,
2016022600100578,2016년 2월 26일 22시,금요일,부산광역시 금정구 장전동,경상사고,0,0,1,0,차대차 - 측면충돌,직진우회전진행방해,건조,맑음,교차로 - 교차로안,기타불명,기타불명,기타불명,기타불명,자전거,남,27세,경상
2016022600100579,2016년 2월 26일 22시,금요일,부산광역시 기장군 정관읍,경상사고,0,0,3,0,차대차 - 추돌,안전운전불이행,건조,맑음,교차로 - 교차로부근,승용,남,41세,상해없음,승용,남,48세,경상
2016022600100614,2016년 2월 26일 23시,금요일,부산광역시 금정구 장전동,경상사고,0,0,1,0,차대사람 - 차도통행중,안전운전불이행,건조,맑음,단일로 - 기타,기타불명,기타불명,기타불명,기타불명,보행자,남,55세,경상
2016022700100008,2016년 2월 27일 00시,토요일,부산광역시 부산진구 부전동,경상사고,0,0,1,0,차대사람 - 기타,안전운전불이행,건조,맑음,단일로 - 기타,승용,남,51세,상해없음,보행자,남,27세,경상
2016022700100009,2016년 2월 27일 00시,토요일,부산광역시 금정구 노포동,경상사고,0,0,1,0,차대차 - 추돌,안전거리미확보,건조,맑음,단일로 - 기타,승용,여,30세,상해없음,승용,여,51세,경상
2016022700100034,2016년 2월 27일 01시,토요일,부산광역시 북구 만덕동,경상사고,0,0,1,0,차대차 - 측면직각충돌,신호위반,건조,맑음,교차로 - 교차로안,승용,여,48세,상해없음,승용,남,29세,경상
2016022700100035,2016년 2월 27일 01시,토요일,부산광역시 부산진구 양정동,경상사고,0,0,1,0,차대차 - 기타,안전운전불이행,건조,맑음,교차로 - 교차로부근,승용,남,29세,상해없음,승용,남,54세,상해없음
2016022700100101,2016년 2월 27일 05시,토요일,부산광역시 해운대구 재송동,경상사고,0,0,2,0,차대차 - 기타,교차로운행방법위반,건조,맑음,교차로 - 교차로부근,승용,여,23세,상해없음,승용,여,35세,경상
2016022700100137,2016년 2월 27일 07시,토요일,부산광역시 남구 대연동,중상사고,0,1,1,0,차량단독 - 전도전복,안전운전불이행,건조,맑음,단일로 - 기타,승용,여,24세,경상,,,,
2016022700100138,2016년 2월 27일 07시,토요일,부산광역시 북구 구포동,경상사고,0,0,2,0,차대차 - 측면직각충돌,안전운전불이행,건조,맑음,단일로 - 기타,승용,남,60세,상해없음,승용,남,31세,경상
2016022700100139,2016년 2월 27일 07시,토요일,부산광역시 금정구 금사동,경상사고,0,0,1,0,차대사람 - 횡단중,보행자보호의무위반,건조,맑음,교차로 - 교차로안,승용,남,76세,상해없음,보행자,남,75세,경상
2016022700100154,2016년 2월 27일 08시,토요일,부산광역시 기장군 장안읍,경상사고,0,0,1,0,차대차 - 추돌,안전운전불이행,건조,맑음,단일로 - 기타,승용,여,52세,상해없음,승용,남,59세,경상
2016022700100174,2016년 2월 27일 09시,토요일,부산광역시 해운대구 반여동,중상사고,0,1,0,0,차대차 - 기타,교차로운행방법위반,기타,맑음,교차로 - 교차로안,승합,남,46세,상해없음,원동기,남,26세,중상
2016022700100195,2016년 2월 27일 10시,토요일,부산광역시 기장군 일광면,중상사고,0,1,0,0,차대차 - 추돌,안전거리미확보,건조,맑음,교차로 - 교차로부근,승용,남,68세,상해없음,승용,여,59세,상해없음
2016022700100219,2016년 2월 27일 11시,토요일,부산광역시 남구 대연동,중상사고,0,1,0,0,차대사람 - 기타,교차로운행방법위반,건조,맑음,교차로 - 교차로부근,화물,남,38세,상해없음,보행자,여,85세,중상
2016022700100220,2016년 2월 27일 11시,토요일,부산광역시 금정구 구서동,경상사고,0,0,1,0,차대사람 - 차도통행중,안전운전불이행,건조,맑음,교차로 - 교차로부근,승용,남,75세,기타불명,보행자,남,56세,경상
2016022700100269,2016년 2월 27일 13시,토요일,부산광역시 금정구 구서동,사망사고,1,2,0,1,차량단독 - 공작물충돌,안전운전불이행,건조,맑음,단일로 - 기타,승용,남,41세,중상,,,,