사고번호,사고일시,요일,시군구,사고내용,사망자수,중상자수,경상자수,부상신고자수,사고유형,법규위반,노면상태,기상상태,도로형태,가해운전자 차종,가해운전자 성별,가해운전자 연령,가해운전자 상해정도,피해운전자 차종,피해운전자 성별,피해운전자 연령,피해운전자 상해정도
2016030200100334,2016년 3월 2일 16시,수요일,부산광역시 수영구 민락동,중상사고,0,1,0,0,차대차 - 측면직각충돌,안전운전불이행,건조,맑음,교차로 - 교차로안,승용,남,51세,상해없음,자전거,남,26세,중상
2016030200100335,2016년 3월 2일 16시,수요일,부산광역시 부산진구 부전동,경상사고,0,0,1,0,차대차 - 측면직각충돌,안전운전불이행,건조,맑음,단일로 - 기타,승용,남,72세,상해없음,이륜,남,31세,경상
2016030200100354,2016년 3월 2일 17시,수요일,부산광역시 중구 중앙동6가,경상사고,0,0,1,0,차대차 - 기타,안전운전불이행,건조,맑음,단일로 - 기타,이륜,남,64세,상해없음,승합,남,43세,상해없음
2016030200100355,2016년 3월 2일 17시,수요일,부산광역시 연제구 거제동,중상사고,0,1,0,0,차대차 - 측면직각충돌,신호위반,건조,맑음,교차로 - 교차로안,승용,남,56세,상해없음,이륜,남,50세,중상
2016030200100356,2016년 3월 2일 17시,수요일,부산광역시 사상구 모라동,부상신고사고,0,0,0,1,차대차 - 측면직각충돌,중앙선침범,건조,맑음,교차로 - 교차로안,자전거,남,63세,부상신고,승용,남,57세,상해없음
2016030200100423,2016년 3월 2일 19시,수요일,부산광역시 부산진구 개금동,경상사고,0,0,1,0,차대차 - 측면충돌,교차로운행방법위반,건조,맑음,교차로 - 교차로안,승합,남,55세,상해없음,승용,남,31세,상해없음
2016030200100424,2016년 3월 2일 19시,수요일,부산광역시 사하구 장림동,경상사고,0,0,1,0,차대차 - 측면직각충돌,중앙선침범,건조,맑음,단일로 - 기타,이륜,남,17세,상해없음,자전거,남,19세,경상
2016030200100425,2016년 3월 2일 19시,수요일,부산광역시 수영구 수영동,경상사고,0,0,1,0,차대차 - 추돌,안전거리미확보,건조,맑음,교차로 - 교차로안,승용,여,57세,상해없음,승용,여,47세,경상
2016030200100426,2016년 3월 2일 19시,수요일,부산광역시 연제구 거제동,경상사고,0,0,1,0,차대차 - 측면충돌,안전운전불이행,건조,맑음,단일로 - 기타,승용,여,41세,상해없음,승용,여,59세,경상
2016030200100488,2016년 3월 2일 21시,수요일,부산광역시 남구 문현동,중상사고,0,1,0,0,차대사람 - 횡단중,안전운전불이행,건조,맑음,단일로 - 횡단보도상,승용,남,26세,상해없음,보행자,여,22세,중상
2016030300100057,2016년 3월 3일 06시,목요일,부산광역시 동구 좌천동,경상사고,0,0,1,0,차대차 - 추돌,안전운전불이행,건조,맑음,단일로 - 기타,승용,남,22세,상해없음,승용,남,62세,경상
2016030300100058,2016년 3월 3일 06시,목요일,부산광역시 연제구 거제동,중상사고,0,1,0,0,차대차 - 측면직각충돌,안전거리미확보,건조,맑음,단일로 - 기타,이륜,남,55세,중상,승용,남,35세,상해없음
2016030300100059,2016년 3월 3일 06시,목요일,부산광역시 연제구 연산동,경상사고,0,0,1,0,차대차 - 측면직각충돌,신호위반,건조,맑음,교차로 - 교차로안,승용,남,64세,상해없음,승용,남,42세,경상
2016030300100084,2016년 3월 3일 07시,목요일,부산광역시 동래구 사직동,경상사고,0,0,1,0,차대차 - 측면직각충돌,안전거리미확보,건조,맑음,교차로 - 교차로안,승용,여,54세,상해없음,원동기,남,27세,경상
2016030300100142,2016년 3월 3일 09시,목요일,부산광역시 금정구 구서동,경상사고,0,0,1,0,차대차 - 측면직각충돌,신호위반,건조,맑음,교차로 - 교차로부근,승용,남,19세,상해없음,자전거,남,72세,경상
2016030300100143,2016년 3월 3일 09시,목요일,부산광역시 사하구 괴정동,중상사고,0,1,0,0,차대차 - 추돌,안전거리미확보,건조,맑음,교차로 - 교차로부근,화물,남,41세,상해없음,이륜,남,54세,중상
2016030300100170,2016년 3월 3일 10시,목요일,부산광역시 동래구 온천동,중상사고,0,2,0,0,차대차 - 추돌,안전운전불이행,건조,맑음,단일로 - 기타,승용,남,45세,상해없음,승용,남,29세,중상
2016030300100171,2016년 3월 3일 10시,목요일,부산광역시 부산진구 부전동,중상사고,0,1,0,0,차대사람 - 횡단중,안전운전불이행,건조,맑음,교차로 - 교차로부근,승용,남,49세,상해없음,보행자,여,61세,중상
2016030300100212,2016년 3월 3일 12시,목요일,부산광역시 북구 덕천동,중상사고,0,1,0,0,차대사람 - 횡단중,안전운전불이행,건조,맑음,교차로 - 교차로안,승용,여,38세,상해없음,보행자,여,37세,중상
2016030300100234,2016년 3월 3일 13시,목요일,부산광역시 수영구 광안동,중상사고,0,2,0,0,차대차 - 기타,안전운전불이행,건조,맑음,단일로 - 기타,승용,여,58세,상해없음,원동기,남,28세,중상
2016030300100235,2016년 3월 3일 13시,목요일,부산광역시 동래구 사직동,중상사고,0,1,1,0,차대차 - 측면직각충돌,교차로운행방법위반,건조,맑음,교차로 - 교차로안,승용,남,55세,상해없음,원동기,남,23세,경상
2016030300100236,2016년 3월 3일 13시,목요일,부산광역시 사상구 감전동,중상사고,0,1,0,0,차대사람 - 보도통행중,기타,건조,맑음,단일로 - 기타,이륜,남,24세,상해없음,보행자,남,56세,중상
2016030300100267,2016년 3월 3일 14시,목요일,부산광역시 동래구 명륜동,경상사고,0,0,1,0,차대사람 - 길가장자리구역통행중,안전운전불이행,건조,맑음,단일로 - 기타,화물,남,54세,상해없음,보행자,남,42세,경상
2016030300100293,2016년 3월 3일 15시,목요일,부산광역시 해운대구 송정동,중상사고,0,1,0,0,차량단독 - 기타,기타,건조,맑음,단일로 - 기타,승합,남,64세,상해없음,,,,
2016030300100294,2016년 3월 3일 15시,목요일,부산광역시 수영구 망미동,중상사고,0,1,0,0,차대차 - 측면충돌,안전거리미확보,건조,맑음,단일로 - 기타,승용,여,60세,상해없음,승용,남,58세,중상
2016030300100295,2016년 3월 3일 15시,목요일,부산광역시 사상구 엄궁동,경상사고,0,0,1,0,차대차 - 측면직각충돌,교차로운행방법위반,건조,맑음,교차로 - 교차로안,화물,남,47세,상해없음,승용,남,63세,경상
2016030300100347,2016년 3월 3일 17시,목요일,부산광역시 영도구 청학동,중상사고,0,1,0,0,차대차 - 추돌,안전운전불이행,건조,맑음,단일로 - 기타,승합,남,61세,상해없음,원동기,남,70세,중상
2016030300100348,2016년 3월 3일 17시,목요일,부산광역시 연제구 거제동,중상사고,0,1,0,0,차대사람 - 차도통행중,안전운전불이행,건조,맑음,단일로 - 기타,화물,남,31세,상해없음,보행자,남,69세,중상
2016030300100390,2016년 3월 3일 18시,목요일,부산광역시 북구 만덕동,경상사고,0,0,1,0,차대차 - 추돌,안전운전불이행,건조,맑음,단일로 - 기타,승용,여,22세,상해없음,승용,남,35세,경상
2016030300100391,2016년 3월 3일 18시,목요일,부산광역시 부산진구 부전동,부상신고사고,0,0,0,1,차대차 - 측면직각충돌,안전운전불이행,건조,맑음,단일로 - 기타,이륜,남,52세,부상신고,승용,남,62세,상해없음
2016030300100392,2016년 3월 3일 18시,목요일,부산광역시 금정구 남산동,중상사고,0,1,0,0,차대사람 - 차도통행중,안전운전불이행,건조,맑음,교차로 - 교차로부근,승용,남,54세,상해없음,보행자,남,72세,중상
2016030300100393,2016년 3월 3일 18시,목요일,부산광역시 금정구 장전동,부상신고사고,0,0,0,1,차대사람 - 길가장자리구역통행중,안전운전불이행,건조,맑음,단일로 - 기타,승용,남,39세,상해없음,보행자,남,74세,부상신고
2016030300100394,2016년 3월 3일 18시,목요일,부산광역시 기장군 기장읍,경상사고,0,0,1,0,차대사람 - 차도통행중,안전운전불이행,건조,맑음,교차로 - 교차로안,승용,남,64세,상해없음,보행자,여,44세,경상
2016030300100446,2016년 3월 3일 19시,목요일,부산광역시 부산진구 개금동,부상신고사고,0,0,0,1,차대차 - 측면직각충돌,안전운전불이행,건조,맑음,단일로 - 기타,이륜,남,16세,부상신고,승용,남,50세,상해없음
2016030300100447,2016년 3월 3일 19시,목요일,부산광역시 부산진구 당감동,중상사고,0,1,0,0,차대사람 - 횡단중,안전운전불이행,건조,맑음,교차로 - 교차로부근,승용,남,65세,상해없음,보행자,여,74세,중상
2016030300100448,2016년 3월 3일 19시,목요일,부산광역시 강서구 명지동,경상사고,0,0,1,0,차대차 - 측면직각충돌,신호위반,건조,맑음,교차로 - 교차로안,승용,남,61세,상해없음,승용,남,58세,경상
2016030300100449,2016년 3월 3일 19시,목요일,부산광역시 사상구 삼락동,경상사고,0,0,1,0,차대차 - 추돌,안전운전불이행,건조,맑음,단일로 - 기타,승용,남,57세,상해없음,승용,남,44세,경상
2016030300100484,2016년 3월 3일 20시,목요일,부산광역시 부산진구 전포동,중상사고,0,1,0,0,차대차 - 측면충돌,신호위반,건조,맑음,교차로 - 교차로안,승용,남,31세,상해없음,이륜,남,26세,중상
2016030300100485,2016년 3월 3일 20시,목요일,부산광역시 사하구 다대동,경상사고,0,0,3,0,차대차 - 기타,교차로운행방법위반,건조,맑음,기타 - 기타,승용,남,29세,상해없음,승용,남,26세,경상
2016030300100486,2016년 3월 3일 20시,목요일,부산광역시 사상구 모라동,경상사고,0,0,1,0,차대사람 - 차도통행중,안전운전불이행,건조,맑음,교차로 - 교차로안,승용,남,56세,상해없음,보행자,남,69세,경상
2016030300100516,2016년 3월 3일 21시,목요일,부산광역시 해운대구 우동,경상사고,0,0,1,0,차대차 - 측면직각충돌,신호위반,건조,맑음,교차로 - 교차로안,승용,남,60세,상해없음,승용,여,50세,경상
2016030400100005,2016년 3월 4일 00시,금요일,부산광역시 부산진구 부전동,경상사고,0,0,2,0,차대차 - 기타,안전운전불이행,습기,비,단일로 - 기타,승용,남,25세,상해없음,승용,남,59세,경상
2016030400100006,2016년 3월 4일 00시,금요일,부산광역시 부산진구 부전동,경상사고,0,0,1,0,차대차 - 기타,중앙선침범,습기,비,단일로 - 기타,승용,남,28세,상해없음,원동기,남,18세,경상
2016030400100007,2016년 3월 4일 00시,금요일,부산광역시 금정구 서동,경상사고,0,0,1,0,차대사람 - 기타,안전운전불이행,습기,비,단일로 - 횡단보도부근,승용,남,61세,상해없음,보행자,남,19세,경상
2016030400100043,2016년 3월 4일 02시,금요일,부산광역시 사상구 주례동,부상신고사고,0,0,0,1,차대차 - 측면직각충돌,안전운전불이행,기타,비,단일로 - 기타,화물,남,37세,부상신고,특수,남,34세,상해없음
2016030400100062,2016년 3월 4일 05시,금요일,부산광역시 중구 중앙동4가,경상사고,0,0,1,0,차대차 - 측면직각충돌,신호위반,습기,비,교차로 - 교차로안,화물,남,74세,상해없음,승용,남,27세,경상
2016030400100063,2016년 3월 4일 05시,금요일,부산광역시 수영구 민락동,사망사고,1,1,1,0,차대사람 - 기타,안전운전불이행,습기,비,단일로 - 기타,원동기,남,19세,사망,보행자,여,67세,중상
2016030400100064,2016년 3월 4일 05시,금요일,부산광역시 남구 대연동,중상사고,0,1,0,0,차대사람 - 기타,기타,습기,비,단일로 - 기타,승용,남,27세,상해없음,보행자,여,46세,중상
2016030400100065,2016년 3월 4일 05시,금요일,부산광역시 해운대구 우동,경상사고,0,0,1,0,차대차 - 추돌,안전운전불이행,습기,비,단일로 - 기타,승용,여,37세,상해없음,승용,남,30세,경상
2016030400100075,2016년 3월 4일 06시,금요일,부산광역시 사상구 모라동,부상신고사고,0,0,0,1,차대차 - 추돌,안전거리미확보,기타,비,단일로 - 기타,승용,남,35세,상해없음,승용,남,61세,부상신고
2016030400100127,2016년 3월 4일 08시,금요일,부산광역시 동래구 명륜동,경상사고,0,0,1,0,차대사람 - 횡단중,보행자보호의무위반,습기,비,단일로 - 횡단보도상,승용,남,62세,상해없음,보행자,여,16세,경상
2016030400100128,2016년 3월 4일 08시,금요일,부산광역시 수영구 수영동,경상사고,0,0,1,0,차대차 - 측면직각충돌,안전거리미확보,습기,비,교차로 - 교차로부근,승용,남,55세,상해없음,승용,여,40세,경상
2016030400100129,2016년 3월 4일 08시,금요일,부산광역시 강서구 명지동,중상사고,0,1,0,0,차대사람 - 보도통행중,신호위반,습기,비,단일로 - 횡단보도상,승용,여,36세,상해없음,보행자,남,38세,중상
2016030400100130,2016년 3월 4일 08시,금요일,부산광역시 기장군 장안읍,경상사고,0,0,1,0,차대차 - 측면직각충돌,중앙선침범,습기,비,단일로 - 기타,승용,남,28세,상해없음,화물,남,57세,경상
2016030400100169,2016년 3월 4일 09시,금요일,부산광역시 수영구 남천동,중상사고,0,1,0,0,차대사람 - 횡단중,보행자보호의무위반,습기,비,교차로 - 교차로안,승용,여,64세,상해없음,보행자,남,32세,중상
2016030400100170,2016년 3월 4일 09시,금요일,부산광역시 금정구 부곡동,경상사고,0,0,1,0,차대차 - 측면충돌,안전운전불이행,습기,맑음,단일로 - 기타,승용,여,53세,상해없음,이륜,남,50세,경상
2016030400100171,2016년 3월 4일 09시,금요일,부산광역시 사하구 신평동,경상사고,0,0,1,0,차대차 - 추돌,안전운전불이행,습기,맑음,교차로 - 교차로부근,화물,남,45세,상해없음,승용,여,39세,경상
2016030400100172,2016년 3월 4일 09시,금요일,부산광역시 사상구 감전동,중상사고,0,1,0,0,차대사람 - 기타,안전운전불이행,습기,비,기타 - 기타,화물,남,52세,상해없음,보행자,여,44세,중상
2016030400100194,2016년 3월 4일 10시,금요일,부산광역시 남구 용호동,중상사고,0,1,0,0,차대차 - 기타,안전운전불이행,습기,비,교차로 - 교차로안,승합,남,57세,상해없음,승합,남,38세,상해없음
2016030400100195,2016년 3월 4일 10시,금요일,부산광역시 사상구 감전동,경상사고,0,0,1,0,차대차 - 측면직각충돌,안전운전불이행,습기,비,교차로 - 교차로안,화물,남,47세,상해없음,이륜,남,62세,경상
2016030400100196,2016년 3월 4일 10시,금요일,부산광역시 사상구 엄궁동,경상사고,0,0,1,0,차대사람 - 길가장자리구역통행중,안전운전불이행,건조,맑음,단일로 - 기타,승용,여,65세,기타불명,보행자,여,25세,경상
2016030400100214,2016년 3월 4일 11시,금요일,부산광역시 북구 덕천동,경상사고,0,0,1,0,차대차 - 기타,교차로운행방법위반,습기,비,교차로 - 교차로안,승용,남,69세,상해없음,화물,남,27세,경상
2016030400100215,2016년 3월 4일 11시,금요일,부산광역시 사하구 괴정동,중상사고,0,1,0,0,차대사람 - 횡단중,신호위반,습기,비,단일로 - 횡단보도상,화물,남,72세,상해없음,보행자,여,52세,중상
2016030400100216,2016년 3월 4일 11시,금요일,부산광역시 강서구 대저1동,중상사고,0,2,0,0,차대차 - 측면직각충돌,교차로운행방법위반,습기,비,교차로 - 교차로안,화물,남,52세,상해없음,승용,여,42세,중상
2016030400100217,2016년 3월 4일 11시,금요일,부산광역시 사상구 감전동,중상사고,0,2,0,0,차대차 - 측면직각충돌,안전운전불이행,습기,비,교차로 - 교차로안,승용,남,28세,상해없음,승용,남,36세,중상
2016030400100255,2016년 3월 4일 12시,금요일,부산광역시 해운대구 재송동,경상사고,0,0,2,0,차대차 - 기타,안전운전불이행,건조,맑음,교차로 - 교차로안,승용,여,52세,상해없음,승용,여,32세,경상
2016030400100256,2016년 3월 4일 12시,금요일,부산광역시 강서구 대저2동,부상신고사고,0,0,0,1,차대사람 - 기타,안전운전불이행,습기,비,단일로 - 횡단보도부근,화물,남,30세,상해없음,보행자,남,71세,부상신고
2016030400100287,2016년 3월 4일 13시,금요일,부산광역시 부산진구 부암동,중상사고,0,1,1,0,차대차 - 측면직각충돌,안전거리미확보,습기,비,교차로 - 교차로부근,승용,남,53세,상해없음,승용,남,58세,경상
2016030400100288,2016년 3월 4일 13시,금요일,부산광역시 연제구 연산동,부상신고사고,0,0,0,1,차대차 - 추돌,안전거리미확보,습기,비,단일로 - 기타,승용,남,51세,상해없음,승용,여,45세,부상신고
2016030400100289,2016년 3월 4일 13시,금요일,부산광역시 기장군 기장읍,경상사고,0,0,1,0,차량단독 - 기타,기타,습기,비,단일로 - 기타,승합,남,43세,상해없음,,,,
2016030400100330,2016년 3월 4일 14시,금요일,부산광역시 수영구 민락동,경상사고,0,0,1,1,차대차 - 정면충돌,중앙선침범,습기,비,단일로 - 기타,승용,여,71세,부상신고,화물,남,42세,경상
2016030400100352,2016년 3월 4일 15시,금요일,부산광역시 해운대구 재송동,경상사고,0,0,3,0,차대차 - 측면직각충돌,안전운전불이행,습기,비,단일로 - 기타,승용,여,25세,상해없음,승용,남,47세,경상
2016030400100384,2016년 3월 4일 16시,금요일,부산광역시 북구 구포동,경상사고,0,0,1,0,차대차 - 측면직각충돌,안전운전불이행,건조,맑음,교차로 - 교차로부근,승용,여,46세,상해없음,화물,남,31세,경상
2016030400100444,2016년 3월 4일 18시,금요일,부산광역시 북구 만덕동,경상사고,0,0,1,0,차대사람 - 횡단중,안전운전불이행,건조,맑음,단일로 - 기타,승용,여,28세,상해없음,보행자,여,28세,경상
2016030400100445,2016년 3월 4일 18시,금요일,부산광역시 북구 화명동,경상사고,0,0,2,0,차대차 - 기타,안전거리미확보,건조,맑음,단일로 - 기타,승용,남,46세,상해없음,승용,여,48세,경상
2016030400100446,2016년 3월 4일 18시,금요일,부산광역시 부산진구 범천동,중상사고,0,1,0,0,차대차 - 측면직각충돌,기타,건조,흐림,단일로 - 기타,승용,남,42세,상해없음,이륜,남,27세,중상
2016030400100447,2016년 3월 4일 18시,금요일,부산광역시 금정구 부곡동,중상사고,0,1,0,0,차대차 - 측면충돌,신호위반,습기,비,단일로 - 기타,승용,남,69세,상해없음,원동기,남,19세,중상
2016030400100448,2016년 3월 4일 18시,금요일,부산광역시 사하구 장림동,경상사고,0,0,1,0,차량단독 - 기타,안전운전불이행,건조,맑음,단일로 - 기타,승합,남,57세,상해없음,,,,
2016030400100545,2016년 3월 4일 20시,금요일,부산광역시 해운대구 반송동,중상사고,0,1,0,0,차대사람 - 차도통행중,안전운전불이행,건조,맑음,단일로 - 기타,이륜,남,39세,상해없음,보행자,남,11세,중상
2016030400100546,2016년 3월 4일 20시,금요일,부산광역시 수영구 망미동,중상사고,0,1,0,0,차대차 - 기타,안전운전불이행,건조,맑음,단일로 - 기타,승용,남,68세,상해없음,승용,남,36세,기타불명
2016030400100584,2016년 3월 4일 21시,금요일,부산광역시 중구 부평동4가,경상사고,0,0,1,0,차대차 - 기타,안전운전불이행,건조,맑음,기타 - 기타,이륜,남,61세,상해없음,이륜,남,16세,경상
2016030400100585,2016년 3월 4일 21시,금요일,부산광역시 동구 초량동,경상사고,0,0,3,0,차대차 - 측면직각충돌,안전거리미확보,건조,맑음,교차로 - 교차로부근,승용,여,50세,경상,승용,남,49세,경상
2016030400100586,2016년 3월 4일 21시,금요일,부산광역시 북구 금곡동,중상사고,0,1,0,0,차대사람 - 횡단중,안전운전불이행,건조,맑음,단일로 - 기타,원동기,남,19세,상해없음,보행자,여,65세,중상
2016030400100617,2016년 3월 4일 22시,금요일,부산광역시 사하구 신평동,경상사고,0,0,1,0,차대차 - 측면직각충돌,신호위반,건조,맑음,교차로 - 교차로안,승용,남,56세,상해없음,승용,남,30세,경상
2016030400100659,2016년 3월 4일 23시,금요일,부산광역시 동래구 사직동,중상사고,0,1,1,0,차대차 - 추돌,안전거리미확보,건조,맑음,단일로 - 기타,승용,남,61세,중상,승용,남,61세,상해없음
2016030400100660,2016년 3월 4일 23시,금요일,부산광역시 사하구 당리동,경상사고,0,0,1,0,차대사람 - 기타,안전운전불이행,건조,맑음,단일로 - 기타,승합,남,43세,상해없음,보행자,남,54세,경상
2016030500100019,2016년 3월 5일 00시,토요일,부산광역시 중구 광복동3가,경상사고,0,0,4,0,차대차 - 기타,신호위반,습기,비,교차로 - 교차로안,승용,남,24세,상해없음,승합,남,32세,경상
2016030500100021,2016년 3월 5일 00시,토요일,부산광역시 기장군 정관읍,중상사고,0,1,1,0,차대차 - 측면충돌,교차로운행방법위반,습기,흐림,교차로 - 교차로안,승용,남,54세,상해없음,승용,남,26세,중상
2016030500100063,2016년 3월 5일 01시,토요일,부산광역시 해운대구 반여동,중상사고,0,1,0,0,차대사람 - 횡단중,신호위반,건조,맑음,단일로 - 횡단보도상,승용,남,43세,상해없음,보행자,남,45세,중상
2016030500100064,2016년 3월 5일 01시,토요일,부산광역시 해운대구 중동,경상사고,0,0,1,0,차대차 - 추돌,안전운전불이행,습기,흐림,단일로 - 기타,승용,남,57세,상해없음,승용,여,50세,경상
2016030500100093,2016년 3월 5일 02시,토요일,부산광역시 수영구 수영동,경상사고,0,0,1,0,차대차 - 측면직각충돌,중앙선침범,건조,맑음,단일로 - 기타,승용,남,38세,기타불명,승용,남,71세,경상
2016030500100108,2016년 3월 5일 03시,토요일,부산광역시 금정구 서동,경상사고,0,0,1,1,차대차 - 측면직각충돌,직진우회전진행방해,건조,맑음,교차로 - 교차로안,이륜,남,18세,부상신고,승용,남,54세,경상
2016030500100109,2016년 3월 5일 03시,토요일,부산광역시 사상구 주례동,중상사고,0,1,0,0,차대차 - 측면직각충돌,차로위반,건조,맑음,단일로 - 기타,특수,남,56세,상해없음,승용,남,33세,중상
2016030500100135,2016년 3월 5일 05시,토요일,부산광역시 부산진구 가야동,경상사고,0,0,3,0,차대차 - 측면직각충돌,안전운전불이행,건조,맑음,교차로 - 교차로안,승용,여,19세,상해없음,승용,남,62세,경상
2016030500100145,2016년 3월 5일 06시,토요일,부산광역시 사상구 덕포동,경상사고,0,0,1,0,차대사람 - 기타,안전운전불이행,습기,흐림,단일로 - 기타,화물,남,54세,상해없음,보행자,남,71세,경상
2016030500100161,2016년 3월 5일 07시,토요일,부산광역시 동구 초량동,경상사고,0,0,1,0,차대차 - 측면직각충돌,교차로운행방법위반,건조,맑음,단일로 - 기타,특수,남,51세,상해없음,승용,남,46세,경상
2016030500100189,2016년 3월 5일 09시,토요일,부산광역시 해운대구 좌동,경상사고,0,0,1,0,차대차 - 정면충돌,중앙선침범,건조,맑음,교차로 - 교차로부근,승용,남,55세,상해없음,승용,남,44세,경상
2016030500100213,2016년 3월 5일 10시,토요일,부산광역시 동래구 온천동,중상사고,0,1,1,0,차대차 - 추돌,안전거리미확보,건조,맑음,단일로 - 기타,승용,여,34세,중상,승용,여,28세,상해없음
2016030500100237,2016년 3월 5일 11시,토요일,부산광역시 사하구 다대동,경상사고,0,0,1,0,차대사람 - 횡단중,보행자보호의무위반,건조,맑음,교차로 - 교차로부근,승용,남,63세,상해없음,보행자,남,47세,경상
2016030500100288,2016년 3월 5일 13시,토요일,부산광역시 중구 중앙동2가,경상사고,0,0,1,0,차대차 - 측면직각충돌,신호위반,건조,흐림,단일로 - 기타,이륜,남,30세,상해없음,승용,여,28세,경상
2016030500100289,2016년 3월 5일 13시,토요일,부산광역시 북구 화명동,경상사고,0,0,2,0,차대차 - 추돌,안전운전불이행,건조,맑음,단일로 - 기타,승용,남,42세,상해없음,화물,남,57세,경상
2016030500100290,2016년 3월 5일 13시,토요일,부산광역시 해운대구 좌동,경상사고,0,0,1,0,차대사람 - 횡단중,보행자보호의무위반,건조,맑음,단일로 - 기타,승용,여,48세,상해없음,보행자,남,4세,경상
2016030500100291,2016년 3월 5일 13시,토요일,부산광역시 해운대구 반여동,중상사고,0,1,0,0,차대차 - 정면충돌,중앙선침범,건조,맑음,교차로 - 교차로안,이륜,남,15세,중상,승용,남,59세,상해없음
2016030500100320,2016년 3월 5일 14시,토요일,부산광역시 부산진구 당감동,경상사고,0,0,1,0,차대차 - 추돌,안전거리미확보,건조,맑음,단일로 - 터널,화물,남,67세,상해없음,승용,여,30세,경상
2016030500100321,2016년 3월 5일 14시,토요일,부산광역시 사상구 괘법동,경상사고,0,0,1,0,차대사람 - 길가장자리구역통행중,안전운전불이행,건조,맑음,단일로 - 기타,화물,남,61세,상해없음,보행자,남,54세,경상
2016030500100400,2016년 3월 5일 17시,토요일,부산광역시 중구 동광동5가,경상사고,0,0,2,0,차대차 - 측면직각충돌,안전운전불이행,건조,맑음,단일로 - 기타,승용,남,27세,상해없음,승용,남,35세,경상
2016030500100401,2016년 3월 5일 17시,토요일,부산광역시 연제구 연산동,경상사고,0,0,1,0,차대차 - 추돌,안전거리미확보,건조,맑음,단일로 - 교량,건설기계,남,44세,상해없음,승용,남,39세,경상
2016030500100430,2016년 3월 5일 18시,토요일,부산광역시 남구 대연동,중상사고,0,1,0,0,차대차 - 기타,교차로운행방법위반,건조,맑음,단일로 - 기타,화물,남,41세,상해없음,자전거,남,15세,중상
2016030500100431,2016년 3월 5일 18시,토요일,부산광역시 동래구 명륜동,중상사고,0,2,2,0,차대차 - 측면충돌,안전운전불이행,건조,맑음,단일로 - 기타,승용,여,43세,상해없음,승용,남,32세,경상
2016030500100432,2016년 3월 5일 18시,토요일,부산광역시 부산진구 개금동,경상사고,0,0,1,0,차대차 - 측면직각충돌,중앙선침범,습기,비,단일로 - 기타,승용,남,56세,상해없음,승용,남,24세,경상
2016030500100532,2016년 3월 5일 20시,토요일,부산광역시 기장군 일광면,경상사고,0,0,3,0,차대차 - 기타,교차로운행방법위반,건조,맑음,교차로 - 교차로안,승용,남,39세,경상,승용,남,33세,경상
2016030500100571,2016년 3월 5일 21시,토요일,부산광역시 북구 만덕동,경상사고,0,0,2,0,차대차 - 추돌,안전거리미확보,건조,맑음,단일로 - 기타,승용,여,33세,상해없음,승용,남,53세,경상
2016030500100572,2016년 3월 5일 21시,토요일,부산광역시 동래구 사직동,경상사고,0,0,1,0,차대차 - 추돌,안전운전불이행,건조,맑음,단일로 - 기타,승용,남,24세,상해없음,승용,여,45세,경상
2016030500100573,2016년 3월 5일 21시,토요일,부산광역시 부산진구 부전동,경상사고,0,0,1,0,차대사람 - 기타,안전운전불이행,건조,맑음,단일로 - 기타,승용,남,22세,상해없음,보행자,여,24세,경상
2016030500100603,2016년 3월 5일 22시,토요일,부산광역시 남구 용당동,경상사고,0,0,1,0,차대차 - 기타,안전운전불이행,습기,비,기타 - 기타,승용,남,60세,상해없음,승용,여,25세,상해없음
2016030500100604,2016년 3월 5일 22시,토요일,부산광역시 북구 금곡동,사망사고,1,0,0,0,차대차 - 기타,중앙선침범,습기,흐림,단일로 - 기타,자전거,남,79세,사망,승용,남,27세,상해없음
2016030500100605,2016년 3월 5일 22시,토요일,부산광역시 부산진구 개금동,경상사고,0,0,1,0,차대사람 - 횡단중,안전운전불이행,건조,맑음,단일로 - 횡단보도부근,승용,여,34세,상해없음,보행자,여,45세,경상
2016030500100627,2016년 3월 5일 23시,토요일,부산광역시 남구 대연동,중상사고,0,1,0,0,차대사람 - 횡단중,신호위반,습기,비,단일로 - 횡단보도상,승용,남,32세,상해없음,보행자,여,66세,중상
2016030500100628,2016년 3월 5일 23시,토요일,부산광역시 수영구 남천동,중상사고,0,1,0,0,차대차 - 측면충돌,교차로운행방법위반,습기,비,교차로 - 교차로안,승용,남,47세,상해없음,원동기,남,24세,중상
2016030500100629,2016년 3월 5일 23시,토요일,부산광역시 부산진구 양정동,경상사고,0,0,2,1,차대차 - 기타,안전운전불이행,습기,비,단일로 - 기타,승용,남,21세,상해없음,승용,남,59세,상해없음
2016030500100630,2016년 3월 5일 23시,토요일,부산광역시 사하구 당리동,사망사고,1,0,0,0,차대사람 - 기타,안전운전불이행,습기,비,단일로 - 기타,승용,남,47세,상해없음,보행자,남,53세,사망
2016030500100631,2016년 3월 5일 23시,토요일,부산광역시 연제구 연산동,중상사고,0,1,0,0,차대사람 - 차도통행중,안전운전불이행,습기,비,단일로 - 기타,승용,남,28세,상해없음,보행자,남,62세,중상
2016030500100632,2016년 3월 5일 23시,토요일,부산광역시 연제구 연산동,경상사고,0,0,1,0,차대차 - 추돌,안전거리미확보,습기,비,단일로 - 기타,승용,남,59세,상해없음,승용,남,32세,경상
2016030600100005,2016년 3월 6일 00시,일요일,부산광역시 북구 화명동,경상사고,0,0,1,0,차대차 - 기타,안전운전불이행,건조,맑음,단일로 - 기타,승용,남,55세,상해없음,원동기,남,27세,상해없음
2016030600100006,2016년 3월 6일 00시,일요일,부산광역시 동래구 명륜동,중상사고,0,1,0,0,차대사람 - 차도통행중,안전운전불이행,습기,비,교차로 - 교차로안,승용,남,73세,상해없음,보행자,남,38세,중상