사고번호,사고일시,요일,시군구,사고내용,사망자수,중상자수,경상자수,부상신고자수,사고유형,법규위반,노면상태,기상상태,도로형태,가해운전자 차종,가해운전자 성별,가해운전자 연령,가해운전자 상해정도,피해운전자 차종,피해운전자 성별,피해운전자 연령,피해운전자 상해정도
2016031000100067,2016년 3월 10일 06시,목요일,부산광역시 수영구 망미동,중상사고,0,1,0,0,차대사람 - 횡단중,중앙선침범,건조,맑음,단일로 - 기타,승용,남,60세,상해없음,보행자,남,53세,중상
2016031000100079,2016년 3월 10일 07시,목요일,부산광역시 해운대구 중동,중상사고,0,1,0,0,차대사람 - 횡단중,기타,건조,맑음,교차로 - 교차로안,화물,남,45세,상해없음,보행자,여,24세,중상
2016031000100080,2016년 3월 10일 07시,목요일,부산광역시 해운대구 우동,중상사고,0,1,1,0,차대차 - 측면직각충돌,기타,건조,맑음,교차로 - 교차로안,승합,남,35세,경상,승용,여,47세,중상
2016031000100154,2016년 3월 10일 09시,목요일,부산광역시 남구 대연동,경상사고,0,0,1,0,차대차 - 측면직각충돌,안전운전불이행,건조,맑음,단일로 - 기타,승용,남,64세,상해없음,승용,여,43세,경상
2016031000100155,2016년 3월 10일 09시,목요일,부산광역시 해운대구 좌동,중상사고,0,1,1,0,차대차 - 기타,신호위반,건조,맑음,교차로 - 교차로안,승용,남,68세,상해없음,승용,여,25세,중상
2016031000100225,2016년 3월 10일 11시,목요일,부산광역시 수영구 민락동,경상사고,0,0,1,0,차대차 - 측면직각충돌,안전운전불이행,건조,맑음,단일로 - 기타,승용,여,51세,상해없음,자전거,남,78세,경상
2016031000100226,2016년 3월 10일 11시,목요일,부산광역시 해운대구 우동,경상사고,0,0,1,0,차대차 - 기타,불법유턴,건조,맑음,교차로 - 교차로부근,승용,남,46세,상해없음,승용,여,48세,경상
2016031000100227,2016년 3월 10일 11시,목요일,부산광역시 사하구 감천동,중상사고,0,1,2,0,차대차 - 추돌,안전거리미확보,건조,맑음,기타 - 기타,승용,남,68세,경상,승용,남,35세,중상
2016031000100228,2016년 3월 10일 11시,목요일,부산광역시 사하구 구평동,중상사고,0,2,0,0,차대차 - 추돌,안전거리미확보,건조,맑음,기타 - 기타,승용,여,60세,상해없음,승용,여,40세,중상
2016031000100326,2016년 3월 10일 15시,목요일,부산광역시 서구 서대신동1가,경상사고,0,0,2,0,차대차 - 측면직각충돌,신호위반,건조,맑음,교차로 - 교차로안,승용,여,54세,상해없음,승용,남,77세,경상
2016031000100327,2016년 3월 10일 15시,목요일,부산광역시 동래구 안락동,중상사고,0,1,0,0,차대사람 - 차도통행중,안전운전불이행,건조,맑음,단일로 - 횡단보도상,승용,남,67세,상해없음,보행자,여,62세,중상
2016031000100328,2016년 3월 10일 15시,목요일,부산광역시 금정구 구서동,경상사고,0,0,1,0,차대차 - 측면충돌,안전거리미확보,건조,맑음,단일로 - 기타,승용,남,69세,상해없음,승합,남,58세,상해없음
2016031000100329,2016년 3월 10일 15시,목요일,부산광역시 연제구 연산동,중상사고,0,1,0,0,차대사람 - 횡단중,보행자보호의무위반,건조,맑음,단일로 - 횡단보도상,승용,남,41세,상해없음,보행자,남,72세,중상
2016031000100330,2016년 3월 10일 15시,목요일,부산광역시 연제구 연산동,경상사고,0,0,1,0,차대사람 - 보도통행중,기타,건조,맑음,단일로 - 기타,화물,남,61세,상해없음,보행자,여,71세,경상
2016031000100365,2016년 3월 10일 16시,목요일,부산광역시 서구 암남동,경상사고,0,0,1,0,차량단독 - 기타,기타,건조,맑음,단일로 - 기타,승합,남,43세,상해없음,,,,
2016031000100366,2016년 3월 10일 16시,목요일,부산광역시 남구 감만동,경상사고,0,0,1,0,차대차 - 기타,안전운전불이행,건조,맑음,단일로 - 기타,특수,남,36세,상해없음,승용,여,47세,경상
2016031000100367,2016년 3월 10일 16시,목요일,부산광역시 금정구 부곡동,중상사고,0,1,1,0,차대차 - 측면충돌,기타,건조,맑음,교차로 - 교차로안,승용,남,66세,상해없음,승용,남,59세,상해없음
2016031000100405,2016년 3월 10일 17시,목요일,부산광역시 동래구 온천동,경상사고,0,0,1,0,차대사람 - 길가장자리구역통행중,안전운전불이행,건조,맑음,단일로 - 기타,승용,남,42세,상해없음,보행자,남,45세,경상
2016031000100438,2016년 3월 10일 18시,목요일,부산광역시 중구 남포동6가,중상사고,0,1,0,0,차대차 - 측면충돌,신호위반,건조,맑음,교차로 - 교차로안,화물,남,53세,상해없음,이륜,남,65세,중상
2016031000100439,2016년 3월 10일 18시,목요일,부산광역시 해운대구 우동,경상사고,0,0,1,0,차대차 - 기타,안전운전불이행,건조,맑음,단일로 - 기타,화물,남,45세,상해없음,자전거,남,24세,경상
2016031000100470,2016년 3월 10일 19시,목요일,부산광역시 해운대구 우동,경상사고,0,0,1,0,차대차 - 기타,신호위반,건조,맑음,단일로 - 기타,승용,남,68세,상해없음,원동기,남,24세,경상
2016031000100488,2016년 3월 10일 20시,목요일,부산광역시 사하구 장림동,경상사고,0,0,1,0,차대차 - 측면직각충돌,차로위반,건조,맑음,단일로 - 기타,승합,남,58세,상해없음,승용,남,60세,경상
2016031000100489,2016년 3월 10일 20시,목요일,부산광역시 기장군 기장읍,경상사고,0,0,1,0,차대차 - 측면직각충돌,교차로운행방법위반,건조,맑음,교차로 - 교차로안,승용,기타불명,기타불명,기타불명,화물,남,40세,경상
2016031000100508,2016년 3월 10일 21시,목요일,부산광역시 기장군 기장읍,중상사고,0,1,0,0,차대사람 - 횡단중,안전운전불이행,건조,맑음,단일로 - 횡단보도부근,승용,남,44세,상해없음,보행자,여,43세,중상
2016031000100578,2016년 3월 10일 23시,목요일,부산광역시 남구 문현동,경상사고,0,0,2,0,차대차 - 측면직각충돌,안전운전불이행,건조,맑음,단일로 - 기타,승용,남,27세,상해없음,승용,여,23세,경상
2016031100100041,2016년 3월 11일 02시,금요일,부산광역시 수영구 망미동,경상사고,0,0,1,0,차대사람 - 횡단중,안전운전불이행,건조,맑음,단일로 - 기타,승용,남,22세,상해없음,보행자,남,57세,경상
2016031100100062,2016년 3월 11일 04시,금요일,부산광역시 동래구 사직동,중상사고,0,1,1,0,차량단독 - 공작물충돌,안전운전불이행,건조,맑음,단일로 - 기타,승용,남,65세,경상,,,,
2016031100100072,2016년 3월 11일 05시,금요일,부산광역시 사상구 감전동,중상사고,0,1,0,1,차대차 - 추돌,안전운전불이행,건조,맑음,교차로 - 교차로부근,승용,남,37세,상해없음,승용,남,56세,중상
2016031100100080,2016년 3월 11일 06시,금요일,부산광역시 금정구 오륜동,경상사고,0,0,1,0,차대차 - 추돌,안전거리미확보,건조,맑음,기타 - 기타,승용,남,42세,상해없음,승용,남,53세,상해없음
2016031100100081,2016년 3월 11일 06시,금요일,부산광역시 사하구 신평동,중상사고,0,2,1,0,차대차 - 측면직각충돌,신호위반,건조,맑음,교차로 - 교차로안,승용,남,52세,상해없음,승용,남,70세,중상
2016031100100093,2016년 3월 11일 07시,금요일,부산광역시 해운대구 재송동,경상사고,0,0,2,0,차대차 - 추돌,안전운전불이행,건조,맑음,단일로 - 기타,승용,남,51세,상해없음,화물,남,42세,경상
2016031100100129,2016년 3월 11일 08시,금요일,부산광역시 부산진구 개금동,중상사고,0,1,0,0,차대사람 - 횡단중,안전운전불이행,건조,맑음,단일로 - 기타,승용,남,57세,상해없음,보행자,여,27세,중상
2016031100100130,2016년 3월 11일 08시,금요일,부산광역시 부산진구 부전동,부상신고사고,0,0,0,1,차대차 - 추돌,안전거리미확보,건조,맑음,교차로 - 교차로부근,이륜,남,55세,부상신고,승용,여,28세,상해없음
2016031100100174,2016년 3월 11일 09시,금요일,부산광역시 남구 대연동,경상사고,0,0,1,0,차대차 - 추돌,안전운전불이행,건조,맑음,단일로 - 기타,승용,여,29세,기타불명,승용,여,67세,경상
2016031100100216,2016년 3월 11일 10시,금요일,부산광역시 수영구 민락동,경상사고,0,0,2,0,차대차 - 기타,교차로운행방법위반,건조,맑음,교차로 - 교차로안,승용,남,67세,상해없음,승용,여,27세,경상
2016031100100217,2016년 3월 11일 10시,금요일,부산광역시 기장군 기장읍,중상사고,0,1,0,0,차대사람 - 기타,안전운전불이행,건조,맑음,기타 - 기타,건설기계,남,41세,상해없음,보행자,여,39세,중상
2016031100100239,2016년 3월 11일 11시,금요일,부산광역시 부산진구 부전동,중상사고,0,1,0,0,차대차 - 측면충돌,안전운전불이행,건조,맑음,단일로 - 횡단보도상,화물,남,56세,상해없음,자전거,남,74세,중상
2016031100100259,2016년 3월 11일 12시,금요일,부산광역시 중구 중앙동4가,경상사고,0,0,1,0,차대차 - 추돌,안전거리미확보,건조,맑음,단일로 - 기타,승합,남,58세,상해없음,승합,남,58세,상해없음
2016031100100260,2016년 3월 11일 12시,금요일,부산광역시 금정구 노포동,중상사고,0,1,0,0,차대차 - 추돌,안전운전불이행,건조,맑음,단일로 - 기타,화물,남,46세,상해없음,화물,남,59세,중상
2016031100100261,2016년 3월 11일 12시,금요일,부산광역시 사하구 괴정동,중상사고,0,1,0,0,차대차 - 측면충돌,안전거리미확보,건조,맑음,단일로 - 기타,이륜,여,46세,중상,화물,남,40세,상해없음
2016031100100262,2016년 3월 11일 12시,금요일,부산광역시 사하구 하단동,경상사고,0,0,1,0,차대차 - 기타,안전운전불이행,건조,맑음,단일로 - 기타,화물,남,39세,상해없음,화물,남,40세,경상
2016031100100263,2016년 3월 11일 12시,금요일,부산광역시 연제구 연산동,중상사고,0,1,0,0,차대차 - 측면충돌,신호위반,건조,맑음,교차로 - 교차로안,승용,남,36세,상해없음,이륜,남,27세,중상
2016031100100264,2016년 3월 11일 12시,금요일,부산광역시 사상구 덕포동,경상사고,0,0,1,0,차대차 - 측면직각충돌,안전운전불이행,건조,맑음,단일로 - 기타,승용,남,64세,상해없음,승용,여,35세,경상
2016031100100283,2016년 3월 11일 13시,금요일,부산광역시 중구 부평동2가,중상사고,0,1,0,0,차대차 - 추돌,안전운전불이행,건조,맑음,단일로 - 기타,승용,남,48세,상해없음,이륜,남,43세,중상
2016031100100284,2016년 3월 11일 13시,금요일,부산광역시 동구 초량동,중상사고,0,1,0,0,차대차 - 측면직각충돌,교차로운행방법위반,건조,맑음,단일로 - 기타,승용,남,52세,상해없음,원동기,남,30세,중상
2016031100100352,2016년 3월 11일 15시,금요일,부산광역시 동구 초량동,부상신고사고,0,0,0,1,차대사람 - 기타,안전운전불이행,건조,맑음,단일로 - 기타,승용,여,39세,상해없음,보행자,남,18세,부상신고
2016031100100353,2016년 3월 11일 15시,금요일,부산광역시 남구 문현동,경상사고,0,0,1,0,차대사람 - 기타,안전운전불이행,건조,맑음,단일로 - 기타,화물,남,48세,상해없음,보행자,여,14세,경상
2016031100100354,2016년 3월 11일 15시,금요일,부산광역시 영도구 신선동2가,경상사고,0,0,1,0,차대사람 - 횡단중,안전운전불이행,건조,맑음,단일로 - 기타,승합,남,45세,상해없음,보행자,남,13세,경상
2016031100100355,2016년 3월 11일 15시,금요일,부산광역시 해운대구 좌동,경상사고,0,0,1,0,차량단독 - 기타,안전운전불이행,건조,맑음,단일로 - 기타,승용,남,53세,상해없음,,,,
2016031100100383,2016년 3월 11일 16시,금요일,부산광역시 서구 동대신동1가,중상사고,0,1,2,0,차대차 - 측면직각충돌,교차로운행방법위반,건조,맑음,교차로 - 교차로안,건설기계,남,46세,상해없음,승용,여,56세,중상
2016031100100384,2016년 3월 11일 16시,금요일,부산광역시 북구 화명동,경상사고,0,0,1,0,차대사람 - 횡단중,안전운전불이행,건조,맑음,단일로 - 기타,원동기,남,20세,상해없음,보행자,여,13세,경상
2016031100100385,2016년 3월 11일 16시,금요일,부산광역시 북구 덕천동,경상사고,0,0,1,0,차대차 - 추돌,중앙선침범,건조,맑음,단일로 - 기타,승용,남,69세,상해없음,승용,여,28세,경상
2016031100100386,2016년 3월 11일 16시,금요일,부산광역시 해운대구 송정동,경상사고,0,0,1,0,차대차 - 측면직각충돌,안전운전불이행,건조,맑음,단일로 - 기타,승용,남,73세,상해없음,승용,여,45세,경상
2016031100100387,2016년 3월 11일 16시,금요일,부산광역시 사상구 엄궁동,경상사고,0,0,1,0,차대사람 - 기타,안전운전불이행,건조,맑음,단일로 - 기타,승용,남,53세,상해없음,보행자,여,62세,경상
2016031100100419,2016년 3월 11일 17시,금요일,부산광역시 서구 동대신동1가,경상사고,0,0,2,0,차대차 - 기타,안전거리미확보,건조,맑음,단일로 - 기타,승용,남,53세,상해없음,승용,여,36세,경상
2016031100100420,2016년 3월 11일 17시,금요일,부산광역시 영도구 청학동,중상사고,0,3,1,2,차대차 - 추돌,안전운전불이행,건조,맑음,단일로 - 기타,화물,남,70세,상해없음,승용,남,63세,경상
2016031100100421,2016년 3월 11일 17시,금요일,부산광역시 부산진구 범천동,경상사고,0,0,1,0,차대사람 - 횡단중,보행자보호의무위반,건조,맑음,단일로 - 기타,승용,기타불명,기타불명,기타불명,보행자,남,7세,경상
2016031100100422,2016년 3월 11일 17시,금요일,부산광역시 부산진구 부암동,경상사고,0,0,1,0,차대차 - 추돌,교차로운행방법위반,건조,맑음,교차로 - 교차로안,승용,남,45세,상해없음,승용,여,35세,경상
2016031100100492,2016년 3월 11일 19시,금요일,부산광역시 동구 수정동,중상사고,0,1,0,0,차량단독 - 기타,안전운전불이행,건조,맑음,단일로 - 기타,승합,남,44세,상해없음,,,,
2016031100100493,2016년 3월 11일 19시,금요일,부산광역시 수영구 남천동,경상사고,0,0,5,0,차대차 - 측면직각충돌,차로위반,건조,맑음,단일로 - 기타,화물,남,65세,상해없음,승용,남,20세,경상
2016031100100494,2016년 3월 11일 19시,금요일,부산광역시 해운대구 중동,중상사고,0,1,0,0,차대사람 - 기타,안전운전불이행,건조,맑음,교차로 - 교차로부근,승용,남,71세,상해없음,보행자,남,67세,중상
2016031100100538,2016년 3월 11일 20시,금요일,부산광역시 수영구 남천동,경상사고,0,0,1,0,차대사람 - 횡단중,교차로운행방법위반,건조,맑음,교차로 - 교차로안,승합,남,66세,상해없음,보행자,여,62세,경상
2016031100100539,2016년 3월 11일 20시,금요일,부산광역시 사하구 신평동,중상사고,0,1,0,0,차대차 - 기타,교차로운행방법위반,건조,맑음,교차로 - 교차로안,승용,남,52세,상해없음,이륜,남,52세,중상
2016031100100583,2016년 3월 11일 21시,금요일,부산광역시 영도구 남항동1가,경상사고,0,0,1,0,차대차 - 기타,안전거리미확보,건조,맑음,단일로 - 기타,승용,남,31세,상해없음,승용,남,44세,경상
2016031100100584,2016년 3월 11일 21시,금요일,부산광역시 사상구 삼락동,경상사고,0,0,4,0,차대차 - 측면직각충돌,교차로운행방법위반,건조,맑음,교차로 - 교차로안,승용,남,48세,경상,승용,남,31세,경상
2016031100100615,2016년 3월 11일 22시,금요일,부산광역시 중구 남포동6가,중상사고,0,1,0,0,차대사람 - 횡단중,신호위반,건조,맑음,단일로 - 횡단보도상,이륜,기타불명,기타불명,기타불명,보행자,여,18세,중상
2016031100100616,2016년 3월 11일 22시,금요일,부산광역시 북구 금곡동,경상사고,0,0,1,0,차대사람 - 기타,안전운전불이행,건조,맑음,단일로 - 기타,승용,남,41세,상해없음,보행자,남,33세,경상
2016031100100643,2016년 3월 11일 23시,금요일,부산광역시 부산진구 부전동,중상사고,0,1,0,0,차대차 - 측면직각충돌,안전거리미확보,건조,맑음,단일로 - 기타,승용,남,66세,상해없음,이륜,남,33세,중상
2016031100100644,2016년 3월 11일 23시,금요일,부산광역시 부산진구 전포동,중상사고,0,1,0,0,차대사람 - 횡단중,보행자보호의무위반,건조,맑음,교차로 - 교차로안,화물,남,50세,상해없음,보행자,남,59세,중상
2016031200100004,2016년 3월 12일 00시,토요일,부산광역시 사하구 신평동,중상사고,0,1,0,1,차대사람 - 기타,안전운전불이행,건조,맑음,단일로 - 횡단보도상,이륜,남,19세,부상신고,보행자,남,22세,중상
2016031200100025,2016년 3월 12일 01시,토요일,부산광역시 부산진구 부전동,경상사고,0,0,3,0,차대차 - 추돌,안전거리미확보,건조,맑음,단일로 - 기타,승용,남,45세,상해없음,승용,남,51세,경상
2016031200100064,2016년 3월 12일 03시,토요일,부산광역시 동래구 명장동,경상사고,0,0,1,0,차대차 - 측면직각충돌,신호위반,건조,맑음,교차로 - 교차로안,승용,남,61세,상해없음,승용,남,66세,경상
2016031200100065,2016년 3월 12일 03시,토요일,부산광역시 해운대구 반여동,중상사고,0,1,0,0,차대차 - 추돌,안전운전불이행,건조,맑음,단일로 - 기타,승용,여,25세,상해없음,승용,남,24세,중상
2016031200100071,2016년 3월 12일 04시,토요일,부산광역시 부산진구 가야동,경상사고,0,0,2,0,차대차 - 추돌,안전운전불이행,건조,맑음,단일로 - 기타,승용,남,44세,상해없음,승용,남,49세,경상
2016031200100072,2016년 3월 12일 04시,토요일,부산광역시 남구 문현동,경상사고,0,0,2,0,차대차 - 측면직각충돌,신호위반,건조,맑음,교차로 - 교차로안,승용,남,25세,상해없음,승용,남,45세,경상
2016031200100095,2016년 3월 12일 06시,토요일,부산광역시 강서구 범방동,경상사고,0,0,1,0,차대차 - 측면직각충돌,안전운전불이행,건조,맑음,단일로 - 기타,화물,남,34세,상해없음,승용,남,52세,경상
2016031200100143,2016년 3월 12일 09시,토요일,부산광역시 해운대구 우동,중상사고,0,1,0,0,차대차 - 정면충돌,신호위반,건조,맑음,단일로 - 기타,승용,남,75세,상해없음,자전거,남,79세,중상
2016031200100211,2016년 3월 12일 12시,토요일,부산광역시 사하구 다대동,중상사고,0,1,0,0,차대사람 - 횡단중,안전운전불이행,건조,맑음,단일로 - 기타,화물,남,65세,상해없음,보행자,여,56세,중상
2016031200100212,2016년 3월 12일 12시,토요일,부산광역시 사상구 학장동,경상사고,0,0,1,0,차대차 - 추돌,안전거리미확보,건조,맑음,단일로 - 횡단보도부근,원동기,남,20세,상해없음,원동기,남,55세,경상
2016031200100237,2016년 3월 12일 13시,토요일,부산광역시 남구 문현동,중상사고,0,1,1,0,차대차 - 기타,신호위반,건조,맑음,교차로 - 교차로안,승용,여,64세,상해없음,승용,남,49세,중상
2016031200100238,2016년 3월 12일 13시,토요일,부산광역시 부산진구 가야동,경상사고,0,0,1,0,차대차 - 추돌,차로위반,건조,맑음,단일로 - 기타,승용,남,65세,상해없음,승용,여,47세,경상
2016031200100294,2016년 3월 12일 15시,토요일,부산광역시 동구 초량동,중상사고,0,1,0,0,차대사람 - 기타,안전운전불이행,건조,맑음,단일로 - 기타,승용,남,55세,상해없음,보행자,여,57세,중상
2016031200100295,2016년 3월 12일 15시,토요일,부산광역시 해운대구 반여동,중상사고,0,1,0,0,차대차 - 추돌,안전거리미확보,건조,맑음,단일로 - 기타,승합,남,44세,상해없음,자전거,남,12세,중상
2016031200100296,2016년 3월 12일 15시,토요일,부산광역시 기장군 기장읍,중상사고,0,1,0,0,차대사람 - 횡단중,안전운전불이행,건조,맑음,교차로 - 교차로부근,화물,남,58세,상해없음,보행자,남,70세,중상
2016031200100325,2016년 3월 12일 16시,토요일,부산광역시 동래구 사직동,중상사고,0,1,0,0,차대사람 - 보도통행중,보행자보호의무위반,건조,맑음,교차로 - 교차로부근,승용,여,37세,상해없음,보행자,여,85세,중상
2016031200100326,2016년 3월 12일 16시,토요일,부산광역시 해운대구 반여동,경상사고,0,0,1,0,차대차 - 기타,교차로운행방법위반,기타,맑음,교차로 - 교차로부근,승용,남,57세,상해없음,자전거,남,12세,경상
2016031200100327,2016년 3월 12일 16시,토요일,부산광역시 금정구 금사동,경상사고,0,0,1,0,차대차 - 측면충돌,직진우회전진행방해,건조,맑음,교차로 - 교차로안,승용,남,53세,상해없음,승용,남,25세,경상
2016031200100355,2016년 3월 12일 17시,토요일,부산광역시 금정구 남산동,경상사고,0,0,2,0,차대차 - 추돌,안전거리미확보,건조,맑음,교차로 - 교차로부근,승용,여,29세,상해없음,승용,여,60세,경상
2016031200100356,2016년 3월 12일 17시,토요일,부산광역시 사하구 괴정동,경상사고,0,0,1,0,차대사람 - 횡단중,안전운전불이행,건조,맑음,교차로 - 교차로부근,승용,남,48세,상해없음,보행자,여,69세,경상
2016031200100395,2016년 3월 12일 18시,토요일,부산광역시 북구 구포동,중상사고,0,1,0,0,차대사람 - 기타,안전운전불이행,건조,맑음,단일로 - 기타,승용,남,67세,상해없음,보행자,여,75세,중상
2016031200100428,2016년 3월 12일 19시,토요일,부산광역시 동구 초량동,경상사고,0,0,1,0,차대사람 - 기타,안전운전불이행,건조,맑음,단일로 - 기타,승용,남,38세,상해없음,보행자,남,82세,경상
2016031200100429,2016년 3월 12일 19시,토요일,부산광역시 해운대구 우동,부상신고사고,0,0,0,1,차대차 - 기타,교차로운행방법위반,건조,맑음,교차로 - 교차로안,이륜,남,26세,부상신고,승용,여,46세,상해없음
2016031200100430,2016년 3월 12일 19시,토요일,부산광역시 강서구 송정동,경상사고,0,0,1,0,차대차 - 측면직각충돌,신호위반,건조,맑음,교차로 - 교차로안,승용,남,57세,상해없음,자전거,남,28세,경상
2016031200100431,2016년 3월 12일 19시,토요일,부산광역시 사상구 괘법동,중상사고,0,1,0,0,차대사람 - 차도통행중,안전운전불이행,건조,맑음,단일로 - 기타,이륜,남,17세,상해없음,보행자,여,54세,중상
2016031200100499,2016년 3월 12일 21시,토요일,부산광역시 수영구 남천동,중상사고,0,1,0,0,차대사람 - 기타,교차로운행방법위반,건조,맑음,교차로 - 교차로안,승용,남,58세,상해없음,보행자,여,61세,중상
2016031200100500,2016년 3월 12일 21시,토요일,부산광역시 수영구 남천동,부상신고사고,0,0,0,1,차대사람 - 차도통행중,안전운전불이행,건조,맑음,단일로 - 기타,승용,여,55세,상해없음,보행자,남,17세,부상신고
2016031200100501,2016년 3월 12일 21시,토요일,부산광역시 부산진구 범천동,경상사고,0,0,1,0,차대사람 - 횡단중,안전운전불이행,건조,맑음,교차로 - 교차로부근,승용,남,60세,상해없음,보행자,남,28세,경상
2016031200100551,2016년 3월 12일 23시,토요일,부산광역시 중구 대청동3가,경상사고,0,0,1,0,차대차 - 측면직각충돌,신호위반,건조,맑음,교차로 - 교차로안,이륜,남,17세,상해없음,승용,남,26세,상해없음
2016031300100003,2016년 3월 13일 00시,일요일,부산광역시 동래구 낙민동,경상사고,0,0,3,0,차대차 - 추돌,안전운전불이행,건조,맑음,교차로 - 교차로안,승용,남,31세,상해없음,승용,남,42세,경상
2016031300100004,2016년 3월 13일 00시,일요일,부산광역시 부산진구 부전동,중상사고,0,1,0,0,차대사람 - 횡단중,보행자보호의무위반,건조,맑음,단일로 - 횡단보도상,승용,남,60세,상해없음,보행자,여,22세,중상
2016031300100026,2016년 3월 13일 01시,일요일,부산광역시 해운대구 재송동,경상사고,0,0,1,0,차대차 - 측면직각충돌,중앙선침범,건조,맑음,교차로 - 교차로부근,승용,남,28세,상해없음,승합,남,52세,경상
2016031300100027,2016년 3월 13일 01시,일요일,부산광역시 기장군 기장읍,경상사고,0,0,1,0,차대차 - 측면직각충돌,안전운전불이행,건조,맑음,교차로 - 교차로안,승용,여,32세,상해없음,승용,남,44세,경상
2016031300100041,2016년 3월 13일 02시,일요일,부산광역시 동래구 온천동,경상사고,0,0,1,0,차대차 - 추돌,안전거리미확보,건조,맑음,단일로 - 기타,승용,남,50세,상해없음,승용,남,51세,경상
2016031300100042,2016년 3월 13일 02시,일요일,부산광역시 사상구 주례동,경상사고,0,0,1,0,차대사람 - 기타,안전운전불이행,건조,맑음,단일로 - 기타,승용,남,43세,기타불명,보행자,남,29세,경상
2016031300100070,2016년 3월 13일 05시,일요일,부산광역시 부산진구 범천동,경상사고,0,0,1,0,차량단독 - 전도전복,안전운전불이행,건조,맑음,단일로 - 기타,승용,남,34세,상해없음,,,,
2016031300100105,2016년 3월 13일 08시,일요일,부산광역시 사상구 삼락동,중상사고,0,1,0,0,차대차 - 측면직각충돌,안전운전불이행,건조,맑음,단일로 - 기타,화물,남,30세,상해없음,자전거,남,25세,중상
2016031300100132,2016년 3월 13일 10시,일요일,부산광역시 중구 남포동2가,중상사고,0,1,0,0,차대사람 - 횡단중,안전운전불이행,건조,맑음,단일로 - 횡단보도부근,승용,남,26세,상해없음,보행자,남,60세,중상
2016031300100146,2016년 3월 13일 11시,일요일,부산광역시 수영구 광안동,경상사고,0,0,1,0,차대차 - 측면충돌,안전운전불이행,건조,맑음,교차로 - 교차로안,원동기,남,22세,경상,승용,남,51세,상해없음
2016031300100147,2016년 3월 13일 11시,일요일,부산광역시 기장군 기장읍,경상사고,0,0,2,0,차대차 - 측면충돌,중앙선침범,건조,맑음,단일로 - 기타,승용,남,35세,상해없음,승용,남,36세,경상
2016031300100181,2016년 3월 13일 13시,일요일,부산광역시 중구 남포동1가,경상사고,0,0,1,0,차대차 - 측면직각충돌,직진우회전진행방해,건조,맑음,교차로 - 교차로안,화물,남,52세,상해없음,승용,여,62세,경상
2016031300100207,2016년 3월 13일 14시,일요일,부산광역시 부산진구 부전동,경상사고,0,0,1,0,차대차 - 정면충돌,안전운전불이행,건조,맑음,단일로 - 기타,승용,남,57세,상해없음,승용,남,36세,경상
2016031300100208,2016년 3월 13일 14시,일요일,부산광역시 금정구 부곡동,경상사고,0,0,1,0,차대차 - 측면충돌,안전거리미확보,건조,맑음,단일로 - 기타,승용,남,47세,기타불명,승용,남,58세,경상
2016031300100278,2016년 3월 13일 17시,일요일,부산광역시 북구 화명동,중상사고,0,1,0,0,차대차 - 기타,중앙선침범,건조,맑음,단일로 - 기타,원동기,남,33세,상해없음,원동기,남,51세,중상
2016031300100279,2016년 3월 13일 17시,일요일,부산광역시 부산진구 부암동,중상사고,0,1,0,0,차대차 - 추돌,안전운전불이행,건조,맑음,교차로 - 교차로부근,승용,남,26세,상해없음,원동기,남,39세,중상
2016031300100323,2016년 3월 13일 19시,일요일,부산광역시 동래구 안락동,경상사고,0,0,2,0,차대차 - 측면충돌,안전운전불이행,건조,맑음,단일로 - 기타,승용,남,47세,상해없음,이륜,남,16세,경상
2016031300100324,2016년 3월 13일 19시,일요일,부산광역시 부산진구 가야동,중상사고,0,1,0,0,차대사람 - 횡단중,보행자보호의무위반,건조,맑음,단일로 - 횡단보도상,승용,남,56세,상해없음,보행자,여,61세,중상
2016031300100326,2016년 3월 13일 19시,일요일,부산광역시 기장군 정관읍,경상사고,0,0,1,0,차대차 - 측면직각충돌,안전운전불이행,건조,맑음,단일로 - 기타,승용,남,50세,상해없음,승용,여,39세,경상
2016031300100387,2016년 3월 13일 22시,일요일,부산광역시 해운대구 우동,경상사고,0,0,1,0,차대사람 - 횡단중,신호위반,건조,맑음,단일로 - 기타,이륜,남,28세,상해없음,보행자,남,25세,경상
2016031300100388,2016년 3월 13일 22시,일요일,부산광역시 금정구 장전동,경상사고,0,0,1,2,차대차 - 추돌,안전거리미확보,건조,맑음,교차로 - 교차로안,승용,남,25세,상해없음,승용,남,30세,경상
2016031300100403,2016년 3월 13일 23시,일요일,부산광역시 부산진구 가야동,중상사고,0,1,0,0,차대차 - 기타,신호위반,기타,맑음,교차로 - 교차로안,원동기,남,34세,상해없음,승용,남,62세,중상
2016031400100004,2016년 3월 14일 00시,월요일,부산광역시 동래구 안락동,중상사고,0,1,0,0,차대차 - 측면직각충돌,신호위반,건조,맑음,교차로 - 교차로안,승용,남,55세,상해없음,승용,여,54세,중상
2016031400100005,2016년 3월 14일 00시,월요일,부산광역시 동래구 명장동,경상사고,0,0,1,0,차대사람 - 차도통행중,안전운전불이행,건조,맑음,단일로 - 기타,원동기,기타불명,기타불명,기타불명,보행자,여,68세,경상
2016031400100046,2016년 3월 14일 06시,월요일,부산광역시 해운대구 반송동,중상사고,0,1,0,0,차대사람 - 기타,안전운전불이행,건조,맑음,단일로 - 기타,승용,남,67세,상해없음,보행자,여,74세,중상