사고번호,사고일시,요일,시군구,사고내용,사망자수,중상자수,경상자수,부상신고자수,사고유형,법규위반,노면상태,기상상태,도로형태,가해운전자 차종,가해운전자 성별,가해운전자 연령,가해운전자 상해정도,피해운전자 차종,피해운전자 성별,피해운전자 연령,피해운전자 상해정도
2016031400100047,2016년 3월 14일 06시,월요일,부산광역시 강서구 송정동,중상사고,0,1,0,0,차대차 - 측면직각충돌,안전거리미확보,건조,맑음,단일로 - 기타,승용,남,43세,상해없음,이륜,남,44세,중상
2016031400100069,2016년 3월 14일 07시,월요일,부산광역시 남구 대연동,경상사고,0,0,2,0,차대차 - 측면직각충돌,교차로운행방법위반,건조,맑음,교차로 - 교차로안,화물,남,56세,상해없음,승용,여,39세,경상
2016031400100070,2016년 3월 14일 07시,월요일,부산광역시 북구 구포동,경상사고,0,0,1,0,차대사람 - 기타,안전운전불이행,건조,맑음,단일로 - 기타,승합,남,44세,기타불명,보행자,여,55세,경상
2016031400100071,2016년 3월 14일 07시,월요일,부산광역시 연제구 연산동,중상사고,0,1,0,0,차대차 - 측면충돌,교차로운행방법위반,건조,맑음,교차로 - 교차로안,승용,남,71세,상해없음,이륜,남,25세,중상
2016031400100097,2016년 3월 14일 08시,월요일,부산광역시 북구 구포동,경상사고,0,0,1,0,차대차 - 추돌,안전운전불이행,건조,맑음,단일로 - 기타,승합,남,69세,상해없음,승용,여,37세,경상
2016031400100098,2016년 3월 14일 08시,월요일,부산광역시 동래구 온천동,경상사고,0,0,2,0,차대차 - 추돌,안전거리미확보,건조,맑음,단일로 - 기타,승용,여,47세,상해없음,승용,남,60세,경상
2016031400100140,2016년 3월 14일 09시,월요일,부산광역시 해운대구 좌동,경상사고,0,0,1,0,차대사람 - 기타,신호위반,건조,맑음,교차로 - 교차로안,승용,남,21세,상해없음,보행자,여,33세,경상
2016031400100141,2016년 3월 14일 09시,월요일,부산광역시 강서구 지사동,경상사고,0,0,1,0,차대차 - 측면직각충돌,안전거리미확보,건조,맑음,교차로 - 교차로부근,화물,남,49세,상해없음,승용,여,34세,경상
2016031400100164,2016년 3월 14일 10시,월요일,부산광역시 동래구 명장동,경상사고,0,0,1,0,차대차 - 측면충돌,안전운전불이행,건조,맑음,교차로 - 교차로부근,승용,남,64세,상해없음,승용,남,65세,상해없음
2016031400100241,2016년 3월 14일 13시,월요일,부산광역시 해운대구 우동,경상사고,0,0,1,0,차대차 - 측면직각충돌,안전거리미확보,건조,맑음,단일로 - 기타,승용,남,56세,상해없음,승용,여,58세,경상
2016031400100242,2016년 3월 14일 13시,월요일,부산광역시 강서구 명지동,경상사고,0,0,1,0,차대차 - 추돌,안전운전불이행,건조,맑음,교차로 - 교차로부근,승용,남,18세,상해없음,승용,남,35세,경상
2016031400100271,2016년 3월 14일 14시,월요일,부산광역시 동구 초량동,경상사고,0,0,1,0,차대차 - 기타,안전거리미확보,건조,맑음,기타 - 기타,화물,남,45세,상해없음,승용,남,37세,경상
2016031400100296,2016년 3월 14일 15시,월요일,부산광역시 서구 아미동1가,중상사고,0,1,0,0,차대차 - 기타,교차로운행방법위반,건조,맑음,교차로 - 교차로안,승용,남,52세,상해없음,원동기,남,71세,중상
2016031400100297,2016년 3월 14일 15시,월요일,부산광역시 부산진구 부전동,경상사고,0,0,1,0,차대사람 - 길가장자리구역통행중,안전운전불이행,건조,맑음,단일로 - 기타,승용,여,42세,상해없음,보행자,남,20세,경상
2016031400100328,2016년 3월 14일 16시,월요일,부산광역시 연제구 거제동,경상사고,0,0,1,0,차대차 - 추돌,신호위반,건조,맑음,교차로 - 교차로부근,승용,여,36세,상해없음,이륜,남,22세,경상
2016031400100329,2016년 3월 14일 16시,월요일,부산광역시 강서구 신호동,경상사고,0,0,1,0,차대차 - 측면직각충돌,중앙선침범,건조,흐림,교차로 - 교차로안,승용,여,26세,상해없음,승용,남,44세,경상
2016031400100376,2016년 3월 14일 17시,월요일,부산광역시 남구 대연동,중상사고,0,1,0,0,차대사람 - 길가장자리구역통행중,안전운전불이행,건조,맑음,단일로 - 기타,승용,여,45세,상해없음,보행자,여,53세,중상
2016031400100413,2016년 3월 14일 18시,월요일,부산광역시 동래구 온천동,중상사고,0,1,0,0,차대차 - 측면직각충돌,안전운전불이행,건조,맑음,단일로 - 기타,승용,여,43세,상해없음,승용,여,47세,중상
2016031400100414,2016년 3월 14일 18시,월요일,부산광역시 부산진구 범천동,중상사고,0,1,1,0,차대차 - 기타,안전거리미확보,건조,맑음,단일로 - 기타,승용,남,60세,상해없음,이륜,남,21세,중상
2016031400100415,2016년 3월 14일 18시,월요일,부산광역시 부산진구 당감동,경상사고,0,0,1,0,차대차 - 측면직각충돌,직진우회전진행방해,건조,맑음,교차로 - 교차로안,승용,여,45세,상해없음,승용,여,55세,경상
2016031400100416,2016년 3월 14일 18시,월요일,부산광역시 강서구 명지동,경상사고,0,0,1,0,차대차 - 측면직각충돌,안전운전불이행,건조,맑음,단일로 - 기타,화물,남,34세,상해없음,이륜,남,66세,경상
2016031400100448,2016년 3월 14일 19시,월요일,부산광역시 해운대구 좌동,경상사고,0,0,1,0,차대차 - 측면충돌,교차로운행방법위반,기타,맑음,교차로 - 교차로안,이륜,남,22세,경상,승용,남,31세,상해없음
2016031400100449,2016년 3월 14일 19시,월요일,부산광역시 부산진구 개금동,경상사고,0,0,1,0,차대사람 - 기타,안전운전불이행,건조,맑음,단일로 - 기타,승용,남,56세,상해없음,보행자,남,21세,경상
2016031400100489,2016년 3월 14일 20시,월요일,부산광역시 해운대구 재송동,중상사고,0,1,0,0,차대차 - 측면직각충돌,안전운전불이행,건조,맑음,단일로 - 횡단보도상,자전거,남,69세,중상,승용,남,50세,상해없음
2016031400100490,2016년 3월 14일 20시,월요일,부산광역시 부산진구 부전동,중상사고,0,1,0,0,차대사람 - 횡단중,안전운전불이행,건조,맑음,단일로 - 횡단보도상,승용,남,70세,상해없음,보행자,남,71세,중상
2016031400100523,2016년 3월 14일 21시,월요일,부산광역시 기장군 기장읍,경상사고,0,0,1,0,차대차 - 측면직각충돌,직진우회전진행방해,건조,맑음,교차로 - 교차로안,승용,남,47세,상해없음,원동기,여,50세,경상
2016031400100551,2016년 3월 14일 22시,월요일,부산광역시 해운대구 우동,중상사고,0,1,0,0,차대차 - 측면직각충돌,안전거리미확보,건조,맑음,단일로 - 기타,승용,여,55세,중상,화물,남,57세,상해없음
2016031400100574,2016년 3월 14일 23시,월요일,부산광역시 해운대구 중동,경상사고,0,0,1,0,차대차 - 기타,교차로운행방법위반,기타,맑음,교차로 - 교차로안,이륜,남,57세,경상,승용,남,43세,상해없음
2016031400100575,2016년 3월 14일 23시,월요일,부산광역시 사하구 다대동,경상사고,0,0,1,0,차대사람 - 기타,안전운전불이행,건조,맑음,단일로 - 기타,화물,남,48세,상해없음,보행자,남,41세,경상
2016031500100035,2016년 3월 15일 03시,화요일,부산광역시 해운대구 재송동,중상사고,0,1,0,0,차대사람 - 횡단중,안전운전불이행,건조,맑음,단일로 - 기타,승용,남,57세,상해없음,보행자,여,43세,중상
2016031500100042,2016년 3월 15일 04시,화요일,부산광역시 부산진구 전포동,부상신고사고,0,0,0,1,차량단독 - 공작물충돌,안전운전불이행,건조,맑음,교차로 - 교차로안,승용,남,33세,상해없음,,,,
2016031500100046,2016년 3월 15일 05시,화요일,부산광역시 동래구 명장동,경상사고,0,0,1,0,차대사람 - 횡단중,보행자보호의무위반,건조,흐림,교차로 - 교차로안,승용,남,50세,상해없음,보행자,남,53세,경상
2016031500100047,2016년 3월 15일 05시,화요일,부산광역시 사하구 하단동,중상사고,0,1,0,0,차대사람 - 횡단중,보행자보호의무위반,건조,맑음,단일로 - 횡단보도상,승용,남,54세,상해없음,보행자,남,68세,중상
2016031500100061,2016년 3월 15일 06시,화요일,부산광역시 사하구 신평동,중상사고,0,1,0,0,차대차 - 측면직각충돌,안전운전불이행,건조,기타,교차로 - 교차로안,자전거,남,70세,중상,화물,남,54세,상해없음
2016031500100062,2016년 3월 15일 06시,화요일,부산광역시 사하구 괴정동,경상사고,0,0,1,0,차대차 - 추돌,안전거리미확보,건조,맑음,교차로 - 교차로부근,승합,남,50세,상해없음,승용,여,58세,경상
2016031500100121,2016년 3월 15일 08시,화요일,부산광역시 금정구 장전동,중상사고,0,1,0,0,차대사람 - 횡단중,안전운전불이행,건조,맑음,단일로 - 기타,승용,남,27세,상해없음,보행자,여,35세,중상
2016031500100159,2016년 3월 15일 09시,화요일,부산광역시 남구 문현동,경상사고,0,0,1,0,차대차 - 기타,직진우회전진행방해,건조,맑음,교차로 - 교차로안,원동기,남,66세,경상,승용,여,54세,상해없음
2016031500100191,2016년 3월 15일 10시,화요일,부산광역시 해운대구 우동,경상사고,0,0,1,0,차대차 - 측면직각충돌,안전거리미확보,건조,맑음,교차로 - 교차로부근,승용,남,74세,상해없음,승용,여,59세,경상
2016031500100192,2016년 3월 15일 10시,화요일,부산광역시 기장군 정관읍,경상사고,0,0,1,0,차대차 - 기타,안전운전불이행,건조,맑음,단일로 - 기타,이륜,남,39세,상해없음,승용,여,33세,경상
2016031500100210,2016년 3월 15일 11시,화요일,부산광역시 영도구 동삼동,경상사고,0,0,1,0,차대사람 - 보도통행중,기타,건조,맑음,교차로 - 교차로안,승용,여,56세,상해없음,보행자,여,73세,경상
2016031500100211,2016년 3월 15일 11시,화요일,부산광역시 사하구 괴정동,경상사고,0,0,3,0,차대차 - 추돌,안전거리미확보,건조,맑음,교차로 - 교차로부근,승합,남,56세,상해없음,승용,여,41세,경상
2016031500100212,2016년 3월 15일 11시,화요일,부산광역시 사상구 덕포동,부상신고사고,0,0,0,1,차대차 - 측면직각충돌,안전거리미확보,건조,맑음,단일로 - 기타,자전거,여,51세,부상신고,승용,여,45세,상해없음
2016031500100249,2016년 3월 15일 12시,화요일,부산광역시 영도구 청학동,중상사고,0,1,0,0,차대차 - 추돌,신호위반,건조,맑음,교차로 - 교차로안,승용,남,54세,상해없음,승용,여,58세,중상
2016031500100250,2016년 3월 15일 12시,화요일,부산광역시 금정구 청룡동,경상사고,0,0,1,1,차대차 - 추돌,기타,건조,맑음,기타 - 기타,화물,남,57세,상해없음,승용,남,68세,부상신고
2016031500100251,2016년 3월 15일 12시,화요일,부산광역시 기장군 정관읍,중상사고,0,1,0,0,차대사람 - 횡단중,안전운전불이행,건조,맑음,단일로 - 기타,승용,남,41세,상해없음,보행자,여,49세,중상
2016031500100273,2016년 3월 15일 13시,화요일,부산광역시 서구 남부민동,중상사고,0,1,0,0,차량단독 - 기타,기타,건조,맑음,단일로 - 기타,승합,남,39세,상해없음,,,,
2016031500100274,2016년 3월 15일 13시,화요일,부산광역시 사상구 학장동,경상사고,0,0,1,0,차대차 - 측면직각충돌,안전거리미확보,건조,맑음,교차로 - 교차로부근,승용,남,63세,상해없음,승용,남,51세,경상
2016031500100298,2016년 3월 15일 14시,화요일,부산광역시 동래구 온천동,부상신고사고,0,0,0,1,차대사람 - 횡단중,신호위반,건조,맑음,단일로 - 횡단보도상,승용,여,55세,상해없음,보행자,여,8세,부상신고
2016031500100348,2016년 3월 15일 16시,화요일,부산광역시 남구 대연동,경상사고,0,0,1,0,차대차 - 기타,교차로운행방법위반,건조,맑음,교차로 - 교차로안,승용,남,45세,상해없음,원동기,남,19세,경상
2016031500100349,2016년 3월 15일 16시,화요일,부산광역시 동래구 온천동,중상사고,0,1,0,0,차대사람 - 횡단중,보행자보호의무위반,건조,맑음,단일로 - 횡단보도상,화물,남,44세,상해없음,보행자,여,60세,중상
2016031500100378,2016년 3월 15일 17시,화요일,부산광역시 중구 영주동,부상신고사고,0,0,0,1,차대사람 - 기타,안전운전불이행,건조,맑음,단일로 - 기타,승용,여,21세,상해없음,보행자,여,83세,부상신고
2016031500100379,2016년 3월 15일 17시,화요일,부산광역시 남구 대연동,경상사고,0,0,1,0,차대차 - 기타,차로위반,건조,맑음,단일로 - 기타,특수,남,60세,상해없음,승용,남,30세,경상
2016031500100412,2016년 3월 15일 18시,화요일,부산광역시 기장군 정관읍,경상사고,0,0,1,0,차대차 - 측면직각충돌,안전운전불이행,건조,맑음,교차로 - 교차로안,승합,남,35세,상해없음,승용,여,40세,경상
2016031500100497,2016년 3월 15일 20시,화요일,부산광역시 해운대구 우동,중상사고,0,1,1,0,차대차 - 측면직각충돌,안전운전불이행,건조,맑음,교차로 - 교차로부근,승용,남,59세,상해없음,승용,여,58세,경상
2016031500100522,2016년 3월 15일 21시,화요일,부산광역시 해운대구 석대동,경상사고,0,0,2,0,차대차 - 측면직각충돌,안전운전불이행,건조,맑음,단일로 - 기타,승용,여,55세,경상,화물,남,56세,경상
2016031500100523,2016년 3월 15일 21시,화요일,부산광역시 해운대구 재송동,중상사고,0,1,0,0,차대차 - 측면직각충돌,안전운전불이행,건조,맑음,교차로 - 교차로안,화물,남,58세,상해없음,승용,남,29세,상해없음
2016031500100524,2016년 3월 15일 21시,화요일,부산광역시 사하구 하단동,경상사고,0,0,1,0,차대차 - 기타,신호위반,건조,맑음,기타 - 기타,승용,남,22세,상해없음,승용,남,59세,경상
2016031500100553,2016년 3월 15일 22시,화요일,부산광역시 부산진구 부전동,중상사고,0,1,0,0,차대사람 - 길가장자리구역통행중,안전운전불이행,건조,맑음,단일로 - 기타,승용,남,41세,상해없음,보행자,여,62세,중상
2016031600100016,2016년 3월 16일 01시,수요일,부산광역시 동구 범일동,경상사고,0,0,1,0,차대차 - 기타,안전운전불이행,건조,맑음,단일로 - 기타,원동기,남,18세,경상,승용,남,57세,상해없음
2016031600100017,2016년 3월 16일 01시,수요일,부산광역시 수영구 남천동,중상사고,0,1,1,0,차대차 - 정면충돌,중앙선침범,건조,맑음,교차로 - 교차로부근,승용,남,33세,상해없음,승용,여,60세,경상
2016031600100018,2016년 3월 16일 01시,수요일,부산광역시 동래구 사직동,중상사고,0,2,0,0,차대차 - 정면충돌,중앙선침범,건조,맑음,단일로 - 기타,승용,여,49세,상해없음,승용,남,60세,중상
2016031600100019,2016년 3월 16일 01시,수요일,부산광역시 해운대구 중동,경상사고,0,0,2,0,차대차 - 기타,신호위반,건조,맑음,교차로 - 교차로안,승용,남,25세,상해없음,승용,남,20세,경상
2016031600100036,2016년 3월 16일 02시,수요일,부산광역시 북구 만덕동,경상사고,0,0,1,0,차대차 - 정면충돌,안전운전불이행,건조,맑음,단일로 - 기타,승용,남,53세,상해없음,이륜,남,18세,경상
2016031600100037,2016년 3월 16일 02시,수요일,부산광역시 사상구 괘법동,경상사고,0,0,1,0,차대사람 - 횡단중,안전운전불이행,건조,맑음,단일로 - 기타,승용,남,54세,상해없음,보행자,남,46세,경상
2016031600100069,2016년 3월 16일 06시,수요일,부산광역시 동래구 사직동,경상사고,0,0,1,0,차대차 - 측면충돌,신호위반,건조,맑음,교차로 - 교차로안,승용,기타불명,기타불명,기타불명,승용,여,49세,경상
2016031600100078,2016년 3월 16일 07시,수요일,부산광역시 사상구 괘법동,경상사고,0,0,1,0,차대차 - 측면직각충돌,안전운전불이행,건조,맑음,단일로 - 기타,자전거,남,37세,경상,화물,남,22세,상해없음
2016031600100079,2016년 3월 16일 07시,수요일,부산광역시 사상구 감전동,경상사고,0,0,3,0,차대차 - 측면직각충돌,안전운전불이행,건조,맑음,단일로 - 기타,화물,남,55세,상해없음,화물,남,62세,경상
2016031600100104,2016년 3월 16일 08시,수요일,부산광역시 북구 화명동,중상사고,0,3,2,0,차대차 - 추돌,안전운전불이행,건조,맑음,단일로 - 기타,승용,남,75세,상해없음,승합,남,34세,상해없음
2016031600100105,2016년 3월 16일 08시,수요일,부산광역시 금정구 구서동,부상신고사고,0,0,0,1,차대차 - 기타,안전운전불이행,건조,맑음,단일로 - 기타,화물,남,69세,상해없음,승용,여,32세,부상신고
2016031600100106,2016년 3월 16일 08시,수요일,부산광역시 사하구 신평동,경상사고,0,0,1,0,차대차 - 기타,신호위반,건조,맑음,교차로 - 교차로안,승합,남,39세,기타불명,승용,남,44세,경상
2016031600100204,2016년 3월 16일 11시,수요일,부산광역시 남구 용당동,중상사고,0,1,0,0,차대차 - 측면직각충돌,안전거리미확보,건조,맑음,단일로 - 기타,화물,남,59세,상해없음,승용,남,54세,중상
2016031600100205,2016년 3월 16일 11시,수요일,부산광역시 남구 문현동,중상사고,0,1,0,0,차대차 - 측면직각충돌,교차로운행방법위반,건조,맑음,교차로 - 교차로안,화물,남,50세,상해없음,원동기,남,74세,중상
2016031600100235,2016년 3월 16일 12시,수요일,부산광역시 부산진구 양정동,경상사고,0,0,1,0,차대차 - 측면충돌,신호위반,건조,맑음,교차로 - 교차로안,승합,남,49세,상해없음,승용,남,33세,경상
2016031600100236,2016년 3월 16일 12시,수요일,부산광역시 사상구 엄궁동,경상사고,0,0,1,0,차대차 - 측면직각충돌,안전거리미확보,건조,맑음,단일로 - 기타,승용,여,56세,상해없음,승용,여,30세,경상
2016031600100263,2016년 3월 16일 13시,수요일,부산광역시 남구 대연동,부상신고사고,0,0,0,1,차대차 - 측면직각충돌,안전거리미확보,건조,맑음,단일로 - 기타,이륜,남,27세,부상신고,승용,남,62세,상해없음
2016031600100290,2016년 3월 16일 14시,수요일,부산광역시 영도구 봉래동1가,경상사고,0,0,1,0,차대차 - 추돌,안전운전불이행,건조,맑음,단일로 - 기타,승용,남,26세,상해없음,이륜,남,73세,경상
2016031600100342,2016년 3월 16일 16시,수요일,부산광역시 남구 용당동,경상사고,0,0,1,0,차대차 - 측면직각충돌,안전운전불이행,건조,맑음,교차로 - 교차로안,자전거,남,20세,경상,승용,여,59세,상해없음
2016031600100343,2016년 3월 16일 16시,수요일,부산광역시 동래구 사직동,경상사고,0,0,1,0,차대사람 - 횡단중,보행자보호의무위반,건조,맑음,단일로 - 기타,승용,남,38세,상해없음,보행자,남,65세,경상
2016031600100344,2016년 3월 16일 16시,수요일,부산광역시 금정구 서동,경상사고,0,0,1,0,차대차 - 측면직각충돌,교차로운행방법위반,건조,맑음,교차로 - 교차로안,화물,남,65세,기타불명,승용,남,38세,경상
2016031600100345,2016년 3월 16일 16시,수요일,부산광역시 사하구 하단동,중상사고,0,1,0,0,차대사람 - 기타,안전운전불이행,건조,맑음,단일로 - 기타,화물,남,68세,상해없음,보행자,남,14세,중상
2016031600100346,2016년 3월 16일 16시,수요일,부산광역시 사상구 괘법동,경상사고,0,0,1,0,차대차 - 추돌,안전운전불이행,건조,맑음,교차로 - 교차로부근,승용,남,22세,상해없음,승용,여,51세,경상
2016031600100347,2016년 3월 16일 16시,수요일,부산광역시 기장군 기장읍,경상사고,0,0,1,0,차대차 - 측면충돌,차로위반,건조,맑음,단일로 - 기타,원동기,남,64세,경상,승용,여,65세,상해없음
2016031600100378,2016년 3월 16일 17시,수요일,부산광역시 중구 영주동,중상사고,0,1,0,0,차대차 - 추돌,안전운전불이행,건조,맑음,단일로 - 터널,승용,남,60세,상해없음,승용,남,55세,중상
2016031600100379,2016년 3월 16일 17시,수요일,부산광역시 서구 아미동1가,중상사고,0,1,0,0,차대사람 - 횡단중,보행자보호의무위반,건조,맑음,교차로 - 교차로안,기타불명,기타불명,기타불명,기타불명,보행자,남,13세,중상
2016031600100424,2016년 3월 16일 18시,수요일,부산광역시 해운대구 반여동,중상사고,0,1,0,0,차대차 - 측면직각충돌,중앙선침범,건조,맑음,단일로 - 교량,자전거,남,19세,중상,승용,남,64세,상해없음
2016031600100425,2016년 3월 16일 18시,수요일,부산광역시 연제구 거제동,중상사고,0,1,0,0,차대사람 - 보도통행중,보행자보호의무위반,건조,맑음,교차로 - 교차로안,승용,남,47세,상해없음,보행자,남,68세,중상
2016031600100426,2016년 3월 16일 18시,수요일,부산광역시 연제구 거제동,경상사고,0,0,3,0,차대차 - 추돌,안전운전불이행,건조,맑음,단일로 - 기타,승용,남,45세,상해없음,승용,남,62세,상해없음
2016031600100427,2016년 3월 16일 18시,수요일,부산광역시 연제구 연산동,경상사고,0,0,1,0,차대사람 - 기타,안전운전불이행,건조,맑음,단일로 - 기타,기타불명,기타불명,기타불명,기타불명,보행자,여,13세,경상
2016031600100468,2016년 3월 16일 19시,수요일,부산광역시 사상구 주례동,경상사고,0,0,1,0,차대사람 - 횡단중,중앙선침범,건조,맑음,단일로 - 기타,승용,남,19세,상해없음,보행자,여,79세,경상
2016031600100512,2016년 3월 16일 20시,수요일,부산광역시 수영구 남천동,경상사고,0,0,1,0,차대차 - 추돌,안전운전불이행,건조,맑음,교차로 - 교차로안,승용,남,28세,상해없음,원동기,남,42세,경상
2016031600100513,2016년 3월 16일 20시,수요일,부산광역시 동래구 안락동,경상사고,0,0,3,0,차대차 - 측면직각충돌,안전운전불이행,건조,맑음,단일로 - 기타,승합,남,34세,상해없음,승용,남,23세,경상
2016031600100549,2016년 3월 16일 21시,수요일,부산광역시 동구 좌천동,경상사고,0,0,1,0,차대차 - 추돌,안전운전불이행,건조,맑음,단일로 - 기타,승용,남,55세,상해없음,이륜,남,16세,경상
2016031600100606,2016년 3월 16일 23시,수요일,부산광역시 부산진구 전포동,경상사고,0,0,1,0,차대차 - 측면직각충돌,안전거리미확보,건조,맑음,단일로 - 기타,승용,남,64세,상해없음,승합,남,60세,상해없음
2016031600100607,2016년 3월 16일 23시,수요일,부산광역시 사하구 감천동,중상사고,0,1,0,0,차대사람 - 횡단중,보행자보호의무위반,건조,맑음,단일로 - 횡단보도상,승용,남,51세,상해없음,보행자,남,31세,중상
2016031600100608,2016년 3월 16일 23시,수요일,부산광역시 연제구 연산동,경상사고,0,0,1,0,차대사람 - 길가장자리구역통행중,안전운전불이행,건조,맑음,교차로 - 교차로부근,승용,남,68세,상해없음,보행자,남,45세,경상
2016031700100028,2016년 3월 17일 01시,목요일,부산광역시 동래구 온천동,경상사고,0,0,1,0,차대차 - 추돌,기타,건조,맑음,단일로 - 기타,승용,남,18세,상해없음,승용,남,27세,경상
2016031700100063,2016년 3월 17일 05시,목요일,부산광역시 강서구 식만동,경상사고,0,0,1,0,차대차 - 추돌,안전운전불이행,건조,맑음,기타 - 기타,승용,남,24세,상해없음,특수,남,38세,경상
2016031700100069,2016년 3월 17일 06시,목요일,부산광역시 금정구 부곡동,사망사고,1,0,0,0,차대사람 - 기타,안전운전불이행,건조,맑음,단일로 - 횡단보도상,승용,남,51세,상해없음,보행자,남,65세,사망
2016031700100070,2016년 3월 17일 06시,목요일,부산광역시 금정구 선동,중상사고,0,1,1,0,차대사람 - 횡단중,보행자보호의무위반,건조,흐림,교차로 - 교차로부근,화물,남,53세,상해없음,보행자,여,65세,경상
2016031700100088,2016년 3월 17일 07시,목요일,부산광역시 동래구 수안동,중상사고,0,1,1,0,차대차 - 측면직각충돌,안전운전불이행,건조,맑음,교차로 - 교차로부근,승용,남,48세,기타불명,화물,남,45세,중상
2016031700100089,2016년 3월 17일 07시,목요일,부산광역시 강서구 강동동,중상사고,0,1,0,0,차대차 - 기타,안전운전불이행,건조,맑음,기타 - 기타,이륜,남,27세,상해없음,승합,남,50세,상해없음
2016031700100124,2016년 3월 17일 08시,목요일,부산광역시 동구 수정동,경상사고,0,0,1,0,차대차 - 추돌,안전운전불이행,건조,맑음,단일로 - 기타,원동기,남,24세,경상,승용,남,33세,상해없음
2016031700100125,2016년 3월 17일 08시,목요일,부산광역시 서구 부용동2가,경상사고,0,0,1,0,차대사람 - 횡단중,보행자보호의무위반,건조,맑음,교차로 - 교차로부근,화물,남,55세,상해없음,보행자,여,58세,경상
2016031700100202,2016년 3월 17일 10시,목요일,부산광역시 부산진구 개금동,경상사고,0,0,2,0,차대차 - 정면충돌,신호위반,건조,맑음,교차로 - 교차로안,승용,남,68세,상해없음,승용,남,30세,경상
2016031700100203,2016년 3월 17일 10시,목요일,부산광역시 사상구 감전동,경상사고,0,0,1,0,차대차 - 추돌,안전거리미확보,건조,흐림,교차로 - 교차로안,화물,남,27세,상해없음,승용,여,53세,경상
2016031700100263,2016년 3월 17일 12시,목요일,부산광역시 부산진구 당감동,중상사고,0,1,1,0,차대차 - 기타,안전운전불이행,건조,맑음,단일로 - 기타,화물,남,46세,상해없음,승용,남,56세,경상
2016031700100264,2016년 3월 17일 12시,목요일,부산광역시 금정구 부곡동,중상사고,0,1,0,0,차량단독 - 기타,안전운전불이행,건조,맑음,교차로 - 교차로부근,승용,남,55세,상해없음,,,,
2016031700100265,2016년 3월 17일 12시,목요일,부산광역시 사하구 다대동,중상사고,0,1,0,0,차대사람 - 횡단중,안전운전불이행,건조,맑음,교차로 - 교차로안,승용,남,72세,상해없음,보행자,여,52세,중상
2016031700100266,2016년 3월 17일 12시,목요일,부산광역시 사하구 감천동,경상사고,0,0,1,0,차대사람 - 기타,안전운전불이행,건조,맑음,교차로 - 교차로부근,화물,남,53세,상해없음,보행자,남,79세,경상
2016031700100267,2016년 3월 17일 12시,목요일,부산광역시 사하구 괴정동,중상사고,0,1,0,0,차대사람 - 기타,안전운전불이행,건조,맑음,단일로 - 기타,승합,남,59세,상해없음,보행자,여,77세,중상
2016031700100324,2016년 3월 17일 14시,목요일,부산광역시 수영구 광안동,중상사고,0,1,0,0,차대차 - 측면직각충돌,안전운전불이행,건조,맑음,교차로 - 교차로안,자전거,남,24세,중상,승용,남,62세,상해없음
2016031700100325,2016년 3월 17일 14시,목요일,부산광역시 동래구 명륜동,중상사고,0,1,0,0,차대차 - 추돌,안전거리미확보,건조,맑음,교차로 - 교차로부근,승용,남,62세,상해없음,승용,남,74세,상해없음
2016031700100326,2016년 3월 17일 14시,목요일,부산광역시 해운대구 반송동,경상사고,0,0,1,0,차대차 - 측면직각충돌,차로위반,건조,맑음,단일로 - 기타,이륜,남,32세,경상,기타불명,기타불명,기타불명,기타불명
2016031700100327,2016년 3월 17일 14시,목요일,부산광역시 사하구 감천동,중상사고,0,1,0,0,차대차 - 측면직각충돌,교차로운행방법위반,건조,맑음,교차로 - 교차로안,건설기계,남,62세,상해없음,승용,여,46세,중상
2016031700100328,2016년 3월 17일 14시,목요일,부산광역시 수영구 수영동,경상사고,0,0,1,0,차대차 - 측면직각충돌,안전운전불이행,건조,맑음,교차로 - 교차로부근,자전거,남,63세,경상,승용,남,34세,상해없음
2016031700100329,2016년 3월 17일 14시,목요일,부산광역시 사상구 주례동,경상사고,0,0,1,0,차대차 - 추돌,안전운전불이행,건조,맑음,교차로 - 교차로부근,승용,남,68세,상해없음,화물,남,32세,경상
2016031700100330,2016년 3월 17일 14시,목요일,부산광역시 금정구 구서동,중상사고,0,2,0,0,차대차 - 추돌,안전운전불이행,건조,맑음,단일로 - 기타,건설기계,남,34세,상해없음,승용,남,59세,중상
2016031700100358,2016년 3월 17일 15시,목요일,부산광역시 동래구 온천동,경상사고,0,0,1,0,차대차 - 추돌,교차로운행방법위반,건조,맑음,교차로 - 교차로안,이륜,남,66세,상해없음,승용,여,62세,경상
2016031700100391,2016년 3월 17일 16시,목요일,부산광역시 동래구 온천동,중상사고,0,1,0,0,차대사람 - 보도통행중,기타,건조,맑음,교차로 - 교차로안,화물,남,51세,상해없음,보행자,남,62세,중상
2016031700100457,2016년 3월 17일 18시,목요일,부산광역시 동구 좌천동,경상사고,0,0,1,0,차대사람 - 기타,안전운전불이행,건조,맑음,교차로 - 교차로부근,승용,남,52세,상해없음,보행자,남,41세,경상
2016031700100458,2016년 3월 17일 18시,목요일,부산광역시 서구 서대신동2가,경상사고,0,0,1,0,차대사람 - 차도통행중,안전운전불이행,건조,맑음,단일로 - 기타,승용,여,42세,상해없음,보행자,남,11세,경상
2016031700100459,2016년 3월 17일 18시,목요일,부산광역시 사상구 감전동,경상사고,0,0,2,0,차대차 - 측면직각충돌,안전운전불이행,건조,맑음,교차로 - 교차로안,승용,여,30세,경상,승용,남,25세,경상