사고번호,사고일시,요일,시군구,사고내용,사망자수,중상자수,경상자수,부상신고자수,사고유형,법규위반,노면상태,기상상태,도로형태,가해운전자 차종,가해운전자 성별,가해운전자 연령,가해운전자 상해정도,피해운전자 차종,피해운전자 성별,피해운전자 연령,피해운전자 상해정도
2016031700100460,2016년 3월 17일 18시,목요일,부산광역시 사상구 모라동,중상사고,0,1,1,0,차대차 - 측면직각충돌,기타,건조,맑음,단일로 - 기타,승용,남,56세,경상,승용,남,56세,중상
2016031700100498,2016년 3월 17일 19시,목요일,부산광역시 영도구 봉래동1가,경상사고,0,0,1,0,차대차 - 측면직각충돌,안전운전불이행,건조,맑음,교차로 - 교차로안,승용,남,57세,상해없음,원동기,남,54세,경상
2016031700100567,2016년 3월 17일 21시,목요일,부산광역시 사하구 감천동,중상사고,0,1,0,0,차대사람 - 횡단중,보행자보호의무위반,건조,맑음,단일로 - 기타,승용,남,62세,상해없음,보행자,여,63세,중상
2016031700100568,2016년 3월 17일 21시,목요일,부산광역시 사하구 괴정동,경상사고,0,0,1,0,차대차 - 측면직각충돌,안전운전불이행,건조,맑음,단일로 - 기타,승용,여,46세,상해없음,승용,남,52세,경상
2016031700100569,2016년 3월 17일 21시,목요일,부산광역시 강서구 명지동,경상사고,0,0,1,0,차대차 - 추돌,신호위반,건조,맑음,교차로 - 교차로부근,승용,남,29세,상해없음,승용,여,42세,경상
2016031700100603,2016년 3월 17일 22시,목요일,부산광역시 중구 중앙동4가,경상사고,0,0,1,0,차대차 - 추돌,안전운전불이행,건조,맑음,단일로 - 기타,화물,남,33세,상해없음,승용,남,24세,경상
2016031700100604,2016년 3월 17일 22시,목요일,부산광역시 남구 감만동,경상사고,0,0,2,1,차대차 - 측면직각충돌,신호위반,건조,맑음,교차로 - 교차로안,승용,남,45세,상해없음,승용,남,53세,경상
2016031700100605,2016년 3월 17일 22시,목요일,부산광역시 금정구 장전동,중상사고,0,1,0,0,차대차 - 측면충돌,중앙선침범,건조,맑음,교차로 - 교차로안,원동기,남,21세,상해없음,원동기,남,18세,중상
2016031700100606,2016년 3월 17일 22시,목요일,부산광역시 연제구 거제동,중상사고,0,1,0,0,차대차 - 추돌,안전운전불이행,건조,맑음,교차로 - 교차로부근,승용,여,32세,상해없음,자전거,남,25세,중상
2016031700100607,2016년 3월 17일 22시,목요일,부산광역시 사상구 학장동,중상사고,0,1,0,0,차대차 - 측면직각충돌,신호위반,건조,맑음,단일로 - 기타,승용,여,46세,상해없음,이륜,남,34세,중상
2016031700100635,2016년 3월 17일 23시,목요일,부산광역시 해운대구 재송동,중상사고,0,1,0,0,차대사람 - 횡단중,안전운전불이행,건조,맑음,교차로 - 교차로안,승용,남,60세,상해없음,보행자,남,19세,중상
2016031800100003,2016년 3월 18일 00시,금요일,부산광역시 해운대구 좌동,사망사고,1,0,0,1,차대사람 - 횡단중,안전운전불이행,건조,흐림,단일로 - 기타,이륜,남,19세,부상신고,보행자,남,49세,사망
2016031800100058,2016년 3월 18일 05시,금요일,부산광역시 남구 우암동,경상사고,0,0,1,0,차대차 - 기타,안전운전불이행,건조,맑음,교차로 - 교차로안,승용,남,46세,경상,화물,기타불명,기타불명,기타불명
2016031800100059,2016년 3월 18일 05시,금요일,부산광역시 해운대구 우동,경상사고,0,0,1,0,차대차 - 정면충돌,중앙선침범,습기,비,단일로 - 기타,승용,남,55세,상해없음,화물,남,43세,경상
2016031800100060,2016년 3월 18일 05시,금요일,부산광역시 강서구 신호동,사망사고,1,0,0,0,차대차 - 추돌,안전운전불이행,습기,비,교차로 - 교차로부근,승용,남,28세,사망,특수,남,63세,기타불명
2016031800100061,2016년 3월 18일 05시,금요일,부산광역시 강서구 녹산동,중상사고,0,1,0,0,차대차 - 추돌,신호위반,습기,비,교차로 - 교차로안,승용,남,56세,상해없음,승용,남,29세,중상
2016031800100075,2016년 3월 18일 06시,금요일,부산광역시 금정구 두구동,경상사고,0,0,1,0,차대차 - 추돌,안전운전불이행,습기,비,단일로 - 기타,화물,남,40세,상해없음,승용,여,43세,경상
2016031800100089,2016년 3월 18일 07시,금요일,부산광역시 남구 용당동,경상사고,0,0,1,0,차대차 - 측면충돌,안전운전불이행,습기,비,단일로 - 기타,화물,여,34세,경상,화물,남,53세,상해없음
2016031800100090,2016년 3월 18일 07시,금요일,부산광역시 수영구 민락동,경상사고,0,0,1,0,차대차 - 측면직각충돌,안전거리미확보,습기,비,교차로 - 교차로부근,승용,여,42세,상해없음,승용,남,34세,경상
2016031800100091,2016년 3월 18일 07시,금요일,부산광역시 해운대구 반여동,경상사고,0,0,2,0,차대차 - 측면직각충돌,신호위반,습기,비,교차로 - 교차로안,화물,남,69세,상해없음,화물,남,44세,경상
2016031800100092,2016년 3월 18일 07시,금요일,부산광역시 사상구 감전동,경상사고,0,0,1,0,차대차 - 측면직각충돌,안전운전불이행,습기,비,교차로 - 교차로안,승용,여,59세,상해없음,승용,남,60세,경상
2016031800100113,2016년 3월 18일 08시,금요일,부산광역시 부산진구 개금동,경상사고,0,0,1,0,차대차 - 기타,안전운전불이행,습기,비,단일로 - 기타,승용,남,59세,상해없음,승용,남,35세,경상
2016031800100114,2016년 3월 18일 08시,금요일,부산광역시 부산진구 범전동,중상사고,0,1,0,0,차대사람 - 횡단중,보행자보호의무위반,습기,비,단일로 - 횡단보도상,승용,여,54세,상해없음,보행자,여,68세,중상
2016031800100115,2016년 3월 18일 08시,금요일,부산광역시 사상구 학장동,경상사고,0,0,1,0,차대차 - 측면직각충돌,안전운전불이행,건조,맑음,단일로 - 기타,승용,여,42세,상해없음,승용,여,49세,경상
2016031800100156,2016년 3월 18일 09시,금요일,부산광역시 해운대구 반송동,중상사고,0,1,0,0,차대사람 - 기타,보행자보호의무위반,기타,비,단일로 - 기타,승용,남,59세,상해없음,보행자,남,45세,중상
2016031800100185,2016년 3월 18일 10시,금요일,부산광역시 동래구 사직동,경상사고,0,0,1,0,차대사람 - 차도통행중,안전운전불이행,습기,맑음,교차로 - 교차로안,이륜,남,20세,상해없음,보행자,여,17세,경상
2016031800100186,2016년 3월 18일 10시,금요일,부산광역시 부산진구 범전동,경상사고,0,0,1,0,차대사람 - 기타,안전운전불이행,습기,비,단일로 - 기타,승용,남,79세,기타불명,보행자,여,56세,경상
2016031800100211,2016년 3월 18일 11시,금요일,부산광역시 동래구 온천동,중상사고,0,1,0,0,차대사람 - 차도통행중,안전운전불이행,습기,비,교차로 - 교차로부근,승합,남,71세,상해없음,보행자,여,52세,중상
2016031800100212,2016년 3월 18일 11시,금요일,부산광역시 해운대구 우동,경상사고,0,0,1,0,차대차 - 기타,안전거리미확보,습기,비,단일로 - 기타,승용,남,53세,상해없음,화물,남,60세,경상
2016031800100213,2016년 3월 18일 11시,금요일,부산광역시 부산진구 가야동,경상사고,0,0,1,0,차대사람 - 기타,안전운전불이행,건조,맑음,단일로 - 기타,승용,기타불명,기타불명,기타불명,보행자,여,20세,경상
2016031800100214,2016년 3월 18일 11시,금요일,부산광역시 금정구 서동,부상신고사고,0,0,0,1,차대차 - 측면충돌,안전운전불이행,습기,비,단일로 - 기타,화물,남,48세,상해없음,승용,남,35세,부상신고
2016031800100215,2016년 3월 18일 11시,금요일,부산광역시 금정구 두구동,중상사고,0,2,0,0,차대차 - 추돌,중앙선침범,습기,비,교차로 - 교차로부근,승용,여,57세,중상,승용,남,28세,상해없음
2016031800100238,2016년 3월 18일 12시,금요일,부산광역시 서구 동대신동1가,경상사고,0,0,1,0,차대차 - 기타,신호위반,건조,맑음,교차로 - 교차로안,승용,남,52세,상해없음,승용,남,64세,경상
2016031800100239,2016년 3월 18일 12시,금요일,부산광역시 해운대구 반여동,경상사고,0,0,1,0,차대차 - 추돌,기타,습기,비,교차로 - 교차로안,화물,남,41세,상해없음,승용,남,49세,경상
2016031800100263,2016년 3월 18일 13시,금요일,부산광역시 동구 범일동,부상신고사고,0,0,0,1,차대차 - 기타,안전운전불이행,건조,맑음,단일로 - 기타,화물,남,59세,상해없음,승합,남,22세,상해없음
2016031800100264,2016년 3월 18일 13시,금요일,부산광역시 해운대구 우동,중상사고,0,1,0,0,차대사람 - 보도통행중,안전운전불이행,습기,비,단일로 - 기타,승용,남,38세,상해없음,보행자,남,58세,중상
2016031800100312,2016년 3월 18일 15시,금요일,부산광역시 수영구 광안동,중상사고,0,1,0,0,차대차 - 측면직각충돌,신호위반,습기,비,교차로 - 교차로안,승용,여,22세,상해없음,승합,남,54세,상해없음
2016031800100313,2016년 3월 18일 15시,금요일,부산광역시 북구 구포동,경상사고,0,0,1,0,차대차 - 추돌,안전운전불이행,습기,비,교차로 - 교차로부근,승용,남,48세,상해없음,승용,여,53세,경상
2016031800100314,2016년 3월 18일 15시,금요일,부산광역시 강서구 명지동,중상사고,0,1,0,0,차대차 - 측면직각충돌,안전거리미확보,습기,비,단일로 - 기타,승용,여,42세,상해없음,승용,여,19세,중상
2016031800100351,2016년 3월 18일 16시,금요일,부산광역시 영도구 영선동1가,경상사고,0,0,1,0,차대차 - 기타,안전운전불이행,습기,비,단일로 - 기타,승용,남,51세,상해없음,승용,남,68세,경상
2016031800100352,2016년 3월 18일 16시,금요일,부산광역시 부산진구 범천동,경상사고,0,0,1,0,차대사람 - 기타,안전운전불이행,습기,비,단일로 - 기타,승용,여,51세,상해없음,보행자,남,43세,경상
2016031800100386,2016년 3월 18일 17시,금요일,부산광역시 사하구 장림동,경상사고,0,0,1,0,차대사람 - 횡단중,기타,습기,비,단일로 - 기타,승용,여,57세,상해없음,보행자,남,7세,경상
2016031800100387,2016년 3월 18일 17시,금요일,부산광역시 연제구 연산동,경상사고,0,0,1,0,차대사람 - 기타,안전운전불이행,습기,비,단일로 - 기타,승용,남,69세,상해없음,보행자,남,63세,경상
2016031800100433,2016년 3월 18일 18시,금요일,부산광역시 연제구 연산동,경상사고,0,0,1,0,차대사람 - 차도통행중,안전운전불이행,습기,비,단일로 - 횡단보도상,승용,남,66세,기타불명,보행자,여,76세,경상
2016031800100434,2016년 3월 18일 18시,금요일,부산광역시 기장군 정관읍,경상사고,0,0,1,0,차대차 - 측면직각충돌,신호위반,습기,비,교차로 - 교차로안,승용,남,69세,상해없음,승합,여,55세,경상
2016031800100478,2016년 3월 18일 19시,금요일,부산광역시 중구 보수동2가,경상사고,0,0,1,0,차대차 - 측면직각충돌,안전운전불이행,건조,맑음,단일로 - 기타,승용,남,50세,상해없음,승합,남,59세,기타불명
2016031800100479,2016년 3월 18일 19시,금요일,부산광역시 남구 대연동,경상사고,0,0,1,0,차대차 - 추돌,안전운전불이행,습기,비,단일로 - 기타,승용,남,29세,상해없음,승용,남,38세,경상
2016031800100480,2016년 3월 18일 19시,금요일,부산광역시 강서구 죽동동,중상사고,0,1,0,0,차대차 - 측면직각충돌,교차로운행방법위반,습기,비,교차로 - 교차로안,화물,남,53세,상해없음,이륜,남,60세,중상
2016031800100517,2016년 3월 18일 20시,금요일,부산광역시 서구 서대신동2가,중상사고,0,2,1,1,차대차 - 측면충돌,중앙선침범,습기,비,단일로 - 기타,승용,남,49세,부상신고,승용,남,68세,중상
2016031800100518,2016년 3월 18일 20시,금요일,부산광역시 남구 용호동,사망사고,1,0,0,0,차대사람 - 횡단중,안전운전불이행,습기,비,단일로 - 기타,승용,남,41세,상해없음,보행자,남,46세,사망
2016031800100519,2016년 3월 18일 20시,금요일,부산광역시 사상구 감전동,중상사고,0,1,0,0,차대사람 - 기타,안전운전불이행,습기,비,단일로 - 기타,승용,남,53세,상해없음,보행자,여,67세,중상
2016031800100557,2016년 3월 18일 21시,금요일,부산광역시 서구 충무동1가,경상사고,0,0,1,1,차대차 - 측면직각충돌,신호위반,습기,비,교차로 - 교차로안,승용,남,64세,상해없음,승용,남,46세,부상신고
2016031900100005,2016년 3월 19일 00시,토요일,부산광역시 부산진구 개금동,경상사고,0,0,2,0,차대차 - 기타,안전거리미확보,건조,맑음,미분류 - 미분류,승용,남,47세,상해없음,승용,남,59세,경상
2016031900100006,2016년 3월 19일 00시,토요일,부산광역시 금정구 구서동,경상사고,0,0,1,1,차대차 - 측면충돌,안전운전불이행,건조,맑음,교차로 - 교차로부근,승용,남,22세,상해없음,승용,남,62세,경상
2016031900100026,2016년 3월 19일 01시,토요일,부산광역시 남구 문현동,경상사고,0,0,2,0,차대차 - 측면직각충돌,안전거리미확보,건조,맑음,미분류 - 미분류,승용,남,50세,상해없음,승용,남,63세,경상
2016031900100027,2016년 3월 19일 01시,토요일,부산광역시 동래구 안락동,경상사고,0,0,2,0,차대차 - 측면충돌,안전운전불이행,건조,맑음,교차로 - 교차로안,승용,여,25세,상해없음,승용,남,74세,경상
2016031900100048,2016년 3월 19일 02시,토요일,부산광역시 강서구 명지동,중상사고,0,1,0,0,차대사람 - 기타,안전운전불이행,건조,맑음,기타 - 기타,승용,남,63세,상해없음,보행자,남,33세,중상
2016031900100066,2016년 3월 19일 03시,토요일,부산광역시 연제구 연산동,부상신고사고,0,0,0,1,차량단독 - 공작물충돌,안전운전불이행,습기,기타,교차로 - 교차로부근,승용,남,52세,부상신고,,,,
2016031900100082,2016년 3월 19일 05시,토요일,부산광역시 동래구 온천동,사망사고,1,0,0,0,차대사람 - 차도통행중,안전운전불이행,습기,흐림,단일로 - 횡단보도상,승용,남,53세,상해없음,보행자,남,75세,사망
2016031900100083,2016년 3월 19일 05시,토요일,부산광역시 금정구 청룡동,경상사고,0,0,1,1,차대차 - 측면충돌,안전거리미확보,습기,비,단일로 - 기타,승용,남,45세,부상신고,승용,여,40세,경상
2016031900100094,2016년 3월 19일 06시,토요일,부산광역시 북구 구포동,중상사고,0,1,0,0,차대사람 - 기타,신호위반,건조,맑음,단일로 - 횡단보도상,승용,여,36세,상해없음,보행자,여,57세,중상
2016031900100095,2016년 3월 19일 06시,토요일,부산광역시 연제구 거제동,경상사고,0,0,2,0,차대차 - 추돌,중앙선침범,건조,맑음,단일로 - 기타,승용,남,58세,상해없음,승용,남,60세,경상
2016031900100096,2016년 3월 19일 06시,토요일,부산광역시 강서구 강동동,경상사고,0,0,1,0,차대차 - 추돌,안전운전불이행,습기,흐림,교차로 - 교차로부근,승용,여,38세,상해없음,승용,남,56세,경상
2016031900100125,2016년 3월 19일 08시,토요일,부산광역시 동래구 안락동,경상사고,0,0,1,0,차대차 - 측면직각충돌,안전운전불이행,건조,맑음,단일로 - 기타,원동기,남,26세,상해없음,승합,남,49세,상해없음
2016031900100147,2016년 3월 19일 09시,토요일,부산광역시 기장군 정관읍,경상사고,0,0,1,0,차대사람 - 기타,안전운전불이행,건조,맑음,단일로 - 기타,승용,남,39세,상해없음,보행자,여,82세,경상
2016031900100174,2016년 3월 19일 10시,토요일,부산광역시 동래구 온천동,중상사고,0,1,1,1,차대차 - 추돌,안전운전불이행,건조,맑음,단일로 - 터널,화물,남,37세,상해없음,승용,남,60세,상해없음
2016031900100175,2016년 3월 19일 10시,토요일,부산광역시 동래구 안락동,중상사고,0,1,0,1,차대사람 - 차도통행중,안전운전불이행,건조,맑음,단일로 - 기타,승용,남,27세,상해없음,보행자,여,18세,부상신고
2016031900100235,2016년 3월 19일 12시,토요일,부산광역시 중구 대청동2가,중상사고,0,1,0,0,차대사람 - 길가장자리구역통행중,안전운전불이행,건조,맑음,단일로 - 기타,승용,남,46세,상해없음,보행자,남,24세,중상
2016031900100269,2016년 3월 19일 13시,토요일,부산광역시 금정구 구서동,중상사고,0,1,2,0,차대차 - 측면직각충돌,직진우회전진행방해,건조,맑음,교차로 - 교차로안,승용,여,48세,상해없음,승용,여,55세,경상
2016031900100314,2016년 3월 19일 14시,토요일,부산광역시 사하구 하단동,부상신고사고,0,0,0,1,차대차 - 측면충돌,안전운전불이행,건조,맑음,단일로 - 기타,승용,남,61세,상해없음,이륜,남,34세,부상신고
2016031900100350,2016년 3월 19일 15시,토요일,부산광역시 동래구 온천동,부상신고사고,0,0,0,1,차대차 - 기타,안전운전불이행,습기,맑음,단일로 - 기타,자전거,남,22세,부상신고,원동기,남,42세,상해없음
2016031900100351,2016년 3월 19일 15시,토요일,부산광역시 동래구 안락동,경상사고,0,0,2,0,차대차 - 기타,안전운전불이행,건조,맑음,단일로 - 기타,승용,남,63세,상해없음,승용,남,53세,상해없음
2016031900100394,2016년 3월 19일 16시,토요일,부산광역시 동구 초량동,경상사고,0,0,4,0,차대차 - 측면직각충돌,교차로운행방법위반,건조,맑음,교차로 - 교차로안,승용,여,59세,상해없음,승용,남,43세,경상
2016031900100395,2016년 3월 19일 16시,토요일,부산광역시 영도구 봉래동5가,경상사고,0,0,2,0,차대차 - 추돌,안전운전불이행,건조,맑음,단일로 - 기타,승용,남,59세,상해없음,승용,남,33세,경상
2016031900100396,2016년 3월 19일 16시,토요일,부산광역시 금정구 두구동,경상사고,0,0,1,0,차대차 - 측면직각충돌,안전거리미확보,건조,맑음,단일로 - 기타,승용,여,41세,상해없음,승용,남,43세,경상
2016031900100443,2016년 3월 19일 17시,토요일,부산광역시 부산진구 부전동,경상사고,0,0,1,0,차대차 - 측면충돌,안전운전불이행,건조,맑음,단일로 - 기타,승합,남,57세,기타불명,승용,여,50세,경상
2016031900100473,2016년 3월 19일 18시,토요일,부산광역시 남구 우암동,중상사고,0,1,0,0,차대사람 - 횡단중,안전운전불이행,건조,맑음,단일로 - 횡단보도부근,이륜,남,19세,상해없음,보행자,남,76세,중상
2016031900100474,2016년 3월 19일 18시,토요일,부산광역시 영도구 영선동1가,중상사고,0,1,0,0,차대사람 - 횡단중,보행자보호의무위반,건조,맑음,단일로 - 횡단보도부근,승용,남,56세,상해없음,보행자,남,64세,중상
2016031900100475,2016년 3월 19일 18시,토요일,부산광역시 금정구 두구동,중상사고,0,1,0,0,차대사람 - 횡단중,안전운전불이행,건조,맑음,단일로 - 기타,승합,여,59세,상해없음,보행자,남,12세,중상
2016031900100511,2016년 3월 19일 19시,토요일,부산광역시 중구 남포동5가,중상사고,0,1,0,0,차대차 - 기타,기타,건조,맑음,단일로 - 기타,승용,남,57세,상해없음,이륜,남,23세,중상
2016031900100512,2016년 3월 19일 19시,토요일,부산광역시 부산진구 부전동,경상사고,0,0,1,0,차대사람 - 기타,신호위반,건조,맑음,단일로 - 횡단보도상,승용,기타불명,50세,기타불명,보행자,여,54세,경상
2016031900100513,2016년 3월 19일 19시,토요일,부산광역시 금정구 구서동,중상사고,0,1,0,0,차대차 - 측면충돌,신호위반,건조,맑음,교차로 - 교차로안,승용,남,28세,상해없음,이륜,남,38세,중상
2016031900100563,2016년 3월 19일 20시,토요일,부산광역시 수영구 광안동,부상신고사고,0,0,0,1,차대사람 - 길가장자리구역통행중,안전운전불이행,건조,맑음,단일로 - 기타,승용,남,18세,상해없음,보행자,남,53세,부상신고
2016031900100613,2016년 3월 19일 22시,토요일,부산광역시 북구 구포동,중상사고,0,1,0,0,차대사람 - 기타,안전운전불이행,건조,맑음,단일로 - 기타,승용,남,67세,상해없음,보행자,남,53세,중상
2016032000100004,2016년 3월 20일 00시,일요일,부산광역시 중구 중앙동4가,경상사고,0,0,2,0,차대차 - 추돌,안전운전불이행,건조,맑음,교차로 - 교차로부근,승용,남,39세,상해없음,승용,남,62세,경상
2016032000100005,2016년 3월 20일 00시,일요일,부산광역시 부산진구 범천동,중상사고,0,1,1,0,차대차 - 측면충돌,차로위반,건조,맑음,교차로 - 교차로부근,승용,남,67세,상해없음,승용,남,61세,중상
2016032000100024,2016년 3월 20일 01시,일요일,부산광역시 연제구 연산동,중상사고,0,2,1,0,차대차 - 정면충돌,중앙선침범,건조,맑음,교차로 - 교차로안,이륜,남,20세,상해없음,승용,여,33세,중상
2016032000100042,2016년 3월 20일 02시,일요일,부산광역시 동래구 온천동,경상사고,0,0,2,0,차대차 - 추돌,안전운전불이행,건조,맑음,교차로 - 교차로부근,승용,남,23세,상해없음,승용,남,28세,경상
2016032000100077,2016년 3월 20일 05시,일요일,부산광역시 수영구 광안동,경상사고,0,0,1,0,차대차 - 측면직각충돌,교차로운행방법위반,건조,맑음,교차로 - 교차로안,승용,남,30세,상해없음,승용,남,61세,경상
2016032000100086,2016년 3월 20일 06시,일요일,부산광역시 중구 영주동,중상사고,0,1,0,0,차대차 - 기타,불법유턴,건조,맑음,단일로 - 횡단보도부근,기타불명,기타불명,기타불명,기타불명,이륜,남,54세,중상
2016032000100087,2016년 3월 20일 06시,일요일,부산광역시 서구 동대신동2가,중상사고,0,1,0,0,차대사람 - 기타,안전운전불이행,건조,맑음,단일로 - 기타,승용,남,46세,상해없음,보행자,남,42세,중상
2016032000100116,2016년 3월 20일 08시,일요일,부산광역시 사상구 엄궁동,부상신고사고,0,0,0,1,차대차 - 측면직각충돌,안전운전불이행,건조,맑음,단일로 - 기타,승용,남,27세,부상신고,건설기계,남,41세,상해없음
2016032000100146,2016년 3월 20일 10시,일요일,부산광역시 남구 대연동,경상사고,0,0,2,0,차대차 - 기타,직진우회전진행방해,건조,맑음,교차로 - 교차로안,승용,여,30세,경상,승합,남,29세,상해없음
2016032000100185,2016년 3월 20일 12시,일요일,부산광역시 강서구 송정동,경상사고,0,0,1,0,차대차 - 추돌,신호위반,건조,맑음,교차로 - 교차로안,승용,남,56세,상해없음,승용,남,37세,경상
2016032000100207,2016년 3월 20일 13시,일요일,부산광역시 동래구 낙민동,부상신고사고,0,0,0,1,차대차 - 측면직각충돌,교차로운행방법위반,건조,맑음,교차로 - 교차로안,이륜,남,33세,부상신고,승용,여,56세,상해없음
2016032000100233,2016년 3월 20일 14시,일요일,부산광역시 해운대구 재송동,경상사고,0,0,2,0,차대차 - 기타,안전거리미확보,건조,맑음,교차로 - 교차로부근,승용,남,25세,상해없음,승용,남,49세,경상
2016032000100234,2016년 3월 20일 14시,일요일,부산광역시 해운대구 우동,경상사고,0,0,2,0,차대차 - 기타,교차로운행방법위반,건조,맑음,교차로 - 교차로안,승합,남,43세,상해없음,승용,남,27세,경상
2016032000100264,2016년 3월 20일 15시,일요일,부산광역시 부산진구 전포동,경상사고,0,0,1,0,차대차 - 측면직각충돌,신호위반,건조,맑음,교차로 - 교차로안,승용,남,24세,상해없음,승용,남,25세,경상
2016032000100265,2016년 3월 20일 15시,일요일,부산광역시 연제구 연산동,중상사고,0,1,0,0,차대차 - 기타,안전거리미확보,건조,맑음,교차로 - 교차로부근,승합,남,44세,상해없음,승용,여,22세,상해없음
2016032000100288,2016년 3월 20일 16시,일요일,부산광역시 부산진구 부전동,경상사고,0,0,1,0,차대사람 - 기타,안전운전불이행,건조,맑음,단일로 - 기타,승용,여,43세,상해없음,보행자,여,23세,경상
2016032000100311,2016년 3월 20일 17시,일요일,부산광역시 금정구 금사동,중상사고,0,2,2,0,차대차 - 측면직각충돌,교차로운행방법위반,건조,맑음,교차로 - 교차로안,승용,여,56세,상해없음,승합,남,53세,중상
2016032000100369,2016년 3월 20일 19시,일요일,부산광역시 동구 범일동,중상사고,0,1,0,0,차대차 - 기타,안전운전불이행,건조,맑음,교차로 - 교차로안,이륜,남,27세,중상,승용,남,48세,상해없음
2016032000100391,2016년 3월 20일 20시,일요일,부산광역시 해운대구 우동,경상사고,0,0,1,0,차대차 - 기타,안전운전불이행,건조,맑음,교차로 - 교차로부근,승용,남,33세,상해없음,승용,남,60세,경상
2016032000100392,2016년 3월 20일 20시,일요일,부산광역시 연제구 연산동,경상사고,0,0,1,0,차대사람 - 차도통행중,안전운전불이행,건조,맑음,단일로 - 기타,승용,남,45세,상해없음,보행자,남,64세,경상
2016032000100447,2016년 3월 20일 22시,일요일,부산광역시 남구 대연동,경상사고,0,0,4,0,차대차 - 추돌,안전운전불이행,건조,맑음,단일로 - 기타,승용,남,32세,상해없음,승합,남,40세,상해없음
2016032000100448,2016년 3월 20일 22시,일요일,부산광역시 금정구 금사동,중상사고,0,2,1,2,차대차 - 측면직각충돌,직진우회전진행방해,건조,맑음,교차로 - 교차로안,승합,남,59세,중상,승용,남,36세,중상
2016032000100471,2016년 3월 20일 23시,일요일,부산광역시 동구 범일동,경상사고,0,0,1,0,차대차 - 측면직각충돌,안전운전불이행,건조,맑음,단일로 - 기타,승용,기타불명,기타불명,기타불명,승용,남,44세,경상
2016032000100472,2016년 3월 20일 23시,일요일,부산광역시 남구 문현동,경상사고,0,0,1,0,차대차 - 정면충돌,안전거리미확보,건조,맑음,단일로 - 기타,원동기,남,22세,경상,승용,남,54세,상해없음
2016032000100473,2016년 3월 20일 23시,일요일,부산광역시 남구 대연동,중상사고,0,1,0,0,차대차 - 측면직각충돌,안전거리미확보,건조,맑음,단일로 - 기타,승용,남,28세,상해없음,원동기,남,40세,중상
2016032100100054,2016년 3월 21일 06시,월요일,부산광역시 부산진구 부전동,경상사고,0,0,1,0,차대차 - 기타,안전운전불이행,기타,맑음,단일로 - 기타,승용,남,25세,상해없음,승용,여,27세,경상
2016032100100055,2016년 3월 21일 06시,월요일,부산광역시 연제구 연산동,중상사고,0,1,0,0,차대사람 - 차도통행중,안전운전불이행,건조,맑음,단일로 - 기타,승용,남,71세,상해없음,보행자,남,23세,중상
2016032100100072,2016년 3월 21일 07시,월요일,부산광역시 서구 남부민동,경상사고,0,0,1,0,차대차 - 측면직각충돌,안전거리미확보,건조,맑음,단일로 - 기타,승용,남,26세,상해없음,이륜,남,57세,경상
2016032100100096,2016년 3월 21일 08시,월요일,부산광역시 수영구 남천동,경상사고,0,0,1,0,차대차 - 기타,안전거리미확보,건조,맑음,단일로 - 기타,승용,남,65세,상해없음,승용,남,27세,경상
2016032100100097,2016년 3월 21일 08시,월요일,부산광역시 연제구 연산동,중상사고,0,1,0,0,차대사람 - 횡단중,신호위반,건조,맑음,교차로 - 교차로안,승용,남,33세,상해없음,보행자,남,13세,중상
2016032100100148,2016년 3월 21일 09시,월요일,부산광역시 부산진구 가야동,경상사고,0,0,1,0,차대사람 - 횡단중,보행자보호의무위반,건조,맑음,교차로 - 교차로부근,화물,기타불명,기타불명,기타불명,보행자,여,23세,경상
2016032100100149,2016년 3월 21일 09시,월요일,부산광역시 사하구 감천동,경상사고,0,0,1,0,차대차 - 측면직각충돌,안전운전불이행,건조,맑음,단일로 - 기타,승용,여,38세,상해없음,자전거,남,23세,경상
2016032100100150,2016년 3월 21일 09시,월요일,부산광역시 사하구 괴정동,중상사고,0,1,0,0,차대차 - 기타,교차로운행방법위반,건조,맑음,교차로 - 교차로안,원동기,남,86세,중상,승합,남,48세,상해없음
2016032100100207,2016년 3월 21일 11시,월요일,부산광역시 서구 동대신동3가,중상사고,0,1,0,0,차대차 - 측면직각충돌,안전거리미확보,건조,맑음,단일로 - 기타,승용,여,43세,상해없음,이륜,남,56세,중상
2016032100100208,2016년 3월 21일 11시,월요일,부산광역시 연제구 연산동,경상사고,0,0,1,0,차대차 - 측면충돌,안전운전불이행,건조,맑음,교차로 - 교차로부근,이륜,남,46세,경상,승용,남,64세,상해없음
2016032100100230,2016년 3월 21일 12시,월요일,부산광역시 중구 남포동3가,부상신고사고,0,0,0,1,차대차 - 측면직각충돌,신호위반,건조,맑음,교차로 - 교차로부근,이륜,여,52세,부상신고,화물,남,48세,상해없음
2016032100100231,2016년 3월 21일 12시,월요일,부산광역시 북구 화명동,경상사고,0,0,1,0,차대차 - 기타,안전거리미확보,건조,맑음,단일로 - 기타,승용,남,61세,상해없음,승용,남,40세,경상
2016032100100232,2016년 3월 21일 12시,월요일,부산광역시 동래구 낙민동,중상사고,0,1,0,0,차대차 - 추돌,안전운전불이행,건조,맑음,단일로 - 기타,이륜,남,34세,중상,화물,남,51세,상해없음
2016032100100265,2016년 3월 21일 13시,월요일,부산광역시 영도구 봉래동1가,경상사고,0,0,1,0,차대사람 - 횡단중,안전운전불이행,건조,맑음,단일로 - 횡단보도상,원동기,남,62세,상해없음,보행자,남,86세,경상