사고번호,사고일시,요일,시군구,사고내용,사망자수,중상자수,경상자수,부상신고자수,사고유형,법규위반,노면상태,기상상태,도로형태,가해운전자 차종,가해운전자 성별,가해운전자 연령,가해운전자 상해정도,피해운전자 차종,피해운전자 성별,피해운전자 연령,피해운전자 상해정도
2016032100100266,2016년 3월 21일 13시,월요일,부산광역시 부산진구 당감동,중상사고,0,1,0,0,차대사람 - 기타,안전운전불이행,건조,맑음,단일로 - 기타,이륜,기타불명,기타불명,기타불명,보행자,남,45세,중상
2016032100100335,2016년 3월 21일 15시,월요일,부산광역시 금정구 부곡동,부상신고사고,0,0,0,1,차량단독 - 기타,안전운전불이행,건조,맑음,기타 - 기타,승합,남,55세,상해없음,,,,
2016032100100375,2016년 3월 21일 16시,월요일,부산광역시 강서구 강동동,경상사고,0,0,4,0,차대차 - 추돌,안전운전불이행,건조,맑음,단일로 - 기타,승합,남,60세,상해없음,승용,남,61세,경상
2016032100100418,2016년 3월 21일 17시,월요일,부산광역시 북구 화명동,경상사고,0,0,1,0,차대차 - 추돌,안전운전불이행,건조,맑음,교차로 - 교차로부근,승용,남,55세,상해없음,승용,여,38세,경상
2016032100100419,2016년 3월 21일 17시,월요일,부산광역시 강서구 명지동,경상사고,0,0,1,0,차대차 - 추돌,안전운전불이행,건조,맑음,단일로 - 기타,승용,남,33세,상해없음,승용,여,46세,상해없음
2016032100100420,2016년 3월 21일 17시,월요일,부산광역시 기장군 정관읍,중상사고,0,1,0,0,차대차 - 추돌,안전운전불이행,건조,맑음,단일로 - 기타,승용,남,40세,상해없음,승용,남,29세,중상
2016032100100449,2016년 3월 21일 18시,월요일,부산광역시 동구 초량동,경상사고,0,0,1,0,차대사람 - 기타,안전운전불이행,건조,맑음,교차로 - 교차로부근,화물,남,73세,상해없음,보행자,여,16세,경상
2016032100100450,2016년 3월 21일 18시,월요일,부산광역시 동래구 사직동,경상사고,0,0,1,0,차대차 - 측면충돌,중앙선침범,건조,맑음,단일로 - 기타,승용,남,59세,상해없음,승용,여,37세,경상
2016032100100451,2016년 3월 21일 18시,월요일,부산광역시 부산진구 범천동,중상사고,0,1,0,0,차대사람 - 횡단중,신호위반,건조,맑음,단일로 - 횡단보도상,승용,남,46세,상해없음,보행자,여,51세,중상
2016032100100452,2016년 3월 21일 18시,월요일,부산광역시 금정구 부곡동,부상신고사고,0,0,0,1,차대사람 - 횡단중,보행자보호의무위반,건조,맑음,교차로 - 교차로안,화물,남,52세,상해없음,보행자,남,66세,부상신고
2016032100100453,2016년 3월 21일 18시,월요일,부산광역시 금정구 구서동,부상신고사고,0,0,0,1,차대차 - 측면충돌,안전운전불이행,건조,맑음,교차로 - 교차로안,이륜,남,34세,부상신고,이륜,남,60세,상해없음
2016032100100490,2016년 3월 21일 19시,월요일,부산광역시 동구 수정동,경상사고,0,0,1,1,차대차 - 추돌,안전운전불이행,건조,맑음,단일로 - 기타,승용,남,20세,상해없음,승용,남,27세,부상신고
2016032100100491,2016년 3월 21일 19시,월요일,부산광역시 부산진구 가야동,경상사고,0,0,1,0,차대차 - 기타,안전운전불이행,건조,맑음,단일로 - 기타,승합,기타불명,기타불명,기타불명,자전거,남,19세,경상
2016032100100492,2016년 3월 21일 19시,월요일,부산광역시 사상구 엄궁동,경상사고,0,0,1,0,차대차 - 추돌,안전운전불이행,건조,맑음,단일로 - 기타,승용,남,28세,상해없음,화물,남,45세,경상
2016032100100493,2016년 3월 21일 19시,월요일,부산광역시 사상구 덕포동,경상사고,0,0,1,0,차대차 - 기타,안전운전불이행,건조,맑음,교차로 - 교차로부근,승용,여,55세,상해없음,자전거,남,67세,경상
2016032100100530,2016년 3월 21일 20시,월요일,부산광역시 서구 동대신동3가,중상사고,0,1,0,0,차대사람 - 기타,안전운전불이행,건조,맑음,단일로 - 기타,자전거,남,20세,상해없음,보행자,남,75세,중상
2016032100100592,2016년 3월 21일 22시,월요일,부산광역시 부산진구 부전동,중상사고,0,1,1,0,차대차 - 측면충돌,신호위반,건조,맑음,교차로 - 교차로안,원동기,남,17세,상해없음,승용,남,51세,경상
2016032200100007,2016년 3월 22일 00시,화요일,부산광역시 해운대구 반여동,중상사고,0,1,0,1,차대차 - 측면직각충돌,안전거리미확보,건조,맑음,교차로 - 교차로안,승용,남,65세,상해없음,승용,남,72세,부상신고
2016032200100048,2016년 3월 22일 05시,화요일,부산광역시 서구 남부민동,경상사고,0,0,1,0,차대차 - 측면직각충돌,안전운전불이행,건조,맑음,단일로 - 기타,승용,남,50세,상해없음,승용,여,57세,경상
2016032200100049,2016년 3월 22일 05시,화요일,부산광역시 해운대구 재송동,중상사고,0,1,1,0,차대차 - 기타,안전거리미확보,건조,맑음,단일로 - 기타,승용,남,18세,상해없음,승용,남,41세,경상
2016032200100057,2016년 3월 22일 06시,화요일,부산광역시 남구 용당동,경상사고,0,0,3,0,차대차 - 추돌,안전거리미확보,건조,맑음,교차로 - 교차로안,승용,남,38세,경상,승용,남,34세,상해없음
2016032200100058,2016년 3월 22일 06시,화요일,부산광역시 연제구 연산동,경상사고,0,0,1,0,차대차 - 측면직각충돌,교차로운행방법위반,건조,맑음,교차로 - 교차로안,승용,남,26세,상해없음,승합,남,34세,경상
2016032200100059,2016년 3월 22일 06시,화요일,부산광역시 사상구 감전동,경상사고,0,0,1,0,차대차 - 추돌,안전운전불이행,건조,맑음,교차로 - 교차로부근,화물,남,51세,상해없음,이륜,남,42세,경상
2016032200100079,2016년 3월 22일 07시,화요일,부산광역시 사하구 당리동,경상사고,0,0,1,0,차대차 - 측면충돌,안전운전불이행,건조,맑음,교차로 - 교차로부근,승용,남,45세,상해없음,승용,남,47세,경상
2016032200100080,2016년 3월 22일 07시,화요일,부산광역시 강서구 생곡동,경상사고,0,0,1,0,차대차 - 측면직각충돌,안전거리미확보,건조,맑음,단일로 - 기타,화물,남,54세,상해없음,승용,남,33세,경상
2016032200100168,2016년 3월 22일 09시,화요일,부산광역시 동래구 명륜동,경상사고,0,0,1,0,차대차 - 측면직각충돌,교차로운행방법위반,건조,맑음,단일로 - 기타,승용,남,67세,상해없음,승용,여,35세,경상
2016032200100169,2016년 3월 22일 09시,화요일,부산광역시 연제구 연산동,경상사고,0,0,1,0,차대차 - 추돌,안전거리미확보,건조,맑음,단일로 - 기타,승용,남,36세,상해없음,승용,여,56세,경상
2016032200100170,2016년 3월 22일 09시,화요일,부산광역시 기장군 기장읍,중상사고,0,1,0,0,차량단독 - 기타,안전운전불이행,건조,맑음,교차로 - 교차로부근,승합,남,54세,상해없음,,,,
2016032200100206,2016년 3월 22일 10시,화요일,부산광역시 남구 용당동,경상사고,0,0,1,0,차대차 - 측면직각충돌,안전거리미확보,건조,맑음,교차로 - 교차로안,특수,남,58세,상해없음,승용,남,25세,경상
2016032200100207,2016년 3월 22일 10시,화요일,부산광역시 강서구 명지동,중상사고,0,1,0,0,차대차 - 측면직각충돌,안전운전불이행,건조,맑음,단일로 - 횡단보도부근,화물,남,30세,상해없음,승용,여,39세,중상
2016032200100228,2016년 3월 22일 11시,화요일,부산광역시 금정구 노포동,중상사고,0,1,0,0,차대차 - 측면충돌,안전운전불이행,건조,맑음,단일로 - 기타,승용,여,79세,상해없음,이륜,남,75세,중상
2016032200100229,2016년 3월 22일 11시,화요일,부산광역시 강서구 대저2동,경상사고,0,0,2,0,차대차 - 측면직각충돌,안전운전불이행,건조,맑음,단일로 - 기타,화물,여,55세,상해없음,승용,남,35세,경상
2016032200100298,2016년 3월 22일 14시,화요일,부산광역시 동래구 사직동,경상사고,0,0,2,0,차대차 - 추돌,교차로운행방법위반,건조,맑음,교차로 - 교차로안,승용,남,51세,상해없음,승용,여,44세,경상
2016032200100299,2016년 3월 22일 14시,화요일,부산광역시 금정구 서동,경상사고,0,0,1,1,차대차 - 추돌,직진우회전진행방해,건조,맑음,교차로 - 교차로안,건설기계,남,44세,상해없음,승용,남,32세,경상
2016032200100300,2016년 3월 22일 14시,화요일,부산광역시 사하구 하단동,중상사고,0,1,0,0,차대사람 - 기타,안전운전불이행,건조,맑음,단일로 - 기타,승용,여,60세,상해없음,보행자,남,59세,중상
2016032200100301,2016년 3월 22일 14시,화요일,부산광역시 사하구 다대동,경상사고,0,0,2,0,차대차 - 기타,안전운전불이행,건조,맑음,기타 - 기타,승용,남,33세,상해없음,승용,여,59세,경상
2016032200100302,2016년 3월 22일 14시,화요일,부산광역시 사하구 다대동,경상사고,0,0,1,0,차대차 - 기타,안전운전불이행,건조,맑음,단일로 - 횡단보도부근,승용,남,60세,상해없음,승용,여,57세,경상
2016032200100331,2016년 3월 22일 15시,화요일,부산광역시 남구 문현동,중상사고,0,1,2,0,차대차 - 기타,안전운전불이행,건조,맑음,단일로 - 터널,화물,남,51세,상해없음,승용,남,21세,상해없음
2016032200100332,2016년 3월 22일 15시,화요일,부산광역시 부산진구 부전동,중상사고,0,1,0,0,차대사람 - 차도통행중,안전운전불이행,건조,맑음,단일로 - 기타,승용,여,56세,상해없음,보행자,여,24세,중상
2016032200100376,2016년 3월 22일 16시,화요일,부산광역시 동래구 안락동,경상사고,0,0,1,0,차대차 - 측면직각충돌,차로위반,건조,맑음,단일로 - 기타,화물,남,38세,상해없음,자전거,남,14세,경상
2016032200100377,2016년 3월 22일 16시,화요일,부산광역시 부산진구 부전동,중상사고,0,1,0,0,차대사람 - 횡단중,안전운전불이행,건조,맑음,단일로 - 기타,승합,남,60세,상해없음,보행자,남,29세,중상
2016032200100378,2016년 3월 22일 16시,화요일,부산광역시 금정구 구서동,중상사고,0,1,0,0,차대사람 - 횡단중,보행자보호의무위반,건조,맑음,단일로 - 기타,승용,여,50세,상해없음,보행자,여,87세,중상
2016032200100379,2016년 3월 22일 16시,화요일,부산광역시 강서구 강동동,중상사고,0,1,0,0,차대차 - 측면직각충돌,교차로운행방법위반,건조,맑음,교차로 - 교차로안,승용,여,49세,상해없음,이륜,남,42세,중상
2016032200100403,2016년 3월 22일 17시,화요일,부산광역시 해운대구 좌동,경상사고,0,0,1,0,차대차 - 기타,교차로운행방법위반,건조,맑음,교차로 - 교차로부근,승용,남,48세,상해없음,이륜,남,66세,경상
2016032200100405,2016년 3월 22일 17시,화요일,부산광역시 금정구 부곡동,경상사고,0,0,1,0,차대차 - 추돌,차로위반,건조,맑음,단일로 - 기타,승용,여,45세,상해없음,승용,남,57세,경상
2016032200100406,2016년 3월 22일 17시,화요일,부산광역시 사하구 다대동,경상사고,0,0,1,0,차대사람 - 기타,보행자보호의무위반,건조,맑음,단일로 - 횡단보도상,승용,남,30세,상해없음,보행자,여,11세,경상
2016032200100440,2016년 3월 22일 18시,화요일,부산광역시 해운대구 우동,경상사고,0,0,1,0,차대사람 - 기타,기타,건조,맑음,단일로 - 횡단보도부근,승합,남,45세,상해없음,보행자,여,17세,경상
2016032200100441,2016년 3월 22일 18시,화요일,부산광역시 해운대구 반여동,경상사고,0,0,1,0,차대차 - 기타,안전운전불이행,건조,맑음,교차로 - 교차로부근,승용,남,50세,상해없음,승합,남,49세,상해없음
2016032200100442,2016년 3월 22일 18시,화요일,부산광역시 부산진구 부전동,중상사고,0,1,0,0,차대사람 - 보도통행중,기타,건조,맑음,단일로 - 기타,승합,남,28세,상해없음,보행자,남,65세,중상
2016032200100481,2016년 3월 22일 19시,화요일,부산광역시 동래구 온천동,중상사고,0,1,0,0,차대사람 - 차도통행중,안전운전불이행,건조,맑음,교차로 - 교차로안,승용,여,46세,상해없음,보행자,남,50세,중상
2016032200100482,2016년 3월 22일 19시,화요일,부산광역시 연제구 거제동,중상사고,0,1,1,0,차대차 - 측면직각충돌,교차로운행방법위반,건조,맑음,교차로 - 교차로안,승용,여,57세,상해없음,승합,남,43세,경상
2016032200100553,2016년 3월 22일 21시,화요일,부산광역시 영도구 청학동,중상사고,0,1,0,0,차대차 - 추돌,안전운전불이행,건조,맑음,교차로 - 교차로안,승용,남,26세,상해없음,이륜,남,23세,중상
2016032200100584,2016년 3월 22일 22시,화요일,부산광역시 수영구 광안동,중상사고,0,1,0,0,차대차 - 정면충돌,안전운전불이행,건조,맑음,단일로 - 기타,승용,여,52세,상해없음,이륜,남,38세,중상
2016032200100585,2016년 3월 22일 22시,화요일,부산광역시 동래구 온천동,중상사고,0,1,0,0,차대사람 - 보도통행중,안전운전불이행,건조,맑음,단일로 - 기타,승용,남,55세,상해없음,보행자,남,13세,중상
2016032200100586,2016년 3월 22일 22시,화요일,부산광역시 사상구 덕포동,중상사고,0,2,8,0,차대차 - 추돌,안전운전불이행,건조,맑음,단일로 - 기타,승합,남,54세,상해없음,화물,남,48세,경상
2016032200100618,2016년 3월 22일 23시,화요일,부산광역시 강서구 녹산동,중상사고,0,1,0,0,차대차 - 기타,안전운전불이행,건조,맑음,단일로 - 기타,승용,남,51세,상해없음,이륜,남,31세,중상
2016032200100619,2016년 3월 22일 23시,화요일,부산광역시 강서구 녹산동,중상사고,0,2,0,0,차대차 - 측면직각충돌,신호위반,건조,맑음,교차로 - 교차로안,승용,남,53세,상해없음,승용,남,35세,중상
2016032300100006,2016년 3월 23일 00시,수요일,부산광역시 강서구 녹산동,중상사고,0,1,0,0,차대차 - 추돌,직진우회전진행방해,건조,맑음,교차로 - 교차로안,화물,남,62세,상해없음,승용,여,51세,상해없음
2016032300100021,2016년 3월 23일 01시,수요일,부산광역시 동구 초량동,경상사고,0,0,1,0,차대사람 - 횡단중,안전운전불이행,건조,맑음,단일로 - 기타,승용,남,66세,상해없음,보행자,남,33세,경상
2016032300100022,2016년 3월 23일 01시,수요일,부산광역시 수영구 광안동,경상사고,0,0,1,0,차대차 - 기타,안전운전불이행,건조,맑음,단일로 - 기타,화물,남,43세,상해없음,승용,남,46세,경상
2016032300100023,2016년 3월 23일 01시,수요일,부산광역시 해운대구 우동,경상사고,0,0,1,0,차대차 - 측면직각충돌,안전거리미확보,건조,맑음,단일로 - 기타,승용,남,23세,상해없음,승용,남,52세,경상
2016032300100039,2016년 3월 23일 03시,수요일,부산광역시 사상구 괘법동,중상사고,0,1,0,0,차대사람 - 기타,안전운전불이행,건조,맑음,단일로 - 기타,화물,남,71세,상해없음,보행자,남,52세,중상
2016032300100071,2016년 3월 23일 07시,수요일,부산광역시 서구 남부민동,경상사고,0,0,1,0,차대사람 - 횡단중,보행자보호의무위반,건조,맑음,교차로 - 교차로부근,화물,남,68세,상해없음,보행자,여,72세,경상
2016032300100072,2016년 3월 23일 07시,수요일,부산광역시 남구 대연동,경상사고,0,0,1,0,차대사람 - 기타,안전운전불이행,건조,맑음,단일로 - 기타,승용,남,62세,상해없음,보행자,여,15세,경상
2016032300100073,2016년 3월 23일 07시,수요일,부산광역시 남구 감만동,경상사고,0,0,2,0,차대차 - 측면직각충돌,안전운전불이행,건조,맑음,단일로 - 기타,승용,남,48세,상해없음,화물,남,39세,경상
2016032300100181,2016년 3월 23일 11시,수요일,부산광역시 북구 구포동,중상사고,0,1,0,0,차대차 - 추돌,교차로운행방법위반,건조,맑음,교차로 - 교차로안,이륜,남,78세,중상,승용,남,58세,상해없음
2016032300100182,2016년 3월 23일 11시,수요일,부산광역시 부산진구 가야동,중상사고,0,1,1,1,차대차 - 측면직각충돌,신호위반,건조,맑음,교차로 - 교차로안,승합,남,53세,상해없음,승용,남,61세,경상
2016032300100202,2016년 3월 23일 12시,수요일,부산광역시 남구 문현동,중상사고,0,1,0,0,차대사람 - 횡단중,보행자보호의무위반,건조,맑음,단일로 - 횡단보도상,승용,남,41세,상해없음,보행자,여,76세,중상
2016032300100203,2016년 3월 23일 12시,수요일,부산광역시 부산진구 전포동,경상사고,0,0,1,0,차대차 - 기타,안전운전불이행,건조,맑음,단일로 - 기타,승용,남,36세,상해없음,승용,여,37세,경상
2016032300100204,2016년 3월 23일 12시,수요일,부산광역시 사하구 구평동,중상사고,0,1,0,0,차대차 - 측면직각충돌,직진우회전진행방해,건조,맑음,교차로 - 교차로안,승용,남,39세,상해없음,이륜,여,46세,중상
2016032300100228,2016년 3월 23일 13시,수요일,부산광역시 남구 대연동,부상신고사고,0,0,0,1,차대차 - 측면직각충돌,안전운전불이행,건조,맑음,단일로 - 기타,승용,여,60세,상해없음,자전거,여,62세,부상신고
2016032300100229,2016년 3월 23일 13시,수요일,부산광역시 사하구 괴정동,중상사고,0,1,2,0,차대차 - 추돌,안전운전불이행,건조,맑음,단일로 - 기타,승합,남,58세,상해없음,승합,남,54세,상해없음
2016032300100230,2016년 3월 23일 13시,수요일,부산광역시 사상구 감전동,경상사고,0,0,1,0,차대차 - 기타,안전운전불이행,건조,맑음,단일로 - 기타,기타불명,남,51세,경상,승합,남,52세,상해없음
2016032300100288,2016년 3월 23일 15시,수요일,부산광역시 해운대구 우동,경상사고,0,0,1,0,차량단독 - 공작물충돌,안전운전불이행,건조,맑음,단일로 - 기타,승용,남,30세,경상,,,,
2016032300100289,2016년 3월 23일 15시,수요일,부산광역시 금정구 청룡동,부상신고사고,0,0,0,1,차대차 - 추돌,기타,건조,맑음,단일로 - 기타,화물,남,33세,부상신고,화물,남,30세,상해없음
2016032300100349,2016년 3월 23일 17시,수요일,부산광역시 연제구 연산동,경상사고,0,0,1,0,차대사람 - 기타,안전운전불이행,건조,맑음,단일로 - 기타,승용,남,58세,상해없음,보행자,남,67세,경상
2016032300100382,2016년 3월 23일 18시,수요일,부산광역시 동래구 온천동,경상사고,0,0,1,0,차대사람 - 차도통행중,중앙선침범,건조,맑음,단일로 - 기타,화물,남,56세,상해없음,보행자,남,58세,경상
2016032300100425,2016년 3월 23일 19시,수요일,부산광역시 부산진구 전포동,경상사고,0,0,1,0,차대차 - 기타,안전거리미확보,건조,맑음,단일로 - 기타,승용,남,48세,상해없음,승용,남,45세,경상
2016032300100426,2016년 3월 23일 19시,수요일,부산광역시 사상구 주례동,중상사고,0,1,0,0,차대차 - 측면직각충돌,안전운전불이행,건조,흐림,교차로 - 교차로부근,승용,기타불명,90세 이상,기타불명,승용,남,68세,중상
2016032300100457,2016년 3월 23일 20시,수요일,부산광역시 부산진구 당감동,경상사고,0,0,1,0,차대차 - 측면직각충돌,교차로운행방법위반,건조,맑음,교차로 - 교차로안,승용,남,60세,상해없음,이륜,남,32세,경상
2016032300100458,2016년 3월 23일 20시,수요일,부산광역시 사상구 괘법동,중상사고,0,1,0,0,차대차 - 정면충돌,안전운전불이행,건조,맑음,교차로 - 교차로부근,원동기,남,48세,중상,승용,남,62세,상해없음
2016032300100486,2016년 3월 23일 21시,수요일,부산광역시 수영구 광안동,중상사고,0,1,0,0,차대차 - 측면직각충돌,교차로운행방법위반,건조,맑음,교차로 - 교차로부근,승용,남,53세,상해없음,이륜,남,51세,중상
2016032300100516,2016년 3월 23일 22시,수요일,부산광역시 남구 용호동,중상사고,0,1,0,0,차대사람 - 기타,보행자보호의무위반,습기,비,교차로 - 교차로안,승용,남,74세,상해없음,보행자,남,45세,중상
2016032300100538,2016년 3월 23일 23시,수요일,부산광역시 수영구 민락동,중상사고,0,1,0,0,차대사람 - 횡단중,안전운전불이행,습기,흐림,단일로 - 기타,승용,남,34세,상해없음,보행자,남,46세,중상
2016032300100539,2016년 3월 23일 23시,수요일,부산광역시 북구 만덕동,중상사고,0,1,0,0,차대차 - 기타,신호위반,습기,비,교차로 - 교차로안,승용,남,58세,상해없음,이륜,남,19세,중상
2016032400100006,2016년 3월 24일 00시,목요일,부산광역시 남구 우암동,중상사고,0,2,0,0,차대차 - 측면직각충돌,중앙선침범,습기,비,단일로 - 기타,승용,남,29세,상해없음,원동기,남,17세,중상
2016032400100065,2016년 3월 24일 04시,목요일,부산광역시 북구 덕천동,중상사고,0,1,0,0,차대차 - 측면직각충돌,신호위반,습기,맑음,교차로 - 교차로안,승용,남,54세,상해없음,승용,남,27세,중상
2016032400100079,2016년 3월 24일 05시,목요일,부산광역시 동래구 온천동,경상사고,0,0,1,0,차대사람 - 횡단중,신호위반,건조,맑음,단일로 - 횡단보도상,승용,남,55세,상해없음,보행자,남,48세,경상
2016032400100080,2016년 3월 24일 05시,목요일,부산광역시 부산진구 개금동,경상사고,0,0,3,0,차대차 - 추돌,안전거리미확보,습기,흐림,교차로 - 교차로부근,승용,남,24세,상해없음,승용,남,69세,경상
2016032400100092,2016년 3월 24일 06시,목요일,부산광역시 해운대구 우동,중상사고,0,1,0,0,차대차 - 추돌,안전운전불이행,건조,맑음,단일로 - 기타,승용,남,33세,상해없음,승용,남,25세,중상
2016032400100104,2016년 3월 24일 07시,목요일,부산광역시 북구 구포동,중상사고,0,1,0,0,차대차 - 기타,안전운전불이행,건조,맑음,교차로 - 교차로안,승용,기타불명,기타불명,기타불명,승합,남,43세,상해없음
2016032400100105,2016년 3월 24일 07시,목요일,부산광역시 사하구 다대동,경상사고,0,0,1,0,차대차 - 측면직각충돌,직진우회전진행방해,건조,맑음,교차로 - 교차로안,승용,남,70세,상해없음,승용,남,58세,상해없음
2016032400100133,2016년 3월 24일 08시,목요일,부산광역시 남구 문현동,중상사고,0,1,0,0,차대차 - 측면직각충돌,안전거리미확보,건조,맑음,단일로 - 기타,승용,남,22세,상해없음,이륜,남,29세,중상
2016032400100183,2016년 3월 24일 09시,목요일,부산광역시 영도구 남항동2가,경상사고,0,0,1,0,차대차 - 추돌,교차로운행방법위반,건조,맑음,교차로 - 교차로안,원동기,남,57세,경상,승용,남,32세,상해없음
2016032400100223,2016년 3월 24일 10시,목요일,부산광역시 영도구 봉래동5가,경상사고,0,0,1,0,차대차 - 추돌,안전거리미확보,건조,맑음,단일로 - 기타,화물,남,63세,상해없음,승용,남,41세,상해없음
2016032400100274,2016년 3월 24일 12시,목요일,부산광역시 부산진구 당감동,중상사고,0,1,0,0,차대차 - 기타,교차로운행방법위반,건조,맑음,교차로 - 교차로안,승용,남,70세,상해없음,자전거,남,62세,중상
2016032400100275,2016년 3월 24일 12시,목요일,부산광역시 사하구 하단동,경상사고,0,0,2,0,차대차 - 측면충돌,신호위반,건조,맑음,교차로 - 교차로안,이륜,남,17세,경상,승용,남,63세,경상
2016032400100296,2016년 3월 24일 13시,목요일,부산광역시 북구 덕천동,중상사고,0,2,0,0,차대차 - 추돌,안전거리미확보,건조,맑음,단일로 - 기타,승용,남,72세,상해없음,승용,남,61세,중상
2016032400100297,2016년 3월 24일 13시,목요일,부산광역시 부산진구 범천동,경상사고,0,0,1,0,차대사람 - 기타,기타,건조,맑음,단일로 - 기타,기타불명,기타불명,기타불명,기타불명,보행자,여,57세,경상
2016032400100298,2016년 3월 24일 13시,목요일,부산광역시 연제구 연산동,경상사고,0,0,1,0,차대차 - 측면충돌,신호위반,건조,맑음,교차로 - 교차로안,승용,남,39세,상해없음,승용,남,50세,상해없음
2016032400100330,2016년 3월 24일 14시,목요일,부산광역시 해운대구 송정동,경상사고,0,0,1,0,차대차 - 추돌,안전운전불이행,건조,맑음,교차로 - 교차로안,승합,남,53세,상해없음,승용,여,41세,경상
2016032400100356,2016년 3월 24일 15시,목요일,부산광역시 금정구 구서동,중상사고,0,1,0,0,차대사람 - 횡단중,보행자보호의무위반,건조,흐림,교차로 - 교차로안,승용,여,55세,상해없음,보행자,남,61세,중상
2016032400100384,2016년 3월 24일 16시,목요일,부산광역시 중구 남포동5가,중상사고,0,1,0,0,차대사람 - 횡단중,보행자보호의무위반,건조,맑음,단일로 - 횡단보도상,승용,여,50세,상해없음,보행자,남,82세,중상
2016032400100385,2016년 3월 24일 16시,목요일,부산광역시 해운대구 우동,경상사고,0,0,2,0,차대차 - 기타,신호위반,건조,맑음,교차로 - 교차로부근,승용,남,57세,상해없음,승용,남,43세,경상
2016032400100386,2016년 3월 24일 16시,목요일,부산광역시 부산진구 전포동,중상사고,0,1,0,0,차대사람 - 기타,안전운전불이행,건조,맑음,단일로 - 기타,특수,남,53세,상해없음,보행자,여,73세,중상
2016032400100387,2016년 3월 24일 16시,목요일,부산광역시 사하구 신평동,경상사고,0,0,3,0,차대차 - 기타,교차로운행방법위반,건조,맑음,교차로 - 교차로안,승용,남,46세,경상,승용,남,40세,경상
2016032400100388,2016년 3월 24일 16시,목요일,부산광역시 사상구 감전동,중상사고,0,1,0,0,차대사람 - 길가장자리구역통행중,안전운전불이행,건조,맑음,교차로 - 교차로안,승용,남,35세,상해없음,보행자,남,63세,중상
2016032400100389,2016년 3월 24일 16시,목요일,부산광역시 기장군 기장읍,경상사고,0,0,1,0,차대차 - 측면충돌,중앙선침범,건조,맑음,단일로 - 기타,승용,남,51세,상해없음,승용,남,57세,경상
2016032400100416,2016년 3월 24일 17시,목요일,부산광역시 동래구 수안동,중상사고,0,1,0,0,차대차 - 측면직각충돌,신호위반,건조,맑음,교차로 - 교차로안,승용,남,49세,상해없음,원동기,남,36세,중상
2016032400100456,2016년 3월 24일 18시,목요일,부산광역시 해운대구 반여동,중상사고,0,1,0,0,차대사람 - 기타,안전운전불이행,건조,맑음,단일로 - 기타,이륜,남,17세,상해없음,보행자,남,55세,중상
2016032400100457,2016년 3월 24일 18시,목요일,부산광역시 연제구 연산동,경상사고,0,0,1,0,차대차 - 측면충돌,안전거리미확보,건조,맑음,단일로 - 기타,승용,남,68세,상해없음,승용,여,56세,경상
2016032400100488,2016년 3월 24일 19시,목요일,부산광역시 남구 용호동,중상사고,0,1,0,0,차대차 - 기타,안전운전불이행,건조,맑음,단일로 - 기타,승용,남,58세,상해없음,원동기,남,18세,중상
2016032400100489,2016년 3월 24일 19시,목요일,부산광역시 사하구 당리동,경상사고,0,0,1,0,차대차 - 정면충돌,안전운전불이행,건조,맑음,단일로 - 기타,원동기,남,57세,경상,건설기계,남,46세,기타불명
2016032400100585,2016년 3월 24일 22시,목요일,부산광역시 동래구 명장동,중상사고,0,1,0,0,차대사람 - 횡단중,신호위반,건조,맑음,단일로 - 횡단보도상,승용,남,58세,상해없음,보행자,남,17세,중상
2016032400100586,2016년 3월 24일 22시,목요일,부산광역시 해운대구 우동,경상사고,0,0,1,0,차대차 - 기타,신호위반,건조,맑음,단일로 - 기타,승용,남,36세,상해없음,원동기,남,22세,경상
2016032400100587,2016년 3월 24일 22시,목요일,부산광역시 해운대구 중동,중상사고,0,1,0,0,차대차 - 추돌,안전운전불이행,건조,맑음,단일로 - 기타,이륜,남,35세,중상,승용,기타불명,기타불명,기타불명
2016032400100588,2016년 3월 24일 22시,목요일,부산광역시 부산진구 부전동,경상사고,0,0,1,0,차대차 - 측면충돌,안전운전불이행,건조,맑음,단일로 - 기타,원동기,남,16세,경상,승용,남,55세,상해없음
2016032400100612,2016년 3월 24일 23시,목요일,부산광역시 부산진구 초읍동,경상사고,0,0,1,0,차대차 - 측면직각충돌,안전운전불이행,건조,맑음,단일로 - 기타,화물,남,52세,상해없음,승용,남,26세,경상
2016032500100006,2016년 3월 25일 00시,금요일,부산광역시 사하구 괴정동,경상사고,0,0,1,0,차대차 - 기타,신호위반,건조,맑음,단일로 - 기타,승합,남,53세,기타불명,승용,남,61세,경상
2016032500100022,2016년 3월 25일 01시,금요일,부산광역시 부산진구 연지동,경상사고,0,0,1,0,차대차 - 측면충돌,차로위반,건조,맑음,교차로 - 교차로부근,승용,남,47세,상해없음,원동기,남,22세,경상
2016032500100037,2016년 3월 25일 03시,금요일,부산광역시 수영구 남천동,경상사고,0,0,1,0,차량단독 - 기타,안전운전불이행,건조,맑음,교차로 - 교차로부근,승용,남,48세,상해없음,,,,
2016032500100038,2016년 3월 25일 03시,금요일,부산광역시 사하구 다대동,중상사고,0,1,0,0,차대사람 - 기타,안전운전불이행,건조,맑음,단일로 - 기타,승용,여,40세,상해없음,보행자,여,70세,중상
2016032500100039,2016년 3월 25일 03시,금요일,부산광역시 사상구 주례동,중상사고,0,1,0,0,차대차 - 측면직각충돌,신호위반,건조,맑음,교차로 - 교차로안,이륜,남,34세,중상,승용,남,50세,상해없음