사고번호,사고일시,요일,시군구,사고내용,사망자수,중상자수,경상자수,부상신고자수,사고유형,법규위반,노면상태,기상상태,도로형태,가해운전자 차종,가해운전자 성별,가해운전자 연령,가해운전자 상해정도,피해운전자 차종,피해운전자 성별,피해운전자 연령,피해운전자 상해정도
2016032800100399,2016년 3월 28일 16시,월요일,부산광역시 동래구 명륜동,중상사고,0,1,0,0,차대차 - 측면직각충돌,안전거리미확보,건조,맑음,단일로 - 기타,이륜,남,67세,상해없음,승용,여,50세,상해없음
2016032800100439,2016년 3월 28일 17시,월요일,부산광역시 중구 중앙동2가,경상사고,0,0,1,0,차대차 - 기타,안전운전불이행,건조,맑음,교차로 - 교차로안,승용,여,53세,상해없음,화물,남,54세,경상
2016032800100440,2016년 3월 28일 17시,월요일,부산광역시 서구 동대신동1가,경상사고,0,0,2,0,차대차 - 추돌,안전운전불이행,건조,맑음,단일로 - 기타,승용,여,59세,경상,승용,남,30세,경상
2016032800100441,2016년 3월 28일 17시,월요일,부산광역시 남구 용호동,중상사고,0,1,0,0,차대차 - 기타,안전운전불이행,건조,맑음,단일로 - 기타,승용,남,33세,상해없음,자전거,남,77세,중상
2016032800100478,2016년 3월 28일 18시,월요일,부산광역시 부산진구 전포동,부상신고사고,0,0,0,1,차대차 - 측면충돌,안전운전불이행,건조,맑음,단일로 - 기타,원동기,남,18세,부상신고,승용,남,44세,상해없음
2016032800100606,2016년 3월 28일 21시,월요일,부산광역시 서구 아미동2가,경상사고,0,0,1,0,차량단독 - 기타,기타,건조,맑음,단일로 - 기타,승합,남,65세,상해없음,,,,
2016032800100607,2016년 3월 28일 21시,월요일,부산광역시 부산진구 부전동,중상사고,0,1,0,0,차대사람 - 횡단중,안전운전불이행,건조,맑음,단일로 - 기타,승합,남,48세,상해없음,보행자,남,59세,중상
2016032800100608,2016년 3월 28일 21시,월요일,부산광역시 수영구 수영동,경상사고,0,0,2,0,차대차 - 추돌,안전운전불이행,건조,맑음,단일로 - 기타,승용,남,55세,상해없음,승용,남,24세,경상
2016032800100634,2016년 3월 28일 22시,월요일,부산광역시 부산진구 개금동,경상사고,0,0,1,0,차량단독 - 공작물충돌,안전운전불이행,건조,맑음,교차로 - 교차로안,승용,남,63세,상해없음,,,,
2016032900100007,2016년 3월 29일 00시,화요일,부산광역시 중구 남포동6가,경상사고,0,0,2,0,차대사람 - 차도통행중,안전운전불이행,건조,맑음,단일로 - 기타,이륜,남,40세,상해없음,보행자,여,27세,경상
2016032900100059,2016년 3월 29일 05시,화요일,부산광역시 부산진구 전포동,경상사고,0,0,2,0,차대차 - 정면충돌,중앙선침범,건조,맑음,교차로 - 교차로부근,화물,남,60세,상해없음,승용,남,44세,경상
2016032900100079,2016년 3월 29일 07시,화요일,부산광역시 수영구 남천동,경상사고,0,0,1,0,차대차 - 기타,안전운전불이행,건조,맑음,단일로 - 기타,원동기,남,17세,상해없음,원동기,남,38세,경상
2016032900100080,2016년 3월 29일 07시,화요일,부산광역시 부산진구 초읍동,중상사고,0,1,0,0,차대사람 - 기타,안전운전불이행,기타,맑음,단일로 - 기타,승용,남,71세,상해없음,보행자,여,74세,중상
2016032900100107,2016년 3월 29일 08시,화요일,부산광역시 사상구 모라동,경상사고,0,0,1,0,차대차 - 측면직각충돌,안전거리미확보,건조,맑음,단일로 - 기타,승용,남,52세,상해없음,이륜,남,36세,경상
2016032900100139,2016년 3월 29일 09시,화요일,부산광역시 남구 문현동,중상사고,0,1,0,0,차대차 - 기타,교차로운행방법위반,건조,맑음,교차로 - 교차로안,승용,남,57세,상해없음,원동기,남,73세,중상
2016032900100140,2016년 3월 29일 09시,화요일,부산광역시 해운대구 송정동,중상사고,0,1,0,0,차대차 - 측면직각충돌,안전거리미확보,건조,맑음,단일로 - 기타,승용,남,69세,상해없음,승용,여,36세,중상
2016032900100164,2016년 3월 29일 10시,화요일,부산광역시 동래구 온천동,경상사고,0,0,1,0,차대차 - 측면직각충돌,교차로운행방법위반,건조,맑음,교차로 - 교차로안,자전거,남,68세,경상,승용,남,63세,상해없음
2016032900100216,2016년 3월 29일 12시,화요일,부산광역시 동래구 수안동,경상사고,0,0,1,0,차대사람 - 길가장자리구역통행중,안전운전불이행,건조,맑음,단일로 - 기타,승용,남,73세,상해없음,보행자,여,57세,경상
2016032900100234,2016년 3월 29일 13시,화요일,부산광역시 부산진구 연지동,경상사고,0,0,1,0,차대사람 - 횡단중,안전운전불이행,건조,맑음,단일로 - 기타,이륜,남,32세,상해없음,보행자,남,8세,경상
2016032900100256,2016년 3월 29일 14시,화요일,부산광역시 사하구 다대동,부상신고사고,0,0,0,1,차대차 - 기타,안전운전불이행,건조,맑음,단일로 - 기타,승용,여,54세,상해없음,승용,여,54세,부상신고
2016032900100285,2016년 3월 29일 15시,화요일,부산광역시 사상구 덕포동,경상사고,0,0,1,0,차대사람 - 길가장자리구역통행중,안전운전불이행,건조,맑음,단일로 - 기타,승용,여,61세,상해없음,보행자,남,68세,경상
2016032900100352,2016년 3월 29일 17시,화요일,부산광역시 서구 동대신동2가,중상사고,0,1,0,0,차대차 - 측면충돌,안전운전불이행,건조,맑음,단일로 - 기타,승용,여,26세,상해없음,자전거,남,9세,중상
2016032900100394,2016년 3월 29일 18시,화요일,부산광역시 해운대구 반송동,경상사고,0,0,1,0,차대차 - 기타,안전운전불이행,기타,맑음,단일로 - 기타,자전거,남,8세,경상,승용,남,26세,상해없음
2016032900100395,2016년 3월 29일 18시,화요일,부산광역시 해운대구 송정동,경상사고,0,0,1,0,차대차 - 측면직각충돌,차로위반,건조,맑음,단일로 - 기타,승용,남,51세,상해없음,승용,남,24세,경상
2016032900100430,2016년 3월 29일 19시,화요일,부산광역시 수영구 남천동,경상사고,0,0,1,0,차대사람 - 기타,안전운전불이행,건조,맑음,단일로 - 횡단보도부근,승용,여,28세,상해없음,보행자,여,53세,경상
2016032900100431,2016년 3월 29일 19시,화요일,부산광역시 부산진구 개금동,부상신고사고,0,0,0,1,차대차 - 측면직각충돌,교차로운행방법위반,건조,맑음,교차로 - 교차로부근,승용,남,47세,상해없음,자전거,남,52세,부상신고
2016032900100432,2016년 3월 29일 19시,화요일,부산광역시 연제구 연산동,경상사고,0,0,2,0,차대차 - 측면직각충돌,차로위반,건조,맑음,단일로 - 기타,승용,여,48세,경상,승용,여,50세,경상
2016032900100433,2016년 3월 29일 19시,화요일,부산광역시 사상구 학장동,부상신고사고,0,0,0,1,차대차 - 추돌,안전운전불이행,건조,맑음,단일로 - 기타,원동기,남,61세,부상신고,승용,남,57세,상해없음
2016032900100434,2016년 3월 29일 19시,화요일,부산광역시 기장군 장안읍,중상사고,0,1,1,0,차대차 - 추돌,안전거리미확보,건조,맑음,단일로 - 기타,승용,남,37세,상해없음,화물,여,57세,중상
2016032900100552,2016년 3월 29일 23시,화요일,부산광역시 강서구 구랑동,경상사고,0,0,2,0,차대차 - 추돌,안전운전불이행,건조,맑음,기타 - 기타,승용,여,48세,상해없음,승용,여,32세,경상
2016032900100553,2016년 3월 29일 23시,화요일,부산광역시 사상구 모라동,부상신고사고,0,0,0,1,차대사람 - 기타,안전운전불이행,건조,맑음,교차로 - 교차로부근,기타불명,기타불명,90세 이상,기타불명,보행자,남,63세,부상신고
2016033000100001,2016년 3월 30일 00시,수요일,부산광역시 부산진구 부전동,경상사고,0,0,2,0,차대차 - 추돌,차로위반,건조,맑음,교차로 - 교차로안,승용,남,54세,상해없음,승용,남,51세,경상
2016033000100014,2016년 3월 30일 01시,수요일,부산광역시 해운대구 중동,경상사고,0,0,1,0,차대차 - 기타,안전거리미확보,기타,맑음,단일로 - 기타,승용,남,54세,상해없음,승용,남,57세,상해없음
2016033000100023,2016년 3월 30일 02시,수요일,부산광역시 중구 남포동2가,중상사고,0,1,1,0,차대차 - 측면직각충돌,중앙선침범,건조,맑음,단일로 - 기타,승용,남,24세,상해없음,승용,남,60세,경상
2016033000100053,2016년 3월 30일 06시,수요일,부산광역시 사하구 장림동,경상사고,0,0,1,0,차대차 - 추돌,안전운전불이행,건조,맑음,단일로 - 기타,승용,남,48세,상해없음,승용,여,57세,경상
2016033000100170,2016년 3월 30일 10시,수요일,부산광역시 동구 범일동,경상사고,0,0,1,0,차대차 - 측면직각충돌,안전운전불이행,건조,맑음,단일로 - 기타,승용,남,48세,상해없음,원동기,남,61세,경상
2016033000100171,2016년 3월 30일 10시,수요일,부산광역시 해운대구 우동,중상사고,0,1,0,0,차대사람 - 기타,교차로운행방법위반,건조,맑음,교차로 - 교차로안,승합,남,52세,기타불명,보행자,여,83세,중상
2016033000100172,2016년 3월 30일 10시,수요일,부산광역시 사상구 주례동,경상사고,0,0,2,0,차대차 - 측면직각충돌,신호위반,건조,맑음,교차로 - 교차로안,승용,남,28세,상해없음,승용,남,59세,경상
2016033000100200,2016년 3월 30일 11시,수요일,부산광역시 중구 남포동5가,부상신고사고,0,0,0,1,차대차 - 측면직각충돌,안전운전불이행,건조,맑음,단일로 - 기타,화물,남,64세,상해없음,이륜,남,34세,부상신고
2016033000100201,2016년 3월 30일 11시,수요일,부산광역시 남구 문현동,중상사고,0,1,0,0,차대차 - 측면충돌,교차로운행방법위반,건조,맑음,교차로 - 교차로안,화물,남,67세,상해없음,원동기,남,24세,중상
2016033000100202,2016년 3월 30일 11시,수요일,부산광역시 북구 구포동,경상사고,0,0,2,0,차대차 - 추돌,안전운전불이행,건조,맑음,단일로 - 기타,원동기,남,49세,상해없음,승용,남,53세,경상
2016033000100232,2016년 3월 30일 12시,수요일,부산광역시 수영구 남천동,중상사고,0,1,0,0,차대차 - 측면직각충돌,안전거리미확보,건조,맑음,단일로 - 기타,건설기계,남,32세,상해없음,승용,남,39세,중상
2016033000100233,2016년 3월 30일 12시,수요일,부산광역시 북구 만덕동,중상사고,0,1,0,0,차대사람 - 횡단중,안전운전불이행,건조,맑음,교차로 - 교차로부근,승용,남,76세,상해없음,보행자,여,57세,중상
2016033000100264,2016년 3월 30일 13시,수요일,부산광역시 서구 동대신동3가,경상사고,0,0,1,0,차대차 - 측면직각충돌,안전거리미확보,건조,맑음,단일로 - 기타,화물,남,32세,상해없음,화물,남,57세,경상
2016033000100294,2016년 3월 30일 14시,수요일,부산광역시 금정구 서동,경상사고,0,0,1,0,차대사람 - 횡단중,안전운전불이행,건조,맑음,단일로 - 기타,승용,남,49세,상해없음,보행자,남,41세,경상
2016033000100334,2016년 3월 30일 15시,수요일,부산광역시 동구 좌천동,경상사고,0,0,1,0,차대차 - 측면직각충돌,안전거리미확보,건조,맑음,단일로 - 기타,승용,여,36세,상해없음,원동기,남,34세,경상
2016033000100335,2016년 3월 30일 15시,수요일,부산광역시 사상구 삼락동,중상사고,0,1,0,0,차대차 - 측면직각충돌,신호위반,건조,맑음,교차로 - 교차로안,화물,남,50세,상해없음,자전거,남,58세,중상
2016033000100373,2016년 3월 30일 16시,수요일,부산광역시 서구 남부민동,경상사고,0,0,1,0,차대차 - 측면직각충돌,안전운전불이행,건조,맑음,교차로 - 교차로안,승용,여,54세,경상,건설기계,남,51세,상해없음
2016033000100374,2016년 3월 30일 16시,수요일,부산광역시 사하구 하단동,경상사고,0,0,1,0,차대사람 - 기타,안전운전불이행,건조,맑음,단일로 - 기타,승용,남,24세,상해없음,보행자,남,18세,경상
2016033000100375,2016년 3월 30일 16시,수요일,부산광역시 강서구 대저1동,경상사고,0,0,1,0,차대차 - 측면직각충돌,안전운전불이행,건조,맑음,교차로 - 교차로부근,승용,여,19세,상해없음,화물,남,48세,상해없음
2016033000100411,2016년 3월 30일 17시,수요일,부산광역시 남구 대연동,중상사고,0,1,0,0,차대사람 - 횡단중,신호위반,건조,맑음,교차로 - 교차로안,승용,남,18세,상해없음,보행자,여,46세,중상
2016033000100438,2016년 3월 30일 18시,수요일,부산광역시 부산진구 부전동,부상신고사고,0,0,0,1,차대사람 - 횡단중,안전운전불이행,건조,맑음,단일로 - 기타,승용,남,50세,상해없음,보행자,남,55세,부상신고
2016033000100439,2016년 3월 30일 18시,수요일,부산광역시 사하구 다대동,부상신고사고,0,0,0,2,차대사람 - 횡단중,보행자보호의무위반,건조,맑음,단일로 - 횡단보도상,승용,여,50세,상해없음,보행자,남,64세,부상신고
2016033000100477,2016년 3월 30일 19시,수요일,부산광역시 서구 아미동2가,중상사고,0,1,0,0,차대사람 - 길가장자리구역통행중,안전운전불이행,건조,맑음,단일로 - 기타,이륜,남,51세,상해없음,보행자,여,73세,중상
2016033000100478,2016년 3월 30일 19시,수요일,부산광역시 사하구 괴정동,중상사고,0,1,0,0,차대사람 - 기타,안전운전불이행,건조,맑음,교차로 - 교차로부근,승용,남,38세,상해없음,보행자,여,20세,중상
2016033000100479,2016년 3월 30일 19시,수요일,부산광역시 연제구 연산동,경상사고,0,0,1,0,차대차 - 측면직각충돌,신호위반,건조,맑음,단일로 - 기타,승용,여,60세,상해없음,이륜,남,44세,경상
2016033000100480,2016년 3월 30일 19시,수요일,부산광역시 사상구 주례동,중상사고,0,1,0,0,차대사람 - 차도통행중,안전운전불이행,건조,맑음,교차로 - 교차로안,승용,남,47세,상해없음,보행자,여,44세,중상
2016033000100509,2016년 3월 30일 20시,수요일,부산광역시 영도구 봉래동1가,경상사고,0,0,1,0,차대사람 - 기타,안전운전불이행,건조,맑음,단일로 - 기타,승용,남,31세,상해없음,보행자,남,59세,경상
2016033000100532,2016년 3월 30일 21시,수요일,부산광역시 동래구 명장동,중상사고,0,1,0,1,차대차 - 측면직각충돌,안전운전불이행,건조,맑음,교차로 - 교차로안,승용,남,73세,상해없음,이륜,남,18세,중상
2016033000100533,2016년 3월 30일 21시,수요일,부산광역시 금정구 장전동,경상사고,0,0,1,0,차대차 - 추돌,안전거리미확보,건조,맑음,단일로 - 기타,승용,여,39세,상해없음,원동기,남,24세,경상
2016033000100534,2016년 3월 30일 21시,수요일,부산광역시 연제구 거제동,경상사고,0,0,1,0,차대차 - 기타,중앙선침범,건조,맑음,단일로 - 기타,이륜,남,40세,경상,승용,남,33세,상해없음
2016033000100535,2016년 3월 30일 21시,수요일,부산광역시 사상구 엄궁동,경상사고,0,0,1,0,차대차 - 추돌,안전거리미확보,건조,맑음,단일로 - 기타,승용,남,18세,상해없음,승용,남,21세,경상
2016033000100588,2016년 3월 30일 23시,수요일,부산광역시 강서구 화전동,중상사고,0,1,1,0,차대차 - 추돌,안전운전불이행,건조,맑음,교차로 - 교차로부근,화물,남,35세,상해없음,승용,남,61세,중상
2016033100100024,2016년 3월 31일 01시,목요일,부산광역시 동래구 안락동,경상사고,0,0,1,0,차대차 - 측면직각충돌,안전거리미확보,건조,맑음,단일로 - 기타,승용,남,23세,상해없음,승용,남,53세,경상
2016033100100043,2016년 3월 31일 05시,목요일,부산광역시 영도구 동삼동,중상사고,0,1,0,0,차대사람 - 횡단중,신호위반,건조,맑음,단일로 - 횡단보도부근,승용,남,72세,상해없음,보행자,여,58세,중상
2016033100100049,2016년 3월 31일 06시,목요일,부산광역시 서구 토성동1가,경상사고,0,0,1,0,차대차 - 측면직각충돌,신호위반,건조,맑음,단일로 - 횡단보도상,승용,여,45세,상해없음,이륜,남,56세,경상
2016033100100050,2016년 3월 31일 06시,목요일,부산광역시 수영구 민락동,중상사고,0,1,1,0,차대사람 - 횡단중,보행자보호의무위반,건조,맑음,단일로 - 횡단보도상,승용,여,35세,상해없음,보행자,남,58세,경상
2016033100100066,2016년 3월 31일 07시,목요일,부산광역시 부산진구 가야동,경상사고,0,0,1,0,차대차 - 기타,차로위반,건조,맑음,단일로 - 기타,화물,남,21세,상해없음,승용,남,59세,경상
2016033100100067,2016년 3월 31일 07시,목요일,부산광역시 사하구 괴정동,중상사고,0,1,0,0,차대사람 - 기타,안전운전불이행,건조,맑음,교차로 - 교차로안,승용,남,80세,상해없음,보행자,여,37세,중상
2016033100100092,2016년 3월 31일 08시,목요일,부산광역시 사하구 구평동,중상사고,0,1,0,0,차대차 - 기타,교차로운행방법위반,건조,맑음,교차로 - 교차로부근,승용,남,35세,상해없음,승합,남,27세,상해없음
2016033100100093,2016년 3월 31일 08시,목요일,부산광역시 연제구 연산동,중상사고,0,1,0,0,차대차 - 측면충돌,교차로운행방법위반,건조,맑음,교차로 - 교차로안,승용,여,58세,상해없음,이륜,남,75세,중상
2016033100100162,2016년 3월 31일 10시,목요일,부산광역시 동래구 온천동,부상신고사고,0,0,0,2,차대차 - 추돌,안전운전불이행,건조,맑음,단일로 - 기타,화물,남,58세,상해없음,화물,남,21세,부상신고
2016033100100184,2016년 3월 31일 11시,목요일,부산광역시 남구 대연동,중상사고,0,1,0,0,차대차 - 측면직각충돌,차로위반,건조,맑음,교차로 - 교차로부근,자전거,남,76세,중상,승용,남,29세,상해없음
2016033100100213,2016년 3월 31일 12시,목요일,부산광역시 북구 덕천동,중상사고,0,1,0,0,차대차 - 측면직각충돌,중앙선침범,건조,맑음,교차로 - 교차로안,승용,남,25세,상해없음,화물,남,35세,상해없음
2016033100100256,2016년 3월 31일 14시,목요일,부산광역시 북구 금곡동,중상사고,0,1,0,0,차대차 - 추돌,중앙선침범,건조,맑음,단일로 - 기타,승용,남,32세,상해없음,이륜,남,27세,중상
2016033100100257,2016년 3월 31일 14시,목요일,부산광역시 부산진구 부전동,경상사고,0,0,1,0,차대사람 - 기타,안전운전불이행,건조,맑음,단일로 - 기타,원동기,남,53세,상해없음,보행자,남,27세,경상
2016033100100258,2016년 3월 31일 14시,목요일,부산광역시 금정구 서동,경상사고,0,0,2,0,차대차 - 측면직각충돌,직진우회전진행방해,건조,맑음,교차로 - 교차로안,원동기,남,66세,경상,승용,남,34세,경상
2016033100100259,2016년 3월 31일 14시,목요일,부산광역시 강서구 성북동,경상사고,0,0,1,0,차대차 - 기타,신호위반,건조,맑음,교차로 - 교차로안,승용,남,35세,상해없음,화물,남,32세,경상
2016033100100296,2016년 3월 31일 15시,목요일,부산광역시 해운대구 중동,경상사고,0,0,1,0,차대차 - 기타,안전거리미확보,건조,맑음,단일로 - 기타,승용,남,53세,상해없음,승용,여,41세,경상
2016033100100297,2016년 3월 31일 15시,목요일,부산광역시 부산진구 부암동,경상사고,0,0,1,0,차대사람 - 횡단중,보행자보호의무위반,건조,맑음,단일로 - 횡단보도상,화물,남,57세,상해없음,보행자,여,22세,경상
2016033100100328,2016년 3월 31일 16시,목요일,부산광역시 서구 충무동1가,중상사고,0,1,0,0,차대사람 - 기타,안전운전불이행,건조,맑음,단일로 - 기타,승용,남,69세,상해없음,보행자,여,56세,중상
2016033100100368,2016년 3월 31일 17시,목요일,부산광역시 사하구 하단동,경상사고,0,0,6,0,차대차 - 기타,안전운전불이행,건조,맑음,교차로 - 교차로부근,승용,여,42세,상해없음,승용,남,34세,경상
2016033100100408,2016년 3월 31일 18시,목요일,부산광역시 남구 용호동,중상사고,0,1,0,0,차대사람 - 기타,기타,건조,맑음,단일로 - 기타,승용,남,60세,상해없음,보행자,여,10세,중상
2016033100100437,2016년 3월 31일 19시,목요일,부산광역시 중구 보수동1가,경상사고,0,0,1,1,차대차 - 측면직각충돌,안전운전불이행,건조,맑음,교차로 - 교차로안,이륜,남,59세,부상신고,승용,남,62세,경상
2016033100100438,2016년 3월 31일 19시,목요일,부산광역시 북구 화명동,중상사고,0,1,0,0,차대차 - 측면직각충돌,안전운전불이행,건조,맑음,교차로 - 교차로안,승용,여,51세,상해없음,화물,남,51세,중상
2016033100100439,2016년 3월 31일 19시,목요일,부산광역시 동래구 온천동,경상사고,0,0,1,0,차대차 - 측면직각충돌,안전운전불이행,건조,맑음,단일로 - 기타,승용,남,32세,상해없음,원동기,남,26세,경상
2016033100100440,2016년 3월 31일 19시,목요일,부산광역시 금정구 부곡동,경상사고,0,0,1,0,차대차 - 측면직각충돌,안전운전불이행,건조,맑음,교차로 - 교차로안,승용,기타불명,기타불명,기타불명,승용,여,24세,경상
2016033100100441,2016년 3월 31일 19시,목요일,부산광역시 기장군 정관읍,경상사고,0,0,1,0,차대차 - 측면충돌,중앙선침범,건조,맑음,단일로 - 기타,승용,여,27세,상해없음,승용,여,33세,경상
2016033100100474,2016년 3월 31일 20시,목요일,부산광역시 북구 구포동,중상사고,0,1,0,0,차대사람 - 기타,안전운전불이행,건조,맑음,단일로 - 횡단보도부근,승용,여,48세,상해없음,보행자,남,51세,중상
2016033100100475,2016년 3월 31일 20시,목요일,부산광역시 동래구 온천동,중상사고,0,1,0,0,차대차 - 측면직각충돌,신호위반,건조,맑음,교차로 - 교차로안,승용,여,54세,상해없음,원동기,남,23세,중상
2016033100100476,2016년 3월 31일 20시,목요일,부산광역시 해운대구 중동,경상사고,0,0,2,0,차대차 - 기타,안전운전불이행,건조,맑음,교차로 - 교차로안,화물,남,52세,상해없음,승용,여,49세,경상
2016033100100477,2016년 3월 31일 20시,목요일,부산광역시 사상구 학장동,중상사고,0,2,1,0,차대차 - 측면직각충돌,안전운전불이행,건조,맑음,단일로 - 기타,승용,여,38세,경상,승용,남,44세,상해없음
2016033100100504,2016년 3월 31일 21시,목요일,부산광역시 해운대구 우동,경상사고,0,0,1,0,차대차 - 측면직각충돌,신호위반,건조,맑음,교차로 - 교차로안,승합,남,47세,상해없음,이륜,남,18세,경상
2016033100100559,2016년 3월 31일 23시,목요일,부산광역시 남구 대연동,중상사고,0,2,0,0,차대차 - 측면직각충돌,교차로운행방법위반,건조,맑음,교차로 - 교차로부근,승용,남,54세,상해없음,승용,여,49세,중상
2016033100100560,2016년 3월 31일 23시,목요일,부산광역시 연제구 연산동,중상사고,0,1,2,0,차대차 - 측면직각충돌,안전운전불이행,건조,맑음,교차로 - 교차로안,승용,남,57세,상해없음,승용,남,38세,중상
2016040100100001,2016년 4월 1일 00시,금요일,부산광역시 중구 중앙동4가,경상사고,0,0,1,2,차대차 - 측면직각충돌,안전운전불이행,건조,맑음,교차로 - 교차로안,승용,남,27세,상해없음,승용,남,55세,경상
2016040100100002,2016년 4월 1일 00시,금요일,부산광역시 북구 구포동,경상사고,0,0,1,0,차대차 - 추돌,안전운전불이행,건조,맑음,교차로 - 교차로부근,승용,남,43세,상해없음,승용,남,49세,경상
2016040100100003,2016년 4월 1일 00시,금요일,부산광역시 사하구 장림동,경상사고,0,0,1,0,차대차 - 기타,직진우회전진행방해,건조,맑음,교차로 - 교차로안,승용,여,49세,상해없음,승용,남,65세,경상
2016040100100004,2016년 4월 1일 00시,금요일,부산광역시 강서구 명지동,부상신고사고,0,0,0,1,차대차 - 기타,안전운전불이행,건조,맑음,단일로 - 횡단보도부근,승용,남,61세,상해없음,이륜,남,17세,부상신고
2016040100100042,2016년 4월 1일 02시,금요일,부산광역시 부산진구 부암동,중상사고,0,1,1,0,차대차 - 정면충돌,중앙선침범,건조,맑음,단일로 - 기타,승용,남,30세,상해없음,승용,여,45세,중상
2016040100100043,2016년 4월 1일 02시,금요일,부산광역시 금정구 부곡동,경상사고,0,0,1,0,차대차 - 측면충돌,불법유턴,건조,맑음,단일로 - 기타,자전거,남,28세,기타불명,승용,남,47세,상해없음
2016040100100067,2016년 4월 1일 06시,금요일,부산광역시 기장군 기장읍,경상사고,0,0,1,0,차대사람 - 횡단중,안전운전불이행,건조,맑음,단일로 - 기타,승용,기타불명,기타불명,기타불명,보행자,남,45세,경상
2016040100100124,2016년 4월 1일 08시,금요일,부산광역시 금정구 청룡동,경상사고,0,0,1,0,차대차 - 추돌,교차로운행방법위반,건조,맑음,교차로 - 교차로부근,건설기계,남,43세,상해없음,승용,여,46세,경상
2016040100100125,2016년 4월 1일 08시,금요일,부산광역시 사상구 감전동,중상사고,0,1,1,0,차대차 - 측면직각충돌,직진우회전진행방해,건조,맑음,교차로 - 교차로안,승용,남,29세,경상,승용,여,46세,중상
2016040100100167,2016년 4월 1일 09시,금요일,부산광역시 강서구 범방동,경상사고,0,0,4,0,차대차 - 추돌,안전운전불이행,건조,맑음,교차로 - 교차로안,승용,남,56세,상해없음,승용,여,47세,경상
2016040100100202,2016년 4월 1일 10시,금요일,부산광역시 부산진구 초읍동,경상사고,0,0,1,0,차대차 - 측면직각충돌,안전운전불이행,건조,맑음,교차로 - 교차로안,승용,여,52세,상해없음,이륜,남,24세,경상
2016040100100231,2016년 4월 1일 11시,금요일,부산광역시 남구 대연동,경상사고,0,0,1,0,차대차 - 기타,안전운전불이행,건조,맑음,단일로 - 기타,승용,여,40세,상해없음,승용,남,33세,경상
2016040100100232,2016년 4월 1일 11시,금요일,부산광역시 북구 구포동,중상사고,0,1,0,0,차대차 - 측면직각충돌,안전거리미확보,건조,맑음,교차로 - 교차로안,승용,남,49세,상해없음,원동기,남,51세,중상
2016040100100233,2016년 4월 1일 11시,금요일,부산광역시 금정구 부곡동,중상사고,0,1,1,0,차대차 - 측면직각충돌,직진우회전진행방해,건조,맑음,교차로 - 교차로안,승용,여,56세,상해없음,승용,남,62세,경상
2016040100100259,2016년 4월 1일 12시,금요일,부산광역시 동래구 수안동,부상신고사고,0,0,0,1,차대차 - 측면직각충돌,불법유턴,건조,맑음,단일로 - 기타,자전거,남,74세,부상신고,승용,여,36세,상해없음
2016040100100260,2016년 4월 1일 12시,금요일,부산광역시 사상구 삼락동,경상사고,0,0,1,0,차대차 - 추돌,안전거리미확보,건조,맑음,단일로 - 기타,화물,남,73세,상해없음,화물,남,49세,경상
2016040100100315,2016년 4월 1일 14시,금요일,부산광역시 해운대구 중동,중상사고,0,1,1,0,차대차 - 측면직각충돌,안전운전불이행,건조,맑음,교차로 - 교차로안,승용,남,55세,상해없음,승용,남,49세,상해없음
2016040100100316,2016년 4월 1일 14시,금요일,부산광역시 사하구 괴정동,중상사고,0,1,0,1,차대사람 - 횡단중,신호위반,건조,맑음,단일로 - 횡단보도상,이륜,남,42세,부상신고,보행자,여,22세,중상
2016040100100382,2016년 4월 1일 16시,금요일,부산광역시 해운대구 우동,중상사고,0,1,0,0,차대사람 - 횡단중,보행자보호의무위반,건조,맑음,교차로 - 교차로안,승용,여,31세,상해없음,보행자,여,65세,중상
2016040100100434,2016년 4월 1일 17시,금요일,부산광역시 연제구 연산동,경상사고,0,0,1,0,차대차 - 측면충돌,기타,건조,맑음,단일로 - 기타,승용,남,55세,상해없음,이륜,남,21세,경상
2016040100100480,2016년 4월 1일 18시,금요일,부산광역시 부산진구 개금동,경상사고,0,0,1,0,차대차 - 추돌,안전거리미확보,건조,맑음,교차로 - 교차로부근,승용,남,37세,상해없음,승용,여,55세,경상
2016040100100481,2016년 4월 1일 18시,금요일,부산광역시 강서구 송정동,경상사고,0,0,1,0,차대차 - 측면충돌,안전운전불이행,건조,맑음,교차로 - 교차로안,승용,남,24세,상해없음,승용,남,34세,경상
2016040100100588,2016년 4월 1일 20시,금요일,부산광역시 북구 만덕동,경상사고,0,0,3,0,차대차 - 측면직각충돌,차로위반,건조,맑음,단일로 - 기타,승용,남,64세,상해없음,승용,남,25세,경상
2016040100100589,2016년 4월 1일 20시,금요일,부산광역시 해운대구 좌동,중상사고,0,1,0,0,차대차 - 기타,신호위반,건조,맑음,교차로 - 교차로안,승용,남,42세,상해없음,이륜,남,27세,중상
2016040100100590,2016년 4월 1일 20시,금요일,부산광역시 금정구 장전동,중상사고,0,2,0,0,차대사람 - 횡단중,안전운전불이행,건조,맑음,교차로 - 교차로부근,승용,남,39세,상해없음,보행자,여,28세,중상
2016040100100591,2016년 4월 1일 20시,금요일,부산광역시 사하구 신평동,경상사고,0,0,1,0,차대차 - 측면직각충돌,안전운전불이행,건조,맑음,교차로 - 교차로안,승용,여,51세,상해없음,이륜,남,43세,경상
2016040100100641,2016년 4월 1일 21시,금요일,부산광역시 영도구 대교동1가,중상사고,0,1,0,0,차대차 - 기타,안전운전불이행,건조,맑음,기타 - 기타,승용,남,61세,상해없음,승용,남,56세,상해없음