사고번호,사고일시,요일,시군구,사고내용,사망자수,중상자수,경상자수,부상신고자수,사고유형,법규위반,노면상태,기상상태,도로형태,가해운전자 차종,가해운전자 성별,가해운전자 연령,가해운전자 상해정도,피해운전자 차종,피해운전자 성별,피해운전자 연령,피해운전자 상해정도
2016040100100642,2016년 4월 1일 21시,금요일,부산광역시 사하구 괴정동,중상사고,0,1,0,0,차대사람 - 횡단중,안전운전불이행,건조,맑음,단일로 - 기타,승용,남,59세,상해없음,보행자,남,64세,중상
2016040100100643,2016년 4월 1일 21시,금요일,부산광역시 사하구 신평동,경상사고,0,0,1,0,차대사람 - 기타,안전운전불이행,건조,맑음,단일로 - 기타,승용,남,53세,상해없음,보행자,남,68세,경상
2016040100100682,2016년 4월 1일 22시,금요일,부산광역시 금정구 부곡동,경상사고,0,0,1,0,차대사람 - 횡단중,신호위반,건조,맑음,교차로 - 교차로부근,원동기,남,16세,상해없음,보행자,남,55세,경상
2016040100100712,2016년 4월 1일 23시,금요일,부산광역시 서구 충무동1가,중상사고,0,1,2,0,차대차 - 측면직각충돌,안전거리미확보,건조,맑음,교차로 - 교차로부근,승용,남,25세,경상,승용,남,49세,경상
2016040100100713,2016년 4월 1일 23시,금요일,부산광역시 해운대구 송정동,경상사고,0,0,1,0,차대차 - 측면직각충돌,안전운전불이행,건조,맑음,교차로 - 교차로안,이륜,남,41세,경상,승용,남,47세,상해없음
2016040100100714,2016년 4월 1일 23시,금요일,부산광역시 연제구 연산동,경상사고,0,0,1,0,차대차 - 측면충돌,교차로운행방법위반,건조,맑음,교차로 - 교차로안,화물,남,43세,상해없음,원동기,남,21세,경상
2016040100100715,2016년 4월 1일 23시,금요일,부산광역시 연제구 거제동,중상사고,0,1,0,0,차대사람 - 차도통행중,안전운전불이행,건조,맑음,단일로 - 기타,원동기,남,17세,상해없음,보행자,남,29세,중상
2016040200100009,2016년 4월 2일 00시,토요일,부산광역시 사하구 괴정동,경상사고,0,0,1,0,차대차 - 측면충돌,안전운전불이행,건조,맑음,교차로 - 교차로부근,원동기,남,16세,경상,승용,남,59세,상해없음
2016040200100049,2016년 4월 2일 02시,토요일,부산광역시 해운대구 송정동,경상사고,0,0,1,0,차대차 - 추돌,안전운전불이행,건조,맑음,교차로 - 교차로부근,승용,남,34세,상해없음,승용,남,59세,경상
2016040200100050,2016년 4월 2일 02시,토요일,부산광역시 부산진구 양정동,중상사고,0,1,1,0,차대차 - 측면충돌,신호위반,건조,맑음,교차로 - 교차로안,이륜,남,25세,중상,화물,남,56세,상해없음
2016040200100065,2016년 4월 2일 03시,토요일,부산광역시 동래구 온천동,경상사고,0,0,1,0,차대차 - 추돌,안전거리미확보,건조,맑음,교차로 - 교차로부근,승용,남,34세,상해없음,승용,여,35세,경상
2016040200100066,2016년 4월 2일 03시,토요일,부산광역시 사하구 신평동,중상사고,0,1,0,0,차대차 - 측면직각충돌,신호위반,건조,맑음,교차로 - 교차로안,승용,남,23세,상해없음,화물,남,53세,중상
2016040200100087,2016년 4월 2일 05시,토요일,부산광역시 영도구 동삼동,중상사고,0,1,0,0,차대차 - 기타,안전운전불이행,건조,맑음,단일로 - 기타,승용,남,59세,기타불명,승용,남,64세,상해없음
2016040200100111,2016년 4월 2일 07시,토요일,부산광역시 부산진구 부전동,경상사고,0,0,1,0,차대사람 - 횡단중,안전운전불이행,건조,맑음,단일로 - 기타,승용,남,62세,상해없음,보행자,남,27세,경상
2016040200100112,2016년 4월 2일 07시,토요일,부산광역시 기장군 정관읍,중상사고,0,1,0,0,차대차 - 측면충돌,신호위반,건조,맑음,교차로 - 교차로부근,승용,남,34세,상해없음,승용,남,61세,중상
2016040200100137,2016년 4월 2일 08시,토요일,부산광역시 부산진구 범전동,중상사고,0,1,0,0,차대차 - 측면직각충돌,신호위반,건조,맑음,교차로 - 교차로안,승용,남,35세,상해없음,원동기,남,60세,중상
2016040200100138,2016년 4월 2일 08시,토요일,부산광역시 연제구 거제동,중상사고,0,1,0,0,차대차 - 추돌,안전거리미확보,건조,맑음,교차로 - 교차로부근,승용,남,41세,상해없음,이륜,남,51세,중상
2016040200100139,2016년 4월 2일 08시,토요일,부산광역시 사상구 괘법동,중상사고,0,1,0,0,차대차 - 측면직각충돌,안전운전불이행,건조,맑음,교차로 - 교차로부근,승용,남,72세,상해없음,승합,남,46세,상해없음
2016040200100231,2016년 4월 2일 11시,토요일,부산광역시 남구 용호동,경상사고,0,0,5,0,차대차 - 추돌,안전거리미확보,건조,맑음,교차로 - 교차로부근,승용,남,44세,상해없음,승용,남,56세,경상
2016040200100232,2016년 4월 2일 11시,토요일,부산광역시 남구 용호동,경상사고,0,0,1,1,차대차 - 추돌,안전운전불이행,건조,맑음,교차로 - 교차로안,이륜,여,47세,부상신고,승용,남,40세,상해없음
2016040200100264,2016년 4월 2일 12시,토요일,부산광역시 남구 대연동,경상사고,0,0,1,0,차대사람 - 보도통행중,기타,건조,맑음,단일로 - 기타,승용,여,48세,상해없음,보행자,여,37세,경상
2016040200100265,2016년 4월 2일 12시,토요일,부산광역시 부산진구 부전동,부상신고사고,0,0,0,2,차대차 - 측면직각충돌,안전운전불이행,건조,맑음,단일로 - 기타,승용,남,32세,상해없음,승용,여,34세,부상신고
2016040200100266,2016년 4월 2일 12시,토요일,부산광역시 사하구 하단동,경상사고,0,0,1,0,차대차 - 측면직각충돌,신호위반,건조,맑음,교차로 - 교차로안,승용,남,27세,상해없음,이륜,남,36세,경상
2016040200100306,2016년 4월 2일 13시,토요일,부산광역시 동래구 명장동,경상사고,0,0,1,0,차대차 - 측면직각충돌,중앙선침범,건조,맑음,단일로 - 기타,승용,여,25세,상해없음,이륜,남,39세,경상
2016040200100307,2016년 4월 2일 13시,토요일,부산광역시 기장군 정관읍,경상사고,0,0,1,0,차대사람 - 횡단중,신호위반,건조,맑음,교차로 - 교차로안,이륜,남,18세,상해없음,보행자,남,5세,경상
2016040200100352,2016년 4월 2일 14시,토요일,부산광역시 남구 대연동,경상사고,0,0,1,0,차대차 - 추돌,안전거리미확보,건조,맑음,단일로 - 기타,승합,남,50세,상해없음,승용,남,37세,경상
2016040200100353,2016년 4월 2일 14시,토요일,부산광역시 동래구 사직동,경상사고,0,0,1,0,차대차 - 측면직각충돌,교차로운행방법위반,건조,맑음,단일로 - 기타,승용,남,77세,경상,승용,남,63세,상해없음
2016040200100400,2016년 4월 2일 15시,토요일,부산광역시 동래구 온천동,경상사고,0,0,1,0,차대사람 - 보도통행중,보행자보호의무위반,건조,맑음,교차로 - 교차로안,승합,남,68세,상해없음,보행자,여,31세,경상
2016040200100401,2016년 4월 2일 15시,토요일,부산광역시 해운대구 우동,경상사고,0,0,2,0,차대차 - 추돌,안전운전불이행,건조,맑음,단일로 - 기타,승용,여,40세,상해없음,승용,남,28세,경상
2016040200100402,2016년 4월 2일 15시,토요일,부산광역시 해운대구 좌동,중상사고,0,1,0,0,차대차 - 측면직각충돌,안전거리미확보,건조,맑음,교차로 - 교차로부근,승용,남,32세,상해없음,승용,남,47세,중상
2016040200100447,2016년 4월 2일 16시,토요일,부산광역시 영도구 봉래동5가,중상사고,0,2,0,0,차대차 - 추돌,안전운전불이행,건조,맑음,기타 - 기타,원동기,남,52세,중상,승합,남,52세,상해없음
2016040200100448,2016년 4월 2일 16시,토요일,부산광역시 영도구 봉래동1가,중상사고,0,1,0,0,차대차 - 측면직각충돌,교차로운행방법위반,건조,맑음,교차로 - 교차로안,승용,남,53세,상해없음,승용,남,52세,상해없음
2016040200100484,2016년 4월 2일 17시,토요일,부산광역시 북구 구포동,경상사고,0,0,1,0,차대차 - 기타,안전운전불이행,건조,맑음,교차로 - 교차로부근,화물,남,26세,상해없음,이륜,남,27세,경상
2016040200100526,2016년 4월 2일 18시,토요일,부산광역시 강서구 명지동,중상사고,0,1,2,0,차대차 - 정면충돌,교차로운행방법위반,건조,흐림,교차로 - 교차로안,승용,남,46세,경상,승용,남,54세,상해없음
2016040200100527,2016년 4월 2일 18시,토요일,부산광역시 사상구 괘법동,경상사고,0,0,1,0,차대사람 - 기타,안전운전불이행,건조,맑음,교차로 - 교차로안,화물,남,61세,상해없음,보행자,남,37세,경상
2016040200100557,2016년 4월 2일 19시,토요일,부산광역시 북구 덕천동,중상사고,0,1,1,0,차량단독 - 기타,기타,건조,맑음,단일로 - 기타,승합,남,55세,경상,,,,
2016040200100602,2016년 4월 2일 20시,토요일,부산광역시 해운대구 좌동,경상사고,0,0,1,0,차대차 - 기타,안전운전불이행,건조,맑음,단일로 - 기타,승용,남,62세,상해없음,승용,남,51세,상해없음
2016040200100630,2016년 4월 2일 21시,토요일,부산광역시 사하구 신평동,경상사고,0,0,1,0,차대차 - 측면충돌,안전운전불이행,건조,맑음,단일로 - 기타,이륜,남,20세,경상,승용,남,78세,상해없음
2016040200100631,2016년 4월 2일 21시,토요일,부산광역시 강서구 천성동,경상사고,0,0,1,0,차대차 - 기타,기타,건조,맑음,기타 - 기타,승용,여,34세,상해없음,승용,남,46세,경상
2016040200100632,2016년 4월 2일 21시,토요일,부산광역시 기장군 기장읍,경상사고,0,0,1,0,차대사람 - 횡단중,신호위반,건조,맑음,단일로 - 횡단보도상,이륜,남,20세,상해없음,보행자,남,6세,경상
2016040200100653,2016년 4월 2일 22시,토요일,부산광역시 남구 용호동,중상사고,0,1,0,0,차대사람 - 길가장자리구역통행중,안전운전불이행,건조,맑음,교차로 - 교차로부근,승용,여,47세,상해없음,보행자,남,47세,중상
2016040200100673,2016년 4월 2일 23시,토요일,부산광역시 서구 서대신동2가,중상사고,0,1,0,0,차대차 - 측면직각충돌,신호위반,건조,맑음,교차로 - 교차로안,승용,남,30세,상해없음,승용,남,45세,중상
2016040200100674,2016년 4월 2일 23시,토요일,부산광역시 사하구 신평동,경상사고,0,0,1,0,차대사람 - 횡단중,안전운전불이행,건조,맑음,단일로 - 횡단보도부근,승용,남,48세,상해없음,보행자,남,46세,경상
2016040300100006,2016년 4월 3일 00시,일요일,부산광역시 수영구 광안동,경상사고,0,0,1,0,차대차 - 측면직각충돌,교차로운행방법위반,건조,맑음,교차로 - 교차로안,승용,남,54세,상해없음,이륜,남,53세,경상
2016040300100055,2016년 4월 3일 02시,일요일,부산광역시 동래구 온천동,부상신고사고,0,0,0,1,차량단독 - 전도전복,안전운전불이행,건조,맑음,단일로 - 기타,승용,여,25세,부상신고,,,,
2016040300100092,2016년 4월 3일 04시,일요일,부산광역시 수영구 민락동,경상사고,0,0,1,0,차대사람 - 기타,안전운전불이행,건조,맑음,단일로 - 기타,승용,남,24세,상해없음,보행자,남,63세,경상
2016040300100093,2016년 4월 3일 04시,일요일,부산광역시 부산진구 부전동,경상사고,0,0,1,0,차대사람 - 기타,안전운전불이행,건조,흐림,교차로 - 교차로안,승용,남,47세,상해없음,보행자,남,48세,경상
2016040300100103,2016년 4월 3일 05시,일요일,부산광역시 동래구 사직동,중상사고,0,1,0,0,차대차 - 측면직각충돌,안전운전불이행,건조,맑음,단일로 - 기타,승용,남,72세,상해없음,승용,남,46세,중상
2016040300100135,2016년 4월 3일 08시,일요일,부산광역시 해운대구 반여동,중상사고,0,1,0,0,차량단독 - 공작물충돌,안전운전불이행,건조,맑음,단일로 - 기타,승용,여,56세,중상,,,,
2016040300100161,2016년 4월 3일 10시,일요일,부산광역시 북구 화명동,경상사고,0,0,2,0,차대차 - 추돌,안전운전불이행,건조,맑음,단일로 - 기타,승용,남,46세,상해없음,승용,남,65세,경상
2016040300100242,2016년 4월 3일 13시,일요일,부산광역시 중구 중앙동4가,경상사고,0,0,1,0,차대차 - 측면충돌,교차로운행방법위반,건조,맑음,교차로 - 교차로안,승용,남,63세,상해없음,이륜,남,79세,경상
2016040300100243,2016년 4월 3일 13시,일요일,부산광역시 수영구 광안동,경상사고,0,0,1,0,차대차 - 기타,안전운전불이행,건조,맑음,단일로 - 기타,승용,남,26세,상해없음,승용,여,31세,경상
2016040300100348,2016년 4월 3일 16시,일요일,부산광역시 영도구 남항동1가,경상사고,0,0,1,0,차대차 - 기타,기타,습기,기타,교차로 - 교차로안,승용,여,54세,상해없음,승용,남,59세,경상
2016040300100349,2016년 4월 3일 16시,일요일,부산광역시 영도구 봉래동1가,중상사고,0,1,2,0,차대차 - 추돌,중앙선침범,건조,맑음,단일로 - 기타,승용,남,41세,상해없음,승용,남,59세,경상
2016040300100350,2016년 4월 3일 16시,일요일,부산광역시 해운대구 반송동,중상사고,0,1,0,0,차대차 - 측면직각충돌,교차로운행방법위반,건조,맑음,교차로 - 교차로안,승용,남,48세,상해없음,이륜,남,16세,중상
2016040300100351,2016년 4월 3일 16시,일요일,부산광역시 해운대구 중동,경상사고,0,0,2,0,차대차 - 측면직각충돌,안전운전불이행,습기,비,단일로 - 기타,승용,남,55세,기타불명,승용,남,30세,경상
2016040300100352,2016년 4월 3일 16시,일요일,부산광역시 부산진구 가야동,경상사고,0,0,3,0,차대차 - 측면직각충돌,신호위반,습기,비,교차로 - 교차로안,승용,남,55세,상해없음,승용,여,45세,경상
2016040300100386,2016년 4월 3일 17시,일요일,부산광역시 동구 초량동,중상사고,0,1,0,0,차대사람 - 횡단중,보행자보호의무위반,건조,맑음,단일로 - 기타,승용,여,25세,상해없음,보행자,여,30세,중상
2016040300100387,2016년 4월 3일 17시,일요일,부산광역시 북구 구포동,경상사고,0,0,1,0,차대사람 - 기타,안전운전불이행,건조,맑음,교차로 - 교차로안,승용,여,53세,상해없음,보행자,여,8세,경상
2016040300100388,2016년 4월 3일 17시,일요일,부산광역시 동래구 온천동,경상사고,0,0,1,0,차대사람 - 기타,신호위반,건조,맑음,단일로 - 기타,원동기,남,18세,상해없음,보행자,여,54세,경상
2016040300100389,2016년 4월 3일 17시,일요일,부산광역시 영도구 청학동,경상사고,0,0,2,0,차대차 - 추돌,중앙선침범,건조,맑음,단일로 - 기타,승용,남,49세,경상,승용,남,26세,경상
2016040300100390,2016년 4월 3일 17시,일요일,부산광역시 금정구 구서동,중상사고,0,2,0,0,차대차 - 추돌,안전운전불이행,습기,비,단일로 - 기타,승용,남,41세,상해없음,승용,남,52세,중상
2016040300100391,2016년 4월 3일 17시,일요일,부산광역시 기장군 기장읍,부상신고사고,0,0,0,1,차대사람 - 기타,안전운전불이행,건조,흐림,교차로 - 교차로안,승용,남,45세,상해없음,보행자,여,68세,부상신고
2016040300100416,2016년 4월 3일 18시,일요일,부산광역시 동구 초량동,경상사고,0,0,1,0,차대사람 - 기타,안전운전불이행,건조,맑음,단일로 - 기타,승용,남,29세,상해없음,보행자,여,57세,경상
2016040300100448,2016년 4월 3일 19시,일요일,부산광역시 수영구 남천동,경상사고,0,0,1,0,차대차 - 기타,안전운전불이행,습기,비,단일로 - 기타,승용,남,42세,상해없음,원동기,남,17세,경상
2016040300100449,2016년 4월 3일 19시,일요일,부산광역시 동래구 사직동,경상사고,0,0,1,0,차대사람 - 횡단중,신호위반,습기,비,단일로 - 횡단보도상,승합,남,40세,상해없음,보행자,남,70세,경상
2016040300100450,2016년 4월 3일 19시,일요일,부산광역시 부산진구 개금동,중상사고,0,1,0,0,차대사람 - 횡단중,안전운전불이행,습기,비,교차로 - 교차로안,승용,남,49세,상해없음,보행자,여,65세,중상
2016040300100485,2016년 4월 3일 20시,일요일,부산광역시 동구 좌천동,경상사고,0,0,1,0,차대차 - 측면직각충돌,안전거리미확보,건조,흐림,단일로 - 기타,승용,남,68세,상해없음,승용,여,36세,경상
2016040300100486,2016년 4월 3일 20시,일요일,부산광역시 금정구 부곡동,중상사고,0,1,0,0,차대차 - 추돌,안전거리미확보,습기,비,단일로 - 기타,승용,기타불명,기타불명,기타불명,원동기,남,35세,중상
2016040300100487,2016년 4월 3일 20시,일요일,부산광역시 사하구 감천동,중상사고,0,1,0,1,차대차 - 추돌,안전운전불이행,건조,맑음,단일로 - 기타,화물,남,52세,상해없음,승용,남,50세,중상
2016040300100517,2016년 4월 3일 21시,일요일,부산광역시 남구 대연동,부상신고사고,0,0,0,1,차대사람 - 길가장자리구역통행중,안전운전불이행,습기,비,단일로 - 기타,이륜,남,22세,상해없음,보행자,여,24세,부상신고
2016040300100518,2016년 4월 3일 21시,일요일,부산광역시 북구 금곡동,경상사고,0,0,1,0,차대차 - 기타,안전거리미확보,습기,비,단일로 - 기타,원동기,남,59세,경상,승용,남,19세,상해없음
2016040300100520,2016년 4월 3일 21시,일요일,부산광역시 동래구 온천동,중상사고,0,2,3,0,차대차 - 추돌,안전운전불이행,습기,비,단일로 - 기타,승용,남,27세,상해없음,승용,남,68세,경상
2016040300100521,2016년 4월 3일 21시,일요일,부산광역시 해운대구 우동,중상사고,0,1,0,0,차대사람 - 횡단중,안전운전불이행,건조,맑음,교차로 - 교차로부근,승용,여,30세,상해없음,보행자,남,52세,중상
2016040300100522,2016년 4월 3일 21시,일요일,부산광역시 해운대구 재송동,경상사고,0,0,1,0,차대사람 - 횡단중,안전운전불이행,건조,맑음,단일로 - 기타,승용,남,73세,상해없음,보행자,남,60세,경상
2016040400100046,2016년 4월 4일 05시,월요일,부산광역시 서구 서대신동2가,경상사고,0,0,1,1,차대차 - 추돌,안전운전불이행,습기,비,단일로 - 터널,승용,남,54세,상해없음,승용,남,47세,부상신고
2016040400100059,2016년 4월 4일 06시,월요일,부산광역시 북구 덕천동,경상사고,0,0,4,0,차대차 - 추돌,안전운전불이행,습기,비,단일로 - 기타,승합,남,63세,상해없음,승용,남,52세,상해없음
2016040400100088,2016년 4월 4일 07시,월요일,부산광역시 북구 구포동,중상사고,0,1,0,0,차대차 - 기타,안전운전불이행,건조,맑음,단일로 - 기타,승용,기타불명,기타불명,기타불명,이륜,남,31세,중상
2016040400100089,2016년 4월 4일 07시,월요일,부산광역시 사하구 하단동,중상사고,0,1,1,0,차대차 - 추돌,안전운전불이행,습기,비,단일로 - 기타,승용,남,31세,상해없음,화물,남,47세,중상
2016040400100122,2016년 4월 4일 08시,월요일,부산광역시 동구 초량동,경상사고,0,0,1,0,차대차 - 기타,안전운전불이행,건조,맑음,교차로 - 교차로안,화물,남,63세,상해없음,승용,남,56세,경상
2016040400100123,2016년 4월 4일 08시,월요일,부산광역시 사상구 주례동,경상사고,0,0,1,0,차대차 - 측면직각충돌,신호위반,건조,맑음,교차로 - 교차로안,승용,여,44세,상해없음,승용,남,33세,경상
2016040400100211,2016년 4월 4일 10시,월요일,부산광역시 사하구 다대동,경상사고,0,0,1,0,차대차 - 기타,안전운전불이행,건조,맑음,단일로 - 기타,승용,여,27세,상해없음,승용,남,36세,경상
2016040400100212,2016년 4월 4일 10시,월요일,부산광역시 사상구 감전동,부상신고사고,0,0,0,2,차대차 - 추돌,안전운전불이행,습기,흐림,단일로 - 기타,화물,남,62세,부상신고,화물,남,36세,부상신고
2016040400100213,2016년 4월 4일 10시,월요일,부산광역시 기장군 장안읍,중상사고,0,2,0,0,차대차 - 추돌,중앙선침범,습기,비,단일로 - 기타,화물,남,65세,상해없음,승용,남,59세,중상
2016040400100245,2016년 4월 4일 11시,월요일,부산광역시 강서구 명지동,중상사고,0,1,0,0,차대차 - 정면충돌,중앙선침범,건조,맑음,단일로 - 기타,승용,남,23세,상해없음,승용,남,56세,중상
2016040400100279,2016년 4월 4일 12시,월요일,부산광역시 남구 문현동,중상사고,0,1,0,0,차대차 - 추돌,안전운전불이행,건조,흐림,단일로 - 기타,승용,남,42세,상해없음,원동기,남,75세,중상
2016040400100280,2016년 4월 4일 12시,월요일,부산광역시 연제구 연산동,경상사고,0,0,1,0,차대차 - 측면직각충돌,중앙선침범,건조,맑음,단일로 - 기타,승용,여,46세,상해없음,승용,남,68세,경상
2016040400100374,2016년 4월 4일 15시,월요일,부산광역시 동구 범일동,경상사고,0,0,1,0,차량단독 - 기타,안전운전불이행,건조,맑음,단일로 - 기타,승합,남,51세,기타불명,,,,
2016040400100397,2016년 4월 4일 16시,월요일,부산광역시 중구 중앙동4가,경상사고,0,0,1,0,차대사람 - 횡단중,안전운전불이행,건조,맑음,단일로 - 기타,승용,남,56세,상해없음,보행자,여,35세,경상
2016040400100398,2016년 4월 4일 16시,월요일,부산광역시 중구 중앙동4가,경상사고,0,0,1,0,차대차 - 기타,안전운전불이행,건조,맑음,단일로 - 기타,승용,남,38세,상해없음,승용,남,37세,경상
2016040400100399,2016년 4월 4일 16시,월요일,부산광역시 남구 대연동,경상사고,0,0,1,0,차대차 - 기타,안전운전불이행,건조,맑음,단일로 - 기타,승용,여,72세,상해없음,이륜,남,38세,상해없음
2016040400100400,2016년 4월 4일 16시,월요일,부산광역시 영도구 청학동,중상사고,0,1,0,0,차대사람 - 기타,안전운전불이행,건조,흐림,단일로 - 기타,화물,남,50세,상해없음,보행자,여,68세,중상
2016040400100401,2016년 4월 4일 16시,월요일,부산광역시 금정구 금사동,경상사고,0,0,2,0,차대사람 - 길가장자리구역통행중,안전운전불이행,건조,맑음,교차로 - 교차로부근,승용,남,17세,상해없음,보행자,여,17세,경상
2016040400100434,2016년 4월 4일 17시,월요일,부산광역시 부산진구 부전동,중상사고,0,1,0,0,차대차 - 측면충돌,안전거리미확보,건조,맑음,단일로 - 기타,승용,여,66세,상해없음,이륜,남,31세,중상
2016040400100481,2016년 4월 4일 18시,월요일,부산광역시 동래구 명장동,중상사고,0,1,0,0,차대차 - 측면직각충돌,안전운전불이행,건조,맑음,단일로 - 기타,화물,남,56세,상해없음,원동기,남,53세,중상
2016040400100516,2016년 4월 4일 19시,월요일,부산광역시 동구 수정동,경상사고,0,0,1,0,차대사람 - 횡단중,안전운전불이행,건조,맑음,단일로 - 횡단보도부근,승용,남,56세,상해없음,보행자,남,73세,경상
2016040400100517,2016년 4월 4일 19시,월요일,부산광역시 동구 좌천동,경상사고,0,0,2,0,차대차 - 기타,안전거리미확보,건조,맑음,단일로 - 기타,승용,남,71세,상해없음,승용,남,30세,경상
2016040400100518,2016년 4월 4일 19시,월요일,부산광역시 수영구 광안동,경상사고,0,0,1,0,차대차 - 측면직각충돌,안전운전불이행,건조,맑음,단일로 - 기타,승용,남,28세,상해없음,화물,남,52세,상해없음
2016040400100519,2016년 4월 4일 19시,월요일,부산광역시 부산진구 전포동,경상사고,0,0,1,0,차대사람 - 횡단중,안전운전불이행,건조,맑음,교차로 - 교차로부근,이륜,남,22세,상해없음,보행자,남,16세,경상
2016040400100551,2016년 4월 4일 20시,월요일,부산광역시 부산진구 부전동,경상사고,0,0,1,0,차대차 - 추돌,중앙선침범,건조,맑음,단일로 - 기타,승용,남,19세,상해없음,원동기,남,19세,경상
2016040400100587,2016년 4월 4일 21시,월요일,부산광역시 남구 문현동,경상사고,0,0,1,0,차대차 - 기타,안전운전불이행,건조,맑음,단일로 - 기타,승용,여,56세,상해없음,승용,여,44세,경상
2016040400100588,2016년 4월 4일 21시,월요일,부산광역시 부산진구 개금동,중상사고,0,1,0,0,차대사람 - 횡단중,안전운전불이행,건조,맑음,단일로 - 기타,승용,남,43세,상해없음,보행자,남,58세,중상
2016040400100589,2016년 4월 4일 21시,월요일,부산광역시 부산진구 전포동,부상신고사고,0,0,0,2,차대차 - 측면충돌,중앙선침범,건조,맑음,교차로 - 교차로안,승용,남,27세,상해없음,원동기,남,16세,부상신고
2016040400100590,2016년 4월 4일 21시,월요일,부산광역시 사하구 감천동,부상신고사고,0,0,0,1,차대차 - 기타,안전운전불이행,건조,맑음,단일로 - 기타,승용,남,51세,상해없음,이륜,남,25세,부상신고
2016040400100591,2016년 4월 4일 21시,월요일,부산광역시 사하구 하단동,중상사고,0,1,0,0,차대사람 - 기타,안전운전불이행,건조,맑음,단일로 - 기타,승용,남,46세,상해없음,보행자,여,34세,중상
2016040400100611,2016년 4월 4일 22시,월요일,부산광역시 중구 영주동,경상사고,0,0,1,0,차대차 - 측면직각충돌,안전운전불이행,건조,맑음,단일로 - 기타,승용,남,56세,상해없음,승용,남,35세,경상
2016040400100612,2016년 4월 4일 22시,월요일,부산광역시 사하구 당리동,중상사고,0,1,0,0,차대사람 - 기타,안전운전불이행,건조,맑음,단일로 - 기타,승용,여,34세,상해없음,보행자,남,58세,중상
2016040500100004,2016년 4월 5일 00시,화요일,부산광역시 사상구 감전동,경상사고,0,0,1,0,차대차 - 측면직각충돌,안전운전불이행,건조,맑음,교차로 - 교차로안,승용,남,50세,상해없음,이륜,남,28세,경상
2016040500100030,2016년 4월 5일 03시,화요일,부산광역시 금정구 서동,부상신고사고,0,0,0,1,차대차 - 측면충돌,기타,건조,맑음,교차로 - 교차로안,승용,남,36세,상해없음,자전거,남,17세,부상신고
2016040500100043,2016년 4월 5일 05시,화요일,부산광역시 연제구 거제동,경상사고,0,0,2,0,차대차 - 추돌,안전운전불이행,건조,맑음,교차로 - 교차로부근,화물,남,23세,상해없음,승용,남,64세,경상
2016040500100068,2016년 4월 5일 07시,화요일,부산광역시 금정구 금사동,경상사고,0,0,1,0,차대차 - 측면충돌,기타,건조,맑음,교차로 - 교차로안,승용,남,53세,상해없음,승용,여,54세,경상
2016040500100069,2016년 4월 5일 07시,화요일,부산광역시 금정구 구서동,중상사고,0,1,0,0,차대차 - 측면직각충돌,신호위반,건조,맑음,교차로 - 교차로안,승용,여,62세,상해없음,원동기,남,25세,중상
2016040500100070,2016년 4월 5일 07시,화요일,부산광역시 강서구 송정동,중상사고,0,1,0,0,차대차 - 측면직각충돌,안전운전불이행,건조,맑음,단일로 - 횡단보도부근,자전거,여,52세,중상,승용,여,36세,상해없음
2016040500100103,2016년 4월 5일 08시,화요일,부산광역시 동래구 사직동,경상사고,0,0,1,0,차대차 - 측면충돌,신호위반,건조,맑음,교차로 - 교차로안,승용,남,49세,상해없음,화물,남,34세,경상
2016040500100104,2016년 4월 5일 08시,화요일,부산광역시 해운대구 좌동,중상사고,0,1,0,0,차대사람 - 횡단중,보행자보호의무위반,건조,맑음,교차로 - 교차로부근,승용,여,36세,상해없음,보행자,여,58세,중상
2016040500100105,2016년 4월 5일 08시,화요일,부산광역시 해운대구 우동,중상사고,0,2,0,0,차대차 - 측면직각충돌,안전거리미확보,건조,맑음,단일로 - 기타,승용,남,50세,상해없음,이륜,남,34세,중상
2016040500100159,2016년 4월 5일 09시,화요일,부산광역시 동래구 명장동,중상사고,0,1,0,0,차대차 - 측면직각충돌,안전운전불이행,건조,맑음,단일로 - 기타,승용,남,59세,상해없음,이륜,남,41세,중상
2016040500100160,2016년 4월 5일 09시,화요일,부산광역시 금정구 남산동,중상사고,0,1,0,1,차대사람 - 보도통행중,기타,건조,맑음,교차로 - 교차로안,승용,여,26세,상해없음,보행자,여,55세,중상
2016040500100161,2016년 4월 5일 09시,화요일,부산광역시 강서구 봉림동,중상사고,0,1,0,0,차대차 - 측면직각충돌,기타,건조,맑음,교차로 - 교차로안,화물,남,48세,상해없음,화물,남,45세,중상
2016040500100235,2016년 4월 5일 11시,화요일,부산광역시 서구 동대신동1가,중상사고,0,1,0,0,차대사람 - 횡단중,보행자보호의무위반,건조,맑음,단일로 - 횡단보도상,승용,여,48세,상해없음,보행자,남,69세,중상
2016040500100236,2016년 4월 5일 11시,화요일,부산광역시 사상구 주례동,중상사고,0,1,0,0,차대사람 - 횡단중,안전운전불이행,건조,맑음,기타 - 기타,승용,남,68세,상해없음,보행자,남,38세,중상
2016040500100283,2016년 4월 5일 12시,화요일,부산광역시 남구 대연동,경상사고,0,0,1,0,차대차 - 기타,교차로운행방법위반,건조,맑음,교차로 - 교차로안,승합,남,49세,상해없음,기타불명,여,50세,경상
2016040500100284,2016년 4월 5일 12시,화요일,부산광역시 사상구 덕포동,경상사고,0,0,1,0,차대차 - 추돌,안전운전불이행,건조,맑음,교차로 - 교차로안,화물,남,57세,상해없음,승용,남,33세,경상
2016040500100308,2016년 4월 5일 13시,화요일,부산광역시 남구 감만동,중상사고,0,1,0,0,차대사람 - 횡단중,안전운전불이행,건조,맑음,단일로 - 기타,화물,남,34세,상해없음,보행자,여,66세,중상
2016040500100309,2016년 4월 5일 13시,화요일,부산광역시 연제구 연산동,중상사고,0,1,0,0,차대차 - 측면직각충돌,안전운전불이행,건조,맑음,단일로 - 기타,원동기,남,61세,중상,승용,여,57세,상해없음