사고번호,사고일시,요일,시군구,사고내용,사망자수,중상자수,경상자수,부상신고자수,사고유형,법규위반,노면상태,기상상태,도로형태,가해운전자 차종,가해운전자 성별,가해운전자 연령,가해운전자 상해정도,피해운전자 차종,피해운전자 성별,피해운전자 연령,피해운전자 상해정도
2016040900100008,2016년 4월 9일 00시,토요일,부산광역시 연제구 거제동,경상사고,0,0,2,1,차대차 - 추돌,안전운전불이행,건조,맑음,단일로 - 기타,승용,남,55세,상해없음,승용,남,61세,경상
2016040900100031,2016년 4월 9일 01시,토요일,부산광역시 연제구 거제동,경상사고,0,0,1,1,차대차 - 측면충돌,신호위반,건조,맑음,교차로 - 교차로안,승용,남,22세,상해없음,승용,남,53세,부상신고
2016040900100080,2016년 4월 9일 04시,토요일,부산광역시 사하구 구평동,경상사고,0,0,1,0,차량단독 - 전도전복,안전운전불이행,건조,맑음,교차로 - 교차로부근,특수,남,55세,경상,,,,
2016040900100089,2016년 4월 9일 05시,토요일,부산광역시 사상구 삼락동,중상사고,0,1,0,1,차대사람 - 보도통행중,신호위반,건조,맑음,단일로 - 기타,원동기,남,65세,부상신고,보행자,남,69세,중상
2016040900100110,2016년 4월 9일 06시,토요일,부산광역시 강서구 대저1동,경상사고,0,0,1,0,차대차 - 추돌,안전거리미확보,건조,맑음,단일로 - 기타,승용,남,69세,상해없음,승용,남,54세,경상
2016040900100127,2016년 4월 9일 07시,토요일,부산광역시 부산진구 부전동,경상사고,0,0,1,0,차대사람 - 기타,신호위반,건조,맑음,단일로 - 기타,화물,남,46세,상해없음,보행자,남,21세,경상
2016040900100169,2016년 4월 9일 09시,토요일,부산광역시 해운대구 재송동,중상사고,0,1,0,0,차대사람 - 횡단중,신호위반,건조,맑음,단일로 - 기타,승용,남,46세,상해없음,보행자,여,72세,중상
2016040900100170,2016년 4월 9일 09시,토요일,부산광역시 부산진구 연지동,중상사고,0,1,0,0,차대사람 - 보도통행중,보행자보호의무위반,건조,맑음,교차로 - 교차로안,원동기,남,61세,상해없음,보행자,여,51세,중상
2016040900100171,2016년 4월 9일 09시,토요일,부산광역시 연제구 연산동,부상신고사고,0,0,0,1,차대사람 - 길가장자리구역통행중,안전운전불이행,건조,맑음,단일로 - 기타,승용,남,32세,상해없음,보행자,남,17세,부상신고
2016040900100202,2016년 4월 9일 10시,토요일,부산광역시 연제구 연산동,부상신고사고,0,0,0,1,차대사람 - 기타,보행자보호의무위반,건조,맑음,교차로 - 교차로부근,승용,기타불명,기타불명,기타불명,보행자,남,51세,부상신고
2016040900100235,2016년 4월 9일 11시,토요일,부산광역시 동구 범일동,경상사고,0,0,1,0,차대차 - 추돌,차로위반,건조,맑음,단일로 - 기타,승용,남,24세,기타불명,승용,여,41세,경상
2016040900100272,2016년 4월 9일 12시,토요일,부산광역시 수영구 광안동,경상사고,0,0,1,0,차대차 - 추돌,안전운전불이행,건조,맑음,단일로 - 기타,승용,남,47세,상해없음,승용,여,37세,경상
2016040900100273,2016년 4월 9일 12시,토요일,부산광역시 동래구 온천동,중상사고,0,1,0,1,차대차 - 측면직각충돌,안전거리미확보,건조,맑음,교차로 - 교차로안,승용,여,52세,상해없음,승용,남,30세,중상
2016040900100274,2016년 4월 9일 12시,토요일,부산광역시 부산진구 전포동,중상사고,0,1,0,0,차대사람 - 횡단중,보행자보호의무위반,건조,맑음,단일로 - 기타,승용,남,67세,상해없음,보행자,여,4세,중상
2016040900100315,2016년 4월 9일 13시,토요일,부산광역시 서구 토성동2가,경상사고,0,0,1,0,차대사람 - 길가장자리구역통행중,안전운전불이행,건조,맑음,단일로 - 기타,승용,남,37세,상해없음,보행자,여,45세,경상
2016040900100316,2016년 4월 9일 13시,토요일,부산광역시 영도구 봉래동1가,경상사고,0,0,2,0,차대차 - 추돌,안전거리미확보,건조,맑음,단일로 - 기타,승용,남,63세,상해없음,승용,남,32세,경상
2016040900100350,2016년 4월 9일 14시,토요일,부산광역시 남구 대연동,경상사고,0,0,1,0,차대사람 - 기타,안전운전불이행,건조,맑음,단일로 - 기타,승용,남,31세,상해없음,보행자,남,50세,경상
2016040900100351,2016년 4월 9일 14시,토요일,부산광역시 동래구 낙민동,경상사고,0,0,1,0,차대차 - 추돌,안전거리미확보,건조,맑음,단일로 - 기타,승용,여,49세,상해없음,승용,남,45세,경상
2016040900100379,2016년 4월 9일 15시,토요일,부산광역시 동래구 온천동,경상사고,0,0,1,1,차대차 - 추돌,안전거리미확보,건조,맑음,단일로 - 기타,승용,남,70세,상해없음,승합,남,41세,상해없음
2016040900100380,2016년 4월 9일 15시,토요일,부산광역시 해운대구 좌동,경상사고,0,0,1,0,차대차 - 기타,안전거리미확보,건조,맑음,단일로 - 기타,승용,남,37세,상해없음,원동기,남,19세,경상
2016040900100417,2016년 4월 9일 16시,토요일,부산광역시 해운대구 우동,경상사고,0,0,3,0,차대차 - 추돌,안전거리미확보,건조,맑음,단일로 - 기타,승용,여,35세,상해없음,승용,남,39세,경상
2016040900100447,2016년 4월 9일 17시,토요일,부산광역시 남구 문현동,중상사고,0,1,0,0,차대사람 - 길가장자리구역통행중,안전운전불이행,건조,맑음,단일로 - 기타,승용,남,56세,상해없음,보행자,여,68세,중상
2016040900100448,2016년 4월 9일 17시,토요일,부산광역시 사하구 다대동,경상사고,0,0,1,0,차대사람 - 횡단중,안전운전불이행,건조,맑음,단일로 - 기타,승용,남,51세,기타불명,보행자,여,18세,경상
2016040900100449,2016년 4월 9일 17시,토요일,부산광역시 사상구 학장동,중상사고,0,2,1,0,차대차 - 추돌,안전운전불이행,건조,맑음,단일로 - 기타,승용,남,45세,경상,승용,여,52세,중상
2016040900100482,2016년 4월 9일 18시,토요일,부산광역시 금정구 구서동,경상사고,0,0,1,0,차대차 - 추돌,안전운전불이행,건조,맑음,교차로 - 교차로부근,승용,여,39세,상해없음,원동기,남,38세,경상
2016040900100524,2016년 4월 9일 19시,토요일,부산광역시 서구 서대신동3가,중상사고,0,1,0,0,차대사람 - 기타,보행자보호의무위반,건조,맑음,단일로 - 기타,승용,남,36세,상해없음,보행자,여,55세,중상
2016040900100525,2016년 4월 9일 19시,토요일,부산광역시 동래구 명장동,경상사고,0,0,1,0,차대차 - 측면직각충돌,안전운전불이행,건조,맑음,단일로 - 기타,승용,여,67세,상해없음,자전거,여,27세,경상
2016040900100526,2016년 4월 9일 19시,토요일,부산광역시 영도구 동삼동,중상사고,0,1,0,0,차대차 - 기타,교차로운행방법위반,건조,맑음,교차로 - 교차로안,승용,남,62세,상해없음,이륜,남,58세,중상
2016040900100527,2016년 4월 9일 19시,토요일,부산광역시 부산진구 부전동,경상사고,0,0,1,0,차대차 - 기타,신호위반,건조,맑음,교차로 - 교차로안,승용,여,20세,상해없음,이륜,남,21세,경상
2016040900100559,2016년 4월 9일 20시,토요일,부산광역시 영도구 청학동,부상신고사고,0,0,0,1,차대차 - 측면직각충돌,교차로운행방법위반,건조,맑음,교차로 - 교차로안,승용,남,30세,부상신고,승용,여,40세,상해없음
2016040900100560,2016년 4월 9일 20시,토요일,부산광역시 사하구 괴정동,부상신고사고,0,0,0,2,차대차 - 추돌,안전운전불이행,건조,맑음,단일로 - 기타,이륜,남,16세,상해없음,승용,여,37세,부상신고
2016040900100561,2016년 4월 9일 20시,토요일,부산광역시 사상구 모라동,경상사고,0,0,1,0,차대사람 - 기타,안전운전불이행,건조,맑음,교차로 - 교차로안,승용,남,46세,기타불명,보행자,여,54세,경상
2016040900100597,2016년 4월 9일 21시,토요일,부산광역시 북구 구포동,경상사고,0,0,2,0,차대차 - 추돌,안전운전불이행,건조,맑음,단일로 - 기타,승용,남,72세,상해없음,승용,여,54세,경상
2016040900100598,2016년 4월 9일 21시,토요일,부산광역시 동래구 온천동,경상사고,0,0,2,1,차대차 - 추돌,안전거리미확보,건조,맑음,단일로 - 기타,승용,남,36세,상해없음,승용,여,45세,경상
2016040900100599,2016년 4월 9일 21시,토요일,부산광역시 사상구 학장동,중상사고,0,2,2,1,차대차 - 측면직각충돌,안전거리미확보,건조,맑음,단일로 - 기타,승용,남,73세,상해없음,승용,남,60세,부상신고
2016040900100600,2016년 4월 9일 21시,토요일,부산광역시 사상구 주례동,부상신고사고,0,0,0,1,차대차 - 측면직각충돌,신호위반,건조,맑음,교차로 - 교차로부근,이륜,남,22세,부상신고,이륜,기타불명,기타불명,기타불명
2016041000100031,2016년 4월 10일 02시,일요일,부산광역시 부산진구 부전동,중상사고,0,1,0,0,차대사람 - 횡단중,안전운전불이행,건조,맑음,단일로 - 기타,승용,남,67세,상해없음,보행자,남,24세,중상
2016041000100047,2016년 4월 10일 03시,일요일,부산광역시 해운대구 반여동,경상사고,0,0,1,0,차대차 - 추돌,안전운전불이행,건조,맑음,단일로 - 기타,승용,남,27세,상해없음,승용,남,65세,경상
2016041000100056,2016년 4월 10일 04시,일요일,부산광역시 수영구 남천동,중상사고,0,1,2,0,차대차 - 추돌,안전운전불이행,건조,맑음,교차로 - 교차로부근,승용,남,22세,상해없음,승용,남,41세,중상
2016041000100057,2016년 4월 10일 04시,일요일,부산광역시 부산진구 부전동,경상사고,0,0,1,0,차대차 - 추돌,안전운전불이행,건조,맑음,단일로 - 기타,승용,남,26세,상해없음,화물,남,55세,경상
2016041000100070,2016년 4월 10일 05시,일요일,부산광역시 수영구 민락동,중상사고,0,1,0,0,차대사람 - 기타,안전운전불이행,건조,맑음,단일로 - 기타,승용,남,22세,상해없음,보행자,여,71세,중상
2016041000100090,2016년 4월 10일 07시,일요일,부산광역시 부산진구 당감동,경상사고,0,0,2,0,차대차 - 추돌,교차로운행방법위반,건조,맑음,교차로 - 교차로안,승용,남,47세,경상,승용,남,64세,경상
2016041000100097,2016년 4월 10일 08시,일요일,부산광역시 금정구 장전동,중상사고,0,2,0,0,차대차 - 추돌,안전운전불이행,건조,맑음,단일로 - 기타,승용,남,37세,상해없음,승용,여,43세,중상
2016041000100098,2016년 4월 10일 08시,일요일,부산광역시 연제구 거제동,경상사고,0,0,1,0,차대차 - 기타,안전운전불이행,건조,맑음,단일로 - 기타,승용,남,57세,경상,승용,남,55세,상해없음
2016041000100106,2016년 4월 10일 09시,일요일,부산광역시 해운대구 우동,경상사고,0,0,2,0,차대차 - 기타,안전거리미확보,기타,맑음,단일로 - 기타,특수,남,32세,상해없음,승용,남,44세,경상
2016041000100121,2016년 4월 10일 10시,일요일,부산광역시 수영구 광안동,경상사고,0,0,2,0,차대차 - 추돌,안전거리미확보,건조,맑음,단일로 - 기타,승용,여,34세,상해없음,승용,여,50세,경상
2016041000100122,2016년 4월 10일 10시,일요일,부산광역시 부산진구 가야동,경상사고,0,0,1,0,차대사람 - 기타,안전운전불이행,건조,맑음,단일로 - 기타,승용,남,80세,상해없음,보행자,남,86세,경상
2016041000100123,2016년 4월 10일 10시,일요일,부산광역시 부산진구 당감동,중상사고,0,1,0,0,차대사람 - 횡단중,안전운전불이행,건조,맑음,단일로 - 기타,이륜,남,17세,상해없음,보행자,남,45세,중상
2016041000100124,2016년 4월 10일 10시,일요일,부산광역시 강서구 명지동,중상사고,0,1,0,0,차대차 - 추돌,교차로운행방법위반,건조,맑음,교차로 - 교차로안,승용,남,67세,상해없음,이륜,남,72세,중상
2016041000100125,2016년 4월 10일 10시,일요일,부산광역시 사상구 엄궁동,경상사고,0,0,2,0,차대차 - 측면직각충돌,안전운전불이행,건조,맑음,교차로 - 교차로안,승용,남,48세,경상,승용,여,55세,경상
2016041000100178,2016년 4월 10일 12시,일요일,부산광역시 수영구 남천동,부상신고사고,0,0,0,1,차대사람 - 횡단중,안전운전불이행,건조,맑음,단일로 - 기타,승용,남,52세,상해없음,보행자,남,17세,부상신고
2016041000100214,2016년 4월 10일 13시,일요일,부산광역시 남구 대연동,경상사고,0,0,1,0,차대사람 - 기타,안전운전불이행,건조,맑음,단일로 - 기타,승용,여,49세,상해없음,보행자,여,88세,경상
2016041000100215,2016년 4월 10일 13시,일요일,부산광역시 북구 구포동,부상신고사고,0,0,0,1,차대차 - 기타,안전운전불이행,건조,맑음,단일로 - 기타,원동기,남,22세,부상신고,승용,남,39세,상해없음
2016041000100216,2016년 4월 10일 13시,일요일,부산광역시 금정구 부곡동,경상사고,0,0,1,0,차대사람 - 기타,안전운전불이행,건조,맑음,기타 - 기타,승용,여,28세,상해없음,보행자,여,57세,경상
2016041000100249,2016년 4월 10일 14시,일요일,부산광역시 해운대구 우동,중상사고,0,1,0,0,차대차 - 기타,안전운전불이행,기타,맑음,단일로 - 터널,승용,남,29세,상해없음,승용,남,42세,상해없음
2016041000100280,2016년 4월 10일 15시,일요일,부산광역시 남구 대연동,중상사고,0,2,6,0,차대차 - 추돌,안전운전불이행,건조,맑음,단일로 - 기타,승합,남,46세,상해없음,승용,남,36세,중상
2016041000100281,2016년 4월 10일 15시,일요일,부산광역시 북구 덕천동,중상사고,0,1,1,0,차대차 - 기타,안전거리미확보,건조,맑음,단일로 - 기타,승용,남,47세,상해없음,승용,남,41세,경상
2016041000100312,2016년 4월 10일 16시,일요일,부산광역시 사하구 장림동,중상사고,0,1,0,0,차량단독 - 기타,안전운전불이행,건조,맑음,단일로 - 기타,이륜,남,58세,중상,,,,
2016041000100313,2016년 4월 10일 16시,일요일,부산광역시 연제구 연산동,경상사고,0,0,1,0,차대차 - 측면직각충돌,안전거리미확보,건조,맑음,단일로 - 기타,승용,남,56세,상해없음,승용,남,35세,경상
2016041000100314,2016년 4월 10일 16시,일요일,부산광역시 기장군 기장읍,경상사고,0,0,1,0,차대사람 - 횡단중,보행자보호의무위반,건조,맑음,단일로 - 기타,승용,남,30세,기타불명,보행자,남,52세,경상
2016041000100347,2016년 4월 10일 17시,일요일,부산광역시 북구 구포동,경상사고,0,0,1,0,차대사람 - 기타,기타,건조,맑음,단일로 - 기타,승용,남,55세,기타불명,보행자,남,69세,경상
2016041000100348,2016년 4월 10일 17시,일요일,부산광역시 사하구 구평동,사망사고,1,0,0,0,차대차 - 추돌,안전운전불이행,건조,맑음,단일로 - 기타,화물,남,37세,사망,화물,남,49세,상해없음
2016041000100421,2016년 4월 10일 19시,일요일,부산광역시 사상구 삼락동,중상사고,0,1,0,0,차대사람 - 기타,안전운전불이행,건조,맑음,단일로 - 기타,승용,여,63세,상해없음,보행자,남,50세,중상
2016041000100453,2016년 4월 10일 20시,일요일,부산광역시 중구 중앙동4가,경상사고,0,0,1,0,차대차 - 측면직각충돌,신호위반,건조,맑음,교차로 - 교차로안,승용,남,60세,상해없음,승용,남,30세,경상
2016041000100454,2016년 4월 10일 20시,일요일,부산광역시 강서구 대저1동,경상사고,0,0,2,0,차대사람 - 횡단중,보행자보호의무위반,건조,맑음,단일로 - 기타,승용,여,27세,상해없음,보행자,남,8세,경상
2016041000100455,2016년 4월 10일 20시,일요일,부산광역시 사상구 주례동,경상사고,0,0,1,0,차대사람 - 기타,안전운전불이행,건조,맑음,단일로 - 기타,승용,기타불명,기타불명,기타불명,보행자,남,41세,경상
2016041000100456,2016년 4월 10일 20시,일요일,부산광역시 사상구 학장동,경상사고,0,0,1,0,차대차 - 측면직각충돌,안전운전불이행,건조,맑음,단일로 - 기타,승용,기타불명,기타불명,기타불명,자전거,남,16세,경상
2016041000100457,2016년 4월 10일 20시,일요일,부산광역시 기장군 기장읍,경상사고,0,0,1,0,차대차 - 측면직각충돌,안전운전불이행,건조,맑음,단일로 - 기타,승용,여,59세,상해없음,이륜,남,25세,경상
2016041000100506,2016년 4월 10일 22시,일요일,부산광역시 해운대구 송정동,경상사고,0,0,1,0,차대차 - 기타,안전운전불이행,건조,맑음,교차로 - 교차로부근,승용,남,30세,상해없음,승용,남,48세,경상
2016041000100507,2016년 4월 10일 22시,일요일,부산광역시 연제구 연산동,경상사고,0,0,1,0,차대사람 - 횡단중,안전운전불이행,건조,맑음,교차로 - 교차로안,승용,남,49세,상해없음,보행자,여,58세,경상
2016041100100003,2016년 4월 11일 00시,월요일,부산광역시 북구 덕천동,경상사고,0,0,1,0,차대차 - 측면직각충돌,신호위반,건조,맑음,단일로 - 횡단보도상,승용,여,27세,상해없음,원동기,여,56세,경상
2016041100100012,2016년 4월 11일 01시,월요일,부산광역시 부산진구 양정동,경상사고,0,0,1,0,차대차 - 측면직각충돌,안전운전불이행,건조,맑음,단일로 - 기타,승용,기타불명,기타불명,기타불명,승용,남,27세,경상
2016041100100013,2016년 4월 11일 01시,월요일,부산광역시 사상구 엄궁동,부상신고사고,0,0,0,1,차대차 - 추돌,불법유턴,건조,맑음,단일로 - 기타,승용,남,24세,상해없음,승용,남,67세,부상신고
2016041100100062,2016년 4월 11일 07시,월요일,부산광역시 연제구 연산동,경상사고,0,0,2,0,차대차 - 측면충돌,신호위반,건조,맑음,교차로 - 교차로안,승용,남,50세,상해없음,승용,남,47세,경상
2016041100100155,2016년 4월 11일 09시,월요일,부산광역시 부산진구 범천동,중상사고,0,1,0,0,차대사람 - 횡단중,안전운전불이행,건조,흐림,교차로 - 교차로안,승용,여,43세,상해없음,보행자,여,43세,중상
2016041100100156,2016년 4월 11일 09시,월요일,부산광역시 금정구 서동,경상사고,0,0,1,0,차대사람 - 횡단중,보행자보호의무위반,건조,흐림,교차로 - 교차로부근,화물,남,73세,상해없음,보행자,여,16세,경상
2016041100100218,2016년 4월 11일 11시,월요일,부산광역시 동래구 명륜동,중상사고,0,1,0,0,차대차 - 측면충돌,안전운전불이행,건조,맑음,교차로 - 교차로안,승용,남,63세,상해없음,이륜,남,40세,중상
2016041100100219,2016년 4월 11일 11시,월요일,부산광역시 해운대구 우동,경상사고,0,0,1,0,차대차 - 기타,안전거리미확보,기타,맑음,교차로 - 교차로부근,승용,남,67세,상해없음,승용,남,43세,경상
2016041100100251,2016년 4월 11일 12시,월요일,부산광역시 남구 대연동,경상사고,0,0,2,0,차대차 - 기타,안전거리미확보,건조,맑음,단일로 - 터널,승용,남,47세,경상,승합,남,77세,상해없음
2016041100100252,2016년 4월 11일 12시,월요일,부산광역시 연제구 연산동,경상사고,0,0,1,0,차대사람 - 횡단중,신호위반,건조,맑음,단일로 - 횡단보도상,승용,여,45세,상해없음,보행자,여,49세,경상
2016041100100285,2016년 4월 11일 13시,월요일,부산광역시 중구 보수동1가,경상사고,0,0,1,0,차대차 - 측면직각충돌,신호위반,건조,맑음,교차로 - 교차로안,이륜,여,47세,경상,승용,남,40세,상해없음
2016041100100286,2016년 4월 11일 13시,월요일,부산광역시 중구 부평동4가,경상사고,0,0,1,0,차대차 - 측면직각충돌,안전운전불이행,건조,맑음,단일로 - 기타,승용,남,60세,상해없음,승용,남,34세,경상
2016041100100287,2016년 4월 11일 13시,월요일,부산광역시 수영구 남천동,중상사고,0,1,0,0,차대사람 - 기타,안전운전불이행,건조,맑음,단일로 - 기타,화물,남,43세,상해없음,보행자,남,90세 이상,중상
2016041100100358,2016년 4월 11일 15시,월요일,부산광역시 동래구 온천동,중상사고,0,1,0,0,차대사람 - 기타,보행자보호의무위반,건조,맑음,단일로 - 기타,승용,남,64세,상해없음,보행자,여,57세,중상
2016041100100359,2016년 4월 11일 15시,월요일,부산광역시 부산진구 부전동,경상사고,0,0,1,0,차대차 - 기타,안전운전불이행,건조,맑음,단일로 - 기타,승용,남,37세,상해없음,이륜,남,36세,경상
2016041100100395,2016년 4월 11일 16시,월요일,부산광역시 동구 좌천동,경상사고,0,0,1,0,차대차 - 기타,안전운전불이행,건조,맑음,단일로 - 기타,승용,남,46세,상해없음,승용,남,65세,경상
2016041100100396,2016년 4월 11일 16시,월요일,부산광역시 동래구 온천동,경상사고,0,0,1,0,차대차 - 측면직각충돌,신호위반,건조,맑음,교차로 - 교차로안,승용,남,61세,상해없음,이륜,남,72세,경상
2016041100100397,2016년 4월 11일 16시,월요일,부산광역시 부산진구 부전동,경상사고,0,0,1,0,차대사람 - 기타,안전운전불이행,건조,맑음,단일로 - 기타,승용,남,52세,상해없음,보행자,여,61세,경상
2016041100100398,2016년 4월 11일 16시,월요일,부산광역시 부산진구 당감동,중상사고,0,1,0,0,차대사람 - 횡단중,안전운전불이행,건조,맑음,단일로 - 기타,이륜,남,55세,상해없음,보행자,여,56세,중상
2016041100100399,2016년 4월 11일 16시,월요일,부산광역시 금정구 노포동,중상사고,0,1,0,0,차대차 - 추돌,안전운전불이행,건조,맑음,교차로 - 교차로부근,승용,남,33세,상해없음,이륜,남,53세,중상
2016041100100431,2016년 4월 11일 17시,월요일,부산광역시 동구 범일동,중상사고,0,1,0,0,차대사람 - 횡단중,안전운전불이행,건조,맑음,단일로 - 기타,승용,남,55세,상해없음,보행자,남,18세,중상
2016041100100432,2016년 4월 11일 17시,월요일,부산광역시 해운대구 좌동,중상사고,0,1,0,0,차대차 - 측면직각충돌,안전거리미확보,건조,맑음,교차로 - 교차로부근,이륜,남,53세,중상,승용,여,70세,상해없음
2016041100100433,2016년 4월 11일 17시,월요일,부산광역시 연제구 연산동,경상사고,0,0,1,0,차대차 - 추돌,안전운전불이행,건조,맑음,단일로 - 기타,승용,남,34세,상해없음,화물,남,52세,경상
2016041100100516,2016년 4월 11일 19시,월요일,부산광역시 연제구 연산동,경상사고,0,0,1,0,차대차 - 측면충돌,안전운전불이행,건조,맑음,단일로 - 기타,승용,여,57세,경상,승합,남,34세,상해없음
2016041100100517,2016년 4월 11일 19시,월요일,부산광역시 사상구 감전동,경상사고,0,0,1,0,차대사람 - 길가장자리구역통행중,안전운전불이행,건조,맑음,단일로 - 기타,승용,남,32세,상해없음,보행자,여,20세,경상
2016041100100540,2016년 4월 11일 20시,월요일,부산광역시 수영구 민락동,부상신고사고,0,0,0,1,차대차 - 측면직각충돌,안전거리미확보,건조,맑음,단일로 - 기타,원동기,남,20세,부상신고,승합,남,64세,상해없음
2016041100100541,2016년 4월 11일 20시,월요일,부산광역시 북구 만덕동,경상사고,0,0,1,0,차대차 - 측면직각충돌,안전거리미확보,건조,맑음,단일로 - 기타,승용,남,51세,상해없음,원동기,남,41세,경상
2016041100100542,2016년 4월 11일 20시,월요일,부산광역시 부산진구 초읍동,경상사고,0,0,2,0,차대차 - 측면충돌,안전거리미확보,건조,맑음,교차로 - 교차로안,승용,남,71세,경상,승용,여,66세,경상
2016041100100590,2016년 4월 11일 22시,월요일,부산광역시 북구 금곡동,경상사고,0,0,1,0,차대사람 - 횡단중,안전운전불이행,건조,맑음,단일로 - 기타,승용,남,25세,상해없음,보행자,여,16세,경상
2016041100100612,2016년 4월 11일 23시,월요일,부산광역시 해운대구 좌동,경상사고,0,0,1,0,차대차 - 정면충돌,중앙선침범,건조,맑음,단일로 - 기타,화물,남,56세,상해없음,이륜,남,18세,경상
2016041200100072,2016년 4월 12일 07시,화요일,부산광역시 해운대구 우동,부상신고사고,0,0,0,1,차대차 - 추돌,안전운전불이행,건조,맑음,교차로 - 교차로부근,승용,남,29세,상해없음,승용,남,52세,부상신고
2016041200100156,2016년 4월 12일 09시,화요일,부산광역시 기장군 기장읍,경상사고,0,0,1,0,차대차 - 측면충돌,중앙선침범,건조,맑음,단일로 - 기타,승용,여,63세,상해없음,승용,여,35세,경상
2016041200100211,2016년 4월 12일 11시,화요일,부산광역시 중구 보수동2가,중상사고,0,1,0,0,차대차 - 측면직각충돌,안전운전불이행,건조,맑음,단일로 - 기타,화물,남,81세,상해없음,이륜,남,72세,중상
2016041200100213,2016년 4월 12일 11시,화요일,부산광역시 사상구 엄궁동,중상사고,0,1,0,0,차대차 - 측면직각충돌,안전거리미확보,건조,맑음,단일로 - 기타,승용,남,23세,상해없음,승용,남,61세,상해없음
2016041200100271,2016년 4월 12일 13시,화요일,부산광역시 사하구 신평동,경상사고,0,0,2,0,차대차 - 기타,안전거리미확보,건조,맑음,단일로 - 기타,특수,남,50세,경상,화물,남,58세,경상
2016041200100295,2016년 4월 12일 14시,화요일,부산광역시 금정구 장전동,중상사고,0,1,0,0,차대사람 - 횡단중,안전운전불이행,건조,맑음,교차로 - 교차로부근,승용,남,34세,상해없음,보행자,남,44세,중상
2016041200100296,2016년 4월 12일 14시,화요일,부산광역시 사상구 감전동,중상사고,0,1,0,0,차대차 - 측면직각충돌,중앙선침범,건조,맑음,단일로 - 기타,건설기계,남,33세,상해없음,화물,남,42세,중상
2016041200100337,2016년 4월 12일 15시,화요일,부산광역시 북구 구포동,경상사고,0,0,2,0,차대사람 - 기타,안전운전불이행,건조,맑음,단일로 - 기타,승합,여,45세,상해없음,보행자,여,9세,경상
2016041200100338,2016년 4월 12일 15시,화요일,부산광역시 해운대구 중동,중상사고,0,1,0,0,차대차 - 측면직각충돌,안전운전불이행,건조,맑음,단일로 - 기타,원동기,남,54세,중상,승용,여,56세,상해없음
2016041200100364,2016년 4월 12일 16시,화요일,부산광역시 북구 화명동,중상사고,0,1,0,0,차대차 - 추돌,안전운전불이행,건조,맑음,교차로 - 교차로부근,승용,남,58세,상해없음,이륜,남,24세,중상
2016041200100401,2016년 4월 12일 17시,화요일,부산광역시 영도구 봉래동1가,중상사고,0,1,0,0,차대사람 - 기타,안전운전불이행,건조,맑음,단일로 - 기타,승용,여,49세,상해없음,보행자,여,72세,중상
2016041200100402,2016년 4월 12일 17시,화요일,부산광역시 강서구 명지동,중상사고,0,1,0,0,차대차 - 측면직각충돌,안전운전불이행,건조,맑음,단일로 - 기타,승용,여,49세,상해없음,자전거,여,67세,중상
2016041200100440,2016년 4월 12일 18시,화요일,부산광역시 해운대구 우동,경상사고,0,0,3,0,차대차 - 측면직각충돌,안전거리미확보,건조,맑음,교차로 - 교차로부근,승용,여,31세,상해없음,승용,여,55세,경상
2016041200100441,2016년 4월 12일 18시,화요일,부산광역시 강서구 강동동,경상사고,0,0,2,0,차대차 - 추돌,안전운전불이행,건조,맑음,단일로 - 기타,화물,남,50세,기타불명,승용,남,55세,경상
2016041200100483,2016년 4월 12일 19시,화요일,부산광역시 동래구 사직동,중상사고,0,1,0,0,차대차 - 측면직각충돌,신호위반,건조,맑음,교차로 - 교차로안,승용,남,62세,상해없음,원동기,남,35세,중상
2016041200100484,2016년 4월 12일 19시,화요일,부산광역시 금정구 부곡동,중상사고,0,1,0,0,차대사람 - 횡단중,안전운전불이행,건조,흐림,교차로 - 교차로부근,승용,여,62세,상해없음,보행자,남,16세,중상
2016041200100485,2016년 4월 12일 19시,화요일,부산광역시 사하구 괴정동,경상사고,0,0,1,0,차대사람 - 횡단중,보행자보호의무위반,건조,맑음,단일로 - 횡단보도상,승용,남,48세,상해없음,보행자,남,12세,경상
2016041200100486,2016년 4월 12일 19시,화요일,부산광역시 사상구 괘법동,경상사고,0,0,1,0,차대사람 - 횡단중,안전운전불이행,건조,맑음,단일로 - 기타,승용,남,23세,상해없음,보행자,남,47세,경상
2016041200100528,2016년 4월 12일 20시,화요일,부산광역시 강서구 대저1동,경상사고,0,0,1,0,차대차 - 추돌,안전운전불이행,건조,맑음,기타 - 기타,승용,남,36세,상해없음,승용,남,28세,경상
2016041200100529,2016년 4월 12일 20시,화요일,부산광역시 강서구 봉림동,경상사고,0,0,2,0,차대차 - 측면직각충돌,안전운전불이행,건조,맑음,기타 - 기타,화물,남,56세,상해없음,승용,남,33세,경상
2016041200100569,2016년 4월 12일 21시,화요일,부산광역시 수영구 광안동,중상사고,0,1,1,0,차대차 - 측면직각충돌,안전운전불이행,건조,맑음,단일로 - 기타,자전거,여,16세,경상,자전거,남,26세,중상
2016041200100570,2016년 4월 12일 21시,화요일,부산광역시 부산진구 부암동,중상사고,0,1,0,0,차대차 - 기타,신호위반,건조,맑음,교차로 - 교차로부근,이륜,남,59세,중상,승용,남,44세,상해없음
2016041200100603,2016년 4월 12일 22시,화요일,부산광역시 북구 화명동,중상사고,0,1,0,0,차대사람 - 기타,안전운전불이행,건조,맑음,단일로 - 기타,승용,여,57세,상해없음,보행자,남,40세,중상