사고번호,사고일시,요일,시군구,사고내용,사망자수,중상자수,경상자수,부상신고자수,사고유형,법규위반,노면상태,기상상태,도로형태,가해운전자 차종,가해운전자 성별,가해운전자 연령,가해운전자 상해정도,피해운전자 차종,피해운전자 성별,피해운전자 연령,피해운전자 상해정도
2016041600100194,2016년 4월 16일 10시,토요일,부산광역시 영도구 대교동1가,경상사고,0,0,1,0,차대차 - 추돌,신호위반,건조,맑음,교차로 - 교차로안,승용,여,42세,상해없음,이륜,남,73세,경상
2016041600100195,2016년 4월 16일 10시,토요일,부산광역시 사하구 하단동,부상신고사고,0,0,0,1,차대차 - 기타,안전운전불이행,건조,맑음,단일로 - 기타,자전거,기타불명,기타불명,기타불명,자전거,남,37세,부상신고
2016041600100231,2016년 4월 16일 11시,토요일,부산광역시 중구 남포동5가,중상사고,0,1,0,0,차대사람 - 차도통행중,안전운전불이행,건조,맑음,단일로 - 기타,승용,남,60세,상해없음,보행자,여,62세,중상
2016041600100233,2016년 4월 16일 11시,토요일,부산광역시 사상구 감전동,경상사고,0,0,2,0,차대차 - 추돌,안전운전불이행,건조,맑음,교차로 - 교차로부근,승용,남,43세,경상,화물,남,46세,경상
2016041600100235,2016년 4월 16일 11시,토요일,부산광역시 해운대구 송정동,경상사고,0,0,5,0,차대차 - 기타,안전거리미확보,건조,맑음,단일로 - 기타,승용,여,27세,상해없음,승용,여,53세,경상
2016041600100298,2016년 4월 16일 13시,토요일,부산광역시 영도구 동삼동,중상사고,0,1,0,0,차대사람 - 기타,안전운전불이행,습기,비,단일로 - 기타,승합,남,66세,상해없음,보행자,여,80세,중상
2016041600100299,2016년 4월 16일 13시,토요일,부산광역시 사하구 당리동,중상사고,0,1,0,0,차대차 - 측면직각충돌,안전거리미확보,건조,맑음,단일로 - 기타,건설기계,남,37세,상해없음,승용,남,54세,중상
2016041600100331,2016년 4월 16일 14시,토요일,부산광역시 부산진구 부전동,경상사고,0,0,1,0,차대사람 - 기타,안전운전불이행,건조,맑음,단일로 - 기타,승용,여,29세,기타불명,보행자,남,31세,경상
2016041600100332,2016년 4월 16일 14시,토요일,부산광역시 기장군 기장읍,중상사고,0,1,0,0,차대차 - 측면충돌,교차로운행방법위반,건조,맑음,교차로 - 교차로안,승용,여,48세,상해없음,이륜,남,56세,중상
2016041600100371,2016년 4월 16일 15시,토요일,부산광역시 북구 만덕동,사망사고,1,2,0,0,차량단독 - 공작물충돌,안전운전불이행,건조,맑음,단일로 - 기타,승용,여,41세,중상,,,,
2016041600100372,2016년 4월 16일 15시,토요일,부산광역시 해운대구 좌동,경상사고,0,0,1,0,차대차 - 측면직각충돌,안전운전불이행,건조,맑음,교차로 - 교차로안,승용,남,49세,상해없음,이륜,남,44세,경상
2016041600100443,2016년 4월 16일 17시,토요일,부산광역시 해운대구 우동,경상사고,0,0,2,0,차대차 - 추돌,안전거리미확보,건조,맑음,교차로 - 교차로안,승용,여,35세,상해없음,승용,여,58세,경상
2016041600100444,2016년 4월 16일 17시,토요일,부산광역시 사하구 하단동,부상신고사고,0,0,0,1,차대차 - 기타,안전운전불이행,습기,비,단일로 - 기타,이륜,남,49세,부상신고,승용,여,61세,상해없음
2016041600100445,2016년 4월 16일 17시,토요일,부산광역시 사상구 감전동,경상사고,0,0,1,0,차대차 - 측면직각충돌,직진우회전진행방해,습기,비,교차로 - 교차로안,승용,남,45세,상해없음,승합,남,43세,경상
2016041600100475,2016년 4월 16일 18시,토요일,부산광역시 북구 구포동,경상사고,0,0,1,0,차대차 - 기타,안전운전불이행,습기,비,교차로 - 교차로부근,승용,남,27세,상해없음,자전거,남,63세,경상
2016041600100476,2016년 4월 16일 18시,토요일,부산광역시 동래구 낙민동,부상신고사고,0,0,0,1,차대차 - 측면직각충돌,안전거리미확보,습기,비,단일로 - 기타,승용,남,71세,상해없음,원동기,남,17세,부상신고
2016041600100521,2016년 4월 16일 19시,토요일,부산광역시 수영구 남천동,경상사고,0,0,1,0,차대차 - 기타,교차로운행방법위반,습기,비,단일로 - 기타,승용,여,53세,상해없음,승용,남,34세,상해없음
2016041600100522,2016년 4월 16일 19시,토요일,부산광역시 부산진구 부암동,경상사고,0,0,1,0,차대차 - 추돌,안전운전불이행,습기,비,단일로 - 기타,승용,남,60세,상해없음,화물,남,42세,경상
2016041600100581,2016년 4월 16일 20시,토요일,부산광역시 동구 범일동,중상사고,0,1,0,0,차대차 - 기타,차로위반,습기,비,미분류 - 미분류,승용,남,47세,상해없음,승용,남,48세,중상
2016041600100582,2016년 4월 16일 20시,토요일,부산광역시 해운대구 좌동,중상사고,0,1,0,1,차대사람 - 횡단중,신호위반,습기,비,교차로 - 교차로안,이륜,남,47세,부상신고,보행자,여,46세,중상
2016041600100647,2016년 4월 16일 21시,토요일,부산광역시 수영구 광안동,부상신고사고,0,0,0,1,차대차 - 측면직각충돌,안전운전불이행,습기,비,교차로 - 교차로안,이륜,남,17세,부상신고,승용,남,39세,상해없음
2016041600100648,2016년 4월 16일 21시,토요일,부산광역시 동래구 낙민동,경상사고,0,0,2,0,차대차 - 측면직각충돌,교차로운행방법위반,습기,비,교차로 - 교차로안,승용,남,43세,상해없음,승용,남,64세,경상
2016041600100649,2016년 4월 16일 21시,토요일,부산광역시 부산진구 전포동,중상사고,0,1,0,0,차대사람 - 기타,안전운전불이행,습기,비,단일로 - 기타,이륜,남,34세,상해없음,보행자,남,57세,중상
2016041600100650,2016년 4월 16일 21시,토요일,부산광역시 부산진구 당감동,경상사고,0,0,1,0,차대차 - 측면직각충돌,안전운전불이행,습기,비,단일로 - 기타,승용,남,31세,상해없음,승용,남,50세,경상
2016041600100651,2016년 4월 16일 21시,토요일,부산광역시 사상구 괘법동,경상사고,0,0,3,0,차대차 - 측면직각충돌,교차로운행방법위반,습기,비,교차로 - 교차로안,승용,남,49세,상해없음,승용,남,27세,경상
2016041600100715,2016년 4월 16일 22시,토요일,부산광역시 동래구 명륜동,중상사고,0,1,0,0,차대차 - 측면충돌,안전운전불이행,습기,비,단일로 - 기타,승용,남,26세,상해없음,이륜,남,26세,중상
2016041600100716,2016년 4월 16일 22시,토요일,부산광역시 부산진구 범천동,부상신고사고,0,0,0,1,차대차 - 기타,안전운전불이행,습기,비,교차로 - 교차로안,이륜,남,21세,부상신고,승용,남,61세,상해없음
2016041600100717,2016년 4월 16일 22시,토요일,부산광역시 사상구 주례동,경상사고,0,0,2,0,차대차 - 측면직각충돌,직진우회전진행방해,습기,비,교차로 - 교차로안,승합,남,37세,상해없음,승용,남,22세,경상
2016041600100775,2016년 4월 16일 23시,토요일,부산광역시 동구 범일동,중상사고,0,1,1,0,차대차 - 기타,신호위반,습기,비,교차로 - 교차로안,승용,여,28세,상해없음,승용,남,26세,경상
2016041600100776,2016년 4월 16일 23시,토요일,부산광역시 해운대구 반여동,경상사고,0,0,1,0,차대사람 - 기타,안전운전불이행,습기,비,단일로 - 기타,승용,남,51세,상해없음,보행자,남,48세,경상
2016041600100777,2016년 4월 16일 23시,토요일,부산광역시 사상구 감전동,경상사고,0,0,4,0,차대차 - 추돌,안전운전불이행,건조,맑음,단일로 - 기타,승용,여,37세,경상,승용,남,47세,경상
2016041700100012,2016년 4월 17일 00시,일요일,부산광역시 동구 범일동,중상사고,0,1,0,0,차대사람 - 기타,안전운전불이행,습기,비,단일로 - 기타,승용,남,52세,상해없음,보행자,남,62세,중상
2016041700100013,2016년 4월 17일 00시,일요일,부산광역시 수영구 민락동,부상신고사고,0,0,0,1,차대차 - 정면충돌,중앙선침범,습기,비,단일로 - 기타,승용,남,29세,상해없음,승용,남,26세,상해없음
2016041700100014,2016년 4월 17일 00시,일요일,부산광역시 동래구 온천동,중상사고,0,1,0,0,차량단독 - 전도전복,안전운전불이행,습기,비,단일로 - 기타,승용,여,26세,상해없음,,,,
2016041700100015,2016년 4월 17일 00시,일요일,부산광역시 연제구 연산동,중상사고,0,1,0,0,차대사람 - 횡단중,보행자보호의무위반,습기,비,단일로 - 횡단보도상,원동기,남,19세,상해없음,보행자,여,50세,중상
2016041700100066,2016년 4월 17일 01시,일요일,부산광역시 수영구 민락동,부상신고사고,0,0,0,2,차대차 - 추돌,안전운전불이행,습기,비,단일로 - 기타,승용,여,22세,상해없음,승용,남,27세,부상신고
2016041700100105,2016년 4월 17일 02시,일요일,부산광역시 동래구 사직동,중상사고,0,1,0,0,차대사람 - 차도통행중,안전운전불이행,습기,비,교차로 - 교차로부근,승용,남,36세,기타불명,보행자,남,45세,중상
2016041700100106,2016년 4월 17일 02시,일요일,부산광역시 금정구 구서동,중상사고,0,1,1,1,차대차 - 측면충돌,차로위반,습기,비,단일로 - 기타,승용,남,19세,상해없음,승용,남,34세,중상
2016041700100129,2016년 4월 17일 03시,일요일,부산광역시 사상구 주례동,경상사고,0,0,2,0,차량단독 - 공작물충돌,안전운전불이행,습기,비,단일로 - 교량,승용,남,28세,경상,,,,
2016041700100190,2016년 4월 17일 08시,일요일,부산광역시 금정구 금사동,중상사고,0,1,1,0,차대차 - 추돌,안전운전불이행,건조,맑음,단일로 - 기타,승용,남,30세,상해없음,승용,남,59세,경상
2016041700100226,2016년 4월 17일 11시,일요일,부산광역시 영도구 봉래동2가,경상사고,0,0,1,0,차대차 - 추돌,안전운전불이행,건조,맑음,단일로 - 기타,승용,남,55세,상해없음,승용,여,64세,경상
2016041700100246,2016년 4월 17일 12시,일요일,부산광역시 부산진구 부전동,경상사고,0,0,2,2,차대차 - 측면직각충돌,신호위반,건조,맑음,교차로 - 교차로안,승용,여,57세,상해없음,승용,남,64세,경상
2016041700100269,2016년 4월 17일 13시,일요일,부산광역시 중구 신창동1가,중상사고,0,1,0,0,차대사람 - 기타,안전운전불이행,건조,맑음,단일로 - 기타,승용,남,57세,상해없음,보행자,여,75세,중상
2016041700100270,2016년 4월 17일 13시,일요일,부산광역시 동구 수정동,중상사고,0,1,0,0,차대사람 - 기타,안전운전불이행,건조,맑음,교차로 - 교차로부근,승용,여,37세,상해없음,보행자,남,53세,중상
2016041700100271,2016년 4월 17일 13시,일요일,부산광역시 사하구 괴정동,경상사고,0,0,1,0,차대차 - 기타,안전운전불이행,건조,맑음,단일로 - 기타,승용,남,27세,상해없음,자전거,남,20세,경상
2016041700100272,2016년 4월 17일 13시,일요일,부산광역시 사상구 엄궁동,중상사고,0,1,0,0,차대차 - 측면직각충돌,안전운전불이행,건조,맑음,교차로 - 교차로안,승용,남,33세,상해없음,자전거,남,32세,중상
2016041700100306,2016년 4월 17일 14시,일요일,부산광역시 영도구 동삼동,경상사고,0,0,1,0,차대차 - 기타,불법유턴,건조,맑음,단일로 - 기타,승용,남,53세,기타불명,이륜,남,21세,경상
2016041700100344,2016년 4월 17일 15시,일요일,부산광역시 남구 대연동,중상사고,0,1,0,0,차대차 - 측면충돌,안전운전불이행,건조,맑음,단일로 - 횡단보도상,승용,남,55세,상해없음,자전거,남,62세,중상
2016041700100345,2016년 4월 17일 15시,일요일,부산광역시 영도구 청학동,사망사고,1,0,0,0,차대사람 - 횡단중,과속,건조,맑음,단일로 - 기타,승용,남,54세,상해없음,보행자,여,74세,사망
2016041700100375,2016년 4월 17일 16시,일요일,부산광역시 강서구 대저1동,중상사고,0,1,0,0,차대차 - 기타,안전운전불이행,건조,맑음,교차로 - 교차로안,원동기,남,76세,중상,승용,남,48세,상해없음
2016041700100399,2016년 4월 17일 17시,일요일,부산광역시 동래구 사직동,중상사고,0,1,0,0,차대사람 - 횡단중,신호위반,건조,맑음,단일로 - 횡단보도상,승용,남,58세,상해없음,보행자,남,7세,중상
2016041700100401,2016년 4월 17일 17시,일요일,부산광역시 사상구 괘법동,부상신고사고,0,0,0,1,차대차 - 추돌,안전운전불이행,건조,맑음,단일로 - 기타,이륜,남,37세,부상신고,화물,기타불명,기타불명,기타불명
2016041700100459,2016년 4월 17일 19시,일요일,부산광역시 남구 대연동,부상신고사고,0,0,0,1,차대차 - 기타,신호위반,건조,맑음,단일로 - 기타,승용,남,31세,상해없음,원동기,남,16세,부상신고
2016041700100460,2016년 4월 17일 19시,일요일,부산광역시 남구 대연동,중상사고,0,1,0,0,차대차 - 기타,안전거리미확보,건조,맑음,교차로 - 교차로부근,승용,남,70세,상해없음,승용,여,54세,상해없음
2016041700100461,2016년 4월 17일 19시,일요일,부산광역시 동래구 온천동,경상사고,0,0,1,0,차대차 - 측면직각충돌,안전거리미확보,건조,맑음,단일로 - 기타,승용,여,32세,상해없음,원동기,남,18세,경상
2016041700100462,2016년 4월 17일 19시,일요일,부산광역시 영도구 남항동1가,중상사고,0,1,0,0,차대사람 - 보도통행중,기타,건조,맑음,단일로 - 교량,이륜,남,30세,상해없음,보행자,여,47세,중상
2016041700100463,2016년 4월 17일 19시,일요일,부산광역시 해운대구 석대동,중상사고,0,1,0,0,차대차 - 측면직각충돌,신호위반,건조,맑음,교차로 - 교차로안,승용,남,28세,상해없음,승용,남,49세,중상
2016041700100464,2016년 4월 17일 19시,일요일,부산광역시 사상구 감전동,중상사고,0,1,0,0,차대사람 - 길가장자리구역통행중,안전운전불이행,건조,맑음,단일로 - 기타,승용,남,55세,상해없음,보행자,남,57세,중상
2016041700100550,2016년 4월 17일 22시,일요일,부산광역시 서구 암남동,경상사고,0,0,2,0,차대차 - 측면직각충돌,안전운전불이행,건조,맑음,교차로 - 교차로부근,승용,남,36세,경상,승용,남,61세,경상
2016041700100570,2016년 4월 17일 23시,일요일,부산광역시 동구 초량동,중상사고,0,1,0,0,차대차 - 측면직각충돌,교차로운행방법위반,건조,맑음,교차로 - 교차로안,승용,남,62세,상해없음,승용,남,47세,상해없음
2016041700100571,2016년 4월 17일 23시,일요일,부산광역시 수영구 광안동,경상사고,0,0,1,0,차대차 - 기타,안전운전불이행,건조,맑음,단일로 - 기타,원동기,남,22세,경상,승용,여,62세,상해없음
2016041700100572,2016년 4월 17일 23시,일요일,부산광역시 해운대구 좌동,중상사고,0,1,0,0,차대사람 - 횡단중,안전운전불이행,건조,맑음,단일로 - 기타,승용,남,56세,상해없음,보행자,남,37세,중상
2016041800100012,2016년 4월 18일 01시,월요일,부산광역시 부산진구 범전동,경상사고,0,0,1,0,차대차 - 측면충돌,신호위반,건조,맑음,단일로 - 기타,승용,남,50세,상해없음,원동기,남,34세,경상
2016041800100021,2016년 4월 18일 04시,월요일,부산광역시 사상구 괘법동,경상사고,0,0,2,0,차대차 - 측면직각충돌,신호위반,건조,맑음,교차로 - 교차로안,승용,남,52세,상해없음,승용,남,64세,경상
2016041800100034,2016년 4월 18일 06시,월요일,부산광역시 동래구 온천동,중상사고,0,1,0,0,차대차 - 측면직각충돌,신호위반,건조,맑음,교차로 - 교차로안,승용,남,41세,상해없음,승용,남,38세,중상
2016041800100043,2016년 4월 18일 07시,월요일,부산광역시 동래구 온천동,경상사고,0,0,2,0,차대차 - 측면직각충돌,교차로운행방법위반,건조,맑음,교차로 - 교차로안,승용,여,28세,경상,승용,남,58세,경상
2016041800100044,2016년 4월 18일 07시,월요일,부산광역시 사하구 장림동,경상사고,0,0,1,0,차대차 - 기타,안전운전불이행,건조,맑음,단일로 - 기타,화물,여,61세,경상,특수,남,60세,상해없음
2016041800100045,2016년 4월 18일 07시,월요일,부산광역시 강서구 녹산동,중상사고,0,1,1,0,차대차 - 측면충돌,안전거리미확보,건조,맑음,단일로 - 기타,화물,남,47세,상해없음,승용,남,50세,경상
2016041800100075,2016년 4월 18일 08시,월요일,부산광역시 동구 초량동,경상사고,0,0,1,0,차대사람 - 횡단중,보행자보호의무위반,건조,맑음,교차로 - 교차로안,승용,여,37세,상해없음,보행자,여,17세,경상
2016041800100076,2016년 4월 18일 08시,월요일,부산광역시 북구 구포동,중상사고,0,1,0,0,차대차 - 측면직각충돌,신호위반,건조,맑음,교차로 - 교차로안,승합,남,53세,상해없음,이륜,남,64세,중상
2016041800100077,2016년 4월 18일 08시,월요일,부산광역시 부산진구 가야동,경상사고,0,0,1,0,차량단독 - 기타,기타,건조,맑음,단일로 - 기타,승합,남,54세,상해없음,,,,
2016041800100078,2016년 4월 18일 08시,월요일,부산광역시 사상구 감전동,경상사고,0,0,1,0,차대차 - 측면직각충돌,안전거리미확보,건조,맑음,단일로 - 기타,화물,기타불명,기타불명,기타불명,이륜,남,24세,경상
2016041800100079,2016년 4월 18일 08시,월요일,부산광역시 사상구 감전동,중상사고,0,1,0,0,차대사람 - 기타,안전운전불이행,건조,흐림,단일로 - 기타,승용,여,43세,상해없음,보행자,남,59세,중상
2016041800100080,2016년 4월 18일 08시,월요일,부산광역시 사상구 덕포동,경상사고,0,0,1,0,차대차 - 추돌,안전운전불이행,건조,맑음,단일로 - 기타,승용,남,56세,상해없음,승용,남,53세,경상
2016041800100135,2016년 4월 18일 09시,월요일,부산광역시 동래구 온천동,경상사고,0,0,2,0,차대차 - 추돌,안전운전불이행,건조,맑음,단일로 - 기타,승용,남,24세,상해없음,승용,남,48세,경상
2016041800100172,2016년 4월 18일 10시,월요일,부산광역시 사하구 하단동,경상사고,0,0,1,0,차대사람 - 기타,기타,건조,맑음,단일로 - 기타,승용,남,40세,상해없음,보행자,여,46세,경상
2016041800100173,2016년 4월 18일 10시,월요일,부산광역시 사하구 감천동,경상사고,0,0,3,0,차대차 - 기타,교차로운행방법위반,건조,맑음,교차로 - 교차로안,화물,남,45세,상해없음,승용,남,58세,경상
2016041800100174,2016년 4월 18일 10시,월요일,부산광역시 강서구 미음동,중상사고,0,1,0,0,차대차 - 측면직각충돌,안전거리미확보,건조,맑음,단일로 - 기타,승용,여,32세,상해없음,승용,남,51세,중상
2016041800100241,2016년 4월 18일 12시,월요일,부산광역시 북구 덕천동,경상사고,0,0,1,0,차대차 - 기타,안전거리미확보,건조,맑음,단일로 - 기타,승용,여,57세,상해없음,화물,여,42세,경상
2016041800100260,2016년 4월 18일 13시,월요일,부산광역시 남구 용호동,경상사고,0,0,2,0,차대차 - 기타,신호위반,건조,맑음,교차로 - 교차로안,승용,남,32세,상해없음,원동기,남,80세,경상
2016041800100261,2016년 4월 18일 13시,월요일,부산광역시 금정구 금성동,중상사고,0,4,4,2,차량단독 - 전도전복,안전운전불이행,건조,맑음,단일로 - 기타,승합,남,63세,상해없음,,,,
2016041800100262,2016년 4월 18일 13시,월요일,부산광역시 연제구 연산동,중상사고,0,1,0,0,차대차 - 추돌,안전거리미확보,건조,맑음,교차로 - 교차로부근,승용,여,55세,상해없음,승용,여,37세,중상
2016041800100263,2016년 4월 18일 13시,월요일,부산광역시 연제구 연산동,중상사고,0,1,0,0,차대사람 - 기타,안전운전불이행,건조,맑음,단일로 - 기타,승용,여,53세,상해없음,보행자,여,46세,중상
2016041800100264,2016년 4월 18일 13시,월요일,부산광역시 강서구 대저1동,경상사고,0,0,1,0,차대차 - 측면직각충돌,신호위반,건조,맑음,교차로 - 교차로안,승용,남,37세,상해없음,화물,남,30세,상해없음
2016041800100303,2016년 4월 18일 14시,월요일,부산광역시 수영구 광안동,경상사고,0,0,3,0,차대차 - 측면직각충돌,안전운전불이행,건조,맑음,단일로 - 기타,승용,여,55세,상해없음,승용,남,56세,경상
2016041800100304,2016년 4월 18일 14시,월요일,부산광역시 사상구 주례동,경상사고,0,0,1,1,차대차 - 추돌,안전거리미확보,건조,맑음,교차로 - 교차로부근,승용,여,58세,부상신고,승합,남,52세,경상
2016041800100305,2016년 4월 18일 14시,월요일,부산광역시 사상구 학장동,경상사고,0,0,2,0,차대차 - 측면직각충돌,안전거리미확보,건조,맑음,교차로 - 교차로안,승용,남,66세,상해없음,승용,남,50세,경상
2016041800100340,2016년 4월 18일 15시,월요일,부산광역시 남구 감만동,경상사고,0,0,1,0,차대차 - 측면직각충돌,안전거리미확보,건조,맑음,단일로 - 기타,화물,남,45세,상해없음,승용,남,49세,경상
2016041800100341,2016년 4월 18일 15시,월요일,부산광역시 연제구 연산동,경상사고,0,0,1,0,차대사람 - 차도통행중,안전운전불이행,건조,맑음,단일로 - 기타,화물,남,54세,기타불명,보행자,남,15세,경상
2016041800100389,2016년 4월 18일 16시,월요일,부산광역시 금정구 남산동,경상사고,0,0,1,0,차대사람 - 길가장자리구역통행중,안전운전불이행,건조,맑음,교차로 - 교차로부근,승합,여,57세,상해없음,보행자,남,18세,경상
2016041800100429,2016년 4월 18일 17시,월요일,부산광역시 동구 수정동,부상신고사고,0,0,0,1,차대사람 - 기타,안전운전불이행,건조,맑음,단일로 - 기타,승용,여,33세,상해없음,보행자,남,58세,부상신고
2016041800100430,2016년 4월 18일 17시,월요일,부산광역시 북구 구포동,경상사고,0,0,1,0,차대사람 - 횡단중,안전운전불이행,건조,맑음,교차로 - 교차로부근,승용,기타불명,기타불명,기타불명,보행자,남,24세,경상
2016041800100431,2016년 4월 18일 17시,월요일,부산광역시 사하구 신평동,중상사고,0,1,1,0,차대차 - 측면직각충돌,신호위반,건조,맑음,교차로 - 교차로안,승용,여,50세,중상,특수,남,40세,경상
2016041800100432,2016년 4월 18일 17시,월요일,부산광역시 사상구 엄궁동,경상사고,0,0,1,0,차대차 - 추돌,안전운전불이행,건조,맑음,단일로 - 기타,특수,남,57세,상해없음,승용,여,34세,경상
2016041800100477,2016년 4월 18일 18시,월요일,부산광역시 서구 토성동5가,경상사고,0,0,1,0,차대사람 - 차도통행중,안전운전불이행,건조,맑음,단일로 - 기타,승용,남,39세,상해없음,보행자,여,61세,경상
2016041800100478,2016년 4월 18일 18시,월요일,부산광역시 남구 문현동,경상사고,0,0,1,0,차대차 - 기타,교차로운행방법위반,건조,맑음,교차로 - 교차로안,승용,여,38세,상해없음,원동기,남,72세,경상
2016041800100567,2016년 4월 18일 20시,월요일,부산광역시 부산진구 개금동,경상사고,0,0,3,0,차대차 - 측면직각충돌,신호위반,건조,맑음,교차로 - 교차로안,화물,남,60세,상해없음,승용,남,61세,경상
2016041800100568,2016년 4월 18일 20시,월요일,부산광역시 사상구 주례동,경상사고,0,0,1,0,차대차 - 측면직각충돌,안전거리미확보,건조,맑음,단일로 - 기타,승용,남,73세,기타불명,이륜,남,22세,경상
2016041800100603,2016년 4월 18일 21시,월요일,부산광역시 북구 화명동,경상사고,0,0,1,0,차대차 - 추돌,안전운전불이행,건조,맑음,단일로 - 기타,화물,남,59세,상해없음,화물,남,70세,경상
2016041900100019,2016년 4월 19일 01시,화요일,부산광역시 연제구 연산동,경상사고,0,0,2,0,차대차 - 추돌,안전운전불이행,건조,맑음,단일로 - 기타,승용,남,41세,상해없음,승용,남,50세,경상
2016041900100043,2016년 4월 19일 04시,화요일,부산광역시 해운대구 좌동,부상신고사고,0,0,0,2,차대차 - 측면직각충돌,신호위반,건조,맑음,교차로 - 교차로안,승용,남,20세,상해없음,승용,남,52세,부상신고
2016041900100044,2016년 4월 19일 04시,화요일,부산광역시 사하구 신평동,경상사고,0,0,1,0,차대차 - 추돌,안전운전불이행,건조,맑음,단일로 - 기타,승용,남,34세,상해없음,승용,남,60세,경상
2016041900100106,2016년 4월 19일 08시,화요일,부산광역시 해운대구 송정동,중상사고,0,2,0,0,차대차 - 정면충돌,신호위반,기타,맑음,교차로 - 교차로안,승합,남,70세,중상,승용,남,32세,중상
2016041900100107,2016년 4월 19일 08시,화요일,부산광역시 사하구 장림동,경상사고,0,0,2,0,차대차 - 측면직각충돌,안전운전불이행,건조,맑음,단일로 - 기타,승용,남,54세,상해없음,승합,여,52세,경상
2016041900100108,2016년 4월 19일 08시,화요일,부산광역시 강서구 강동동,경상사고,0,0,1,0,차대차 - 측면직각충돌,안전운전불이행,건조,맑음,교차로 - 교차로부근,화물,남,47세,상해없음,이륜,남,65세,경상
2016041900100109,2016년 4월 19일 08시,화요일,부산광역시 사상구 주례동,경상사고,0,0,1,0,차대차 - 측면직각충돌,직진우회전진행방해,건조,맑음,교차로 - 교차로안,승합,남,61세,상해없음,승용,남,69세,경상
2016041900100110,2016년 4월 19일 08시,화요일,부산광역시 기장군 장안읍,경상사고,0,0,1,0,차대차 - 측면직각충돌,교차로운행방법위반,건조,맑음,교차로 - 교차로안,건설기계,남,61세,상해없음,승용,남,40세,경상
2016041900100144,2016년 4월 19일 09시,화요일,부산광역시 동구 범일동,경상사고,0,0,1,0,차대차 - 추돌,차로위반,건조,맑음,단일로 - 기타,승합,남,49세,상해없음,승용,여,51세,경상
2016041900100165,2016년 4월 19일 10시,화요일,부산광역시 남구 대연동,중상사고,0,1,0,0,차대차 - 측면직각충돌,안전운전불이행,습기,맑음,단일로 - 기타,승용,여,34세,중상,화물,기타불명,기타불명,기타불명
2016041900100187,2016년 4월 19일 11시,화요일,부산광역시 서구 서대신동1가,경상사고,0,0,1,1,차대차 - 추돌,안전거리미확보,건조,맑음,단일로 - 기타,승용,남,34세,상해없음,화물,남,43세,상해없음
2016041900100188,2016년 4월 19일 11시,화요일,부산광역시 해운대구 중동,중상사고,0,1,0,0,차대사람 - 횡단중,신호위반,건조,맑음,단일로 - 횡단보도상,승용,남,45세,상해없음,보행자,여,59세,중상
2016041900100189,2016년 4월 19일 11시,화요일,부산광역시 부산진구 부전동,중상사고,0,1,1,0,차대차 - 측면직각충돌,안전거리미확보,건조,맑음,단일로 - 기타,승용,남,21세,상해없음,승용,남,28세,중상
2016041900100224,2016년 4월 19일 12시,화요일,부산광역시 해운대구 석대동,중상사고,0,1,1,0,차대차 - 기타,안전거리미확보,건조,맑음,교차로 - 교차로안,화물,남,48세,상해없음,화물,남,55세,경상
2016041900100225,2016년 4월 19일 12시,화요일,부산광역시 연제구 거제동,경상사고,0,0,1,0,차대사람 - 횡단중,보행자보호의무위반,건조,맑음,교차로 - 교차로부근,화물,남,41세,상해없음,보행자,남,31세,경상
2016041900100262,2016년 4월 19일 13시,화요일,부산광역시 부산진구 가야동,중상사고,0,1,0,0,차대차 - 측면충돌,안전운전불이행,건조,맑음,단일로 - 교량,이륜,남,64세,중상,승용,남,28세,상해없음
2016041900100290,2016년 4월 19일 14시,화요일,부산광역시 남구 대연동,중상사고,0,1,0,0,차대차 - 기타,안전운전불이행,건조,맑음,단일로 - 기타,화물,남,58세,상해없음,자전거,남,23세,중상
2016041900100291,2016년 4월 19일 14시,화요일,부산광역시 부산진구 당감동,경상사고,0,0,1,0,차대사람 - 횡단중,안전운전불이행,건조,맑음,단일로 - 기타,승합,남,39세,상해없음,보행자,여,54세,경상
2016041900100328,2016년 4월 19일 15시,화요일,부산광역시 강서구 대저1동,중상사고,0,1,0,0,차대사람 - 횡단중,기타,건조,맑음,단일로 - 기타,이륜,남,19세,상해없음,보행자,여,52세,중상
2016041900100360,2016년 4월 19일 16시,화요일,부산광역시 서구 남부민동,경상사고,0,0,3,0,차대차 - 기타,안전운전불이행,건조,맑음,교차로 - 교차로안,승용,남,51세,상해없음,승용,남,57세,상해없음
2016041900100361,2016년 4월 19일 16시,화요일,부산광역시 사하구 신평동,중상사고,0,1,0,0,차대사람 - 기타,신호위반,건조,맑음,교차로 - 교차로안,화물,남,54세,상해없음,보행자,남,66세,중상
2016041900100390,2016년 4월 19일 17시,화요일,부산광역시 중구 중앙동7가,경상사고,0,0,3,0,차량단독 - 기타,안전운전불이행,건조,맑음,단일로 - 기타,승용,남,55세,상해없음,,,,
2016041900100391,2016년 4월 19일 17시,화요일,부산광역시 동래구 온천동,경상사고,0,0,1,0,차대차 - 측면직각충돌,안전운전불이행,건조,맑음,단일로 - 기타,승용,남,74세,상해없음,승용,남,36세,경상
2016041900100392,2016년 4월 19일 17시,화요일,부산광역시 부산진구 전포동,중상사고,0,1,0,0,차대차 - 기타,안전운전불이행,건조,맑음,단일로 - 기타,특수,남,26세,상해없음,이륜,남,56세,중상