사고번호,사고일시,요일,시군구,사고내용,사망자수,중상자수,경상자수,부상신고자수,사고유형,법규위반,노면상태,기상상태,도로형태,가해운전자 차종,가해운전자 성별,가해운전자 연령,가해운전자 상해정도,피해운전자 차종,피해운전자 성별,피해운전자 연령,피해운전자 상해정도
2016042300100416,2016년 4월 23일 16시,토요일,부산광역시 부산진구 범천동,경상사고,0,0,1,0,차대차 - 기타,안전운전불이행,기타,맑음,단일로 - 기타,승용,남,38세,상해없음,승용,여,38세,경상
2016042300100446,2016년 4월 23일 17시,토요일,부산광역시 중구 남포동6가,경상사고,0,0,1,0,차대차 - 추돌,교차로운행방법위반,건조,맑음,교차로 - 교차로안,승용,남,65세,상해없음,승용,남,58세,경상
2016042300100512,2016년 4월 23일 19시,토요일,부산광역시 부산진구 가야동,경상사고,0,0,1,0,차대차 - 기타,기타,건조,맑음,단일로 - 기타,화물,남,59세,상해없음,승용,여,42세,기타불명
2016042300100513,2016년 4월 23일 19시,토요일,부산광역시 부산진구 범천동,중상사고,0,3,0,0,차대차 - 추돌,차로위반,건조,맑음,단일로 - 기타,승용,남,21세,상해없음,승합,여,49세,중상
2016042300100542,2016년 4월 23일 20시,토요일,부산광역시 북구 덕천동,경상사고,0,0,2,0,차대차 - 측면직각충돌,신호위반,건조,맑음,교차로 - 교차로안,승용,남,61세,상해없음,승용,남,49세,경상
2016042300100544,2016년 4월 23일 20시,토요일,부산광역시 동래구 낙민동,사망사고,1,0,0,0,차대차 - 측면직각충돌,안전운전불이행,건조,맑음,단일로 - 기타,이륜,남,20세,사망,승용,남,49세,상해없음
2016042300100545,2016년 4월 23일 20시,토요일,부산광역시 해운대구 중동,경상사고,0,0,1,0,차대차 - 측면직각충돌,교차로운행방법위반,건조,맑음,교차로 - 교차로안,승용,남,30세,상해없음,승용,남,60세,경상
2016042300100546,2016년 4월 23일 20시,토요일,부산광역시 부산진구 부암동,경상사고,0,0,1,0,차대차 - 기타,안전거리미확보,건조,맑음,단일로 - 기타,승용,여,34세,상해없음,승용,남,29세,경상
2016042300100547,2016년 4월 23일 20시,토요일,부산광역시 사하구 다대동,중상사고,0,1,0,0,차대차 - 기타,안전운전불이행,건조,맑음,단일로 - 기타,화물,남,50세,상해없음,승용,여,50세,중상
2016042300100591,2016년 4월 23일 21시,토요일,부산광역시 동래구 온천동,경상사고,0,0,1,0,차대차 - 추돌,안전운전불이행,건조,맑음,단일로 - 기타,승용,남,54세,상해없음,승용,남,35세,경상
2016042300100613,2016년 4월 23일 22시,토요일,부산광역시 해운대구 송정동,경상사고,0,0,1,1,차대차 - 기타,안전운전불이행,기타,맑음,단일로 - 기타,화물,남,29세,상해없음,승용,남,35세,부상신고
2016042400100019,2016년 4월 24일 01시,일요일,부산광역시 동구 범일동,경상사고,0,0,1,0,차대사람 - 기타,안전운전불이행,건조,맑음,단일로 - 기타,승용,남,58세,상해없음,보행자,여,45세,경상
2016042400100020,2016년 4월 24일 01시,일요일,부산광역시 수영구 남천동,중상사고,0,1,3,0,차대차 - 측면직각충돌,안전운전불이행,건조,맑음,단일로 - 기타,승용,남,33세,상해없음,승용,여,52세,중상
2016042400100021,2016년 4월 24일 01시,일요일,부산광역시 금정구 부곡동,중상사고,0,1,0,0,차대사람 - 횡단중,안전운전불이행,건조,맑음,기타 - 기타,승용,남,26세,상해없음,보행자,남,54세,중상
2016042400100022,2016년 4월 24일 01시,일요일,부산광역시 연제구 연산동,경상사고,0,0,1,0,차대사람 - 기타,안전운전불이행,건조,맑음,교차로 - 교차로부근,승용,남,19세,상해없음,보행자,남,17세,경상
2016042400100043,2016년 4월 24일 02시,일요일,부산광역시 사상구 감전동,중상사고,0,1,0,1,차대차 - 추돌,안전운전불이행,기타,비,단일로 - 기타,승용,남,46세,상해없음,승용,남,29세,부상신고
2016042400100106,2016년 4월 24일 07시,일요일,부산광역시 강서구 송정동,중상사고,0,1,1,0,차대차 - 측면직각충돌,신호위반,건조,맑음,교차로 - 교차로안,승용,남,64세,상해없음,승용,여,44세,중상
2016042400100140,2016년 4월 24일 09시,일요일,부산광역시 수영구 광안동,경상사고,0,0,1,0,차대차 - 추돌,차로위반,건조,맑음,단일로 - 기타,승용,남,35세,상해없음,원동기,여,34세,경상
2016042400100158,2016년 4월 24일 10시,일요일,부산광역시 연제구 연산동,중상사고,0,1,0,0,차대차 - 측면충돌,신호위반,건조,맑음,단일로 - 기타,승용,남,29세,상해없음,이륜,남,48세,중상
2016042400100177,2016년 4월 24일 11시,일요일,부산광역시 영도구 청학동,중상사고,0,1,0,0,차량단독 - 공작물충돌,안전운전불이행,건조,맑음,단일로 - 기타,승용,남,74세,중상,,,,
2016042400100200,2016년 4월 24일 12시,일요일,부산광역시 해운대구 우동,중상사고,0,1,0,0,차대차 - 측면직각충돌,교차로운행방법위반,건조,맑음,교차로 - 교차로안,승용,남,53세,상해없음,승용,남,56세,중상
2016042400100201,2016년 4월 24일 12시,일요일,부산광역시 사상구 주례동,경상사고,0,0,1,0,차대차 - 측면직각충돌,안전거리미확보,건조,맑음,단일로 - 기타,승용,남,31세,상해없음,이륜,남,31세,경상
2016042400100223,2016년 4월 24일 13시,일요일,부산광역시 서구 동대신동1가,중상사고,0,1,0,0,차대차 - 측면직각충돌,안전운전불이행,건조,맑음,단일로 - 기타,승용,남,50세,상해없음,자전거,남,76세,중상
2016042400100224,2016년 4월 24일 13시,일요일,부산광역시 사하구 감천동,경상사고,0,0,1,0,차량단독 - 기타,안전운전불이행,습기,비,단일로 - 기타,승합,남,28세,상해없음,,,,
2016042400100225,2016년 4월 24일 13시,일요일,부산광역시 연제구 거제동,경상사고,0,0,1,0,차대사람 - 길가장자리구역통행중,안전운전불이행,건조,맑음,단일로 - 기타,기타불명,기타불명,기타불명,기타불명,보행자,여,18세,경상
2016042400100226,2016년 4월 24일 13시,일요일,부산광역시 기장군 기장읍,경상사고,0,0,1,0,차대사람 - 길가장자리구역통행중,안전운전불이행,건조,맑음,단일로 - 기타,승용,남,42세,상해없음,보행자,여,58세,경상
2016042400100254,2016년 4월 24일 14시,일요일,부산광역시 연제구 연산동,중상사고,0,1,0,0,차대사람 - 기타,안전운전불이행,건조,맑음,기타 - 기타,승용,남,62세,상해없음,보행자,여,73세,중상
2016042400100332,2016년 4월 24일 16시,일요일,부산광역시 해운대구 우동,경상사고,0,0,1,0,차대차 - 측면직각충돌,안전거리미확보,건조,맑음,단일로 - 기타,승용,남,60세,상해없음,승용,남,47세,경상
2016042400100333,2016년 4월 24일 16시,일요일,부산광역시 기장군 정관읍,중상사고,0,1,0,0,차대차 - 추돌,안전운전불이행,건조,맑음,교차로 - 교차로부근,승용,남,36세,상해없음,승용,여,47세,중상
2016042400100334,2016년 4월 24일 16시,일요일,부산광역시 기장군 정관읍,경상사고,0,0,1,0,차대차 - 기타,안전거리미확보,건조,맑음,교차로 - 교차로부근,화물,남,45세,상해없음,승용,여,41세,경상
2016042400100394,2016년 4월 24일 18시,일요일,부산광역시 동구 초량동,중상사고,0,1,0,0,차대사람 - 횡단중,신호위반,건조,맑음,단일로 - 횡단보도상,화물,남,60세,상해없음,보행자,남,9세,중상
2016042400100395,2016년 4월 24일 18시,일요일,부산광역시 금정구 서동,중상사고,0,1,0,0,차대사람 - 기타,안전운전불이행,건조,맑음,단일로 - 기타,승용,남,67세,상해없음,보행자,남,58세,중상
2016042400100436,2016년 4월 24일 19시,일요일,부산광역시 수영구 남천동,경상사고,0,0,1,0,차대차 - 기타,신호위반,건조,맑음,단일로 - 횡단보도상,승용,여,47세,상해없음,자전거,남,23세,경상
2016042400100437,2016년 4월 24일 19시,일요일,부산광역시 수영구 망미동,경상사고,0,0,1,0,차대차 - 측면충돌,중앙선침범,건조,맑음,단일로 - 기타,승용,남,72세,상해없음,원동기,남,59세,경상
2016042400100485,2016년 4월 24일 21시,일요일,부산광역시 남구 문현동,중상사고,0,1,1,0,차대차 - 추돌,안전운전불이행,건조,맑음,단일로 - 기타,승용,남,56세,상해없음,승용,남,37세,중상
2016042400100486,2016년 4월 24일 21시,일요일,부산광역시 부산진구 개금동,경상사고,0,0,1,0,차대사람 - 기타,안전운전불이행,건조,맑음,교차로 - 교차로안,승용,남,58세,상해없음,보행자,여,63세,경상
2016042400100487,2016년 4월 24일 21시,일요일,부산광역시 금정구 부곡동,경상사고,0,0,1,0,차대사람 - 기타,안전운전불이행,건조,맑음,단일로 - 기타,승용,남,42세,상해없음,보행자,남,60세,경상
2016042400100538,2016년 4월 24일 23시,일요일,부산광역시 수영구 민락동,중상사고,0,1,0,0,차대사람 - 차도통행중,안전운전불이행,건조,맑음,단일로 - 기타,자전거,남,22세,상해없음,보행자,여,41세,중상
2016042500100015,2016년 4월 25일 01시,월요일,부산광역시 수영구 광안동,경상사고,0,0,1,0,차대사람 - 기타,안전운전불이행,건조,맑음,단일로 - 기타,승용,남,44세,상해없음,보행자,남,30세,경상
2016042500100016,2016년 4월 25일 01시,월요일,부산광역시 남구 용호동,경상사고,0,0,1,0,차대차 - 기타,신호위반,건조,맑음,교차로 - 교차로안,승용,남,60세,상해없음,승용,남,52세,상해없음
2016042500100029,2016년 4월 25일 02시,월요일,부산광역시 사하구 괴정동,부상신고사고,0,0,0,1,차량단독 - 공작물충돌,안전운전불이행,건조,맑음,단일로 - 기타,승용,남,28세,부상신고,,,,
2016042500100035,2016년 4월 25일 03시,월요일,부산광역시 사하구 괴정동,중상사고,0,2,0,0,차대차 - 기타,신호위반,건조,맑음,교차로 - 교차로안,승용,남,57세,상해없음,승용,남,73세,중상
2016042500100052,2016년 4월 25일 06시,월요일,부산광역시 부산진구 부암동,경상사고,0,0,1,0,차대차 - 측면충돌,교차로운행방법위반,건조,맑음,교차로 - 교차로안,화물,남,63세,상해없음,승용,남,25세,경상
2016042500100066,2016년 4월 25일 07시,월요일,부산광역시 해운대구 재송동,중상사고,0,2,2,0,차대차 - 측면직각충돌,과속,건조,맑음,단일로 - 터널,승용,남,43세,상해없음,승용,남,62세,중상
2016042500100067,2016년 4월 25일 07시,월요일,부산광역시 금정구 부곡동,중상사고,0,1,0,0,차대사람 - 횡단중,안전운전불이행,건조,맑음,단일로 - 기타,승용,남,30세,상해없음,보행자,남,69세,중상
2016042500100068,2016년 4월 25일 07시,월요일,부산광역시 금정구 남산동,부상신고사고,0,0,0,1,차대사람 - 횡단중,안전운전불이행,건조,맑음,단일로 - 기타,승합,남,42세,상해없음,보행자,여,15세,부상신고
2016042500100069,2016년 4월 25일 07시,월요일,부산광역시 금정구 선동,경상사고,0,0,2,0,차대차 - 추돌,안전거리미확보,건조,맑음,단일로 - 기타,승용,남,54세,경상,승용,남,26세,상해없음
2016042500100101,2016년 4월 25일 08시,월요일,부산광역시 남구 대연동,중상사고,0,1,1,0,차대차 - 측면직각충돌,교차로운행방법위반,건조,맑음,교차로 - 교차로안,승용,남,69세,상해없음,승용,남,29세,경상
2016042500100102,2016년 4월 25일 08시,월요일,부산광역시 영도구 신선동3가,경상사고,0,0,1,0,차량단독 - 전도전복,안전운전불이행,건조,맑음,단일로 - 기타,이륜,남,73세,경상,,,,
2016042500100103,2016년 4월 25일 08시,월요일,부산광역시 연제구 연산동,경상사고,0,0,2,0,차대차 - 추돌,안전거리미확보,건조,맑음,단일로 - 기타,승용,여,37세,상해없음,승용,남,64세,경상
2016042500100104,2016년 4월 25일 08시,월요일,부산광역시 사상구 삼락동,중상사고,0,1,0,0,차대사람 - 길가장자리구역통행중,안전운전불이행,건조,맑음,단일로 - 기타,승용,남,42세,상해없음,보행자,남,55세,중상
2016042500100146,2016년 4월 25일 09시,월요일,부산광역시 수영구 광안동,중상사고,0,1,0,0,차대차 - 기타,안전운전불이행,건조,맑음,단일로 - 기타,승용,기타불명,기타불명,기타불명,승합,남,53세,상해없음
2016042500100178,2016년 4월 25일 10시,월요일,부산광역시 부산진구 전포동,경상사고,0,0,1,0,차대차 - 측면직각충돌,신호위반,건조,맑음,단일로 - 기타,승용,남,43세,상해없음,승합,남,38세,상해없음
2016042500100216,2016년 4월 25일 11시,월요일,부산광역시 수영구 망미동,중상사고,0,1,0,0,차대사람 - 횡단중,안전운전불이행,건조,맑음,단일로 - 기타,승용,남,65세,상해없음,보행자,남,18세,중상
2016042500100217,2016년 4월 25일 11시,월요일,부산광역시 연제구 거제동,중상사고,0,1,0,0,차대차 - 측면충돌,안전운전불이행,건조,맑음,단일로 - 기타,화물,남,23세,상해없음,자전거,여,65세,중상
2016042500100253,2016년 4월 25일 12시,월요일,부산광역시 동래구 온천동,중상사고,0,1,0,0,차대사람 - 차도통행중,안전운전불이행,건조,맑음,교차로 - 교차로안,승용,남,62세,상해없음,보행자,여,70세,중상
2016042500100254,2016년 4월 25일 12시,월요일,부산광역시 해운대구 반송동,중상사고,0,1,0,0,차량단독 - 기타,기타,건조,맑음,교차로 - 교차로부근,승용,남,69세,상해없음,,,,
2016042500100296,2016년 4월 25일 13시,월요일,부산광역시 수영구 광안동,경상사고,0,0,1,0,차대차 - 기타,안전운전불이행,건조,맑음,단일로 - 기타,자전거,남,63세,경상,승용,여,56세,상해없음
2016042500100327,2016년 4월 25일 14시,월요일,부산광역시 남구 대연동,경상사고,0,0,1,0,차대사람 - 기타,안전운전불이행,건조,맑음,단일로 - 기타,승용,남,48세,상해없음,보행자,남,59세,경상
2016042500100328,2016년 4월 25일 14시,월요일,부산광역시 해운대구 석대동,중상사고,0,1,0,1,차대차 - 추돌,안전운전불이행,건조,맑음,단일로 - 기타,이륜,남,62세,부상신고,자전거,남,84세,중상
2016042500100368,2016년 4월 25일 15시,월요일,부산광역시 서구 아미동2가,중상사고,0,2,1,0,차대사람 - 보도통행중,보행자보호의무위반,건조,맑음,단일로 - 기타,승합,남,52세,상해없음,보행자,남,29세,중상
2016042500100369,2016년 4월 25일 15시,월요일,부산광역시 부산진구 범천동,경상사고,0,0,1,0,차대사람 - 횡단중,안전운전불이행,건조,맑음,단일로 - 기타,승용,남,28세,상해없음,보행자,여,81세,경상
2016042500100402,2016년 4월 25일 16시,월요일,부산광역시 동구 초량동,경상사고,0,0,1,0,차대차 - 측면직각충돌,교차로운행방법위반,건조,맑음,교차로 - 교차로안,승용,여,38세,기타불명,승용,여,59세,경상
2016042500100403,2016년 4월 25일 16시,월요일,부산광역시 동래구 온천동,중상사고,0,1,0,0,차대차 - 측면직각충돌,안전운전불이행,건조,맑음,단일로 - 기타,화물,남,61세,상해없음,이륜,남,30세,중상
2016042500100404,2016년 4월 25일 16시,월요일,부산광역시 사하구 장림동,중상사고,0,1,1,0,차대사람 - 횡단중,안전운전불이행,건조,맑음,단일로 - 기타,승용,여,64세,상해없음,보행자,남,55세,경상
2016042500100446,2016년 4월 25일 17시,월요일,부산광역시 금정구 구서동,경상사고,0,0,1,0,차대차 - 측면직각충돌,교차로운행방법위반,건조,맑음,교차로 - 교차로안,승용,남,48세,상해없음,승용,여,50세,경상
2016042500100481,2016년 4월 25일 18시,월요일,부산광역시 북구 구포동,경상사고,0,0,1,0,차대차 - 추돌,차로위반,건조,맑음,교차로 - 교차로안,승합,남,42세,기타불명,승용,여,43세,경상
2016042500100526,2016년 4월 25일 19시,월요일,부산광역시 동래구 명장동,경상사고,0,0,1,0,차대사람 - 횡단중,보행자보호의무위반,건조,맑음,단일로 - 횡단보도상,승용,남,45세,상해없음,보행자,남,35세,경상
2016042500100527,2016년 4월 25일 19시,월요일,부산광역시 사상구 주례동,경상사고,0,0,1,0,차대사람 - 길가장자리구역통행중,안전운전불이행,건조,맑음,단일로 - 기타,원동기,남,20세,상해없음,보행자,여,6세,경상
2016042500100557,2016년 4월 25일 20시,월요일,부산광역시 부산진구 전포동,경상사고,0,0,1,0,차대차 - 기타,안전거리미확보,건조,맑음,단일로 - 기타,화물,남,52세,상해없음,승용,여,34세,경상
2016042500100558,2016년 4월 25일 20시,월요일,부산광역시 사상구 주례동,경상사고,0,0,1,0,차대차 - 측면직각충돌,안전운전불이행,건조,맑음,단일로 - 기타,승용,남,30세,상해없음,승용,남,22세,경상
2016042500100600,2016년 4월 25일 21시,월요일,부산광역시 북구 구포동,부상신고사고,0,0,0,1,차대사람 - 횡단중,안전운전불이행,건조,맑음,단일로 - 기타,승용,남,50세,상해없음,보행자,여,19세,부상신고
2016042500100601,2016년 4월 25일 21시,월요일,부산광역시 해운대구 좌동,경상사고,0,0,1,0,차대차 - 추돌,안전운전불이행,건조,맑음,교차로 - 교차로부근,승용,여,25세,상해없음,승용,남,56세,경상
2016042500100602,2016년 4월 25일 21시,월요일,부산광역시 부산진구 부전동,경상사고,0,0,1,0,차대사람 - 기타,안전운전불이행,건조,맑음,단일로 - 기타,승용,여,28세,상해없음,보행자,남,26세,경상
2016042500100603,2016년 4월 25일 21시,월요일,부산광역시 사상구 주례동,경상사고,0,0,1,0,차대사람 - 횡단중,보행자보호의무위반,건조,맑음,단일로 - 횡단보도상,승용,남,33세,상해없음,보행자,남,50세,경상
2016042500100656,2016년 4월 25일 23시,월요일,부산광역시 영도구 남항동1가,경상사고,0,0,1,0,차대차 - 추돌,안전운전불이행,건조,맑음,교차로 - 교차로안,승용,남,58세,상해없음,자전거,남,39세,경상
2016042500100657,2016년 4월 25일 23시,월요일,부산광역시 부산진구 부전동,중상사고,0,1,4,0,차대차 - 측면충돌,신호위반,건조,맑음,교차로 - 교차로안,승용,남,57세,상해없음,승용,여,25세,중상
2016042500100658,2016년 4월 25일 23시,월요일,부산광역시 부산진구 전포동,경상사고,0,0,1,0,차대차 - 측면충돌,신호위반,건조,맑음,교차로 - 교차로안,이륜,남,20세,상해없음,승용,남,58세,경상
2016042600100016,2016년 4월 26일 01시,화요일,부산광역시 수영구 남천동,경상사고,0,0,2,0,차대차 - 추돌,안전거리미확보,건조,맑음,단일로 - 기타,승용,남,57세,상해없음,승용,남,26세,경상
2016042600100038,2016년 4월 26일 04시,화요일,부산광역시 사상구 괘법동,중상사고,0,1,0,0,차대사람 - 길가장자리구역통행중,안전운전불이행,건조,맑음,단일로 - 기타,승용,남,51세,상해없음,보행자,남,23세,중상
2016042600100045,2016년 4월 26일 05시,화요일,부산광역시 금정구 노포동,중상사고,0,1,0,0,차대사람 - 횡단중,신호위반,건조,맑음,단일로 - 횡단보도상,승용,남,23세,상해없음,보행자,여,69세,중상
2016042600100065,2016년 4월 26일 07시,화요일,부산광역시 서구 서대신동3가,중상사고,0,1,0,0,차대사람 - 기타,안전운전불이행,건조,맑음,단일로 - 기타,승용,남,72세,상해없음,보행자,남,62세,중상
2016042600100066,2016년 4월 26일 07시,화요일,부산광역시 사하구 괴정동,중상사고,0,1,0,0,차대차 - 측면직각충돌,직진우회전진행방해,건조,맑음,교차로 - 교차로안,이륜,남,43세,중상,승용,남,54세,상해없음
2016042600100067,2016년 4월 26일 07시,화요일,부산광역시 사상구 모라동,중상사고,0,1,0,0,차대사람 - 횡단중,안전운전불이행,건조,맑음,교차로 - 교차로안,승용,남,46세,상해없음,보행자,여,23세,중상
2016042600100096,2016년 4월 26일 08시,화요일,부산광역시 남구 용호동,경상사고,0,0,1,0,차대사람 - 차도통행중,안전운전불이행,건조,맑음,단일로 - 기타,승용,남,68세,상해없음,보행자,여,12세,경상
2016042600100097,2016년 4월 26일 08시,화요일,부산광역시 북구 덕천동,경상사고,0,0,1,0,차대차 - 추돌,안전거리미확보,건조,맑음,단일로 - 기타,화물,남,32세,기타불명,승용,여,37세,경상
2016042600100154,2016년 4월 26일 09시,화요일,부산광역시 동구 범일동,중상사고,0,1,0,0,차대차 - 추돌,신호위반,건조,맑음,단일로 - 기타,화물,남,27세,상해없음,승용,남,34세,중상
2016042600100155,2016년 4월 26일 09시,화요일,부산광역시 동구 범일동,경상사고,0,0,1,0,차대차 - 측면직각충돌,신호위반,건조,맑음,교차로 - 교차로안,승용,여,48세,상해없음,이륜,남,41세,경상
2016042600100156,2016년 4월 26일 09시,화요일,부산광역시 북구 구포동,경상사고,0,0,2,0,차대차 - 측면직각충돌,교차로운행방법위반,건조,맑음,단일로 - 기타,승합,남,76세,상해없음,승용,여,49세,경상
2016042600100157,2016년 4월 26일 09시,화요일,부산광역시 해운대구 반여동,경상사고,0,0,1,0,차대차 - 추돌,안전운전불이행,건조,맑음,단일로 - 기타,승합,남,54세,상해없음,승용,여,33세,경상
2016042600100158,2016년 4월 26일 09시,화요일,부산광역시 사상구 감전동,중상사고,0,1,0,0,차대차 - 측면직각충돌,신호위반,건조,맑음,단일로 - 횡단보도상,승용,여,51세,상해없음,이륜,여,52세,중상
2016042600100192,2016년 4월 26일 10시,화요일,부산광역시 부산진구 부전동,경상사고,0,0,2,0,차대차 - 기타,안전운전불이행,건조,맑음,단일로 - 기타,승용,남,33세,상해없음,승합,남,42세,상해없음
2016042600100193,2016년 4월 26일 10시,화요일,부산광역시 사하구 감천동,경상사고,0,0,1,0,차대차 - 측면직각충돌,직진우회전진행방해,건조,맑음,단일로 - 기타,승용,여,55세,경상,화물,남,47세,상해없음
2016042600100226,2016년 4월 26일 11시,화요일,부산광역시 서구 토성동2가,경상사고,0,0,1,0,차대사람 - 길가장자리구역통행중,안전운전불이행,건조,맑음,단일로 - 기타,승용,남,50세,상해없음,보행자,여,42세,경상
2016042600100227,2016년 4월 26일 11시,화요일,부산광역시 강서구 명지동,경상사고,0,0,1,0,차대차 - 측면직각충돌,신호위반,건조,맑음,교차로 - 교차로부근,화물,남,35세,상해없음,승용,남,28세,경상
2016042600100228,2016년 4월 26일 11시,화요일,부산광역시 사상구 덕포동,중상사고,0,1,0,0,차대사람 - 보도통행중,기타,건조,맑음,단일로 - 기타,화물,남,49세,상해없음,보행자,여,81세,중상
2016042600100298,2016년 4월 26일 13시,화요일,부산광역시 영도구 동삼동,경상사고,0,0,1,1,차대차 - 측면직각충돌,안전운전불이행,건조,맑음,단일로 - 기타,승용,남,63세,상해없음,승합,남,44세,경상
2016042600100299,2016년 4월 26일 13시,화요일,부산광역시 사상구 학장동,경상사고,0,0,1,0,차대차 - 추돌,안전운전불이행,건조,맑음,교차로 - 교차로안,승용,남,26세,상해없음,승용,남,45세,상해없음
2016042600100342,2016년 4월 26일 14시,화요일,부산광역시 부산진구 양정동,경상사고,0,0,1,0,차량단독 - 기타,기타,건조,맑음,단일로 - 기타,승합,남,57세,상해없음,,,,
2016042600100343,2016년 4월 26일 14시,화요일,부산광역시 사하구 감천동,중상사고,0,1,0,0,차대사람 - 기타,안전운전불이행,건조,맑음,교차로 - 교차로안,승용,남,64세,상해없음,보행자,여,61세,중상
2016042600100383,2016년 4월 26일 15시,화요일,부산광역시 부산진구 부전동,부상신고사고,0,0,0,1,차대차 - 기타,교차로운행방법위반,건조,맑음,교차로 - 교차로안,이륜,여,49세,부상신고,승용,여,28세,상해없음
2016042600100384,2016년 4월 26일 15시,화요일,부산광역시 금정구 두구동,경상사고,0,0,1,0,차대사람 - 차도통행중,안전운전불이행,건조,맑음,단일로 - 기타,승용,여,36세,상해없음,보행자,남,68세,경상
2016042600100385,2016년 4월 26일 15시,화요일,부산광역시 연제구 연산동,경상사고,0,0,1,0,차대사람 - 횡단중,안전운전불이행,건조,맑음,단일로 - 기타,승용,남,60세,상해없음,보행자,남,63세,경상
2016042600100571,2016년 4월 26일 20시,화요일,부산광역시 북구 화명동,중상사고,0,1,0,0,차대차 - 기타,불법유턴,건조,맑음,교차로 - 교차로안,승용,남,63세,상해없음,이륜,남,40세,중상
2016042600100572,2016년 4월 26일 20시,화요일,부산광역시 해운대구 반송동,경상사고,0,0,1,0,차대차 - 측면직각충돌,신호위반,건조,맑음,교차로 - 교차로안,승용,남,19세,상해없음,승용,남,36세,경상
2016042600100573,2016년 4월 26일 20시,화요일,부산광역시 사하구 당리동,경상사고,0,0,1,0,차대차 - 추돌,안전운전불이행,습기,흐림,단일로 - 기타,승용,남,61세,상해없음,승용,남,63세,경상
2016042600100574,2016년 4월 26일 20시,화요일,부산광역시 강서구 대저1동,경상사고,0,0,1,0,차대차 - 측면직각충돌,교차로운행방법위반,건조,맑음,교차로 - 교차로부근,승용,남,64세,상해없음,승용,남,33세,경상
2016042600100575,2016년 4월 26일 20시,화요일,부산광역시 사상구 덕포동,경상사고,0,0,1,0,차대차 - 추돌,안전운전불이행,건조,맑음,교차로 - 교차로부근,승용,여,58세,상해없음,승용,남,46세,경상
2016042600100604,2016년 4월 26일 21시,화요일,부산광역시 부산진구 양정동,중상사고,0,1,0,0,차대사람 - 기타,안전운전불이행,건조,맑음,기타 - 기타,승용,남,53세,상해없음,보행자,남,68세,중상
2016042600100631,2016년 4월 26일 22시,화요일,부산광역시 남구 대연동,중상사고,0,1,0,0,차대사람 - 길가장자리구역통행중,안전운전불이행,습기,비,단일로 - 기타,승용,남,43세,상해없음,보행자,남,42세,중상
2016042600100632,2016년 4월 26일 22시,화요일,부산광역시 북구 덕천동,중상사고,0,1,0,0,차량단독 - 공작물충돌,안전운전불이행,건조,맑음,단일로 - 기타,원동기,남,41세,중상,,,,
2016042600100633,2016년 4월 26일 22시,화요일,부산광역시 해운대구 반송동,경상사고,0,0,1,0,차량단독 - 기타,안전거리미확보,건조,맑음,단일로 - 기타,승합,남,47세,상해없음,,,,
2016042600100634,2016년 4월 26일 22시,화요일,부산광역시 사하구 장림동,경상사고,0,0,1,0,차대차 - 추돌,안전거리미확보,습기,비,교차로 - 교차로부근,승용,남,61세,상해없음,이륜,남,40세,경상
2016042600100659,2016년 4월 26일 23시,화요일,부산광역시 북구 화명동,중상사고,0,1,0,0,차대차 - 측면직각충돌,신호위반,습기,비,교차로 - 교차로안,승용,여,47세,상해없음,승용,남,32세,중상
2016042600100660,2016년 4월 26일 23시,화요일,부산광역시 동래구 명륜동,부상신고사고,0,0,0,1,차대사람 - 차도통행중,안전운전불이행,습기,비,단일로 - 기타,승용,남,59세,상해없음,보행자,남,22세,부상신고
2016042600100661,2016년 4월 26일 23시,화요일,부산광역시 연제구 연산동,경상사고,0,0,1,0,차대차 - 정면충돌,안전운전불이행,습기,비,단일로 - 기타,승용,남,66세,상해없음,승용,남,57세,경상
2016042600100662,2016년 4월 26일 23시,화요일,부산광역시 사상구 주례동,경상사고,0,0,3,0,차대사람 - 기타,안전운전불이행,습기,비,교차로 - 교차로안,승용,남,46세,상해없음,보행자,여,19세,경상
2016042700100042,2016년 4월 27일 03시,수요일,부산광역시 부산진구 부전동,경상사고,0,0,2,0,차대차 - 측면직각충돌,안전운전불이행,습기,비,단일로 - 기타,승용,남,34세,상해없음,승용,남,25세,경상
2016042700100068,2016년 4월 27일 06시,수요일,부산광역시 영도구 대교동1가,경상사고,0,0,2,0,차대차 - 기타,안전운전불이행,습기,비,단일로 - 교량,승용,남,22세,상해없음,화물,남,57세,경상
2016042700100088,2016년 4월 27일 07시,수요일,부산광역시 사하구 하단동,경상사고,0,0,1,0,차대차 - 기타,안전운전불이행,습기,비,단일로 - 기타,이륜,남,63세,경상,승용,남,44세,상해없음
2016042700100122,2016년 4월 27일 08시,수요일,부산광역시 동구 범일동,경상사고,0,0,2,0,차대차 - 기타,차로위반,습기,비,교차로 - 교차로부근,승용,남,61세,상해없음,승용,남,41세,경상
2016042700100123,2016년 4월 27일 08시,수요일,부산광역시 부산진구 양정동,경상사고,0,0,1,0,차대차 - 측면충돌,차로위반,습기,비,단일로 - 기타,화물,남,64세,상해없음,승용,남,68세,상해없음
2016042700100124,2016년 4월 27일 08시,수요일,부산광역시 연제구 연산동,사망사고,1,0,0,0,차대사람 - 기타,안전운전불이행,습기,비,교차로 - 교차로안,승용,여,37세,상해없음,보행자,남,55세,사망