사고번호,사고일시,요일,시군구,사고내용,사망자수,중상자수,경상자수,부상신고자수,사고유형,법규위반,노면상태,기상상태,도로형태,가해운전자 차종,가해운전자 성별,가해운전자 연령,가해운전자 상해정도,피해운전자 차종,피해운전자 성별,피해운전자 연령,피해운전자 상해정도
2016043000100086,2016년 4월 30일 04시,토요일,부산광역시 수영구 망미동,경상사고,0,0,1,0,차대차 - 추돌,안전운전불이행,건조,맑음,단일로 - 기타,승용,남,18세,상해없음,승용,남,66세,상해없음
2016043000100148,2016년 4월 30일 08시,토요일,부산광역시 해운대구 재송동,경상사고,0,0,1,0,차대사람 - 기타,안전운전불이행,건조,맑음,단일로 - 기타,승용,남,49세,상해없음,보행자,남,12세,경상
2016043000100166,2016년 4월 30일 09시,토요일,부산광역시 남구 문현동,경상사고,0,0,3,0,차대차 - 측면직각충돌,교차로운행방법위반,건조,맑음,교차로 - 교차로안,승용,여,58세,상해없음,승용,남,60세,경상
2016043000100197,2016년 4월 30일 10시,토요일,부산광역시 동래구 명장동,중상사고,0,1,0,0,차대사람 - 보도통행중,안전운전불이행,건조,맑음,단일로 - 기타,승용,남,50세,상해없음,보행자,여,64세,중상
2016043000100198,2016년 4월 30일 10시,토요일,부산광역시 동래구 명장동,경상사고,0,0,4,0,차대차 - 정면충돌,중앙선침범,건조,맑음,단일로 - 기타,승용,남,50세,상해없음,승용,여,39세,경상
2016043000100199,2016년 4월 30일 10시,토요일,부산광역시 동래구 온천동,경상사고,0,0,1,0,차대차 - 측면직각충돌,안전운전불이행,건조,맑음,단일로 - 기타,승용,남,56세,상해없음,자전거,남,10세,경상
2016043000100200,2016년 4월 30일 10시,토요일,부산광역시 부산진구 부암동,중상사고,0,1,0,0,차대차 - 측면직각충돌,신호위반,건조,맑음,단일로 - 횡단보도상,승용,남,39세,상해없음,이륜,남,24세,중상
2016043000100235,2016년 4월 30일 11시,토요일,부산광역시 연제구 연산동,부상신고사고,0,0,0,1,차대사람 - 차도통행중,안전운전불이행,건조,맑음,단일로 - 기타,원동기,기타불명,기타불명,기타불명,보행자,남,3세,부상신고
2016043000100236,2016년 4월 30일 11시,토요일,부산광역시 강서구 명지동,중상사고,0,1,0,0,차대차 - 측면직각충돌,신호위반,건조,맑음,교차로 - 교차로부근,건설기계,남,69세,상해없음,이륜,남,65세,중상
2016043000100272,2016년 4월 30일 12시,토요일,부산광역시 중구 부평동2가,경상사고,0,0,1,0,차대사람 - 보도통행중,기타,건조,맑음,단일로 - 횡단보도상,이륜,남,54세,상해없음,보행자,남,44세,경상
2016043000100273,2016년 4월 30일 12시,토요일,부산광역시 사상구 학장동,경상사고,0,0,1,0,차대차 - 추돌,안전운전불이행,건조,맑음,단일로 - 교량,승용,남,70세,상해없음,승용,남,70세,경상
2016043000100303,2016년 4월 30일 13시,토요일,부산광역시 남구 문현동,경상사고,0,0,1,0,차대차 - 측면직각충돌,안전거리미확보,건조,맑음,단일로 - 기타,화물,남,27세,상해없음,자전거,남,21세,경상
2016043000100304,2016년 4월 30일 13시,토요일,부산광역시 북구 만덕동,경상사고,0,0,1,0,차대차 - 기타,교차로운행방법위반,건조,맑음,교차로 - 교차로안,승용,여,52세,상해없음,승용,남,30세,경상
2016043000100305,2016년 4월 30일 13시,토요일,부산광역시 해운대구 우동,경상사고,0,0,1,0,차대차 - 측면직각충돌,안전운전불이행,건조,맑음,단일로 - 기타,승용,남,57세,상해없음,승용,기타불명,기타불명,기타불명
2016043000100306,2016년 4월 30일 13시,토요일,부산광역시 금정구 부곡동,부상신고사고,0,0,0,1,차대사람 - 횡단중,안전운전불이행,건조,맑음,교차로 - 교차로안,화물,남,61세,상해없음,보행자,남,12세,부상신고
2016043000100307,2016년 4월 30일 13시,토요일,부산광역시 금정구 장전동,부상신고사고,0,0,0,1,차대사람 - 길가장자리구역통행중,안전운전불이행,건조,맑음,단일로 - 기타,기타불명,기타불명,기타불명,기타불명,보행자,여,23세,부상신고
2016043000100425,2016년 4월 30일 16시,토요일,부산광역시 부산진구 부암동,중상사고,0,1,0,0,차대차 - 기타,안전운전불이행,건조,맑음,단일로 - 기타,승용,여,36세,상해없음,원동기,남,64세,중상
2016043000100458,2016년 4월 30일 17시,토요일,부산광역시 중구 영주동,경상사고,0,0,1,0,차대차 - 측면직각충돌,안전운전불이행,건조,맑음,단일로 - 기타,승용,남,53세,상해없음,승용,남,65세,경상
2016043000100459,2016년 4월 30일 17시,토요일,부산광역시 영도구 남항동1가,경상사고,0,0,1,0,차대차 - 추돌,안전운전불이행,건조,맑음,교차로 - 교차로안,승용,남,66세,상해없음,이륜,남,17세,경상
2016043000100460,2016년 4월 30일 17시,토요일,부산광역시 금정구 부곡동,경상사고,0,0,1,0,차대차 - 추돌,안전운전불이행,건조,맑음,교차로 - 교차로부근,승용,남,44세,상해없음,이륜,남,25세,경상
2016043000100461,2016년 4월 30일 17시,토요일,부산광역시 사하구 당리동,경상사고,0,0,2,0,차대차 - 기타,안전운전불이행,건조,맑음,단일로 - 기타,이륜,남,22세,경상,승합,남,64세,상해없음
2016043000100504,2016년 4월 30일 18시,토요일,부산광역시 동래구 사직동,경상사고,0,0,1,0,차대차 - 측면직각충돌,안전거리미확보,건조,맑음,단일로 - 기타,승용,여,44세,상해없음,이륜,남,21세,경상
2016043000100505,2016년 4월 30일 18시,토요일,부산광역시 금정구 장전동,경상사고,0,0,1,0,차대차 - 측면충돌,안전운전불이행,습기,비,단일로 - 기타,승용,남,70세,기타불명,승용,남,23세,경상
2016043000100506,2016년 4월 30일 18시,토요일,부산광역시 사하구 장림동,중상사고,0,1,0,0,차대사람 - 기타,안전운전불이행,건조,맑음,교차로 - 교차로부근,승용,남,50세,상해없음,보행자,남,5세,중상
2016043000100540,2016년 4월 30일 19시,토요일,부산광역시 동구 초량동,경상사고,0,0,1,0,차대차 - 측면직각충돌,교차로운행방법위반,건조,맑음,교차로 - 교차로안,승용,남,68세,상해없음,자전거,남,25세,경상
2016043000100541,2016년 4월 30일 19시,토요일,부산광역시 부산진구 범천동,경상사고,0,0,1,0,차대차 - 기타,안전운전불이행,건조,맑음,교차로 - 교차로안,승용,남,44세,상해없음,승용,여,47세,경상
2016043000100573,2016년 4월 30일 20시,토요일,부산광역시 사하구 구평동,경상사고,0,0,1,0,차대사람 - 횡단중,안전운전불이행,건조,맑음,단일로 - 기타,승용,남,24세,상해없음,보행자,남,41세,경상
2016043000100574,2016년 4월 30일 20시,토요일,부산광역시 사상구 주례동,경상사고,0,0,1,0,차대차 - 추돌,안전운전불이행,건조,맑음,교차로 - 교차로안,승용,남,68세,경상,승용,남,47세,기타불명
2016043000100608,2016년 4월 30일 21시,토요일,부산광역시 영도구 동삼동,중상사고,0,2,0,0,차대사람 - 횡단중,보행자보호의무위반,건조,맑음,단일로 - 횡단보도상,승용,여,38세,상해없음,보행자,남,46세,중상
2016043000100609,2016년 4월 30일 21시,토요일,부산광역시 사상구 삼락동,경상사고,0,0,3,0,차대차 - 측면직각충돌,교차로운행방법위반,건조,맑음,교차로 - 교차로안,승합,남,36세,상해없음,승용,남,35세,경상
2016043000100640,2016년 4월 30일 22시,토요일,부산광역시 해운대구 반여동,중상사고,0,1,1,0,차대사람 - 횡단중,보행자보호의무위반,건조,맑음,교차로 - 교차로안,승용,남,71세,상해없음,보행자,남,64세,중상
2016050100100025,2016년 5월 1일 01시,일요일,부산광역시 북구 화명동,사망사고,1,0,0,0,차대사람 - 횡단중,안전운전불이행,건조,맑음,단일로 - 횡단보도상,승용,남,64세,상해없음,보행자,여,26세,사망
2016050100100026,2016년 5월 1일 01시,일요일,부산광역시 해운대구 좌동,경상사고,0,0,1,0,차대차 - 추돌,안전운전불이행,건조,맑음,단일로 - 기타,기타불명,기타불명,기타불명,기타불명,승용,남,27세,경상
2016050100100044,2016년 5월 1일 02시,일요일,부산광역시 동래구 명륜동,부상신고사고,0,0,0,1,차대사람 - 길가장자리구역통행중,안전운전불이행,건조,맑음,단일로 - 기타,승용,남,30세,상해없음,보행자,남,22세,부상신고
2016050100100068,2016년 5월 1일 03시,일요일,부산광역시 해운대구 중동,경상사고,0,0,1,0,차대사람 - 횡단중,보행자보호의무위반,건조,맑음,단일로 - 기타,승용,남,28세,상해없음,보행자,여,77세,경상
2016050100100135,2016년 5월 1일 09시,일요일,부산광역시 사상구 감전동,중상사고,0,3,0,0,차대사람 - 기타,안전운전불이행,건조,맑음,단일로 - 기타,승용,남,73세,상해없음,보행자,남,73세,중상
2016050100100173,2016년 5월 1일 11시,일요일,부산광역시 기장군 정관읍,중상사고,0,1,1,0,차량단독 - 전도전복,안전운전불이행,건조,맑음,교차로 - 교차로안,승용,여,43세,상해없음,,,,
2016050100100229,2016년 5월 1일 13시,일요일,부산광역시 중구 중앙동3가,경상사고,0,0,1,0,차대차 - 측면직각충돌,차로위반,건조,맑음,단일로 - 기타,승용,여,68세,상해없음,승용,남,45세,경상
2016050100100230,2016년 5월 1일 13시,일요일,부산광역시 동구 범일동,경상사고,0,0,1,0,차대차 - 정면충돌,중앙선침범,건조,맑음,단일로 - 기타,자전거,남,59세,경상,원동기,남,27세,상해없음
2016050100100231,2016년 5월 1일 13시,일요일,부산광역시 남구 용호동,경상사고,0,0,1,0,차대사람 - 기타,안전운전불이행,건조,맑음,단일로 - 기타,승용,남,68세,상해없음,보행자,여,47세,경상
2016050100100232,2016년 5월 1일 13시,일요일,부산광역시 기장군 기장읍,경상사고,0,0,1,0,차대사람 - 횡단중,보행자보호의무위반,건조,맑음,단일로 - 횡단보도상,원동기,남,44세,상해없음,보행자,여,9세,경상
2016050100100264,2016년 5월 1일 14시,일요일,부산광역시 동래구 수안동,경상사고,0,0,1,0,차대사람 - 횡단중,안전운전불이행,건조,맑음,단일로 - 기타,승용,기타불명,기타불명,기타불명,보행자,남,49세,경상
2016050100100265,2016년 5월 1일 14시,일요일,부산광역시 연제구 연산동,중상사고,0,1,0,0,차대사람 - 차도통행중,안전운전불이행,건조,맑음,교차로 - 교차로안,승용,남,27세,상해없음,보행자,여,69세,중상
2016050100100266,2016년 5월 1일 14시,일요일,부산광역시 기장군 기장읍,경상사고,0,0,1,0,차대차 - 측면충돌,교차로운행방법위반,건조,맑음,교차로 - 교차로안,승용,여,53세,상해없음,원동기,남,23세,경상
2016050100100299,2016년 5월 1일 15시,일요일,부산광역시 남구 용호동,중상사고,0,1,4,0,차대차 - 측면직각충돌,안전운전불이행,건조,맑음,단일로 - 기타,승용,남,35세,상해없음,승용,남,45세,경상
2016050100100341,2016년 5월 1일 16시,일요일,부산광역시 강서구 대저2동,경상사고,0,0,4,0,차대차 - 추돌,안전운전불이행,건조,맑음,교차로 - 교차로안,승용,남,49세,상해없음,승용,남,34세,경상
2016050100100371,2016년 5월 1일 17시,일요일,부산광역시 북구 구포동,경상사고,0,0,1,0,차대차 - 측면직각충돌,교차로운행방법위반,건조,맑음,교차로 - 교차로안,승용,남,26세,상해없음,이륜,남,18세,경상
2016050100100372,2016년 5월 1일 17시,일요일,부산광역시 부산진구 부전동,경상사고,0,0,1,0,차대차 - 기타,신호위반,건조,맑음,단일로 - 기타,승용,남,24세,상해없음,이륜,남,18세,경상
2016050100100373,2016년 5월 1일 17시,일요일,부산광역시 기장군 일광면,경상사고,0,0,3,0,차대차 - 측면충돌,교차로운행방법위반,건조,맑음,교차로 - 교차로안,승용,남,51세,상해없음,승용,남,40세,경상
2016050100100412,2016년 5월 1일 18시,일요일,부산광역시 사하구 장림동,경상사고,0,0,1,0,차대차 - 측면직각충돌,안전운전불이행,건조,맑음,단일로 - 기타,이륜,남,36세,경상,승용,남,49세,상해없음
2016050100100525,2016년 5월 1일 22시,일요일,부산광역시 서구 동대신동1가,경상사고,0,0,1,0,차대사람 - 길가장자리구역통행중,안전운전불이행,건조,맑음,단일로 - 기타,승용,남,47세,상해없음,보행자,여,61세,경상
2016050100100526,2016년 5월 1일 22시,일요일,부산광역시 사상구 감전동,경상사고,0,0,1,0,차대차 - 추돌,안전운전불이행,건조,맑음,단일로 - 기타,화물,남,41세,상해없음,화물,남,60세,경상
2016050200100001,2016년 5월 2일 00시,월요일,부산광역시 중구 남포동5가,중상사고,0,1,0,0,차대사람 - 횡단중,안전운전불이행,건조,맑음,단일로 - 기타,승용,남,63세,상해없음,보행자,남,46세,중상
2016050200100025,2016년 5월 2일 04시,월요일,부산광역시 강서구 송정동,경상사고,0,0,1,0,차대차 - 추돌,교차로운행방법위반,건조,맑음,교차로 - 교차로안,화물,남,46세,상해없음,원동기,남,56세,경상
2016050200100034,2016년 5월 2일 05시,월요일,부산광역시 부산진구 전포동,중상사고,0,1,0,0,차대차 - 측면충돌,중앙선침범,건조,맑음,단일로 - 기타,승용,남,67세,상해없음,승용,남,53세,중상
2016050200100059,2016년 5월 2일 07시,월요일,부산광역시 강서구 송정동,중상사고,0,1,0,0,차대차 - 추돌,불법유턴,건조,맑음,단일로 - 기타,화물,남,42세,상해없음,원동기,남,28세,중상
2016050200100094,2016년 5월 2일 08시,월요일,부산광역시 동구 초량동,부상신고사고,0,0,0,1,차대차 - 기타,안전운전불이행,건조,맑음,단일로 - 기타,승합,남,34세,기타불명,기타불명,남,74세,부상신고
2016050200100173,2016년 5월 2일 10시,월요일,부산광역시 사상구 모라동,중상사고,0,1,1,0,차대차 - 추돌,안전운전불이행,건조,맑음,교차로 - 교차로부근,승용,남,36세,상해없음,원동기,남,57세,경상
2016050200100201,2016년 5월 2일 11시,월요일,부산광역시 동구 범일동,경상사고,0,0,1,0,차대차 - 기타,중앙선침범,건조,맑음,단일로 - 기타,승용,남,61세,상해없음,이륜,남,16세,경상
2016050200100202,2016년 5월 2일 11시,월요일,부산광역시 서구 서대신동2가,중상사고,0,1,0,0,차대사람 - 횡단중,안전운전불이행,건조,맑음,교차로 - 교차로부근,승용,여,33세,상해없음,보행자,여,62세,중상
2016050200100220,2016년 5월 2일 12시,월요일,부산광역시 서구 남부민동,경상사고,0,0,1,0,차대차 - 추돌,안전운전불이행,건조,맑음,단일로 - 기타,화물,남,56세,상해없음,이륜,남,43세,경상
2016050200100254,2016년 5월 2일 13시,월요일,부산광역시 중구 보수동2가,경상사고,0,0,1,0,차대차 - 측면직각충돌,안전운전불이행,건조,맑음,교차로 - 교차로안,화물,남,48세,상해없음,이륜,남,30세,경상
2016050200100255,2016년 5월 2일 13시,월요일,부산광역시 금정구 청룡동,중상사고,0,1,2,0,차대차 - 추돌,안전운전불이행,건조,맑음,단일로 - 기타,화물,남,57세,상해없음,승용,남,66세,중상
2016050200100256,2016년 5월 2일 13시,월요일,부산광역시 연제구 거제동,중상사고,0,1,0,0,차대차 - 측면충돌,안전운전불이행,건조,맑음,단일로 - 기타,승합,남,62세,상해없음,자전거,남,33세,중상
2016050200100257,2016년 5월 2일 13시,월요일,부산광역시 사상구 덕포동,중상사고,0,1,0,0,차대사람 - 기타,안전운전불이행,건조,맑음,단일로 - 기타,화물,남,52세,상해없음,보행자,남,56세,중상
2016050200100284,2016년 5월 2일 14시,월요일,부산광역시 연제구 연산동,중상사고,0,1,0,0,차대차 - 측면충돌,안전운전불이행,건조,맑음,단일로 - 기타,화물,남,45세,상해없음,승용,남,41세,중상
2016050200100285,2016년 5월 2일 14시,월요일,부산광역시 사상구 주례동,경상사고,0,0,1,0,차대차 - 추돌,안전거리미확보,건조,맑음,단일로 - 기타,승용,남,36세,기타불명,승용,남,19세,경상
2016050200100333,2016년 5월 2일 15시,월요일,부산광역시 부산진구 부전동,경상사고,0,0,1,0,차대차 - 측면충돌,신호위반,건조,맑음,교차로 - 교차로안,승용,여,22세,상해없음,이륜,남,65세,경상
2016050200100386,2016년 5월 2일 16시,월요일,부산광역시 해운대구 반여동,경상사고,0,0,1,0,차대차 - 측면직각충돌,안전운전불이행,건조,맑음,단일로 - 기타,승용,남,53세,상해없음,승용,여,28세,상해없음
2016050200100431,2016년 5월 2일 17시,월요일,부산광역시 동구 범일동,경상사고,0,0,2,0,차대차 - 추돌,교차로운행방법위반,건조,맑음,교차로 - 교차로부근,화물,남,61세,상해없음,승용,남,74세,경상
2016050200100432,2016년 5월 2일 17시,월요일,부산광역시 남구 대연동,중상사고,0,1,0,0,차대사람 - 차도통행중,안전운전불이행,기타,맑음,단일로 - 기타,화물,남,41세,상해없음,보행자,남,73세,중상
2016050200100433,2016년 5월 2일 17시,월요일,부산광역시 남구 용호동,중상사고,0,1,0,0,차대사람 - 횡단중,안전운전불이행,기타,맑음,교차로 - 교차로부근,승용,남,33세,상해없음,보행자,여,50세,중상
2016050200100434,2016년 5월 2일 17시,월요일,부산광역시 해운대구 반여동,경상사고,0,0,1,0,차대차 - 측면충돌,교차로운행방법위반,건조,맑음,교차로 - 교차로안,승용,남,53세,상해없음,원동기,남,23세,경상
2016050200100435,2016년 5월 2일 17시,월요일,부산광역시 부산진구 부전동,중상사고,0,1,0,0,차대사람 - 기타,안전운전불이행,건조,맑음,단일로 - 기타,승용,남,38세,상해없음,보행자,여,62세,중상
2016050200100436,2016년 5월 2일 17시,월요일,부산광역시 연제구 연산동,경상사고,0,0,1,0,차대사람 - 차도통행중,신호위반,건조,맑음,교차로 - 교차로부근,승용,여,65세,상해없음,보행자,남,56세,경상
2016050200100475,2016년 5월 2일 18시,월요일,부산광역시 북구 금곡동,중상사고,0,1,0,0,차대사람 - 횡단중,보행자보호의무위반,건조,맑음,단일로 - 횡단보도상,승합,남,52세,상해없음,보행자,여,43세,중상
2016050200100527,2016년 5월 2일 19시,월요일,부산광역시 북구 구포동,경상사고,0,0,1,0,차대차 - 기타,안전거리미확보,건조,맑음,단일로 - 기타,승용,여,41세,상해없음,자전거,남,26세,경상
2016050200100528,2016년 5월 2일 19시,월요일,부산광역시 해운대구 반여동,경상사고,0,0,1,0,차대사람 - 횡단중,안전운전불이행,건조,맑음,단일로 - 기타,승용,남,37세,상해없음,보행자,여,87세,경상
2016050200100529,2016년 5월 2일 19시,월요일,부산광역시 금정구 금사동,부상신고사고,0,0,0,1,차대차 - 측면충돌,기타,건조,맑음,교차로 - 교차로안,이륜,여,60세,부상신고,승용,남,49세,상해없음
2016050200100570,2016년 5월 2일 20시,월요일,부산광역시 동구 초량동,중상사고,0,1,0,0,차대사람 - 기타,안전운전불이행,건조,맑음,단일로 - 기타,승용,남,66세,상해없음,보행자,남,35세,중상
2016050200100571,2016년 5월 2일 20시,월요일,부산광역시 동래구 수안동,중상사고,0,1,0,0,차대차 - 추돌,안전거리미확보,건조,맑음,단일로 - 기타,승용,남,55세,상해없음,승용,여,23세,중상
2016050200100572,2016년 5월 2일 20시,월요일,부산광역시 해운대구 우동,부상신고사고,0,0,0,1,차대차 - 측면직각충돌,안전운전불이행,건조,맑음,단일로 - 기타,승용,남,71세,상해없음,승용,남,23세,부상신고
2016050200100625,2016년 5월 2일 21시,월요일,부산광역시 서구 아미동2가,경상사고,0,0,2,0,차대차 - 기타,교차로운행방법위반,건조,맑음,교차로 - 교차로안,승용,여,23세,상해없음,승용,남,46세,경상
2016050200100626,2016년 5월 2일 21시,월요일,부산광역시 북구 화명동,중상사고,0,1,1,0,차대차 - 추돌,안전운전불이행,건조,맑음,교차로 - 교차로부근,승용,남,34세,경상,승합,남,36세,중상
2016050200100664,2016년 5월 2일 22시,월요일,부산광역시 남구 대연동,경상사고,0,0,1,0,차대사람 - 길가장자리구역통행중,안전운전불이행,건조,맑음,단일로 - 기타,승용,남,33세,상해없음,보행자,남,28세,경상
2016050200100665,2016년 5월 2일 22시,월요일,부산광역시 기장군 장안읍,중상사고,0,3,1,0,차대차 - 기타,안전운전불이행,건조,맑음,단일로 - 기타,승용,남,39세,중상,승용,남,40세,상해없음
2016050200100717,2016년 5월 2일 23시,월요일,부산광역시 해운대구 좌동,부상신고사고,0,0,0,1,차량단독 - 전도전복,안전운전불이행,건조,맑음,단일로 - 기타,자전거,남,17세,부상신고,,,,
2016050300100008,2016년 5월 3일 00시,화요일,부산광역시 사하구 감천동,경상사고,0,0,2,0,차대차 - 기타,안전운전불이행,건조,맑음,기타 - 기타,원동기,남,25세,경상,승용,남,46세,경상
2016050300100045,2016년 5월 3일 01시,화요일,부산광역시 사상구 덕포동,사망사고,1,0,0,0,차대사람 - 횡단중,안전운전불이행,습기,비,교차로 - 교차로부근,화물,남,39세,상해없음,보행자,여,56세,사망
2016050300100091,2016년 5월 3일 05시,화요일,부산광역시 서구 동대신동1가,중상사고,0,1,0,0,차대사람 - 차도통행중,안전운전불이행,습기,비,단일로 - 기타,화물,남,51세,상해없음,보행자,남,56세,중상
2016050300100113,2016년 5월 3일 07시,화요일,부산광역시 부산진구 부전동,사망사고,1,0,0,0,차대사람 - 횡단중,보행자보호의무위반,습기,비,단일로 - 횡단보도상,화물,남,38세,상해없음,보행자,여,54세,사망
2016050300100114,2016년 5월 3일 07시,화요일,부산광역시 금정구 회동동,부상신고사고,0,0,0,1,차대차 - 측면충돌,교차로운행방법위반,습기,비,교차로 - 교차로부근,이륜,남,80세,부상신고,승용,남,33세,상해없음
2016050300100139,2016년 5월 3일 08시,화요일,부산광역시 해운대구 좌동,중상사고,0,1,0,0,차대사람 - 보도통행중,신호위반,습기,비,단일로 - 횡단보도상,승용,남,71세,상해없음,보행자,여,48세,중상
2016050300100140,2016년 5월 3일 08시,화요일,부산광역시 해운대구 좌동,경상사고,0,0,1,0,차대차 - 기타,안전거리미확보,습기,비,단일로 - 기타,기타불명,기타불명,기타불명,기타불명,승용,남,39세,경상
2016050300100141,2016년 5월 3일 08시,화요일,부산광역시 금정구 구서동,경상사고,0,0,1,0,차대사람 - 횡단중,신호위반,습기,비,교차로 - 교차로안,승용,남,62세,상해없음,보행자,남,40세,경상
2016050300100194,2016년 5월 3일 09시,화요일,부산광역시 북구 화명동,중상사고,0,1,0,0,차대차 - 측면직각충돌,안전운전불이행,습기,비,교차로 - 교차로안,승용,남,64세,상해없음,승용,남,31세,상해없음
2016050300100195,2016년 5월 3일 09시,화요일,부산광역시 동래구 명륜동,경상사고,0,0,1,0,차대차 - 추돌,안전거리미확보,습기,비,단일로 - 기타,승용,남,47세,상해없음,승용,여,26세,경상
2016050300100196,2016년 5월 3일 09시,화요일,부산광역시 해운대구 우동,경상사고,0,0,2,0,차대차 - 기타,안전운전불이행,습기,비,단일로 - 기타,승용,여,62세,상해없음,승용,남,44세,경상
2016050300100197,2016년 5월 3일 09시,화요일,부산광역시 금정구 회동동,경상사고,0,0,4,0,차대차 - 추돌,안전거리미확보,습기,비,단일로 - 기타,승용,남,29세,상해없음,승용,남,43세,경상
2016050300100270,2016년 5월 3일 11시,화요일,부산광역시 북구 화명동,중상사고,0,1,0,0,차대차 - 추돌,안전운전불이행,습기,비,단일로 - 기타,승합,남,55세,상해없음,원동기,남,44세,중상
2016050300100271,2016년 5월 3일 11시,화요일,부산광역시 동래구 온천동,경상사고,0,0,1,0,차대차 - 기타,안전운전불이행,습기,비,단일로 - 기타,승용,남,69세,상해없음,화물,남,44세,경상
2016050300100294,2016년 5월 3일 12시,화요일,부산광역시 강서구 생곡동,중상사고,0,1,0,0,차대차 - 기타,안전거리미확보,습기,비,단일로 - 기타,화물,남,57세,상해없음,승용,남,45세,중상
2016050300100357,2016년 5월 3일 14시,화요일,부산광역시 부산진구 부전동,경상사고,0,0,2,0,차대차 - 측면직각충돌,신호위반,건조,맑음,교차로 - 교차로안,승용,남,28세,상해없음,승용,남,48세,경상
2016050300100358,2016년 5월 3일 14시,화요일,부산광역시 사상구 감전동,중상사고,0,1,0,0,차대사람 - 횡단중,안전운전불이행,건조,맑음,교차로 - 교차로안,건설기계,남,63세,상해없음,보행자,여,74세,중상
2016050300100359,2016년 5월 3일 14시,화요일,부산광역시 사상구 학장동,경상사고,0,0,1,0,차대차 - 측면직각충돌,안전운전불이행,건조,맑음,교차로 - 교차로안,승용,여,56세,상해없음,화물,남,71세,경상
2016050300100390,2016년 5월 3일 15시,화요일,부산광역시 남구 대연동,경상사고,0,0,1,0,차대차 - 측면직각충돌,안전운전불이행,건조,맑음,단일로 - 기타,승용,남,32세,상해없음,화물,남,58세,경상
2016050300100417,2016년 5월 3일 16시,화요일,부산광역시 해운대구 우동,경상사고,0,0,1,0,차대사람 - 기타,안전운전불이행,건조,맑음,단일로 - 기타,승용,남,58세,상해없음,보행자,여,62세,경상
2016050300100418,2016년 5월 3일 16시,화요일,부산광역시 부산진구 전포동,중상사고,0,1,0,0,차대사람 - 횡단중,안전운전불이행,건조,맑음,교차로 - 교차로부근,승합,남,59세,상해없음,보행자,남,47세,중상
2016050300100419,2016년 5월 3일 16시,화요일,부산광역시 사상구 주례동,중상사고,0,2,0,1,차대차 - 측면직각충돌,교차로운행방법위반,습기,맑음,교차로 - 교차로안,승합,남,40세,상해없음,승용,남,55세,기타불명
2016050300100454,2016년 5월 3일 17시,화요일,부산광역시 수영구 광안동,경상사고,0,0,1,0,차대차 - 기타,안전운전불이행,건조,맑음,단일로 - 기타,승용,남,68세,상해없음,자전거,남,43세,경상
2016050300100455,2016년 5월 3일 17시,화요일,부산광역시 영도구 대교동1가,경상사고,0,0,3,0,차대차 - 추돌,안전운전불이행,건조,맑음,단일로 - 교량,화물,남,53세,상해없음,승용,남,37세,상해없음
2016050300100456,2016년 5월 3일 17시,화요일,부산광역시 부산진구 개금동,중상사고,0,1,0,0,차대사람 - 기타,안전운전불이행,건조,맑음,단일로 - 기타,승합,남,56세,상해없음,보행자,남,12세,중상
2016050300100487,2016년 5월 3일 18시,화요일,부산광역시 부산진구 부전동,경상사고,0,0,1,0,차대사람 - 횡단중,보행자보호의무위반,습기,흐림,교차로 - 교차로부근,승용,남,72세,상해없음,보행자,남,46세,경상
2016050300100521,2016년 5월 3일 19시,화요일,부산광역시 영도구 동삼동,중상사고,0,1,0,0,차대사람 - 기타,안전운전불이행,건조,맑음,교차로 - 교차로안,승용,남,39세,상해없음,보행자,여,70세,중상
2016050300100522,2016년 5월 3일 19시,화요일,부산광역시 연제구 연산동,경상사고,0,0,1,0,차대차 - 측면충돌,안전운전불이행,건조,맑음,교차로 - 교차로안,승용,남,43세,상해없음,승합,남,50세,상해없음
2016050300100627,2016년 5월 3일 21시,화요일,부산광역시 부산진구 부전동,경상사고,0,0,1,0,차대차 - 측면충돌,안전운전불이행,건조,맑음,단일로 - 기타,승용,남,53세,상해없음,자전거,남,23세,경상
2016050300100696,2016년 5월 3일 23시,화요일,부산광역시 동래구 사직동,중상사고,0,1,0,0,차대사람 - 차도통행중,안전운전불이행,건조,맑음,단일로 - 횡단보도상,승용,남,50세,상해없음,보행자,남,48세,중상
2016050300100697,2016년 5월 3일 23시,화요일,부산광역시 수영구 수영동,경상사고,0,0,1,0,차대사람 - 길가장자리구역통행중,안전운전불이행,건조,맑음,단일로 - 기타,승용,남,66세,상해없음,보행자,여,48세,경상
2016050400100004,2016년 5월 4일 00시,수요일,부산광역시 동구 초량동,경상사고,0,0,3,0,차대차 - 추돌,안전운전불이행,건조,맑음,단일로 - 기타,승용,남,48세,상해없음,승용,남,69세,경상
2016050400100005,2016년 5월 4일 00시,수요일,부산광역시 부산진구 부전동,중상사고,0,1,1,0,차대차 - 기타,안전운전불이행,건조,맑음,단일로 - 기타,승용,남,24세,기타불명,승용,남,30세,중상
2016050400100027,2016년 5월 4일 01시,수요일,부산광역시 사하구 하단동,경상사고,0,0,2,0,차대차 - 추돌,안전거리미확보,건조,맑음,단일로 - 기타,승용,남,35세,상해없음,승용,남,46세,경상
2016050400100051,2016년 5월 4일 05시,수요일,부산광역시 동래구 온천동,중상사고,0,1,0,0,차대차 - 추돌,안전거리미확보,건조,맑음,단일로 - 기타,화물,남,46세,상해없음,승용,남,54세,중상
2016050400100078,2016년 5월 4일 07시,수요일,부산광역시 부산진구 가야동,중상사고,0,1,0,0,차대사람 - 횡단중,신호위반,건조,맑음,교차로 - 교차로부근,승용,남,70세,상해없음,보행자,남,30세,중상