사고번호,사고일시,요일,시군구,사고내용,사망자수,중상자수,경상자수,부상신고자수,사고유형,법규위반,노면상태,기상상태,도로형태,가해운전자 차종,가해운전자 성별,가해운전자 연령,가해운전자 상해정도,피해운전자 차종,피해운전자 성별,피해운전자 연령,피해운전자 상해정도
2016050400100103,2016년 5월 4일 08시,수요일,부산광역시 부산진구 양정동,부상신고사고,0,0,0,1,차대차 - 측면충돌,안전운전불이행,건조,맑음,단일로 - 기타,이륜,남,29세,부상신고,승합,남,40세,상해없음
2016050400100104,2016년 5월 4일 08시,수요일,부산광역시 사상구 괘법동,경상사고,0,0,1,0,차대사람 - 횡단중,교차로운행방법위반,건조,맑음,교차로 - 교차로부근,화물,남,60세,상해없음,보행자,남,53세,경상
2016050400100160,2016년 5월 4일 09시,수요일,부산광역시 동구 범일동,경상사고,0,0,1,0,차대차 - 측면직각충돌,교차로운행방법위반,건조,맑음,교차로 - 교차로안,승용,남,54세,상해없음,승용,여,48세,경상
2016050400100161,2016년 5월 4일 09시,수요일,부산광역시 부산진구 초읍동,중상사고,0,1,0,0,차대사람 - 기타,기타,건조,맑음,단일로 - 기타,화물,남,53세,상해없음,보행자,남,70세,중상
2016050400100198,2016년 5월 4일 10시,수요일,부산광역시 해운대구 반송동,중상사고,0,1,0,0,차대사람 - 횡단중,안전운전불이행,건조,맑음,단일로 - 기타,승용,여,51세,상해없음,보행자,여,59세,중상
2016050400100235,2016년 5월 4일 11시,수요일,부산광역시 남구 용당동,경상사고,0,0,1,0,차대차 - 추돌,차로위반,건조,맑음,단일로 - 기타,승용,남,57세,상해없음,원동기,남,52세,경상
2016050400100263,2016년 5월 4일 12시,수요일,부산광역시 중구 중앙동3가,경상사고,0,0,1,0,차대차 - 측면충돌,안전운전불이행,건조,맑음,교차로 - 교차로부근,승용,남,63세,상해없음,승용,남,41세,경상
2016050400100264,2016년 5월 4일 12시,수요일,부산광역시 남구 대연동,중상사고,0,1,0,0,차대사람 - 횡단중,신호위반,건조,맑음,교차로 - 교차로안,승합,남,26세,상해없음,보행자,남,27세,중상
2016050400100265,2016년 5월 4일 12시,수요일,부산광역시 북구 만덕동,경상사고,0,0,2,0,차대차 - 측면직각충돌,차로위반,건조,맑음,교차로 - 교차로부근,화물,남,33세,상해없음,승용,남,35세,경상
2016050400100300,2016년 5월 4일 13시,수요일,부산광역시 남구 문현동,중상사고,0,1,0,0,차대차 - 추돌,안전운전불이행,건조,맑음,단일로 - 기타,승용,남,55세,상해없음,승합,남,44세,상해없음
2016050400100301,2016년 5월 4일 13시,수요일,부산광역시 수영구 수영동,부상신고사고,0,0,0,1,차대차 - 추돌,차로위반,건조,맑음,단일로 - 기타,승용,남,42세,부상신고,화물,남,38세,상해없음
2016050400100302,2016년 5월 4일 13시,수요일,부산광역시 사상구 엄궁동,중상사고,0,1,0,0,차량단독 - 기타,기타,건조,맑음,단일로 - 기타,화물,남,59세,상해없음,,,,
2016050400100339,2016년 5월 4일 14시,수요일,부산광역시 영도구 대교동1가,부상신고사고,0,0,0,1,차대차 - 기타,안전거리미확보,건조,맑음,단일로 - 기타,자전거,남,71세,부상신고,승용,남,34세,상해없음
2016050400100340,2016년 5월 4일 14시,수요일,부산광역시 금정구 남산동,중상사고,0,1,1,0,차대차 - 정면충돌,중앙선침범,건조,맑음,교차로 - 교차로안,승용,남,44세,상해없음,승용,남,55세,경상
2016050400100386,2016년 5월 4일 15시,수요일,부산광역시 연제구 연산동,중상사고,0,1,0,0,차대사람 - 길가장자리구역통행중,중앙선침범,건조,맑음,교차로 - 교차로안,화물,남,45세,상해없음,보행자,여,68세,중상
2016050400100387,2016년 5월 4일 15시,수요일,부산광역시 사상구 엄궁동,부상신고사고,0,0,0,1,차량단독 - 기타,안전운전불이행,건조,맑음,단일로 - 기타,승합,남,48세,상해없음,,,,
2016050400100388,2016년 5월 4일 15시,수요일,부산광역시 사상구 모라동,중상사고,0,1,0,0,차대사람 - 횡단중,안전운전불이행,건조,맑음,단일로 - 기타,승용,남,42세,상해없음,보행자,남,3세,중상
2016050400100389,2016년 5월 4일 15시,수요일,부산광역시 사상구 감전동,경상사고,0,0,1,0,차대차 - 측면직각충돌,직진우회전진행방해,건조,맑음,교차로 - 교차로안,화물,남,51세,상해없음,승용,남,29세,경상
2016050400100445,2016년 5월 4일 16시,수요일,부산광역시 중구 영주동,중상사고,0,1,0,0,차대사람 - 길가장자리구역통행중,안전운전불이행,건조,맑음,단일로 - 기타,승용,여,49세,상해없음,보행자,남,89세,중상
2016050400100446,2016년 5월 4일 16시,수요일,부산광역시 중구 보수동3가,경상사고,0,0,1,0,차대사람 - 차도통행중,안전운전불이행,건조,맑음,교차로 - 교차로안,화물,남,51세,상해없음,보행자,여,64세,경상
2016050400100447,2016년 5월 4일 16시,수요일,부산광역시 해운대구 재송동,경상사고,0,0,1,0,차대차 - 기타,안전거리미확보,기타,비,단일로 - 기타,승용,남,57세,상해없음,승용,여,39세,경상
2016050400100448,2016년 5월 4일 16시,수요일,부산광역시 사하구 장림동,경상사고,0,0,1,0,차대차 - 추돌,안전운전불이행,건조,맑음,교차로 - 교차로부근,승용,남,58세,상해없음,승용,남,48세,경상
2016050400100554,2016년 5월 4일 18시,수요일,부산광역시 남구 대연동,중상사고,0,1,0,0,차대차 - 측면직각충돌,신호위반,건조,맑음,교차로 - 교차로안,승용,남,51세,상해없음,이륜,남,41세,중상
2016050400100609,2016년 5월 4일 19시,수요일,부산광역시 동래구 안락동,중상사고,0,1,0,0,차대사람 - 차도통행중,중앙선침범,건조,맑음,단일로 - 기타,원동기,남,21세,기타불명,보행자,여,48세,중상
2016050400100610,2016년 5월 4일 19시,수요일,부산광역시 해운대구 송정동,중상사고,0,1,3,0,차대차 - 기타,안전운전불이행,건조,맑음,단일로 - 기타,승용,남,26세,상해없음,승용,여,43세,중상
2016050400100611,2016년 5월 4일 19시,수요일,부산광역시 사상구 삼락동,부상신고사고,0,0,0,1,차대차 - 측면직각충돌,교차로운행방법위반,건조,맑음,단일로 - 기타,원동기,남,26세,부상신고,승용,남,55세,상해없음
2016050400100657,2016년 5월 4일 20시,수요일,부산광역시 금정구 장전동,부상신고사고,0,0,0,1,차대사람 - 차도통행중,안전운전불이행,건조,맑음,단일로 - 기타,승용,남,40세,상해없음,보행자,남,52세,부상신고
2016050400100700,2016년 5월 4일 21시,수요일,부산광역시 수영구 민락동,경상사고,0,0,1,0,차대차 - 측면직각충돌,신호위반,건조,맑음,교차로 - 교차로안,승용,여,59세,상해없음,승용,남,49세,경상
2016050400100701,2016년 5월 4일 21시,수요일,부산광역시 북구 구포동,중상사고,0,2,0,0,차대사람 - 횡단중,신호위반,건조,맑음,교차로 - 교차로부근,승용,여,22세,상해없음,보행자,남,49세,중상
2016050400100702,2016년 5월 4일 21시,수요일,부산광역시 사상구 괘법동,경상사고,0,0,1,0,차대차 - 측면직각충돌,안전거리미확보,건조,맑음,단일로 - 기타,승용,남,29세,상해없음,원동기,남,20세,경상
2016050400100739,2016년 5월 4일 22시,수요일,부산광역시 기장군 정관읍,경상사고,0,0,1,0,차대차 - 추돌,불법유턴,건조,맑음,단일로 - 기타,승용,여,27세,상해없음,자전거,남,38세,경상
2016050400100776,2016년 5월 4일 23시,수요일,부산광역시 사하구 다대동,경상사고,0,0,2,1,차대차 - 기타,안전운전불이행,건조,맑음,교차로 - 교차로부근,승용,남,50세,상해없음,승용,여,45세,경상
2016050400100777,2016년 5월 4일 23시,수요일,부산광역시 강서구 명지동,경상사고,0,0,1,1,차대차 - 추돌,안전운전불이행,건조,맑음,교차로 - 교차로부근,화물,남,54세,상해없음,승용,남,26세,경상
2016050500100006,2016년 5월 5일 00시,목요일,부산광역시 동래구 낙민동,경상사고,0,0,1,0,차대차 - 추돌,안전운전불이행,건조,맑음,교차로 - 교차로부근,승용,남,31세,상해없음,승용,남,51세,경상
2016050500100007,2016년 5월 5일 00시,목요일,부산광역시 사하구 신평동,경상사고,0,0,1,0,차량단독 - 기타,안전운전불이행,건조,맑음,교차로 - 교차로부근,승합,남,52세,상해없음,,,,
2016050500100008,2016년 5월 5일 00시,목요일,부산광역시 사상구 엄궁동,중상사고,0,1,0,0,차대사람 - 횡단중,안전운전불이행,건조,맑음,단일로 - 기타,승용,남,62세,상해없음,보행자,남,49세,중상
2016050500100031,2016년 5월 5일 01시,목요일,부산광역시 남구 대연동,중상사고,0,1,0,0,차대차 - 측면직각충돌,안전거리미확보,건조,맑음,단일로 - 기타,승용,남,50세,상해없음,승용,여,20세,중상
2016050500100032,2016년 5월 5일 01시,목요일,부산광역시 동래구 온천동,경상사고,0,0,1,0,차대차 - 추돌,안전운전불이행,건조,맑음,교차로 - 교차로부근,승용,남,43세,상해없음,승용,남,48세,경상
2016050500100033,2016년 5월 5일 01시,목요일,부산광역시 해운대구 우동,중상사고,0,1,1,0,차대차 - 측면충돌,신호위반,건조,맑음,교차로 - 교차로안,승용,남,49세,상해없음,원동기,남,31세,중상
2016050500100034,2016년 5월 5일 01시,목요일,부산광역시 사상구 감전동,중상사고,0,1,0,1,차대사람 - 기타,안전운전불이행,기타,맑음,기타 - 기타,자전거,남,35세,부상신고,보행자,여,15세,중상
2016050500100035,2016년 5월 5일 01시,목요일,부산광역시 사상구 주례동,경상사고,0,0,1,0,차대차 - 측면직각충돌,교차로운행방법위반,건조,맑음,교차로 - 교차로안,승용,여,49세,상해없음,승용,남,75세,상해없음
2016050500100062,2016년 5월 5일 03시,목요일,부산광역시 수영구 남천동,경상사고,0,0,1,0,차대차 - 기타,안전운전불이행,건조,맑음,단일로 - 기타,이륜,남,27세,경상,승용,남,68세,상해없음
2016050500100072,2016년 5월 5일 04시,목요일,부산광역시 북구 구포동,경상사고,0,0,1,0,차대차 - 추돌,안전운전불이행,건조,맑음,단일로 - 기타,승용,남,51세,상해없음,승용,남,68세,경상
2016050500100073,2016년 5월 5일 04시,목요일,부산광역시 금정구 구서동,중상사고,0,1,3,0,차대차 - 측면충돌,안전운전불이행,건조,맑음,단일로 - 기타,승용,기타불명,기타불명,기타불명,승용,남,67세,상해없음
2016050500100101,2016년 5월 5일 06시,목요일,부산광역시 사상구 학장동,중상사고,0,1,0,0,차대차 - 추돌,안전운전불이행,건조,맑음,교차로 - 교차로부근,승용,남,31세,상해없음,승용,여,26세,중상
2016050500100194,2016년 5월 5일 11시,목요일,부산광역시 사하구 하단동,경상사고,0,0,1,0,차대차 - 기타,안전운전불이행,건조,맑음,단일로 - 기타,승용,남,16세,상해없음,승용,남,63세,경상
2016050500100195,2016년 5월 5일 11시,목요일,부산광역시 사상구 괘법동,경상사고,0,0,1,0,차대차 - 측면직각충돌,신호위반,건조,맑음,교차로 - 교차로안,자전거,남,17세,경상,승용,남,54세,상해없음
2016050500100230,2016년 5월 5일 12시,목요일,부산광역시 수영구 민락동,중상사고,0,1,0,0,차대사람 - 길가장자리구역통행중,안전운전불이행,건조,맑음,단일로 - 기타,자전거,남,28세,상해없음,보행자,여,68세,중상
2016050500100231,2016년 5월 5일 12시,목요일,부산광역시 부산진구 당감동,경상사고,0,0,1,0,차대사람 - 횡단중,신호위반,건조,맑음,교차로 - 교차로안,승합,남,69세,상해없음,보행자,여,18세,경상
2016050500100232,2016년 5월 5일 12시,목요일,부산광역시 사상구 학장동,경상사고,0,0,1,0,차대차 - 측면직각충돌,신호위반,건조,맑음,교차로 - 교차로안,승용,남,48세,상해없음,자전거,여,32세,경상
2016050500100264,2016년 5월 5일 13시,목요일,부산광역시 해운대구 중동,경상사고,0,0,1,0,차대차 - 추돌,안전운전불이행,건조,맑음,단일로 - 기타,승용,남,50세,상해없음,승용,남,51세,경상
2016050500100265,2016년 5월 5일 13시,목요일,부산광역시 기장군 기장읍,경상사고,0,0,1,0,차대사람 - 기타,기타,건조,맑음,단일로 - 기타,승용,여,71세,상해없음,보행자,여,9세,경상
2016050500100266,2016년 5월 5일 13시,목요일,부산광역시 기장군 기장읍,경상사고,0,0,1,0,차대차 - 추돌,안전운전불이행,건조,맑음,단일로 - 기타,승용,남,73세,상해없음,승용,남,55세,경상
2016050500100301,2016년 5월 5일 14시,목요일,부산광역시 서구 서대신동3가,경상사고,0,0,1,0,차대사람 - 횡단중,보행자보호의무위반,건조,맑음,교차로 - 교차로부근,승용,남,58세,상해없음,보행자,여,30세,경상
2016050500100331,2016년 5월 5일 15시,목요일,부산광역시 영도구 청학동,경상사고,0,0,1,0,차대사람 - 기타,안전운전불이행,건조,맑음,단일로 - 기타,승용,남,30세,상해없음,보행자,여,55세,경상
2016050500100332,2016년 5월 5일 15시,목요일,부산광역시 영도구 동삼동,경상사고,0,0,1,0,차대사람 - 횡단중,안전운전불이행,건조,맑음,단일로 - 기타,승용,남,25세,상해없음,보행자,여,52세,경상
2016050500100404,2016년 5월 5일 17시,목요일,부산광역시 강서구 녹산동,중상사고,0,1,4,0,차대차 - 추돌,안전운전불이행,건조,맑음,단일로 - 기타,화물,남,59세,상해없음,승용,남,50세,경상
2016050500100446,2016년 5월 5일 18시,목요일,부산광역시 북구 구포동,경상사고,0,0,1,0,차대차 - 측면직각충돌,기타,건조,맑음,단일로 - 기타,승용,남,53세,상해없음,원동기,남,28세,경상
2016050500100447,2016년 5월 5일 18시,목요일,부산광역시 북구 덕천동,중상사고,0,1,0,0,차대사람 - 길가장자리구역통행중,안전운전불이행,건조,맑음,단일로 - 기타,승용,여,40세,상해없음,보행자,여,54세,중상
2016050500100487,2016년 5월 5일 19시,목요일,부산광역시 서구 암남동,경상사고,0,0,1,0,차대사람 - 보도통행중,안전운전불이행,건조,맑음,단일로 - 기타,승용,남,47세,상해없음,보행자,남,67세,경상
2016050500100488,2016년 5월 5일 19시,목요일,부산광역시 북구 화명동,중상사고,0,1,0,0,차대차 - 측면직각충돌,신호위반,건조,맑음,교차로 - 교차로안,승용,남,59세,상해없음,이륜,남,16세,중상
2016050500100489,2016년 5월 5일 19시,목요일,부산광역시 사상구 괘법동,부상신고사고,0,0,0,1,차대차 - 측면직각충돌,직진우회전진행방해,건조,맑음,교차로 - 교차로안,원동기,남,65세,부상신고,승합,남,38세,상해없음
2016050500100550,2016년 5월 5일 21시,목요일,부산광역시 동구 초량동,경상사고,0,0,1,0,차대차 - 측면직각충돌,차로위반,건조,맑음,교차로 - 교차로부근,승용,기타불명,기타불명,기타불명,승용,남,53세,상해없음
2016050500100551,2016년 5월 5일 21시,목요일,부산광역시 해운대구 반여동,중상사고,0,1,0,0,차대사람 - 기타,안전운전불이행,건조,맑음,단일로 - 기타,화물,남,53세,상해없음,보행자,여,54세,중상
2016050500100552,2016년 5월 5일 21시,목요일,부산광역시 해운대구 우동,경상사고,0,0,2,0,차대차 - 추돌,안전운전불이행,건조,맑음,단일로 - 교량,승합,남,51세,상해없음,승용,남,47세,경상
2016050500100553,2016년 5월 5일 21시,목요일,부산광역시 사하구 하단동,중상사고,0,1,0,0,차대사람 - 기타,안전운전불이행,건조,맑음,단일로 - 횡단보도상,승용,남,28세,상해없음,보행자,여,23세,중상
2016050500100571,2016년 5월 5일 22시,목요일,부산광역시 영도구 봉래동4가,중상사고,0,1,0,0,차대차 - 측면직각충돌,안전운전불이행,건조,맑음,단일로 - 기타,승용,남,60세,상해없음,이륜,남,18세,중상
2016050500100588,2016년 5월 5일 23시,목요일,부산광역시 동구 초량동,경상사고,0,0,2,0,차대차 - 측면직각충돌,교차로운행방법위반,건조,맑음,교차로 - 교차로안,승용,여,36세,상해없음,승용,남,50세,경상
2016050600100049,2016년 5월 6일 03시,금요일,부산광역시 북구 구포동,사망사고,1,0,0,0,차량단독 - 공작물충돌,안전운전불이행,건조,맑음,단일로 - 기타,원동기,남,23세,사망,,,,
2016050600100050,2016년 5월 6일 03시,금요일,부산광역시 해운대구 석대동,중상사고,0,1,0,0,차대차 - 기타,안전운전불이행,건조,맑음,단일로 - 기타,승용,남,57세,상해없음,이륜,남,31세,중상
2016050600100057,2016년 5월 6일 04시,금요일,부산광역시 부산진구 범천동,중상사고,0,1,0,0,차대사람 - 기타,안전운전불이행,건조,맑음,단일로 - 기타,승용,남,63세,상해없음,보행자,여,25세,중상
2016050600100067,2016년 5월 6일 05시,금요일,부산광역시 동래구 사직동,중상사고,0,1,0,0,차대차 - 측면충돌,안전운전불이행,습기,비,교차로 - 교차로안,승용,남,52세,상해없음,이륜,남,80세,중상
2016050600100081,2016년 5월 6일 06시,금요일,부산광역시 강서구 식만동,중상사고,0,3,1,0,차대차 - 추돌,안전운전불이행,습기,비,단일로 - 기타,화물,남,47세,중상,화물,남,32세,상해없음
2016050600100082,2016년 5월 6일 06시,금요일,부산광역시 사상구 모라동,부상신고사고,0,0,0,1,차량단독 - 공작물충돌,안전운전불이행,건조,맑음,단일로 - 기타,승용,남,70세,부상신고,,,,
2016050600100083,2016년 5월 6일 06시,금요일,부산광역시 기장군 철마면,경상사고,0,0,1,1,차대차 - 추돌,안전운전불이행,건조,맑음,교차로 - 교차로부근,화물,남,69세,부상신고,승용,남,27세,경상
2016050600100106,2016년 5월 6일 08시,금요일,부산광역시 부산진구 당감동,경상사고,0,0,1,0,차대차 - 기타,안전운전불이행,습기,비,교차로 - 교차로안,건설기계,남,62세,상해없음,승용,여,27세,경상
2016050600100107,2016년 5월 6일 08시,금요일,부산광역시 부산진구 연지동,부상신고사고,0,0,0,1,차대사람 - 기타,안전운전불이행,습기,비,단일로 - 기타,기타불명,기타불명,기타불명,기타불명,보행자,여,52세,부상신고
2016050600100124,2016년 5월 6일 09시,금요일,부산광역시 남구 대연동,경상사고,0,0,1,0,차량단독 - 기타,안전운전불이행,건조,맑음,단일로 - 기타,승합,남,48세,상해없음,,,,
2016050600100125,2016년 5월 6일 09시,금요일,부산광역시 부산진구 가야동,중상사고,0,1,1,0,차대차 - 추돌,안전운전불이행,건조,맑음,단일로 - 교량,승용,남,53세,상해없음,승용,여,35세,중상
2016050600100126,2016년 5월 6일 09시,금요일,부산광역시 연제구 연산동,경상사고,0,0,1,0,차대사람 - 차도통행중,안전운전불이행,습기,비,단일로 - 기타,화물,남,63세,상해없음,보행자,여,49세,경상
2016050600100127,2016년 5월 6일 09시,금요일,부산광역시 사상구 모라동,경상사고,0,0,1,0,차대차 - 측면직각충돌,안전운전불이행,습기,비,교차로 - 교차로안,승용,남,58세,상해없음,이륜,남,39세,경상
2016050600100150,2016년 5월 6일 10시,금요일,부산광역시 금정구 노포동,중상사고,0,1,0,0,차대차 - 추돌,안전운전불이행,습기,비,단일로 - 기타,승용,남,59세,상해없음,원동기,남,60세,중상
2016050600100179,2016년 5월 6일 11시,금요일,부산광역시 동래구 온천동,중상사고,0,1,0,0,차대차 - 측면직각충돌,중앙선침범,습기,비,교차로 - 교차로안,승용,남,48세,상해없음,승용,남,64세,중상
2016050600100180,2016년 5월 6일 11시,금요일,부산광역시 동래구 명륜동,경상사고,0,0,2,0,차대차 - 측면충돌,기타,습기,비,교차로 - 교차로부근,승용,남,55세,경상,승용,남,66세,상해없음
2016050600100181,2016년 5월 6일 11시,금요일,부산광역시 부산진구 가야동,중상사고,0,1,0,0,차대차 - 기타,교차로운행방법위반,습기,비,교차로 - 교차로안,승용,남,37세,상해없음,원동기,여,65세,중상
2016050600100182,2016년 5월 6일 11시,금요일,부산광역시 연제구 거제동,경상사고,0,0,1,0,차대차 - 기타,안전거리미확보,습기,비,교차로 - 교차로부근,승용,남,45세,상해없음,승용,여,29세,경상
2016050600100255,2016년 5월 6일 13시,금요일,부산광역시 남구 대연동,부상신고사고,0,0,0,1,차대사람 - 기타,기타,건조,맑음,단일로 - 기타,승합,남,52세,상해없음,보행자,여,26세,부상신고
2016050600100256,2016년 5월 6일 13시,금요일,부산광역시 부산진구 개금동,경상사고,0,0,3,0,차대차 - 기타,안전운전불이행,건조,맑음,단일로 - 기타,화물,남,62세,상해없음,승용,남,28세,경상
2016050600100257,2016년 5월 6일 13시,금요일,부산광역시 사상구 모라동,경상사고,0,0,2,0,차대차 - 추돌,안전거리미확보,건조,맑음,미분류 - 미분류,화물,남,42세,상해없음,승용,남,53세,경상
2016050600100289,2016년 5월 6일 14시,금요일,부산광역시 남구 감만동,중상사고,0,4,0,0,차대차 - 기타,교차로운행방법위반,습기,비,교차로 - 교차로안,승용,남,31세,상해없음,승용,남,61세,중상
2016050600100290,2016년 5월 6일 14시,금요일,부산광역시 금정구 노포동,중상사고,0,2,0,2,차대차 - 기타,기타,습기,비,단일로 - 기타,승용,남,53세,상해없음,승합,남,58세,상해없음
2016050600100291,2016년 5월 6일 14시,금요일,부산광역시 사하구 괴정동,경상사고,0,0,1,0,차대사람 - 횡단중,보행자보호의무위반,건조,맑음,교차로 - 교차로안,승용,여,24세,상해없음,보행자,남,77세,경상
2016050600100292,2016년 5월 6일 14시,금요일,부산광역시 수영구 망미동,경상사고,0,0,1,0,차대차 - 추돌,안전거리미확보,습기,비,단일로 - 기타,승용,남,61세,상해없음,승용,여,61세,경상
2016050600100293,2016년 5월 6일 14시,금요일,부산광역시 강서구 구랑동,경상사고,0,0,1,0,차대차 - 측면직각충돌,안전거리미확보,건조,맑음,교차로 - 교차로부근,건설기계,남,51세,상해없음,건설기계,남,33세,경상
2016050600100327,2016년 5월 6일 15시,금요일,부산광역시 동구 초량동,중상사고,0,1,0,0,차대차 - 기타,차로위반,건조,맑음,단일로 - 기타,승용,남,51세,상해없음,이륜,남,25세,중상
2016050600100328,2016년 5월 6일 15시,금요일,부산광역시 수영구 광안동,중상사고,0,1,5,0,차대차 - 추돌,교차로운행방법위반,건조,맑음,교차로 - 교차로안,승합,남,51세,상해없음,화물,남,45세,경상
2016050600100329,2016년 5월 6일 15시,금요일,부산광역시 해운대구 반송동,부상신고사고,0,0,0,1,차량단독 - 공작물충돌,안전운전불이행,습기,비,단일로 - 기타,이륜,남,51세,부상신고,,,,
2016050600100361,2016년 5월 6일 16시,금요일,부산광역시 중구 보수동1가,중상사고,0,1,0,0,차대차 - 측면직각충돌,안전운전불이행,건조,맑음,단일로 - 기타,승용,남,50세,상해없음,이륜,남,25세,중상
2016050600100362,2016년 5월 6일 16시,금요일,부산광역시 중구 남포동2가,경상사고,0,0,1,0,차대사람 - 기타,안전운전불이행,건조,맑음,단일로 - 기타,승용,남,54세,상해없음,보행자,여,37세,경상
2016050600100363,2016년 5월 6일 16시,금요일,부산광역시 해운대구 반송동,중상사고,0,1,0,0,차대차 - 기타,기타,습기,비,단일로 - 기타,승용,남,30세,상해없음,원동기,남,34세,중상
2016050600100403,2016년 5월 6일 17시,금요일,부산광역시 부산진구 부전동,중상사고,0,1,0,0,차대사람 - 횡단중,중앙선침범,건조,맑음,단일로 - 횡단보도상,원동기,남,22세,상해없음,보행자,여,19세,중상
2016050600100438,2016년 5월 6일 18시,금요일,부산광역시 금정구 장전동,중상사고,0,1,0,0,차대차 - 측면직각충돌,안전운전불이행,건조,맑음,교차로 - 교차로부근,승용,남,28세,상해없음,이륜,남,34세,중상
2016050600100439,2016년 5월 6일 18시,금요일,부산광역시 사상구 괘법동,경상사고,0,0,1,0,차대사람 - 횡단중,안전운전불이행,건조,맑음,단일로 - 기타,승용,남,32세,상해없음,보행자,남,57세,경상
2016050600100468,2016년 5월 6일 19시,금요일,부산광역시 사하구 하단동,경상사고,0,0,1,0,차대차 - 기타,기타,건조,맑음,단일로 - 기타,승용,남,41세,상해없음,이륜,남,32세,경상
2016050600100469,2016년 5월 6일 19시,금요일,부산광역시 연제구 연산동,경상사고,0,0,1,0,차대차 - 측면충돌,안전거리미확보,건조,맑음,교차로 - 교차로부근,원동기,남,18세,상해없음,승용,남,54세,경상
2016050600100508,2016년 5월 6일 20시,금요일,부산광역시 동래구 낙민동,경상사고,0,0,1,0,차대사람 - 기타,안전운전불이행,건조,맑음,단일로 - 기타,승용,남,59세,상해없음,보행자,여,38세,경상
2016050600100549,2016년 5월 6일 21시,금요일,부산광역시 부산진구 범천동,경상사고,0,0,1,0,차대차 - 측면충돌,신호위반,건조,맑음,교차로 - 교차로부근,이륜,남,67세,경상,승용,여,36세,상해없음
2016050600100574,2016년 5월 6일 22시,금요일,부산광역시 수영구 광안동,중상사고,0,1,1,0,차대차 - 추돌,교차로운행방법위반,건조,맑음,교차로 - 교차로안,승용,남,30세,경상,승용,여,36세,중상
2016050600100575,2016년 5월 6일 22시,금요일,부산광역시 북구 화명동,경상사고,0,0,1,0,차대차 - 기타,안전거리미확보,건조,맑음,교차로 - 교차로부근,승용,여,46세,상해없음,원동기,남,27세,경상
2016050600100576,2016년 5월 6일 22시,금요일,부산광역시 북구 만덕동,경상사고,0,0,1,0,차대차 - 추돌,안전운전불이행,건조,맑음,단일로 - 기타,승합,남,59세,상해없음,승용,남,32세,경상
2016050600100579,2016년 5월 6일 22시,금요일,부산광역시 기장군 일광면,경상사고,0,0,1,0,차대차 - 추돌,안전거리미확보,건조,맑음,단일로 - 기타,승용,남,54세,상해없음,승용,여,40세,경상
2016050600100598,2016년 5월 6일 23시,금요일,부산광역시 동래구 안락동,경상사고,0,0,1,0,차대차 - 측면직각충돌,교차로운행방법위반,건조,맑음,교차로 - 교차로안,승용,남,59세,상해없음,자전거,여,34세,경상
2016050600100599,2016년 5월 6일 23시,금요일,부산광역시 부산진구 범천동,중상사고,0,1,0,0,차대차 - 측면충돌,안전거리미확보,건조,맑음,단일로 - 기타,승용,남,64세,상해없음,이륜,남,30세,중상
2016050600100600,2016년 5월 6일 23시,금요일,부산광역시 사상구 삼락동,경상사고,0,0,2,0,차대차 - 추돌,신호위반,건조,맑음,교차로 - 교차로안,승용,남,44세,상해없음,승용,남,32세,경상
2016050700100007,2016년 5월 7일 00시,토요일,부산광역시 해운대구 재송동,중상사고,0,1,0,0,차대사람 - 기타,안전운전불이행,건조,맑음,단일로 - 기타,승용,여,54세,상해없음,보행자,여,48세,중상
2016050700100008,2016년 5월 7일 00시,토요일,부산광역시 부산진구 가야동,경상사고,0,0,1,0,차대사람 - 기타,안전운전불이행,건조,맑음,단일로 - 기타,승용,남,44세,상해없음,보행자,남,27세,경상
2016050700100025,2016년 5월 7일 01시,토요일,부산광역시 사하구 괴정동,경상사고,0,0,1,0,차대차 - 기타,안전운전불이행,건조,맑음,교차로 - 교차로부근,승용,남,28세,상해없음,승용,남,66세,경상
2016050700100026,2016년 5월 7일 01시,토요일,부산광역시 부산진구 부전동,경상사고,0,0,1,1,차대차 - 측면충돌,안전거리미확보,건조,맑음,단일로 - 기타,이륜,남,19세,부상신고,승용,남,62세,상해없음
2016050700100027,2016년 5월 7일 01시,토요일,부산광역시 부산진구 부전동,경상사고,0,0,2,0,차대차 - 측면충돌,신호위반,건조,맑음,교차로 - 교차로안,승용,남,21세,상해없음,승용,남,72세,경상
2016050700100028,2016년 5월 7일 01시,토요일,부산광역시 연제구 연산동,경상사고,0,0,2,0,차대차 - 측면직각충돌,신호위반,건조,맑음,교차로 - 교차로안,승용,남,22세,상해없음,승용,남,39세,경상
2016050700100057,2016년 5월 7일 03시,토요일,부산광역시 금정구 서동,중상사고,0,1,0,0,차대사람 - 횡단중,안전운전불이행,건조,맑음,단일로 - 기타,승용,남,53세,상해없음,보행자,여,19세,중상
2016050700100102,2016년 5월 7일 07시,토요일,부산광역시 서구 암남동,경상사고,0,0,1,0,차대사람 - 기타,안전운전불이행,건조,맑음,단일로 - 기타,승용,남,74세,상해없음,보행자,남,30세,경상
2016050700100103,2016년 5월 7일 07시,토요일,부산광역시 금정구 부곡동,중상사고,0,1,0,0,차량단독 - 전도전복,안전운전불이행,건조,맑음,단일로 - 기타,화물,여,57세,상해없음,,,,
2016050700100104,2016년 5월 7일 07시,토요일,부산광역시 사상구 주례동,경상사고,0,0,1,0,차대차 - 추돌,안전운전불이행,건조,맑음,교차로 - 교차로안,승용,남,64세,상해없음,이륜,남,59세,경상
2016050700100105,2016년 5월 7일 07시,토요일,부산광역시 사상구 학장동,경상사고,0,0,2,0,차대차 - 추돌,신호위반,건조,맑음,교차로 - 교차로안,이륜,남,60세,경상,승용,남,30세,경상