사고번호,사고일시,요일,시군구,사고내용,사망자수,중상자수,경상자수,부상신고자수,사고유형,법규위반,노면상태,기상상태,도로형태,가해운전자 차종,가해운전자 성별,가해운전자 연령,가해운전자 상해정도,피해운전자 차종,피해운전자 성별,피해운전자 연령,피해운전자 상해정도
2016050700100144,2016년 5월 7일 09시,토요일,부산광역시 해운대구 중동,경상사고,0,0,1,0,차대차 - 측면직각충돌,안전운전불이행,건조,맑음,교차로 - 교차로안,승용,여,61세,상해없음,승용,남,39세,경상
2016050700100145,2016년 5월 7일 09시,토요일,부산광역시 사상구 감전동,중상사고,0,1,0,0,차대차 - 측면직각충돌,안전운전불이행,건조,맑음,단일로 - 기타,승용,남,63세,상해없음,승용,남,29세,상해없음
2016050700100172,2016년 5월 7일 10시,토요일,부산광역시 해운대구 반여동,경상사고,0,0,1,0,차량단독 - 기타,기타,건조,맑음,단일로 - 기타,승합,남,42세,상해없음,,,,
2016050700100272,2016년 5월 7일 13시,토요일,부산광역시 기장군 기장읍,경상사고,0,0,1,0,차대사람 - 횡단중,보행자보호의무위반,건조,맑음,교차로 - 교차로안,승용,여,50세,상해없음,보행자,남,7세,경상
2016050700100317,2016년 5월 7일 14시,토요일,부산광역시 동래구 낙민동,경상사고,0,0,1,0,차대사람 - 보도통행중,보행자보호의무위반,건조,맑음,교차로 - 교차로부근,승용,여,42세,상해없음,보행자,여,40세,경상
2016050700100350,2016년 5월 7일 15시,토요일,부산광역시 수영구 남천동,경상사고,0,0,1,0,차대차 - 측면직각충돌,신호위반,건조,맑음,교차로 - 교차로안,화물,남,54세,상해없음,승용,남,55세,경상
2016050700100445,2016년 5월 7일 17시,토요일,부산광역시 북구 덕천동,경상사고,0,0,1,0,차대사람 - 기타,안전운전불이행,건조,맑음,단일로 - 기타,승용,남,34세,상해없음,보행자,여,64세,경상
2016050700100446,2016년 5월 7일 17시,토요일,부산광역시 강서구 대저1동,경상사고,0,0,1,0,차대차 - 추돌,안전운전불이행,건조,맑음,단일로 - 기타,화물,남,51세,상해없음,승용,여,42세,경상
2016050700100485,2016년 5월 7일 18시,토요일,부산광역시 동래구 낙민동,경상사고,0,0,1,0,차대차 - 측면직각충돌,안전운전불이행,건조,맑음,단일로 - 기타,승용,남,74세,기타불명,승용,남,68세,경상
2016050700100486,2016년 5월 7일 18시,토요일,부산광역시 부산진구 개금동,중상사고,0,1,0,0,차대사람 - 횡단중,안전운전불이행,건조,맑음,단일로 - 기타,화물,남,61세,상해없음,보행자,여,73세,중상
2016050700100519,2016년 5월 7일 19시,토요일,부산광역시 서구 남부민동,중상사고,0,1,2,0,차대사람 - 보도통행중,중앙선침범,건조,맑음,단일로 - 기타,이륜,남,17세,경상,보행자,여,70세,중상
2016050700100521,2016년 5월 7일 19시,토요일,부산광역시 금정구 회동동,중상사고,0,1,1,0,차대차 - 측면직각충돌,안전운전불이행,건조,맑음,단일로 - 기타,승용,남,36세,경상,승용,여,40세,중상
2016050700100550,2016년 5월 7일 20시,토요일,부산광역시 중구 부평동2가,중상사고,0,1,0,0,차대사람 - 기타,안전운전불이행,건조,맑음,단일로 - 기타,기타불명,기타불명,기타불명,기타불명,보행자,여,88세,중상
2016050700100551,2016년 5월 7일 20시,토요일,부산광역시 서구 아미동2가,경상사고,0,0,1,0,차대사람 - 횡단중,보행자보호의무위반,건조,맑음,교차로 - 교차로안,승용,남,45세,상해없음,보행자,남,68세,경상
2016050700100552,2016년 5월 7일 20시,토요일,부산광역시 북구 덕천동,경상사고,0,0,1,0,차대차 - 측면직각충돌,안전운전불이행,건조,맑음,교차로 - 교차로안,승용,남,58세,상해없음,원동기,남,18세,경상
2016050700100588,2016년 5월 7일 21시,토요일,부산광역시 수영구 광안동,경상사고,0,0,1,0,차대차 - 기타,안전운전불이행,건조,맑음,단일로 - 기타,자전거,남,14세,상해없음,자전거,남,35세,경상
2016050700100589,2016년 5월 7일 21시,토요일,부산광역시 수영구 민락동,경상사고,0,0,1,0,차대차 - 추돌,안전운전불이행,건조,맑음,단일로 - 기타,승용,남,43세,상해없음,승용,남,46세,경상
2016050700100615,2016년 5월 7일 22시,토요일,부산광역시 북구 만덕동,중상사고,0,2,0,0,차대차 - 추돌,안전거리미확보,습기,비,교차로 - 교차로부근,승용,남,58세,상해없음,승용,남,22세,중상
2016050700100616,2016년 5월 7일 22시,토요일,부산광역시 해운대구 우동,부상신고사고,0,0,0,1,차량단독 - 공작물충돌,안전운전불이행,건조,맑음,단일로 - 교량,승용,남,24세,부상신고,,,,
2016050700100617,2016년 5월 7일 22시,토요일,부산광역시 해운대구 우동,중상사고,0,1,0,0,차대차 - 추돌,안전거리미확보,건조,맑음,교차로 - 교차로안,승용,남,79세,상해없음,이륜,남,22세,중상
2016050700100647,2016년 5월 7일 23시,토요일,부산광역시 동래구 사직동,경상사고,0,0,1,0,차대차 - 정면충돌,중앙선침범,건조,맑음,단일로 - 기타,승용,남,51세,상해없음,승용,남,53세,경상
2016050700100648,2016년 5월 7일 23시,토요일,부산광역시 부산진구 부암동,경상사고,0,0,1,0,차대차 - 측면충돌,신호위반,건조,흐림,교차로 - 교차로안,승용,여,34세,상해없음,승용,남,64세,경상
2016050700100649,2016년 5월 7일 23시,토요일,부산광역시 부산진구 전포동,중상사고,0,1,1,0,차대차 - 측면충돌,신호위반,건조,맑음,교차로 - 교차로안,원동기,남,15세,중상,승용,남,62세,상해없음
2016050800100002,2016년 5월 8일 00시,일요일,부산광역시 해운대구 반송동,중상사고,0,1,1,0,차대차 - 추돌,안전운전불이행,건조,맑음,단일로 - 기타,승용,남,41세,상해없음,승합,남,62세,기타불명
2016050800100023,2016년 5월 8일 01시,일요일,부산광역시 동구 수정동,중상사고,0,1,0,0,차대차 - 기타,안전운전불이행,건조,맑음,기타 - 기타,승용,남,65세,상해없음,이륜,남,52세,중상
2016050800100041,2016년 5월 8일 02시,일요일,부산광역시 수영구 민락동,중상사고,0,1,0,0,차대사람 - 횡단중,보행자보호의무위반,건조,맑음,단일로 - 기타,승용,남,22세,상해없음,보행자,여,19세,중상
2016050800100052,2016년 5월 8일 03시,일요일,부산광역시 해운대구 반여동,중상사고,0,1,0,0,차대차 - 측면직각충돌,직진우회전진행방해,건조,맑음,교차로 - 교차로안,승용,남,43세,상해없음,이륜,남,18세,중상
2016050800100065,2016년 5월 8일 05시,일요일,부산광역시 사상구 학장동,경상사고,0,0,1,0,차대차 - 기타,교차로운행방법위반,건조,맑음,교차로 - 교차로안,승용,남,38세,상해없음,승합,남,51세,상해없음
2016050800100086,2016년 5월 8일 07시,일요일,부산광역시 사하구 하단동,경상사고,0,0,1,0,차대사람 - 길가장자리구역통행중,안전운전불이행,건조,맑음,기타 - 기타,승용,남,76세,기타불명,보행자,남,19세,경상
2016050800100100,2016년 5월 8일 08시,일요일,부산광역시 영도구 봉래동2가,중상사고,0,1,1,0,차량단독 - 공작물충돌,안전운전불이행,건조,맑음,단일로 - 기타,이륜,남,22세,중상,,,,
2016050800100116,2016년 5월 8일 09시,일요일,부산광역시 사하구 신평동,중상사고,0,1,0,0,차대사람 - 횡단중,안전운전불이행,건조,맑음,단일로 - 기타,승용,여,59세,상해없음,보행자,남,74세,중상
2016050800100162,2016년 5월 8일 11시,일요일,부산광역시 해운대구 우동,중상사고,0,1,5,0,차대차 - 기타,안전운전불이행,건조,맑음,교차로 - 교차로부근,승용,남,34세,상해없음,승용,남,66세,중상
2016050800100186,2016년 5월 8일 12시,일요일,부산광역시 동구 수정동,중상사고,0,1,0,0,차대사람 - 횡단중,보행자보호의무위반,건조,맑음,교차로 - 교차로부근,승합,남,52세,상해없음,보행자,여,49세,중상
2016050800100187,2016년 5월 8일 12시,일요일,부산광역시 해운대구 반여동,중상사고,0,1,0,0,차대사람 - 횡단중,보행자보호의무위반,건조,맑음,단일로 - 기타,승용,남,43세,상해없음,보행자,여,17세,중상
2016050800100188,2016년 5월 8일 12시,일요일,부산광역시 금정구 구서동,경상사고,0,0,1,0,차대차 - 기타,안전운전불이행,건조,맑음,단일로 - 기타,승용,남,44세,상해없음,승용,남,27세,경상
2016050800100226,2016년 5월 8일 13시,일요일,부산광역시 북구 구포동,경상사고,0,0,2,0,차대차 - 추돌,안전거리미확보,건조,맑음,교차로 - 교차로부근,승합,남,67세,상해없음,승용,남,38세,경상
2016050800100227,2016년 5월 8일 13시,일요일,부산광역시 금정구 장전동,중상사고,0,1,0,0,차대차 - 측면충돌,안전운전불이행,건조,맑음,단일로 - 기타,승용,여,38세,상해없음,원동기,남,37세,중상
2016050800100228,2016년 5월 8일 13시,일요일,부산광역시 금정구 서동,중상사고,0,1,3,3,차대차 - 추돌,안전거리미확보,건조,맑음,단일로 - 기타,승용,남,40세,상해없음,화물,남,49세,부상신고
2016050800100229,2016년 5월 8일 13시,일요일,부산광역시 금정구 부곡동,경상사고,0,0,1,0,차대차 - 측면직각충돌,안전운전불이행,건조,맑음,교차로 - 교차로안,원동기,남,36세,상해없음,승용,남,64세,경상
2016050800100271,2016년 5월 8일 14시,일요일,부산광역시 서구 서대신동1가,중상사고,0,1,1,0,차대차 - 추돌,안전운전불이행,건조,맑음,교차로 - 교차로부근,승용,남,78세,상해없음,승용,여,48세,경상
2016050800100272,2016년 5월 8일 14시,일요일,부산광역시 남구 용호동,경상사고,0,0,1,0,차대사람 - 횡단중,안전운전불이행,건조,맑음,단일로 - 기타,승합,남,61세,상해없음,보행자,남,42세,경상
2016050800100273,2016년 5월 8일 14시,일요일,부산광역시 연제구 거제동,경상사고,0,0,1,0,차대차 - 정면충돌,안전운전불이행,건조,맑음,단일로 - 기타,승용,남,56세,경상,승용,남,25세,상해없음
2016050800100311,2016년 5월 8일 15시,일요일,부산광역시 동구 범일동,경상사고,0,0,1,0,차대사람 - 보도통행중,기타,건조,맑음,단일로 - 기타,원동기,남,16세,상해없음,보행자,남,8세,경상
2016050800100312,2016년 5월 8일 15시,일요일,부산광역시 해운대구 재송동,중상사고,0,1,0,0,차대사람 - 횡단중,안전운전불이행,건조,맑음,교차로 - 교차로부근,승용,여,42세,상해없음,보행자,여,57세,중상
2016050800100343,2016년 5월 8일 16시,일요일,부산광역시 북구 금곡동,중상사고,0,1,0,0,차대차 - 기타,안전운전불이행,건조,맑음,단일로 - 기타,이륜,남,44세,중상,승용,남,57세,상해없음
2016050800100344,2016년 5월 8일 16시,일요일,부산광역시 해운대구 우동,경상사고,0,0,2,0,차대차 - 기타,안전운전불이행,건조,맑음,단일로 - 터널,승용,남,44세,상해없음,승용,남,21세,경상
2016050800100345,2016년 5월 8일 16시,일요일,부산광역시 해운대구 우동,경상사고,0,0,2,0,차대차 - 추돌,안전운전불이행,건조,맑음,단일로 - 터널,승용,남,40세,상해없음,승용,남,35세,경상
2016050800100413,2016년 5월 8일 18시,일요일,부산광역시 부산진구 전포동,중상사고,0,1,0,0,차대차 - 측면충돌,안전운전불이행,건조,맑음,단일로 - 기타,이륜,남,17세,중상,승용,남,55세,상해없음
2016050800100441,2016년 5월 8일 19시,일요일,부산광역시 동구 범일동,경상사고,0,0,1,0,차대차 - 측면직각충돌,안전운전불이행,건조,맑음,단일로 - 기타,승용,남,61세,상해없음,원동기,남,23세,경상
2016050800100469,2016년 5월 8일 20시,일요일,부산광역시 수영구 광안동,중상사고,0,1,0,0,차대차 - 측면충돌,안전운전불이행,건조,맑음,교차로 - 교차로안,승합,남,49세,상해없음,원동기,남,23세,중상
2016050800100470,2016년 5월 8일 20시,일요일,부산광역시 해운대구 좌동,경상사고,0,0,4,0,차대차 - 측면충돌,교차로운행방법위반,건조,맑음,교차로 - 교차로안,승용,여,22세,상해없음,승합,남,51세,경상
2016050800100471,2016년 5월 8일 20시,일요일,부산광역시 금정구 남산동,중상사고,0,5,4,3,차대차 - 추돌,안전운전불이행,건조,맑음,단일로 - 기타,승용,여,46세,경상,승용,남,60세,중상
2016050800100498,2016년 5월 8일 21시,일요일,부산광역시 수영구 광안동,경상사고,0,0,1,0,차대사람 - 기타,안전운전불이행,건조,맑음,단일로 - 기타,승용,남,38세,상해없음,보행자,여,43세,경상
2016050800100535,2016년 5월 8일 22시,일요일,부산광역시 북구 구포동,경상사고,0,0,1,0,차대차 - 측면직각충돌,안전운전불이행,건조,맑음,단일로 - 기타,승용,남,33세,상해없음,승용,남,52세,경상
2016050900100005,2016년 5월 9일 00시,월요일,부산광역시 수영구 민락동,부상신고사고,0,0,0,1,차대차 - 추돌,안전거리미확보,건조,맑음,단일로 - 기타,승용,여,34세,상해없음,승용,남,25세,부상신고
2016050900100010,2016년 5월 9일 01시,월요일,부산광역시 남구 대연동,중상사고,0,1,0,0,차대사람 - 기타,보행자보호의무위반,기타,맑음,단일로 - 기타,승합,남,51세,상해없음,보행자,여,18세,중상
2016050900100011,2016년 5월 9일 01시,월요일,부산광역시 동래구 사직동,중상사고,0,1,0,0,차대사람 - 차도통행중,과속,건조,맑음,교차로 - 교차로안,승용,남,49세,상해없음,보행자,남,45세,중상
2016050900100024,2016년 5월 9일 03시,월요일,부산광역시 사하구 구평동,중상사고,0,1,0,0,차대사람 - 횡단중,안전운전불이행,건조,맑음,단일로 - 기타,화물,남,57세,상해없음,보행자,남,72세,중상
2016050900100113,2016년 5월 9일 09시,월요일,부산광역시 수영구 광안동,경상사고,0,0,1,0,차대차 - 추돌,안전운전불이행,건조,맑음,단일로 - 기타,승용,여,40세,상해없음,승용,남,51세,경상
2016050900100174,2016년 5월 9일 11시,월요일,부산광역시 동래구 명장동,중상사고,0,1,0,0,차대사람 - 차도통행중,안전운전불이행,건조,맑음,단일로 - 기타,승용,여,54세,상해없음,보행자,여,78세,중상
2016050900100241,2016년 5월 9일 13시,월요일,부산광역시 북구 구포동,중상사고,0,2,0,0,차대차 - 측면직각충돌,안전거리미확보,건조,맑음,단일로 - 기타,승용,남,24세,상해없음,이륜,남,64세,중상
2016050900100242,2016년 5월 9일 13시,월요일,부산광역시 부산진구 범천동,경상사고,0,0,1,0,차대차 - 기타,안전거리미확보,건조,맑음,단일로 - 기타,승용,남,59세,상해없음,원동기,남,21세,경상
2016050900100243,2016년 5월 9일 13시,월요일,부산광역시 사상구 엄궁동,중상사고,0,1,0,0,차대차 - 추돌,안전운전불이행,건조,맑음,교차로 - 교차로부근,승용,남,38세,상해없음,이륜,남,43세,중상
2016050900100276,2016년 5월 9일 14시,월요일,부산광역시 북구 만덕동,중상사고,0,1,0,0,차대사람 - 횡단중,신호위반,건조,맑음,교차로 - 교차로부근,승용,여,49세,상해없음,보행자,여,74세,중상
2016050900100277,2016년 5월 9일 14시,월요일,부산광역시 동래구 명장동,중상사고,0,1,0,0,차대사람 - 차도통행중,안전운전불이행,건조,맑음,단일로 - 기타,승용,남,37세,상해없음,보행자,남,69세,중상
2016050900100311,2016년 5월 9일 15시,월요일,부산광역시 영도구 대교동1가,경상사고,0,0,1,0,차대사람 - 보도통행중,기타,건조,맑음,단일로 - 기타,자전거,여,66세,상해없음,보행자,남,70세,경상
2016050900100312,2016년 5월 9일 15시,월요일,부산광역시 기장군 장안읍,경상사고,0,0,1,0,차대차 - 측면직각충돌,중앙선침범,건조,맑음,교차로 - 교차로부근,승용,여,57세,상해없음,승용,남,32세,경상
2016050900100350,2016년 5월 9일 16시,월요일,부산광역시 북구 화명동,경상사고,0,0,1,0,차대차 - 추돌,안전운전불이행,건조,맑음,교차로 - 교차로부근,승용,남,19세,상해없음,화물,남,45세,경상
2016050900100351,2016년 5월 9일 16시,월요일,부산광역시 연제구 거제동,사망사고,1,0,0,0,차대사람 - 차도통행중,중앙선침범,건조,흐림,단일로 - 기타,승용,남,55세,상해없음,보행자,남,79세,사망
2016050900100413,2016년 5월 9일 18시,월요일,부산광역시 금정구 구서동,경상사고,0,0,4,0,차대차 - 기타,안전거리미확보,건조,맑음,단일로 - 기타,승용,남,54세,상해없음,승용,남,49세,경상
2016050900100447,2016년 5월 9일 19시,월요일,부산광역시 사하구 괴정동,중상사고,0,1,0,0,차대사람 - 기타,안전운전불이행,건조,맑음,교차로 - 교차로부근,승용,남,45세,상해없음,보행자,여,51세,중상
2016050900100471,2016년 5월 9일 20시,월요일,부산광역시 해운대구 좌동,중상사고,0,1,0,0,차대차 - 측면직각충돌,안전운전불이행,건조,맑음,교차로 - 교차로안,승용,남,74세,상해없음,원동기,남,18세,중상
2016050900100506,2016년 5월 9일 21시,월요일,부산광역시 동래구 명장동,경상사고,0,0,1,0,차대차 - 정면충돌,안전운전불이행,건조,맑음,교차로 - 교차로안,이륜,남,17세,상해없음,이륜,남,29세,경상
2016050900100507,2016년 5월 9일 21시,월요일,부산광역시 부산진구 부전동,경상사고,0,0,1,0,차대차 - 측면직각충돌,신호위반,건조,맑음,교차로 - 교차로안,승용,남,31세,상해없음,승용,남,29세,경상
2016050900100508,2016년 5월 9일 21시,월요일,부산광역시 금정구 장전동,부상신고사고,0,0,0,1,차대차 - 측면직각충돌,안전거리미확보,건조,맑음,단일로 - 기타,승용,남,32세,부상신고,승용,남,54세,상해없음
2016050900100537,2016년 5월 9일 22시,월요일,부산광역시 동래구 명륜동,중상사고,0,1,0,0,차대사람 - 차도통행중,안전운전불이행,건조,맑음,단일로 - 기타,승용,여,40세,상해없음,보행자,남,54세,중상
2016050900100538,2016년 5월 9일 22시,월요일,부산광역시 부산진구 부전동,중상사고,0,1,1,0,차대차 - 측면직각충돌,안전운전불이행,건조,맑음,교차로 - 교차로부근,승용,남,30세,상해없음,화물,남,28세,중상
2016050900100539,2016년 5월 9일 22시,월요일,부산광역시 사상구 괘법동,경상사고,0,0,1,0,차대차 - 추돌,불법유턴,건조,맑음,단일로 - 기타,승용,남,51세,상해없음,승용,남,65세,경상
2016050900100567,2016년 5월 9일 23시,월요일,부산광역시 북구 구포동,중상사고,0,1,0,0,차대차 - 측면직각충돌,신호위반,건조,맑음,단일로 - 기타,승용,남,47세,상해없음,승용,남,51세,중상
2016050900100568,2016년 5월 9일 23시,월요일,부산광역시 동래구 낙민동,경상사고,0,0,1,0,차대차 - 기타,교차로운행방법위반,건조,맑음,교차로 - 교차로부근,승용,여,28세,상해없음,승용,남,51세,경상
2016051000100003,2016년 5월 10일 00시,화요일,부산광역시 동래구 온천동,경상사고,0,0,1,0,차대사람 - 횡단중,신호위반,건조,맑음,단일로 - 횡단보도부근,승용,남,54세,상해없음,보행자,여,27세,경상
2016051000100022,2016년 5월 10일 02시,화요일,부산광역시 부산진구 연지동,중상사고,0,1,0,0,차대차 - 측면직각충돌,교차로운행방법위반,건조,맑음,교차로 - 교차로안,승용,여,49세,상해없음,원동기,남,23세,중상
2016051000100062,2016년 5월 10일 06시,화요일,부산광역시 사상구 감전동,중상사고,0,1,0,0,차대차 - 측면직각충돌,직진우회전진행방해,습기,비,교차로 - 교차로안,화물,남,68세,상해없음,승용,남,50세,중상
2016051000100063,2016년 5월 10일 06시,화요일,부산광역시 사상구 감전동,경상사고,0,0,1,0,차대차 - 측면직각충돌,교차로운행방법위반,기타,맑음,단일로 - 기타,승용,남,67세,경상,승용,남,55세,상해없음
2016051000100079,2016년 5월 10일 07시,화요일,부산광역시 서구 토성동1가,중상사고,0,1,0,0,차대차 - 측면직각충돌,교차로운행방법위반,습기,비,교차로 - 교차로안,이륜,남,67세,중상,승용,남,31세,상해없음
2016051000100106,2016년 5월 10일 08시,화요일,부산광역시 남구 대연동,경상사고,0,0,6,0,차대차 - 추돌,안전운전불이행,습기,비,단일로 - 기타,화물,남,23세,상해없음,승용,여,41세,경상
2016051000100107,2016년 5월 10일 08시,화요일,부산광역시 남구 감만동,경상사고,0,0,2,0,차대차 - 추돌,안전운전불이행,습기,비,단일로 - 기타,승용,남,75세,상해없음,승용,남,71세,경상
2016051000100108,2016년 5월 10일 08시,화요일,부산광역시 사하구 신평동,중상사고,0,2,1,0,차대차 - 추돌,안전거리미확보,습기,비,단일로 - 기타,승용,남,64세,상해없음,승용,여,42세,경상
2016051000100109,2016년 5월 10일 08시,화요일,부산광역시 사하구 하단동,경상사고,0,0,2,0,차대차 - 기타,안전운전불이행,건조,맑음,단일로 - 기타,승용,여,59세,상해없음,승용,여,29세,경상
2016051000100158,2016년 5월 10일 09시,화요일,부산광역시 해운대구 우동,중상사고,0,1,0,1,차량단독 - 공작물충돌,안전운전불이행,습기,비,단일로 - 기타,승용,남,63세,부상신고,,,,
2016051000100159,2016년 5월 10일 09시,화요일,부산광역시 부산진구 개금동,경상사고,0,0,1,0,차대사람 - 기타,안전운전불이행,습기,비,단일로 - 기타,승용,남,48세,상해없음,보행자,남,24세,경상
2016051000100160,2016년 5월 10일 09시,화요일,부산광역시 금정구 부곡동,경상사고,0,0,1,1,차대차 - 추돌,안전거리미확보,건조,맑음,단일로 - 기타,승용,남,40세,기타불명,승용,남,69세,기타불명
2016051000100161,2016년 5월 10일 09시,화요일,부산광역시 사하구 신평동,중상사고,0,2,0,0,차대차 - 추돌,안전운전불이행,습기,비,교차로 - 교차로안,승용,남,25세,상해없음,승용,남,34세,중상
2016051000100162,2016년 5월 10일 09시,화요일,부산광역시 사상구 덕포동,부상신고사고,0,0,0,1,차대차 - 측면직각충돌,교차로운행방법위반,습기,비,교차로 - 교차로안,화물,남,55세,상해없음,화물,남,33세,부상신고
2016051000100189,2016년 5월 10일 10시,화요일,부산광역시 동래구 안락동,부상신고사고,0,0,0,1,차대차 - 추돌,안전운전불이행,습기,비,단일로 - 기타,원동기,남,21세,부상신고,승용,남,59세,상해없음
2016051000100230,2016년 5월 10일 11시,화요일,부산광역시 해운대구 반송동,경상사고,0,0,1,0,차대차 - 측면직각충돌,안전운전불이행,습기,비,교차로 - 교차로안,화물,남,26세,상해없음,이륜,남,46세,경상
2016051000100255,2016년 5월 10일 12시,화요일,부산광역시 중구 영주동,경상사고,0,0,1,0,차대사람 - 기타,안전운전불이행,습기,비,단일로 - 기타,특수,남,38세,상해없음,보행자,여,57세,경상
2016051000100256,2016년 5월 10일 12시,화요일,부산광역시 동구 초량동,경상사고,0,0,1,0,차대차 - 기타,안전운전불이행,습기,비,교차로 - 교차로안,승용,남,63세,상해없음,이륜,남,64세,경상
2016051000100257,2016년 5월 10일 12시,화요일,부산광역시 동구 초량동,경상사고,0,0,1,0,차대차 - 측면직각충돌,신호위반,습기,비,교차로 - 교차로안,승합,남,64세,상해없음,이륜,남,32세,경상
2016051000100289,2016년 5월 10일 13시,화요일,부산광역시 수영구 광안동,중상사고,0,1,0,0,차대사람 - 기타,안전운전불이행,습기,비,교차로 - 교차로안,승용,남,45세,상해없음,보행자,남,68세,중상
2016051000100320,2016년 5월 10일 14시,화요일,부산광역시 금정구 두구동,부상신고사고,0,0,0,1,차량단독 - 전도전복,안전운전불이행,습기,비,미분류 - 미분류,화물,남,53세,부상신고,,,,
2016051000100380,2016년 5월 10일 16시,화요일,부산광역시 영도구 영선동2가,중상사고,0,1,0,0,차대사람 - 횡단중,보행자보호의무위반,습기,흐림,단일로 - 횡단보도상,화물,남,48세,상해없음,보행자,여,11세,중상
2016051000100411,2016년 5월 10일 17시,화요일,부산광역시 동래구 안락동,경상사고,0,0,2,0,차대차 - 측면직각충돌,교차로운행방법위반,건조,맑음,교차로 - 교차로안,승용,여,41세,경상,승용,남,62세,경상
2016051000100412,2016년 5월 10일 17시,화요일,부산광역시 부산진구 부암동,경상사고,0,0,1,0,차대사람 - 횡단중,신호위반,건조,맑음,단일로 - 횡단보도상,승용,남,54세,상해없음,보행자,남,11세,경상
2016051000100477,2016년 5월 10일 19시,화요일,부산광역시 해운대구 우동,경상사고,0,0,1,0,차대차 - 측면직각충돌,안전운전불이행,건조,맑음,단일로 - 기타,승용,남,53세,상해없음,이륜,남,18세,경상
2016051000100518,2016년 5월 10일 20시,화요일,부산광역시 중구 부평동2가,경상사고,0,0,1,0,차대차 - 기타,신호위반,습기,흐림,교차로 - 교차로안,승용,남,49세,상해없음,승용,남,19세,경상
2016051000100519,2016년 5월 10일 20시,화요일,부산광역시 동래구 안락동,경상사고,0,0,1,0,차대차 - 기타,직진우회전진행방해,건조,맑음,교차로 - 교차로안,이륜,남,20세,상해없음,승용,여,26세,상해없음
2016051000100520,2016년 5월 10일 20시,화요일,부산광역시 금정구 부곡동,부상신고사고,0,0,0,1,차대사람 - 기타,안전운전불이행,건조,맑음,단일로 - 기타,승용,남,42세,상해없음,보행자,남,58세,부상신고
2016051000100561,2016년 5월 10일 21시,화요일,부산광역시 서구 남부민동,중상사고,0,1,0,0,차대사람 - 기타,안전운전불이행,습기,비,단일로 - 기타,승용,남,58세,상해없음,보행자,남,45세,중상
2016051000100562,2016년 5월 10일 21시,화요일,부산광역시 사상구 괘법동,경상사고,0,0,1,0,차대사람 - 횡단중,안전운전불이행,습기,비,교차로 - 교차로안,승용,여,37세,상해없음,보행자,남,49세,경상
2016051000100600,2016년 5월 10일 22시,화요일,부산광역시 수영구 남천동,경상사고,0,0,1,0,차대차 - 추돌,안전운전불이행,습기,비,교차로 - 교차로부근,승용,남,46세,상해없음,승용,여,42세,경상
2016051000100626,2016년 5월 10일 23시,화요일,부산광역시 기장군 기장읍,중상사고,0,1,0,0,차대차 - 측면충돌,교차로운행방법위반,습기,맑음,교차로 - 교차로안,승용,남,48세,상해없음,이륜,남,17세,중상
2016051100100001,2016년 5월 11일 00시,수요일,부산광역시 해운대구 송정동,경상사고,0,0,1,0,차대사람 - 기타,안전운전불이행,건조,맑음,단일로 - 횡단보도상,기타불명,기타불명,기타불명,기타불명,보행자,남,31세,경상
2016051100100002,2016년 5월 11일 00시,수요일,부산광역시 부산진구 양정동,중상사고,0,1,0,0,차대사람 - 횡단중,보행자보호의무위반,건조,맑음,단일로 - 횡단보도상,승용,여,34세,상해없음,보행자,남,37세,중상
2016051100100036,2016년 5월 11일 03시,수요일,부산광역시 사상구 엄궁동,중상사고,0,2,0,0,차대차 - 측면직각충돌,신호위반,습기,흐림,교차로 - 교차로안,승용,여,54세,상해없음,이륜,남,24세,중상
2016051100100048,2016년 5월 11일 04시,수요일,부산광역시 강서구 범방동,중상사고,0,1,1,0,차대차 - 추돌,안전운전불이행,습기,비,단일로 - 기타,특수,남,57세,경상,승용,남,37세,중상
2016051100100074,2016년 5월 11일 07시,수요일,부산광역시 북구 만덕동,경상사고,0,0,1,0,차대차 - 추돌,안전운전불이행,건조,맑음,교차로 - 교차로부근,승용,남,40세,상해없음,화물,남,26세,경상
2016051100100075,2016년 5월 11일 07시,수요일,부산광역시 부산진구 개금동,경상사고,0,0,1,0,차대차 - 기타,안전거리미확보,건조,맑음,단일로 - 기타,승용,남,52세,상해없음,승합,남,60세,상해없음
2016051100100076,2016년 5월 11일 07시,수요일,부산광역시 금정구 부곡동,경상사고,0,0,4,0,차대차 - 측면직각충돌,안전운전불이행,건조,맑음,교차로 - 교차로부근,승용,남,42세,상해없음,승합,남,47세,경상
2016051100100077,2016년 5월 11일 07시,수요일,부산광역시 사상구 괘법동,중상사고,0,1,4,1,차대차 - 측면직각충돌,안전운전불이행,건조,맑음,단일로 - 기타,승용,남,53세,부상신고,승합,남,57세,중상
2016051100100078,2016년 5월 11일 07시,수요일,부산광역시 사상구 모라동,경상사고,0,0,1,0,차대차 - 측면직각충돌,신호위반,건조,맑음,교차로 - 교차로안,승용,남,28세,상해없음,승용,남,42세,경상
2016051100100102,2016년 5월 11일 08시,수요일,부산광역시 부산진구 전포동,부상신고사고,0,0,0,1,차대차 - 기타,안전운전불이행,건조,맑음,교차로 - 교차로부근,이륜,남,20세,부상신고,승용,남,53세,상해없음
2016051100100148,2016년 5월 11일 09시,수요일,부산광역시 수영구 남천동,경상사고,0,0,1,0,차대차 - 측면직각충돌,교차로운행방법위반,건조,맑음,교차로 - 교차로안,자전거,남,47세,경상,승용,여,52세,상해없음
2016051100100149,2016년 5월 11일 09시,수요일,부산광역시 부산진구 부암동,중상사고,0,2,0,0,차대차 - 측면직각충돌,신호위반,건조,맑음,교차로 - 교차로안,이륜,남,25세,중상,이륜,남,27세,중상