사고번호,사고일시,요일,시군구,사고내용,사망자수,중상자수,경상자수,부상신고자수,사고유형,법규위반,노면상태,기상상태,도로형태,가해운전자 차종,가해운전자 성별,가해운전자 연령,가해운전자 상해정도,피해운전자 차종,피해운전자 성별,피해운전자 연령,피해운전자 상해정도
2016051700100524,2016년 5월 17일 19시,화요일,부산광역시 사하구 신평동,경상사고,0,0,1,0,차대차 - 기타,신호위반,건조,맑음,교차로 - 교차로안,승용,남,53세,상해없음,원동기,남,17세,경상
2016051700100525,2016년 5월 17일 19시,화요일,부산광역시 연제구 거제동,중상사고,0,1,0,0,차대차 - 측면충돌,신호위반,건조,맑음,교차로 - 교차로안,승용,남,31세,상해없음,이륜,남,27세,중상
2016051700100526,2016년 5월 17일 19시,화요일,부산광역시 사상구 학장동,경상사고,0,0,1,0,차대차 - 측면직각충돌,안전운전불이행,건조,맑음,단일로 - 기타,원동기,남,18세,경상,승용,남,69세,상해없음
2016051700100579,2016년 5월 17일 21시,화요일,부산광역시 동구 수정동,경상사고,0,0,1,0,차대사람 - 기타,안전운전불이행,건조,맑음,기타 - 기타,기타불명,기타불명,기타불명,기타불명,보행자,남,21세,경상
2016051700100580,2016년 5월 17일 21시,화요일,부산광역시 동래구 온천동,중상사고,0,1,0,0,차대차 - 추돌,안전운전불이행,건조,맑음,교차로 - 교차로안,승합,남,48세,상해없음,승용,여,48세,중상
2016051700100614,2016년 5월 17일 22시,화요일,부산광역시 동래구 안락동,경상사고,0,0,2,0,차대차 - 추돌,안전운전불이행,건조,맑음,단일로 - 기타,승용,남,58세,상해없음,승용,남,57세,경상
2016051700100615,2016년 5월 17일 22시,화요일,부산광역시 해운대구 우동,중상사고,0,1,0,0,차대사람 - 횡단중,안전운전불이행,건조,맑음,단일로 - 횡단보도상,승용,여,48세,상해없음,보행자,남,27세,중상
2016051700100616,2016년 5월 17일 22시,화요일,부산광역시 강서구 명지동,경상사고,0,0,5,0,차대차 - 추돌,안전운전불이행,건조,맑음,단일로 - 기타,승용,여,26세,상해없음,승용,여,50세,경상
2016051800100008,2016년 5월 18일 00시,수요일,부산광역시 금정구 부곡동,경상사고,0,0,1,0,차대사람 - 기타,안전운전불이행,건조,맑음,교차로 - 교차로부근,승용,남,21세,상해없음,보행자,여,29세,경상
2016051800100024,2016년 5월 18일 01시,수요일,부산광역시 중구 중앙동2가,중상사고,0,1,1,0,차대차 - 측면직각충돌,신호위반,건조,맑음,교차로 - 교차로안,승용,남,46세,상해없음,승용,남,53세,경상
2016051800100025,2016년 5월 18일 01시,수요일,부산광역시 서구 충무동3가,경상사고,0,0,1,0,차대사람 - 길가장자리구역통행중,안전운전불이행,건조,맑음,단일로 - 기타,승용,남,40세,상해없음,보행자,남,23세,경상
2016051800100050,2016년 5월 18일 04시,수요일,부산광역시 부산진구 범천동,사망사고,1,0,0,0,차대사람 - 기타,안전운전불이행,건조,맑음,단일로 - 기타,승용,남,27세,상해없음,보행자,남,48세,사망
2016051800100069,2016년 5월 18일 06시,수요일,부산광역시 수영구 남천동,경상사고,0,0,1,0,차대차 - 기타,안전운전불이행,건조,맑음,교차로 - 교차로부근,승합,남,57세,상해없음,승용,남,47세,경상
2016051800100070,2016년 5월 18일 06시,수요일,부산광역시 부산진구 개금동,중상사고,0,1,0,0,차대차 - 기타,안전운전불이행,건조,맑음,단일로 - 기타,승용,여,19세,상해없음,승용,남,44세,상해없음
2016051800100082,2016년 5월 18일 07시,수요일,부산광역시 강서구 송정동,경상사고,0,0,1,0,차대차 - 측면충돌,교차로운행방법위반,건조,맑음,교차로 - 교차로안,승용,여,32세,상해없음,승용,남,48세,경상
2016051800100117,2016년 5월 18일 08시,수요일,부산광역시 동래구 명륜동,중상사고,0,1,0,0,차대사람 - 횡단중,중앙선침범,건조,맑음,단일로 - 횡단보도상,승합,남,34세,상해없음,보행자,여,62세,중상
2016051800100118,2016년 5월 18일 08시,수요일,부산광역시 해운대구 중동,중상사고,0,1,0,0,차대차 - 측면충돌,안전운전불이행,건조,맑음,단일로 - 기타,화물,남,52세,상해없음,자전거,남,30세,중상
2016051800100119,2016년 5월 18일 08시,수요일,부산광역시 해운대구 재송동,경상사고,0,0,1,0,차대차 - 측면직각충돌,신호위반,건조,맑음,교차로 - 교차로안,승용,여,33세,상해없음,승용,여,33세,경상
2016051800100164,2016년 5월 18일 09시,수요일,부산광역시 동구 초량동,경상사고,0,0,1,0,차대차 - 측면직각충돌,교차로운행방법위반,건조,맑음,교차로 - 교차로안,승용,여,45세,상해없음,승용,여,49세,경상
2016051800100208,2016년 5월 18일 10시,수요일,부산광역시 동래구 명장동,중상사고,0,2,2,0,차대차 - 측면직각충돌,안전운전불이행,건조,맑음,단일로 - 기타,승합,남,46세,상해없음,승합,남,64세,경상
2016051800100209,2016년 5월 18일 10시,수요일,부산광역시 해운대구 좌동,경상사고,0,0,1,0,차대차 - 측면직각충돌,안전거리미확보,건조,맑음,교차로 - 교차로부근,승용,여,33세,상해없음,승합,남,55세,경상
2016051800100210,2016년 5월 18일 10시,수요일,부산광역시 부산진구 부전동,사망사고,1,1,0,0,차대차 - 측면충돌,신호위반,건조,맑음,교차로 - 교차로안,화물,남,29세,상해없음,이륜,남,54세,사망
2016051800100211,2016년 5월 18일 10시,수요일,부산광역시 사하구 하단동,경상사고,0,0,2,0,차대차 - 측면직각충돌,교차로운행방법위반,건조,맑음,교차로 - 교차로안,승용,기타불명,기타불명,기타불명,승용,여,55세,경상
2016051800100243,2016년 5월 18일 11시,수요일,부산광역시 부산진구 가야동,경상사고,0,0,1,0,차대차 - 측면직각충돌,안전거리미확보,건조,맑음,단일로 - 기타,승합,남,62세,상해없음,화물,남,33세,경상
2016051800100273,2016년 5월 18일 12시,수요일,부산광역시 서구 동대신동1가,중상사고,0,1,0,0,차대사람 - 길가장자리구역통행중,안전운전불이행,건조,맑음,단일로 - 기타,승용,여,42세,상해없음,보행자,여,62세,중상
2016051800100274,2016년 5월 18일 12시,수요일,부산광역시 영도구 대교동1가,경상사고,0,0,1,0,차대차 - 기타,신호위반,건조,맑음,교차로 - 교차로안,승용,남,66세,상해없음,이륜,남,22세,경상
2016051800100275,2016년 5월 18일 12시,수요일,부산광역시 금정구 장전동,경상사고,0,0,1,0,차대사람 - 길가장자리구역통행중,안전운전불이행,건조,맑음,교차로 - 교차로부근,승용,여,35세,상해없음,보행자,남,27세,경상
2016051800100276,2016년 5월 18일 12시,수요일,부산광역시 연제구 연산동,경상사고,0,0,2,0,차대차 - 측면직각충돌,안전운전불이행,건조,맑음,단일로 - 기타,원동기,남,19세,경상,원동기,남,21세,경상
2016051800100299,2016년 5월 18일 13시,수요일,부산광역시 연제구 거제동,경상사고,0,0,1,0,차대차 - 추돌,안전운전불이행,건조,맑음,단일로 - 기타,승합,남,33세,상해없음,승용,남,60세,경상
2016051800100369,2016년 5월 18일 15시,수요일,부산광역시 부산진구 부전동,중상사고,0,1,0,0,차대사람 - 기타,안전운전불이행,건조,맑음,교차로 - 교차로부근,승용,남,27세,상해없음,보행자,여,61세,중상
2016051800100408,2016년 5월 18일 16시,수요일,부산광역시 금정구 부곡동,경상사고,0,0,1,0,차대사람 - 차도통행중,안전운전불이행,건조,맑음,단일로 - 기타,승용,남,64세,상해없음,보행자,남,59세,경상
2016051800100409,2016년 5월 18일 16시,수요일,부산광역시 사상구 괘법동,경상사고,0,0,1,0,차대사람 - 기타,안전운전불이행,건조,맑음,단일로 - 기타,승용,남,29세,상해없음,보행자,여,43세,경상
2016051800100456,2016년 5월 18일 17시,수요일,부산광역시 북구 화명동,경상사고,0,0,1,0,차대차 - 기타,안전운전불이행,건조,맑음,단일로 - 기타,승용,남,46세,상해없음,이륜,여,26세,경상
2016051800100499,2016년 5월 18일 18시,수요일,부산광역시 서구 남부민동,경상사고,0,0,1,0,차대사람 - 기타,안전운전불이행,건조,맑음,단일로 - 기타,원동기,남,55세,상해없음,보행자,남,3세,경상
2016051800100555,2016년 5월 18일 19시,수요일,부산광역시 부산진구 개금동,중상사고,0,1,0,0,차대차 - 측면직각충돌,안전운전불이행,건조,맑음,단일로 - 기타,화물,남,61세,상해없음,자전거,남,6세,중상
2016051800100556,2016년 5월 18일 19시,수요일,부산광역시 부산진구 범전동,중상사고,0,1,2,0,차대차 - 추돌,안전운전불이행,건조,맑음,단일로 - 기타,승용,남,59세,경상,승용,남,66세,경상
2016051800100557,2016년 5월 18일 19시,수요일,부산광역시 사하구 괴정동,경상사고,0,0,1,0,차대차 - 기타,교차로운행방법위반,건조,맑음,교차로 - 교차로안,승용,남,54세,상해없음,승용,여,34세,경상
2016051800100558,2016년 5월 18일 19시,수요일,부산광역시 사하구 괴정동,경상사고,0,0,1,0,차대사람 - 기타,안전운전불이행,건조,맑음,단일로 - 기타,승용,남,43세,상해없음,보행자,여,33세,경상
2016051800100587,2016년 5월 18일 20시,수요일,부산광역시 부산진구 양정동,경상사고,0,0,1,0,차대차 - 기타,안전운전불이행,건조,맑음,단일로 - 기타,승용,남,61세,상해없음,이륜,남,20세,경상
2016051800100588,2016년 5월 18일 20시,수요일,부산광역시 연제구 연산동,경상사고,0,0,1,0,차대사람 - 차도통행중,안전운전불이행,건조,맑음,단일로 - 기타,승용,남,37세,상해없음,보행자,남,59세,경상
2016051800100626,2016년 5월 18일 21시,수요일,부산광역시 동래구 안락동,경상사고,0,0,1,0,차대차 - 측면직각충돌,차로위반,건조,맑음,단일로 - 기타,승용,남,53세,상해없음,원동기,남,48세,경상
2016051800100627,2016년 5월 18일 21시,수요일,부산광역시 동래구 사직동,경상사고,0,0,1,1,차대차 - 측면직각충돌,안전운전불이행,건조,맑음,교차로 - 교차로안,승용,여,34세,부상신고,승용,여,31세,경상
2016051800100628,2016년 5월 18일 21시,수요일,부산광역시 강서구 대저1동,중상사고,0,1,0,0,차대사람 - 기타,안전운전불이행,건조,맑음,단일로 - 기타,승용,남,34세,상해없음,보행자,남,47세,중상
2016051800100653,2016년 5월 18일 22시,수요일,부산광역시 서구 동대신동3가,경상사고,0,0,1,0,차량단독 - 기타,안전운전불이행,건조,맑음,단일로 - 기타,승용,남,62세,상해없음,,,,
2016051800100679,2016년 5월 18일 23시,수요일,부산광역시 금정구 청룡동,중상사고,0,1,0,0,차대사람 - 횡단중,안전운전불이행,건조,맑음,단일로 - 기타,승용,남,31세,상해없음,보행자,남,79세,중상
2016051900100003,2016년 5월 19일 00시,목요일,부산광역시 북구 덕천동,경상사고,0,0,1,0,차대사람 - 기타,안전운전불이행,건조,맑음,교차로 - 교차로부근,승용,남,64세,상해없음,보행자,남,61세,경상
2016051900100015,2016년 5월 19일 01시,목요일,부산광역시 수영구 광안동,경상사고,0,0,4,0,차대차 - 측면직각충돌,안전운전불이행,건조,맑음,교차로 - 교차로안,승용,남,56세,상해없음,승용,남,41세,경상
2016051900100029,2016년 5월 19일 02시,목요일,부산광역시 부산진구 가야동,중상사고,0,1,0,0,차대차 - 기타,안전운전불이행,건조,맑음,단일로 - 기타,승용,남,39세,상해없음,승용,남,28세,상해없음
2016051900100030,2016년 5월 19일 02시,목요일,부산광역시 사상구 감전동,중상사고,0,1,0,0,차대차 - 추돌,안전거리미확보,건조,맑음,단일로 - 기타,승용,남,27세,상해없음,승용,여,51세,중상
2016051900100039,2016년 5월 19일 03시,목요일,부산광역시 해운대구 좌동,경상사고,0,0,1,0,차대차 - 추돌,안전운전불이행,건조,맑음,단일로 - 기타,승용,남,46세,상해없음,승용,남,57세,경상
2016051900100059,2016년 5월 19일 06시,목요일,부산광역시 사하구 구평동,경상사고,0,0,1,0,차대차 - 기타,안전운전불이행,건조,맑음,단일로 - 기타,승합,남,28세,상해없음,승용,남,39세,경상
2016051900100078,2016년 5월 19일 07시,목요일,부산광역시 남구 대연동,중상사고,0,1,0,0,차대차 - 기타,안전운전불이행,건조,맑음,단일로 - 기타,승용,남,57세,상해없음,자전거,남,84세,중상
2016051900100111,2016년 5월 19일 08시,목요일,부산광역시 해운대구 재송동,중상사고,0,1,0,0,차대차 - 측면직각충돌,신호위반,건조,맑음,교차로 - 교차로안,승용,남,22세,상해없음,승용,여,35세,중상
2016051900100165,2016년 5월 19일 09시,목요일,부산광역시 동구 범일동,중상사고,0,1,0,0,차대차 - 기타,중앙선침범,건조,맑음,기타 - 기타,승용,남,34세,상해없음,자전거,남,70세,중상
2016051900100166,2016년 5월 19일 09시,목요일,부산광역시 남구 대연동,경상사고,0,0,1,0,차대차 - 측면직각충돌,안전운전불이행,건조,맑음,교차로 - 교차로안,승용,여,32세,상해없음,승용,남,42세,경상
2016051900100167,2016년 5월 19일 09시,목요일,부산광역시 부산진구 당감동,경상사고,0,0,1,0,차대차 - 측면직각충돌,안전운전불이행,건조,맑음,단일로 - 기타,승합,남,66세,상해없음,이륜,남,20세,경상
2016051900100189,2016년 5월 19일 10시,목요일,부산광역시 금정구 금사동,경상사고,0,0,1,0,차대차 - 추돌,안전운전불이행,건조,맑음,단일로 - 기타,승용,남,42세,상해없음,승용,남,64세,경상
2016051900100217,2016년 5월 19일 11시,목요일,부산광역시 남구 대연동,중상사고,0,1,1,0,차대차 - 추돌,안전운전불이행,건조,맑음,교차로 - 교차로안,승용,여,57세,상해없음,승용,여,41세,중상
2016051900100218,2016년 5월 19일 11시,목요일,부산광역시 남구 대연동,경상사고,0,0,1,0,차대사람 - 기타,안전운전불이행,건조,맑음,단일로 - 기타,기타불명,기타불명,기타불명,기타불명,보행자,여,19세,경상
2016051900100236,2016년 5월 19일 12시,목요일,부산광역시 해운대구 반여동,경상사고,0,0,1,0,차대차 - 기타,기타,건조,맑음,단일로 - 기타,자전거,여,37세,상해없음,자전거,남,50세,경상
2016051900100237,2016년 5월 19일 12시,목요일,부산광역시 기장군 정관읍,중상사고,0,1,0,0,차대차 - 측면직각충돌,교차로운행방법위반,건조,맑음,교차로 - 교차로안,승용,여,40세,상해없음,이륜,남,17세,중상
2016051900100301,2016년 5월 19일 14시,목요일,부산광역시 북구 덕천동,중상사고,0,1,0,0,차대차 - 추돌,교차로운행방법위반,건조,맑음,교차로 - 교차로안,승용,남,19세,상해없음,이륜,남,27세,중상
2016051900100303,2016년 5월 19일 14시,목요일,부산광역시 부산진구 전포동,중상사고,0,1,1,0,차대차 - 측면직각충돌,안전운전불이행,건조,맑음,단일로 - 기타,승용,남,65세,상해없음,승용,남,33세,경상
2016051900100304,2016년 5월 19일 14시,목요일,부산광역시 금정구 서동,중상사고,0,1,0,0,차대차 - 측면직각충돌,직진우회전진행방해,건조,맑음,교차로 - 교차로안,화물,남,43세,상해없음,원동기,남,59세,중상
2016051900100346,2016년 5월 19일 15시,목요일,부산광역시 영도구 영선동1가,경상사고,0,0,1,0,차대차 - 측면직각충돌,교차로운행방법위반,건조,맑음,교차로 - 교차로안,승용,여,53세,상해없음,승용,여,36세,경상
2016051900100347,2016년 5월 19일 15시,목요일,부산광역시 기장군 기장읍,경상사고,0,0,1,0,차대차 - 측면직각충돌,안전운전불이행,건조,맑음,교차로 - 교차로안,화물,남,67세,상해없음,승용,여,55세,경상
2016051900100390,2016년 5월 19일 16시,목요일,부산광역시 동구 수정동,중상사고,0,1,0,0,차대차 - 추돌,안전운전불이행,건조,맑음,단일로 - 기타,승용,여,69세,상해없음,원동기,남,25세,중상
2016051900100433,2016년 5월 19일 17시,목요일,부산광역시 해운대구 좌동,경상사고,0,0,1,0,차대사람 - 횡단중,보행자보호의무위반,건조,맑음,단일로 - 기타,승용,여,38세,상해없음,보행자,여,9세,경상
2016051900100434,2016년 5월 19일 17시,목요일,부산광역시 사상구 괘법동,중상사고,0,1,0,0,차대사람 - 횡단중,안전운전불이행,건조,맑음,교차로 - 교차로안,승합,남,71세,상해없음,보행자,남,57세,중상
2016051900100476,2016년 5월 19일 18시,목요일,부산광역시 부산진구 부전동,중상사고,0,1,1,0,차대차 - 기타,신호위반,건조,맑음,교차로 - 교차로안,이륜,남,64세,경상,이륜,남,34세,중상
2016051900100477,2016년 5월 19일 18시,목요일,부산광역시 사하구 괴정동,경상사고,0,0,1,0,차대차 - 추돌,안전거리미확보,건조,맑음,단일로 - 기타,이륜,남,27세,경상,승용,남,26세,상해없음
2016051900100511,2016년 5월 19일 19시,목요일,부산광역시 남구 대연동,경상사고,0,0,1,0,차대사람 - 횡단중,신호위반,건조,맑음,교차로 - 교차로부근,승합,남,31세,상해없음,보행자,여,74세,경상
2016051900100541,2016년 5월 19일 20시,목요일,부산광역시 서구 동대신동3가,경상사고,0,0,1,0,차대차 - 추돌,안전거리미확보,건조,맑음,단일로 - 기타,승용,남,69세,상해없음,승합,남,58세,상해없음
2016051900100542,2016년 5월 19일 20시,목요일,부산광역시 서구 암남동,경상사고,0,0,1,0,차대차 - 추돌,안전거리미확보,건조,맑음,단일로 - 기타,이륜,남,16세,상해없음,이륜,남,16세,경상
2016051900100543,2016년 5월 19일 20시,목요일,부산광역시 해운대구 반송동,중상사고,0,1,0,0,차대사람 - 기타,안전운전불이행,건조,맑음,교차로 - 교차로부근,승용,남,64세,상해없음,보행자,남,24세,중상
2016051900100609,2016년 5월 19일 22시,목요일,부산광역시 수영구 민락동,중상사고,0,1,0,0,차대차 - 측면직각충돌,안전거리미확보,건조,맑음,단일로 - 기타,승용,남,60세,상해없음,이륜,남,17세,중상
2016051900100610,2016년 5월 19일 22시,목요일,부산광역시 부산진구 가야동,경상사고,0,0,2,1,차대차 - 추돌,차로위반,건조,맑음,단일로 - 기타,승용,여,49세,부상신고,승용,남,28세,경상
2016051900100640,2016년 5월 19일 23시,목요일,부산광역시 동래구 명륜동,중상사고,0,1,0,0,차대사람 - 횡단중,중앙선침범,건조,맑음,단일로 - 횡단보도상,승용,남,54세,상해없음,보행자,여,16세,중상
2016051900100641,2016년 5월 19일 23시,목요일,부산광역시 사하구 하단동,경상사고,0,0,1,0,차대사람 - 기타,안전운전불이행,건조,맑음,단일로 - 기타,승용,여,34세,상해없음,보행자,남,45세,경상
2016052000100020,2016년 5월 20일 01시,금요일,부산광역시 중구 남포동1가,경상사고,0,0,2,0,차대사람 - 횡단중,신호위반,건조,맑음,단일로 - 횡단보도상,승용,남,66세,상해없음,보행자,여,38세,경상
2016052000100021,2016년 5월 20일 01시,금요일,부산광역시 연제구 연산동,중상사고,0,1,0,0,차대차 - 추돌,기타,건조,맑음,단일로 - 기타,원동기,남,38세,중상,승용,남,50세,기타불명
2016052000100084,2016년 5월 20일 07시,금요일,부산광역시 사상구 주례동,경상사고,0,0,2,0,차대차 - 측면직각충돌,교차로운행방법위반,건조,맑음,교차로 - 교차로안,승용,남,53세,경상,승용,여,38세,경상
2016052000100113,2016년 5월 20일 08시,금요일,부산광역시 남구 용당동,경상사고,0,0,1,0,차대차 - 측면직각충돌,교차로운행방법위반,건조,맑음,교차로 - 교차로안,승용,여,35세,상해없음,승용,남,42세,경상
2016052000100115,2016년 5월 20일 08시,금요일,부산광역시 동래구 수안동,경상사고,0,0,1,0,차대차 - 기타,안전운전불이행,건조,맑음,교차로 - 교차로부근,화물,남,58세,상해없음,자전거,남,34세,경상
2016052000100116,2016년 5월 20일 08시,금요일,부산광역시 금정구 청룡동,부상신고사고,0,0,0,1,차대차 - 측면충돌,차로위반,건조,맑음,단일로 - 기타,승용,여,44세,상해없음,승합,남,49세,상해없음
2016052000100162,2016년 5월 20일 09시,금요일,부산광역시 동래구 명륜동,경상사고,0,0,1,0,차대사람 - 기타,안전운전불이행,기타,맑음,교차로 - 교차로부근,원동기,기타불명,기타불명,기타불명,보행자,남,43세,경상
2016052000100197,2016년 5월 20일 10시,금요일,부산광역시 동래구 사직동,중상사고,0,1,0,0,차대사람 - 길가장자리구역통행중,안전운전불이행,건조,맑음,단일로 - 기타,승용,여,49세,상해없음,보행자,여,77세,중상
2016052000100223,2016년 5월 20일 11시,금요일,부산광역시 사상구 학장동,중상사고,0,2,1,0,차대차 - 추돌,안전거리미확보,건조,맑음,미분류 - 미분류,화물,여,61세,상해없음,승용,남,35세,중상
2016052000100224,2016년 5월 20일 11시,금요일,부산광역시 사상구 학장동,중상사고,0,1,2,0,차대차 - 추돌,안전거리미확보,건조,맑음,단일로 - 교량,화물,남,54세,상해없음,화물,남,62세,상해없음
2016052000100265,2016년 5월 20일 12시,금요일,부산광역시 기장군 장안읍,중상사고,0,1,0,0,차대사람 - 기타,기타,건조,맑음,단일로 - 기타,승합,남,68세,상해없음,보행자,남,12세,중상
2016052000100287,2016년 5월 20일 13시,금요일,부산광역시 남구 감만동,중상사고,0,1,0,0,차대사람 - 길가장자리구역통행중,안전운전불이행,건조,맑음,교차로 - 교차로안,승용,남,33세,상해없음,보행자,여,68세,중상
2016052000100288,2016년 5월 20일 13시,금요일,부산광역시 동래구 안락동,경상사고,0,0,1,0,차대차 - 추돌,안전운전불이행,건조,맑음,단일로 - 기타,승용,여,33세,상해없음,승용,남,40세,경상
2016052000100289,2016년 5월 20일 13시,금요일,부산광역시 부산진구 가야동,중상사고,0,1,0,0,차대차 - 추돌,안전거리미확보,건조,맑음,단일로 - 기타,이륜,남,68세,중상,승용,여,38세,상해없음
2016052000100290,2016년 5월 20일 13시,금요일,부산광역시 부산진구 양정동,경상사고,0,0,1,0,차대사람 - 기타,안전운전불이행,건조,맑음,단일로 - 기타,승용,남,69세,기타불명,보행자,여,19세,경상
2016052000100323,2016년 5월 20일 14시,금요일,부산광역시 부산진구 전포동,중상사고,0,1,1,0,차대차 - 추돌,안전운전불이행,건조,맑음,교차로 - 교차로부근,승용,남,45세,상해없음,이륜,남,16세,경상
2016052000100324,2016년 5월 20일 14시,금요일,부산광역시 부산진구 초읍동,경상사고,0,0,1,0,차대사람 - 횡단중,보행자보호의무위반,건조,맑음,단일로 - 횡단보도상,승용,남,70세,상해없음,보행자,여,46세,경상
2016052000100359,2016년 5월 20일 15시,금요일,부산광역시 부산진구 범전동,경상사고,0,0,2,0,차대차 - 기타,안전운전불이행,건조,맑음,단일로 - 기타,승용,여,53세,상해없음,승용,남,61세,경상
2016052000100360,2016년 5월 20일 15시,금요일,부산광역시 사상구 엄궁동,경상사고,0,0,2,0,차대차 - 측면직각충돌,안전거리미확보,건조,맑음,단일로 - 기타,건설기계,남,45세,상해없음,승용,여,54세,경상
2016052000100398,2016년 5월 20일 16시,금요일,부산광역시 북구 덕천동,중상사고,0,1,0,0,차대사람 - 기타,안전운전불이행,건조,맑음,단일로 - 기타,승합,남,36세,상해없음,보행자,여,80세,중상
2016052000100399,2016년 5월 20일 16시,금요일,부산광역시 부산진구 부전동,경상사고,0,0,1,0,차대차 - 측면직각충돌,신호위반,건조,맑음,교차로 - 교차로안,승합,남,67세,상해없음,이륜,남,26세,경상
2016052000100400,2016년 5월 20일 16시,금요일,부산광역시 금정구 부곡동,중상사고,0,1,0,0,차대차 - 측면직각충돌,교차로운행방법위반,건조,맑음,교차로 - 교차로안,승용,남,76세,상해없음,자전거,남,70세,중상
2016052000100401,2016년 5월 20일 16시,금요일,부산광역시 금정구 두구동,경상사고,0,0,1,0,차대차 - 기타,안전운전불이행,건조,맑음,교차로 - 교차로부근,승합,남,68세,상해없음,원동기,남,21세,경상
2016052000100402,2016년 5월 20일 16시,금요일,부산광역시 사하구 신평동,중상사고,0,1,4,2,차대차 - 기타,안전운전불이행,건조,맑음,단일로 - 기타,화물,남,57세,상해없음,승용,남,47세,경상
2016052000100437,2016년 5월 20일 17시,금요일,부산광역시 사상구 덕포동,중상사고,0,1,0,0,차대차 - 측면직각충돌,직진우회전진행방해,건조,맑음,교차로 - 교차로안,화물,남,48세,상해없음,이륜,남,56세,중상
2016052000100489,2016년 5월 20일 18시,금요일,부산광역시 서구 충무동1가,경상사고,0,0,1,0,차대사람 - 길가장자리구역통행중,안전운전불이행,건조,맑음,단일로 - 기타,자전거,남,45세,상해없음,보행자,여,71세,경상
2016052000100543,2016년 5월 20일 19시,금요일,부산광역시 영도구 청학동,중상사고,0,2,0,0,차대사람 - 기타,안전운전불이행,건조,맑음,단일로 - 기타,원동기,남,34세,중상,보행자,여,73세,중상
2016052000100544,2016년 5월 20일 19시,금요일,부산광역시 해운대구 재송동,경상사고,0,0,1,0,차대차 - 기타,안전운전불이행,건조,맑음,단일로 - 기타,특수,남,63세,상해없음,승용,여,42세,상해없음
2016052000100572,2016년 5월 20일 20시,금요일,부산광역시 북구 구포동,경상사고,0,0,1,0,차대차 - 측면직각충돌,교차로운행방법위반,건조,맑음,교차로 - 교차로안,승용,남,56세,상해없음,원동기,여,64세,경상
2016052000100573,2016년 5월 20일 20시,금요일,부산광역시 사하구 장림동,경상사고,0,0,1,0,차대차 - 기타,안전운전불이행,건조,맑음,단일로 - 기타,이륜,남,20세,상해없음,이륜,남,19세,경상
2016052000100614,2016년 5월 20일 21시,금요일,부산광역시 서구 서대신동3가,경상사고,0,0,1,0,차대사람 - 기타,안전운전불이행,건조,맑음,단일로 - 기타,화물,남,58세,상해없음,보행자,여,49세,경상
2016052000100615,2016년 5월 20일 21시,금요일,부산광역시 남구 감만동,중상사고,0,1,0,0,차대차 - 측면직각충돌,안전운전불이행,건조,맑음,단일로 - 기타,승용,남,63세,상해없음,승용,남,50세,기타불명
2016052000100616,2016년 5월 20일 21시,금요일,부산광역시 동래구 안락동,경상사고,0,0,1,0,차대차 - 추돌,안전거리미확보,건조,맑음,단일로 - 기타,승용,남,53세,상해없음,승용,남,39세,경상
2016052000100617,2016년 5월 20일 21시,금요일,부산광역시 부산진구 부전동,부상신고사고,0,0,0,1,차대차 - 기타,안전운전불이행,건조,맑음,단일로 - 기타,이륜,남,34세,부상신고,승용,남,30세,상해없음
2016052000100618,2016년 5월 20일 21시,금요일,부산광역시 금정구 서동,경상사고,0,0,1,0,차대사람 - 차도통행중,안전운전불이행,건조,맑음,교차로 - 교차로부근,승용,남,50세,상해없음,보행자,남,51세,경상
2016052000100619,2016년 5월 20일 21시,금요일,부산광역시 강서구 대저1동,경상사고,0,0,2,0,차대차 - 측면충돌,신호위반,건조,맑음,교차로 - 교차로안,승용,남,29세,상해없음,승용,남,43세,경상
2016052000100620,2016년 5월 20일 21시,금요일,부산광역시 사상구 주례동,경상사고,0,0,1,0,차대사람 - 횡단중,신호위반,건조,맑음,단일로 - 횡단보도상,승용,남,70세,상해없음,보행자,여,58세,경상
2016052000100654,2016년 5월 20일 22시,금요일,부산광역시 동구 초량동,경상사고,0,0,1,0,차대사람 - 횡단중,보행자보호의무위반,건조,맑음,단일로 - 횡단보도상,원동기,남,17세,상해없음,보행자,여,66세,경상
2016052000100655,2016년 5월 20일 22시,금요일,부산광역시 동래구 복천동,중상사고,0,1,0,0,차대차 - 기타,중앙선침범,건조,맑음,단일로 - 기타,승용,여,57세,상해없음,승용,남,22세,중상
2016052000100656,2016년 5월 20일 22시,금요일,부산광역시 부산진구 부전동,중상사고,0,1,0,0,차대사람 - 기타,안전운전불이행,건조,맑음,단일로 - 기타,승용,기타불명,기타불명,기타불명,보행자,여,27세,중상
2016052000100657,2016년 5월 20일 22시,금요일,부산광역시 사하구 괴정동,중상사고,0,1,0,0,차대차 - 측면직각충돌,안전운전불이행,건조,맑음,단일로 - 횡단보도부근,자전거,여,55세,중상,승합,남,45세,상해없음
2016052000100658,2016년 5월 20일 22시,금요일,부산광역시 강서구 죽림동,경상사고,0,0,1,0,차대차 - 측면충돌,신호위반,건조,맑음,교차로 - 교차로안,승용,남,59세,상해없음,승용,남,59세,경상
2016052000100685,2016년 5월 20일 23시,금요일,부산광역시 북구 화명동,경상사고,0,0,1,0,차대차 - 추돌,안전운전불이행,건조,맑음,단일로 - 기타,승용,남,60세,상해없음,승용,남,27세,경상
2016052000100686,2016년 5월 20일 23시,금요일,부산광역시 영도구 동삼동,경상사고,0,0,1,0,차대차 - 기타,안전운전불이행,건조,맑음,교차로 - 교차로안,승용,여,48세,상해없음,자전거,여,23세,경상