사고번호,사고일시,요일,시군구,사고내용,사망자수,중상자수,경상자수,부상신고자수,사고유형,법규위반,노면상태,기상상태,도로형태,가해운전자 차종,가해운전자 성별,가해운전자 연령,가해운전자 상해정도,피해운전자 차종,피해운전자 성별,피해운전자 연령,피해운전자 상해정도
2016052800100250,2016년 5월 28일 12시,토요일,부산광역시 금정구 구서동,중상사고,0,1,0,0,차대차 - 기타,신호위반,건조,맑음,교차로 - 교차로안,승용,남,68세,상해없음,이륜,남,21세,중상
2016052800100251,2016년 5월 28일 12시,토요일,부산광역시 연제구 거제동,경상사고,0,0,1,0,차대차 - 추돌,안전거리미확보,건조,맑음,단일로 - 기타,승용,남,30세,상해없음,승용,남,43세,경상
2016052800100252,2016년 5월 28일 12시,토요일,부산광역시 사상구 주례동,경상사고,0,0,1,0,차대차 - 추돌,안전운전불이행,건조,맑음,교차로 - 교차로부근,승용,여,21세,상해없음,승용,남,55세,상해없음
2016052800100291,2016년 5월 28일 13시,토요일,부산광역시 수영구 민락동,중상사고,0,1,0,0,차대차 - 측면충돌,교차로운행방법위반,건조,맑음,교차로 - 교차로안,승용,남,24세,상해없음,이륜,남,24세,중상
2016052800100292,2016년 5월 28일 13시,토요일,부산광역시 사상구 덕포동,경상사고,0,0,5,0,차대차 - 추돌,안전운전불이행,건조,맑음,단일로 - 기타,승용,남,48세,상해없음,승용,남,38세,경상
2016052800100293,2016년 5월 28일 13시,토요일,부산광역시 사상구 주례동,경상사고,0,0,1,0,차량단독 - 기타,기타,건조,맑음,단일로 - 기타,승용,남,71세,상해없음,,,,
2016052800100332,2016년 5월 28일 14시,토요일,부산광역시 동래구 온천동,경상사고,0,0,1,0,차량단독 - 전도전복,안전운전불이행,건조,맑음,단일로 - 기타,승용,남,58세,경상,,,,
2016052800100333,2016년 5월 28일 14시,토요일,부산광역시 해운대구 재송동,중상사고,0,1,0,1,차대사람 - 기타,안전운전불이행,건조,맑음,단일로 - 기타,자전거,남,16세,부상신고,보행자,여,68세,중상
2016052800100374,2016년 5월 28일 15시,토요일,부산광역시 영도구 영선동1가,중상사고,0,1,0,0,차대차 - 측면충돌,안전운전불이행,건조,맑음,교차로 - 교차로부근,승용,남,29세,상해없음,이륜,남,56세,중상
2016052800100375,2016년 5월 28일 15시,토요일,부산광역시 해운대구 우동,중상사고,0,1,0,0,차대차 - 추돌,안전운전불이행,건조,맑음,단일로 - 기타,승용,남,22세,상해없음,승용,남,23세,중상
2016052800100376,2016년 5월 28일 15시,토요일,부산광역시 사하구 다대동,부상신고사고,0,0,0,1,차대사람 - 기타,안전운전불이행,건조,맑음,교차로 - 교차로부근,기타불명,기타불명,기타불명,기타불명,보행자,남,48세,부상신고
2016052800100513,2016년 5월 28일 18시,토요일,부산광역시 동래구 칠산동,경상사고,0,0,1,0,차대차 - 측면직각충돌,신호위반,건조,맑음,교차로 - 교차로부근,승용,남,53세,상해없음,자전거,남,17세,경상
2016052800100514,2016년 5월 28일 18시,토요일,부산광역시 영도구 청학동,경상사고,0,0,1,0,차대차 - 추돌,안전운전불이행,건조,맑음,단일로 - 기타,승용,남,31세,상해없음,승용,남,33세,경상
2016052800100537,2016년 5월 28일 19시,토요일,부산광역시 남구 대연동,경상사고,0,0,2,0,차대차 - 추돌,교차로운행방법위반,건조,맑음,교차로 - 교차로안,승용,남,39세,상해없음,승용,여,73세,경상
2016052800100539,2016년 5월 28일 19시,토요일,부산광역시 사상구 괘법동,중상사고,0,1,0,0,차대차 - 기타,안전거리미확보,건조,맑음,단일로 - 기타,이륜,남,24세,중상,승용,남,60세,상해없음
2016052800100572,2016년 5월 28일 20시,토요일,부산광역시 해운대구 송정동,경상사고,0,0,1,0,차대차 - 측면직각충돌,안전운전불이행,건조,맑음,단일로 - 기타,이륜,남,53세,경상,승용,남,48세,상해없음
2016052800100573,2016년 5월 28일 20시,토요일,부산광역시 해운대구 우동,경상사고,0,0,2,0,차대사람 - 횡단중,보행자보호의무위반,건조,맑음,단일로 - 기타,승용,여,37세,상해없음,보행자,여,36세,경상
2016052800100574,2016년 5월 28일 20시,토요일,부산광역시 금정구 남산동,경상사고,0,0,1,0,차대사람 - 횡단중,안전운전불이행,건조,맑음,단일로 - 기타,승용,남,29세,상해없음,보행자,남,46세,경상
2016052800100647,2016년 5월 28일 22시,토요일,부산광역시 북구 덕천동,경상사고,0,0,1,0,차대차 - 측면직각충돌,안전운전불이행,건조,맑음,교차로 - 교차로안,승용,여,60세,상해없음,원동기,남,20세,경상
2016052900100006,2016년 5월 29일 00시,일요일,부산광역시 사상구 감전동,중상사고,0,1,0,0,차대사람 - 횡단중,안전운전불이행,건조,맑음,교차로 - 교차로안,승용,남,61세,상해없음,보행자,남,62세,중상
2016052900100031,2016년 5월 29일 01시,일요일,부산광역시 북구 만덕동,경상사고,0,0,1,0,차대사람 - 기타,안전운전불이행,건조,맑음,단일로 - 기타,원동기,남,18세,상해없음,보행자,남,33세,상해없음
2016052900100042,2016년 5월 29일 02시,일요일,부산광역시 해운대구 중동,중상사고,0,1,0,0,차대사람 - 횡단중,안전운전불이행,건조,맑음,단일로 - 기타,승용,남,36세,상해없음,보행자,남,54세,중상
2016052900100055,2016년 5월 29일 03시,일요일,부산광역시 연제구 연산동,경상사고,0,0,1,0,차대차 - 측면충돌,안전운전불이행,건조,맑음,단일로 - 기타,승용,남,37세,상해없음,이륜,남,40세,경상
2016052900100071,2016년 5월 29일 04시,일요일,부산광역시 금정구 부곡동,경상사고,0,0,1,0,차대차 - 추돌,안전거리미확보,건조,맑음,단일로 - 기타,이륜,남,17세,경상,승용,남,58세,상해없음
2016052900100101,2016년 5월 29일 07시,일요일,부산광역시 연제구 거제동,중상사고,0,1,0,0,차대차 - 측면직각충돌,신호위반,습기,비,교차로 - 교차로안,승용,남,30세,상해없음,원동기,남,29세,중상
2016052900100112,2016년 5월 29일 08시,일요일,부산광역시 부산진구 연지동,중상사고,0,1,0,0,차대차 - 기타,교차로운행방법위반,습기,비,교차로 - 교차로안,승용,남,42세,상해없음,이륜,남,45세,중상
2016052900100131,2016년 5월 29일 09시,일요일,부산광역시 동래구 안락동,경상사고,0,0,2,0,차대차 - 추돌,안전운전불이행,건조,맑음,단일로 - 기타,승용,남,31세,상해없음,승합,남,43세,상해없음
2016052900100132,2016년 5월 29일 09시,일요일,부산광역시 사상구 괘법동,경상사고,0,0,1,0,차대사람 - 횡단중,안전운전불이행,습기,비,교차로 - 교차로부근,승용,여,51세,상해없음,보행자,남,37세,경상
2016052900100207,2016년 5월 29일 13시,일요일,부산광역시 사상구 엄궁동,경상사고,0,0,1,0,차대차 - 측면직각충돌,안전운전불이행,건조,맑음,교차로 - 교차로안,승용,여,35세,상해없음,승용,남,28세,경상
2016052900100259,2016년 5월 29일 15시,일요일,부산광역시 수영구 광안동,경상사고,0,0,1,0,차대차 - 추돌,안전운전불이행,건조,맑음,단일로 - 기타,이륜,기타불명,기타불명,기타불명,승용,남,58세,경상
2016052900100260,2016년 5월 29일 15시,일요일,부산광역시 기장군 장안읍,중상사고,0,1,0,1,차대차 - 측면충돌,안전거리미확보,건조,맑음,단일로 - 기타,승용,남,28세,부상신고,승합,남,34세,상해없음
2016052900100283,2016년 5월 29일 16시,일요일,부산광역시 수영구 광안동,경상사고,0,0,1,0,차대사람 - 기타,안전운전불이행,건조,맑음,단일로 - 기타,기타불명,기타불명,기타불명,기타불명,보행자,여,66세,경상
2016052900100284,2016년 5월 29일 16시,일요일,부산광역시 해운대구 우동,경상사고,0,0,2,0,차대차 - 정면충돌,신호위반,건조,맑음,교차로 - 교차로안,승용,여,39세,상해없음,이륜,남,26세,경상
2016052900100285,2016년 5월 29일 16시,일요일,부산광역시 연제구 거제동,경상사고,0,0,1,0,차대차 - 측면충돌,안전운전불이행,건조,맑음,교차로 - 교차로부근,승용,여,51세,상해없음,원동기,남,44세,경상
2016052900100326,2016년 5월 29일 17시,일요일,부산광역시 동구 초량동,경상사고,0,0,1,0,차대차 - 측면직각충돌,안전거리미확보,건조,흐림,단일로 - 기타,승용,남,71세,상해없음,승합,남,49세,상해없음
2016052900100354,2016년 5월 29일 18시,일요일,부산광역시 동래구 온천동,중상사고,0,1,0,0,차대차 - 측면직각충돌,신호위반,건조,맑음,교차로 - 교차로안,승용,남,57세,상해없음,이륜,남,22세,중상
2016052900100381,2016년 5월 29일 19시,일요일,부산광역시 해운대구 중동,경상사고,0,0,1,0,차대사람 - 길가장자리구역통행중,안전운전불이행,건조,맑음,단일로 - 기타,승용,여,35세,상해없음,보행자,남,25세,경상
2016052900100406,2016년 5월 29일 20시,일요일,부산광역시 동구 범일동,중상사고,0,1,0,0,차대차 - 측면충돌,신호위반,건조,맑음,교차로 - 교차로안,승용,남,21세,상해없음,이륜,남,30세,중상
2016052900100407,2016년 5월 29일 20시,일요일,부산광역시 남구 용호동,중상사고,0,1,0,0,차대사람 - 횡단중,보행자보호의무위반,건조,맑음,교차로 - 교차로부근,승용,남,48세,상해없음,보행자,여,60세,중상
2016052900100408,2016년 5월 29일 20시,일요일,부산광역시 동래구 낙민동,경상사고,0,0,1,0,차대사람 - 기타,보행자보호의무위반,건조,맑음,단일로 - 횡단보도상,자전거,남,13세,상해없음,보행자,남,6세,경상
2016052900100409,2016년 5월 29일 20시,일요일,부산광역시 부산진구 부암동,경상사고,0,0,1,0,차대차 - 측면직각충돌,안전운전불이행,건조,맑음,교차로 - 교차로안,승용,남,42세,경상,승용,여,53세,상해없음
2016052900100410,2016년 5월 29일 20시,일요일,부산광역시 북구 구포동,경상사고,0,0,2,0,차대차 - 측면직각충돌,안전운전불이행,건조,맑음,교차로 - 교차로안,승용,남,43세,상해없음,승용,남,23세,경상
2016052900100411,2016년 5월 29일 20시,일요일,부산광역시 기장군 기장읍,경상사고,0,0,3,0,차대차 - 측면직각충돌,차로위반,건조,맑음,단일로 - 기타,승용,여,24세,상해없음,승용,여,41세,경상
2016053000100031,2016년 5월 30일 02시,월요일,부산광역시 해운대구 좌동,중상사고,0,1,0,1,차대차 - 기타,차로위반,건조,맑음,단일로 - 기타,승용,여,20세,부상신고,승용,남,49세,중상
2016053000100040,2016년 5월 30일 04시,월요일,부산광역시 수영구 민락동,경상사고,0,0,2,0,차대사람 - 길가장자리구역통행중,안전운전불이행,건조,맑음,교차로 - 교차로부근,승용,남,48세,상해없음,보행자,여,25세,경상
2016053000100052,2016년 5월 30일 06시,월요일,부산광역시 서구 충무동1가,중상사고,0,1,0,0,차대사람 - 길가장자리구역통행중,안전운전불이행,건조,맑음,단일로 - 기타,화물,남,55세,상해없음,보행자,여,71세,중상
2016053000100060,2016년 5월 30일 07시,월요일,부산광역시 서구 동대신동2가,중상사고,0,1,0,0,차대차 - 추돌,안전운전불이행,건조,맑음,단일로 - 터널,승용,여,57세,상해없음,승용,남,39세,중상
2016053000100061,2016년 5월 30일 07시,월요일,부산광역시 금정구 부곡동,경상사고,0,0,1,0,차대차 - 기타,교차로운행방법위반,건조,맑음,교차로 - 교차로안,승용,남,51세,상해없음,승용,여,36세,경상
2016053000100096,2016년 5월 30일 08시,월요일,부산광역시 서구 동대신동1가,중상사고,0,1,0,0,차대차 - 기타,안전운전불이행,건조,맑음,단일로 - 기타,건설기계,남,46세,상해없음,승용,여,29세,중상
2016053000100097,2016년 5월 30일 08시,월요일,부산광역시 부산진구 부암동,경상사고,0,0,1,0,차대차 - 기타,안전거리미확보,건조,맑음,교차로 - 교차로부근,승용,여,22세,상해없음,승용,남,35세,경상
2016053000100098,2016년 5월 30일 08시,월요일,부산광역시 사하구 장림동,경상사고,0,0,1,0,차대차 - 정면충돌,교차로운행방법위반,건조,맑음,교차로 - 교차로안,승용,여,37세,상해없음,원동기,남,64세,경상
2016053000100143,2016년 5월 30일 09시,월요일,부산광역시 동래구 수안동,경상사고,0,0,1,0,차대차 - 기타,안전운전불이행,건조,맑음,단일로 - 기타,원동기,남,44세,경상,승용,남,25세,상해없음
2016053000100144,2016년 5월 30일 09시,월요일,부산광역시 부산진구 범천동,경상사고,0,0,2,0,차대차 - 측면충돌,신호위반,건조,맑음,교차로 - 교차로안,승용,여,45세,상해없음,승용,남,37세,경상
2016053000100145,2016년 5월 30일 09시,월요일,부산광역시 금정구 장전동,사망사고,1,0,0,0,차대사람 - 기타,안전운전불이행,건조,맑음,단일로 - 기타,건설기계,남,58세,기타불명,보행자,여,78세,사망
2016053000100146,2016년 5월 30일 09시,월요일,부산광역시 강서구 대저1동,중상사고,0,1,0,0,차대차 - 기타,안전운전불이행,건조,맑음,단일로 - 기타,건설기계,남,45세,상해없음,자전거,남,56세,중상
2016053000100223,2016년 5월 30일 11시,월요일,부산광역시 동구 초량동,중상사고,0,1,0,0,차량단독 - 기타,안전운전불이행,건조,맑음,단일로 - 기타,승합,남,44세,상해없음,,,,
2016053000100225,2016년 5월 30일 11시,월요일,부산광역시 북구 덕천동,경상사고,0,0,1,0,차대차 - 기타,교차로운행방법위반,건조,맑음,단일로 - 기타,승용,남,46세,상해없음,승용,남,49세,경상
2016053000100259,2016년 5월 30일 12시,월요일,부산광역시 수영구 광안동,경상사고,0,0,1,0,차대사람 - 기타,안전운전불이행,건조,맑음,단일로 - 기타,승용,여,49세,상해없음,보행자,남,6세,경상
2016053000100283,2016년 5월 30일 13시,월요일,부산광역시 동구 범일동,경상사고,0,0,2,0,차대차 - 기타,안전거리미확보,건조,맑음,단일로 - 기타,승용,남,60세,경상,화물,남,29세,경상
2016053000100284,2016년 5월 30일 13시,월요일,부산광역시 북구 만덕동,경상사고,0,0,1,0,차대차 - 추돌,안전거리미확보,건조,맑음,단일로 - 기타,건설기계,남,59세,상해없음,승용,여,36세,경상
2016053000100285,2016년 5월 30일 13시,월요일,부산광역시 해운대구 재송동,경상사고,0,0,1,0,차대차 - 측면직각충돌,안전운전불이행,건조,맑음,단일로 - 기타,승용,남,52세,상해없음,승용,여,61세,경상
2016053000100286,2016년 5월 30일 13시,월요일,부산광역시 금정구 부곡동,경상사고,0,0,1,0,차대차 - 추돌,안전거리미확보,건조,맑음,교차로 - 교차로부근,승용,여,48세,상해없음,승합,남,51세,경상
2016053000100287,2016년 5월 30일 13시,월요일,부산광역시 기장군 기장읍,중상사고,0,1,0,0,차대사람 - 길가장자리구역통행중,안전운전불이행,건조,맑음,교차로 - 교차로부근,화물,남,62세,상해없음,보행자,남,76세,중상
2016053000100321,2016년 5월 30일 14시,월요일,부산광역시 동구 범일동,중상사고,0,1,0,0,차대사람 - 횡단중,보행자보호의무위반,건조,맑음,단일로 - 횡단보도상,승용,남,29세,상해없음,보행자,여,34세,중상
2016053000100322,2016년 5월 30일 14시,월요일,부산광역시 부산진구 부전동,중상사고,0,1,1,0,차대차 - 기타,안전거리미확보,건조,맑음,기타 - 기타,승용,남,50세,상해없음,승합,남,43세,상해없음
2016053000100323,2016년 5월 30일 14시,월요일,부산광역시 사상구 삼락동,부상신고사고,0,0,0,2,차대차 - 측면직각충돌,안전운전불이행,기타,맑음,단일로 - 기타,승용,남,26세,부상신고,승용,남,31세,부상신고
2016053000100371,2016년 5월 30일 15시,월요일,부산광역시 영도구 동삼동,중상사고,0,1,0,0,차대차 - 기타,안전운전불이행,건조,맑음,단일로 - 기타,승합,남,66세,상해없음,승용,여,64세,중상
2016053000100372,2016년 5월 30일 15시,월요일,부산광역시 해운대구 좌동,경상사고,0,0,1,0,차대차 - 기타,안전거리미확보,건조,맑음,단일로 - 기타,승용,여,60세,상해없음,승합,남,52세,상해없음
2016053000100408,2016년 5월 30일 16시,월요일,부산광역시 남구 용호동,중상사고,0,1,0,0,차량단독 - 기타,안전운전불이행,건조,맑음,단일로 - 기타,승합,남,47세,상해없음,,,,
2016053000100454,2016년 5월 30일 17시,월요일,부산광역시 남구 용당동,경상사고,0,0,1,0,차대차 - 측면직각충돌,안전운전불이행,건조,맑음,교차로 - 교차로안,화물,남,47세,상해없음,승용,남,50세,경상
2016053000100455,2016년 5월 30일 17시,월요일,부산광역시 연제구 연산동,중상사고,0,1,0,0,차대사람 - 차도통행중,안전운전불이행,건조,맑음,교차로 - 교차로부근,승용,남,56세,상해없음,보행자,여,75세,중상
2016053000100499,2016년 5월 30일 18시,월요일,부산광역시 동래구 낙민동,중상사고,0,1,2,0,차대차 - 추돌,안전운전불이행,건조,맑음,단일로 - 기타,화물,남,47세,상해없음,승용,남,43세,경상
2016053000100500,2016년 5월 30일 18시,월요일,부산광역시 해운대구 재송동,중상사고,0,1,0,0,차대사람 - 기타,안전운전불이행,건조,맑음,교차로 - 교차로부근,승용,남,55세,상해없음,보행자,여,42세,중상
2016053000100501,2016년 5월 30일 18시,월요일,부산광역시 강서구 녹산동,중상사고,0,1,0,0,차대차 - 정면충돌,신호위반,건조,맑음,교차로 - 교차로안,화물,남,34세,상해없음,승용,남,45세,중상
2016053000100582,2016년 5월 30일 20시,월요일,부산광역시 수영구 민락동,중상사고,0,1,0,0,차대차 - 측면충돌,안전운전불이행,건조,맑음,단일로 - 기타,승용,남,59세,상해없음,이륜,남,27세,중상
2016053000100583,2016년 5월 30일 20시,월요일,부산광역시 사상구 덕포동,경상사고,0,0,1,0,차대차 - 추돌,중앙선침범,건조,맑음,단일로 - 기타,승용,남,51세,상해없음,자전거,남,40세,경상
2016053000100606,2016년 5월 30일 21시,월요일,부산광역시 서구 충무동1가,경상사고,0,0,1,0,차대차 - 측면직각충돌,차로위반,건조,맑음,단일로 - 기타,승용,남,56세,상해없음,승용,남,36세,경상
2016053000100607,2016년 5월 30일 21시,월요일,부산광역시 부산진구 개금동,중상사고,0,1,2,0,차대차 - 기타,중앙선침범,기타,맑음,단일로 - 기타,화물,남,57세,상해없음,승용,남,57세,상해없음
2016053000100608,2016년 5월 30일 21시,월요일,부산광역시 사하구 하단동,경상사고,0,0,1,0,차대차 - 추돌,안전운전불이행,건조,맑음,교차로 - 교차로부근,특수,남,56세,상해없음,승용,여,32세,경상
2016053000100635,2016년 5월 30일 22시,월요일,부산광역시 서구 동대신동1가,경상사고,0,0,1,0,차대차 - 기타,신호위반,건조,맑음,교차로 - 교차로안,화물,남,59세,상해없음,승용,여,35세,경상
2016053000100655,2016년 5월 30일 23시,월요일,부산광역시 동구 좌천동,중상사고,0,1,0,0,차대사람 - 횡단중,안전운전불이행,건조,맑음,단일로 - 기타,승용,남,57세,상해없음,보행자,남,44세,중상
2016053000100656,2016년 5월 30일 23시,월요일,부산광역시 해운대구 우동,경상사고,0,0,3,0,차대차 - 기타,교차로운행방법위반,건조,맑음,교차로 - 교차로안,승용,남,30세,상해없음,승용,남,53세,경상
2016053100100005,2016년 5월 31일 00시,화요일,부산광역시 부산진구 전포동,중상사고,0,1,0,0,차대차 - 기타,신호위반,건조,맑음,교차로 - 교차로안,승용,남,34세,상해없음,승용,남,56세,중상
2016053100100006,2016년 5월 31일 00시,화요일,부산광역시 강서구 대저1동,중상사고,0,1,0,0,차대차 - 측면직각충돌,안전운전불이행,건조,맑음,단일로 - 기타,승용,남,25세,상해없음,승용,남,31세,중상
2016053100100015,2016년 5월 31일 01시,화요일,부산광역시 해운대구 중동,경상사고,0,0,1,0,차대차 - 측면직각충돌,교차로운행방법위반,건조,맑음,교차로 - 교차로안,승용,여,24세,상해없음,승용,남,45세,경상
2016053100100037,2016년 5월 31일 04시,화요일,부산광역시 해운대구 우동,중상사고,0,1,1,0,차대차 - 추돌,안전운전불이행,습기,맑음,단일로 - 기타,이륜,남,20세,상해없음,승용,남,34세,기타불명
2016053100100044,2016년 5월 31일 05시,화요일,부산광역시 동래구 수안동,중상사고,0,1,0,0,차대사람 - 횡단중,신호위반,건조,맑음,단일로 - 기타,승용,남,62세,상해없음,보행자,여,37세,중상
2016053100100096,2016년 5월 31일 08시,화요일,부산광역시 연제구 거제동,경상사고,0,0,1,0,차대차 - 측면충돌,안전거리미확보,건조,맑음,단일로 - 기타,승용,남,73세,상해없음,승용,여,41세,경상
2016053100100132,2016년 5월 31일 09시,화요일,부산광역시 부산진구 부전동,경상사고,0,0,1,0,차대사람 - 횡단중,안전운전불이행,건조,맑음,단일로 - 기타,승용,남,27세,상해없음,보행자,남,41세,경상
2016053100100133,2016년 5월 31일 09시,화요일,부산광역시 부산진구 양정동,경상사고,0,0,1,0,차대차 - 기타,안전거리미확보,건조,맑음,단일로 - 기타,승용,남,46세,상해없음,화물,남,46세,경상
2016053100100134,2016년 5월 31일 09시,화요일,부산광역시 사하구 구평동,중상사고,0,1,0,0,차대차 - 측면직각충돌,안전운전불이행,건조,맑음,교차로 - 교차로안,승용,남,43세,상해없음,승용,여,39세,중상
2016053100100135,2016년 5월 31일 09시,화요일,부산광역시 사상구 감전동,경상사고,0,0,2,0,차대차 - 기타,직진우회전진행방해,건조,맑음,교차로 - 교차로안,승용,여,53세,상해없음,승용,남,34세,경상
2016053100100169,2016년 5월 31일 10시,화요일,부산광역시 동구 수정동,경상사고,0,0,1,0,차대차 - 기타,차로위반,건조,맑음,단일로 - 기타,화물,남,67세,상해없음,승합,남,38세,상해없음
2016053100100170,2016년 5월 31일 10시,화요일,부산광역시 해운대구 좌동,중상사고,0,1,0,0,차대사람 - 횡단중,보행자보호의무위반,기타,맑음,단일로 - 기타,승용,남,29세,상해없음,보행자,여,63세,중상
2016053100100171,2016년 5월 31일 10시,화요일,부산광역시 금정구 선동,경상사고,0,0,1,0,차대차 - 정면충돌,중앙선침범,건조,맑음,단일로 - 기타,건설기계,남,47세,상해없음,건설기계,남,54세,경상
2016053100100203,2016년 5월 31일 11시,화요일,부산광역시 남구 문현동,경상사고,0,0,16,1,차대차 - 추돌,안전운전불이행,건조,맑음,단일로 - 기타,승합,남,58세,상해없음,건설기계,남,46세,상해없음
2016053100100240,2016년 5월 31일 12시,화요일,부산광역시 동래구 온천동,중상사고,0,2,0,0,차대차 - 기타,차로위반,건조,맑음,단일로 - 기타,승용,여,36세,상해없음,화물,남,62세,중상
2016053100100267,2016년 5월 31일 13시,화요일,부산광역시 서구 아미동1가,중상사고,0,1,0,0,차대사람 - 기타,안전운전불이행,건조,맑음,교차로 - 교차로부근,승합,남,60세,상해없음,보행자,남,69세,중상
2016053100100268,2016년 5월 31일 13시,화요일,부산광역시 남구 대연동,경상사고,0,0,1,0,차대사람 - 길가장자리구역통행중,안전운전불이행,건조,맑음,단일로 - 기타,화물,남,31세,상해없음,보행자,여,47세,경상
2016053100100322,2016년 5월 31일 15시,화요일,부산광역시 남구 대연동,중상사고,0,1,0,0,차대사람 - 차도통행중,안전운전불이행,건조,맑음,단일로 - 기타,화물,남,45세,상해없음,보행자,여,78세,중상
2016053100100359,2016년 5월 31일 16시,화요일,부산광역시 동구 수정동,부상신고사고,0,0,0,1,차대사람 - 기타,안전운전불이행,건조,맑음,단일로 - 기타,승용,여,34세,기타불명,보행자,남,65세,부상신고
2016053100100360,2016년 5월 31일 16시,화요일,부산광역시 동래구 사직동,중상사고,0,1,0,0,차대사람 - 차도통행중,안전운전불이행,건조,맑음,단일로 - 기타,승용,여,38세,상해없음,보행자,남,7세,중상
2016053100100361,2016년 5월 31일 16시,화요일,부산광역시 강서구 대저1동,중상사고,0,1,3,0,차대차 - 측면직각충돌,신호위반,건조,맑음,단일로 - 기타,승용,남,62세,상해없음,승용,남,44세,중상
2016053100100401,2016년 5월 31일 17시,화요일,부산광역시 영도구 대교동2가,경상사고,0,0,1,0,차대차 - 측면직각충돌,안전거리미확보,건조,맑음,단일로 - 기타,승용,남,67세,상해없음,승용,남,65세,경상
2016053100100402,2016년 5월 31일 17시,화요일,부산광역시 부산진구 전포동,경상사고,0,0,1,0,차대차 - 기타,안전운전불이행,건조,맑음,단일로 - 기타,승합,남,48세,상해없음,승용,여,46세,경상
2016053100100545,2016년 5월 31일 21시,화요일,부산광역시 남구 용호동,경상사고,0,0,1,0,차대차 - 측면직각충돌,안전운전불이행,건조,맑음,단일로 - 기타,화물,남,34세,상해없음,승용,남,38세,경상
2016053100100546,2016년 5월 31일 21시,화요일,부산광역시 해운대구 우동,중상사고,0,1,0,0,차대사람 - 횡단중,안전운전불이행,건조,맑음,단일로 - 기타,승용,남,23세,상해없음,보행자,여,61세,중상
2016053100100547,2016년 5월 31일 21시,화요일,부산광역시 부산진구 부전동,중상사고,0,2,0,0,차대차 - 측면직각충돌,신호위반,건조,맑음,교차로 - 교차로안,이륜,남,24세,기타불명,이륜,남,16세,중상
2016053100100548,2016년 5월 31일 21시,화요일,부산광역시 사하구 장림동,경상사고,0,0,1,0,차대차 - 추돌,안전운전불이행,건조,맑음,단일로 - 기타,승합,남,53세,상해없음,이륜,남,17세,경상
2016053100100577,2016년 5월 31일 22시,화요일,부산광역시 사상구 괘법동,중상사고,0,1,0,0,차대차 - 측면직각충돌,안전운전불이행,건조,맑음,단일로 - 기타,승용,남,53세,상해없음,원동기,남,19세,중상
2016060100100006,2016년 6월 1일 00시,수요일,부산광역시 동래구 사직동,중상사고,0,1,0,0,차대사람 - 길가장자리구역통행중,안전운전불이행,건조,맑음,단일로 - 기타,승용,남,27세,상해없음,보행자,남,60세,중상
2016060100100007,2016년 6월 1일 00시,수요일,부산광역시 동래구 복천동,경상사고,0,0,1,0,차대사람 - 차도통행중,안전운전불이행,건조,맑음,교차로 - 교차로안,승용,남,62세,상해없음,보행자,여,18세,경상
2016060100100053,2016년 6월 1일 04시,수요일,부산광역시 북구 덕천동,경상사고,0,0,2,1,차대차 - 기타,안전운전불이행,건조,맑음,교차로 - 교차로안,승용,남,68세,부상신고,승용,남,57세,경상
2016060100100063,2016년 6월 1일 06시,수요일,부산광역시 수영구 남천동,경상사고,0,0,1,0,차대차 - 측면충돌,신호위반,건조,맑음,교차로 - 교차로안,화물,남,47세,상해없음,화물,남,40세,경상
2016060100100064,2016년 6월 1일 06시,수요일,부산광역시 남구 대연동,중상사고,0,1,0,0,차대차 - 측면직각충돌,중앙선침범,건조,맑음,단일로 - 기타,승용,남,55세,상해없음,승용,남,53세,중상
2016060100100065,2016년 6월 1일 06시,수요일,부산광역시 강서구 구랑동,사망사고,1,0,0,0,차대차 - 추돌,안전운전불이행,건조,맑음,기타 - 기타,이륜,남,28세,사망,승용,남,34세,상해없음
2016060100100082,2016년 6월 1일 07시,수요일,부산광역시 해운대구 반여동,중상사고,0,1,0,0,차대사람 - 횡단중,보행자보호의무위반,건조,맑음,단일로 - 횡단보도상,화물,남,61세,상해없음,보행자,남,33세,중상
2016060100100083,2016년 6월 1일 07시,수요일,부산광역시 사상구 괘법동,경상사고,0,0,1,0,차대차 - 기타,교차로운행방법위반,건조,맑음,교차로 - 교차로부근,건설기계,남,52세,상해없음,이륜,남,42세,경상
2016060100100152,2016년 6월 1일 09시,수요일,부산광역시 남구 용호동,중상사고,0,1,0,0,차대사람 - 횡단중,안전운전불이행,건조,맑음,교차로 - 교차로부근,승용,남,35세,상해없음,보행자,여,81세,중상
2016060100100153,2016년 6월 1일 09시,수요일,부산광역시 동래구 온천동,중상사고,0,1,0,0,차대차 - 측면직각충돌,신호위반,건조,맑음,교차로 - 교차로안,승용,남,32세,기타불명,이륜,남,44세,중상
2016060100100154,2016년 6월 1일 09시,수요일,부산광역시 부산진구 개금동,경상사고,0,0,1,0,차대사람 - 기타,안전운전불이행,건조,맑음,단일로 - 기타,승용,여,28세,기타불명,보행자,여,21세,경상
2016060100100188,2016년 6월 1일 10시,수요일,부산광역시 동구 초량동,경상사고,0,0,1,0,차대차 - 측면직각충돌,교차로운행방법위반,건조,맑음,교차로 - 교차로안,승용,여,47세,상해없음,승용,여,56세,경상
2016060100100189,2016년 6월 1일 10시,수요일,부산광역시 영도구 청학동,경상사고,0,0,1,0,차대차 - 추돌,안전운전불이행,건조,맑음,단일로 - 기타,화물,남,30세,상해없음,원동기,남,38세,경상