사고번호,사고일시,요일,시군구,사고내용,사망자수,중상자수,경상자수,부상신고자수,사고유형,법규위반,노면상태,기상상태,도로형태,가해운전자 차종,가해운전자 성별,가해운전자 연령,가해운전자 상해정도,피해운전자 차종,피해운전자 성별,피해운전자 연령,피해운전자 상해정도
2016060400100638,2016년 6월 4일 22시,토요일,부산광역시 영도구 대교동2가,경상사고,0,0,1,0,차량단독 - 전도전복,안전운전불이행,건조,맑음,단일로 - 기타,원동기,남,17세,상해없음,,,,
2016060400100639,2016년 6월 4일 22시,토요일,부산광역시 연제구 연산동,부상신고사고,0,0,0,1,차대사람 - 길가장자리구역통행중,기타,건조,맑음,단일로 - 기타,승용,남,34세,상해없음,보행자,남,46세,부상신고
2016060400100659,2016년 6월 4일 23시,토요일,부산광역시 동래구 안락동,중상사고,0,1,0,0,차대사람 - 차도통행중,안전운전불이행,습기,비,교차로 - 교차로안,승용,남,68세,상해없음,보행자,남,23세,중상
2016060400100660,2016년 6월 4일 23시,토요일,부산광역시 동래구 명장동,경상사고,0,0,2,0,차대차 - 측면직각충돌,안전운전불이행,건조,맑음,단일로 - 횡단보도상,승용,남,47세,상해없음,승용,남,54세,경상
2016060400100661,2016년 6월 4일 23시,토요일,부산광역시 영도구 청학동,중상사고,0,1,1,0,차대차 - 추돌,안전운전불이행,습기,비,단일로 - 기타,승용,남,58세,상해없음,원동기,남,19세,경상
2016060500100030,2016년 6월 5일 02시,일요일,부산광역시 해운대구 중동,중상사고,0,1,0,0,차대차 - 정면충돌,중앙선침범,습기,비,단일로 - 기타,승용,남,28세,상해없음,승용,남,57세,중상
2016060500100056,2016년 6월 5일 04시,일요일,부산광역시 부산진구 범천동,중상사고,0,1,0,0,차대차 - 측면충돌,신호위반,건조,맑음,교차로 - 교차로안,승용,남,21세,상해없음,승용,남,59세,중상
2016060500100064,2016년 6월 5일 05시,일요일,부산광역시 동래구 명장동,중상사고,0,1,0,0,차대차 - 측면직각충돌,안전운전불이행,습기,맑음,단일로 - 기타,승용,여,24세,상해없음,승용,남,59세,중상
2016060500100065,2016년 6월 5일 05시,일요일,부산광역시 부산진구 당감동,경상사고,0,0,4,0,차대차 - 기타,안전운전불이행,건조,맑음,교차로 - 교차로안,승용,남,30세,상해없음,승용,남,42세,경상
2016060500100106,2016년 6월 5일 09시,일요일,부산광역시 사하구 감천동,경상사고,0,0,1,0,차대사람 - 횡단중,신호위반,건조,맑음,교차로 - 교차로부근,승용,남,29세,상해없음,보행자,남,60세,경상
2016060500100156,2016년 6월 5일 11시,일요일,부산광역시 서구 동대신동1가,부상신고사고,0,0,0,1,차대차 - 추돌,안전운전불이행,건조,맑음,단일로 - 기타,이륜,남,21세,부상신고,승합,남,72세,상해없음
2016060500100157,2016년 6월 5일 11시,일요일,부산광역시 남구 문현동,경상사고,0,0,1,0,차대사람 - 길가장자리구역통행중,기타,건조,맑음,단일로 - 기타,승용,남,59세,상해없음,보행자,남,61세,경상
2016060500100192,2016년 6월 5일 12시,일요일,부산광역시 동구 범일동,경상사고,0,0,1,0,차대차 - 측면직각충돌,교차로운행방법위반,건조,맑음,교차로 - 교차로안,승용,남,36세,상해없음,승용,남,78세,경상
2016060500100193,2016년 6월 5일 12시,일요일,부산광역시 해운대구 송정동,경상사고,0,0,1,0,차대사람 - 횡단중,보행자보호의무위반,건조,맑음,단일로 - 횡단보도상,승용,남,22세,상해없음,보행자,여,9세,경상
2016060500100194,2016년 6월 5일 12시,일요일,부산광역시 연제구 연산동,경상사고,0,0,1,0,차대차 - 측면직각충돌,안전운전불이행,건조,맑음,단일로 - 기타,자전거,남,81세,경상,승용,남,38세,상해없음
2016060500100217,2016년 6월 5일 13시,일요일,부산광역시 해운대구 송정동,경상사고,0,0,3,0,차대차 - 기타,안전거리미확보,건조,맑음,단일로 - 기타,승용,남,27세,상해없음,승용,남,34세,경상
2016060500100218,2016년 6월 5일 13시,일요일,부산광역시 금정구 부곡동,중상사고,0,1,0,0,차대차 - 정면충돌,안전운전불이행,건조,맑음,단일로 - 기타,자전거,여,65세,중상,승용,여,29세,상해없음
2016060500100256,2016년 6월 5일 14시,일요일,부산광역시 북구 구포동,중상사고,0,1,0,0,차대차 - 측면직각충돌,안전거리미확보,건조,맑음,단일로 - 기타,원동기,남,63세,중상,승용,남,44세,상해없음
2016060500100257,2016년 6월 5일 14시,일요일,부산광역시 동래구 명륜동,중상사고,0,1,0,0,차대사람 - 차도통행중,안전운전불이행,건조,맑음,단일로 - 횡단보도부근,화물,남,39세,상해없음,보행자,남,85세,중상
2016060500100293,2016년 6월 5일 15시,일요일,부산광역시 기장군 기장읍,중상사고,0,1,4,0,차대차 - 추돌,안전거리미확보,건조,맑음,단일로 - 기타,승용,남,55세,상해없음,승용,남,59세,경상
2016060500100323,2016년 6월 5일 16시,일요일,부산광역시 해운대구 재송동,경상사고,0,0,1,1,차대차 - 측면직각충돌,교차로운행방법위반,건조,맑음,교차로 - 교차로안,승합,남,23세,상해없음,승용,남,56세,경상
2016060500100324,2016년 6월 5일 16시,일요일,부산광역시 해운대구 우동,부상신고사고,0,0,0,1,차대차 - 측면직각충돌,안전운전불이행,건조,맑음,단일로 - 기타,이륜,남,41세,부상신고,승용,남,70세,상해없음
2016060500100325,2016년 6월 5일 16시,일요일,부산광역시 기장군 기장읍,경상사고,0,0,1,0,차대차 - 측면직각충돌,안전운전불이행,건조,맑음,단일로 - 기타,승용,남,36세,상해없음,승용,남,70세,경상
2016060500100409,2016년 6월 5일 18시,일요일,부산광역시 남구 문현동,중상사고,0,1,0,0,차대차 - 측면직각충돌,안전운전불이행,건조,맑음,교차로 - 교차로안,승용,남,49세,상해없음,자전거,남,58세,중상
2016060500100410,2016년 6월 5일 18시,일요일,부산광역시 해운대구 우동,중상사고,0,1,1,0,차대차 - 추돌,안전운전불이행,건조,맑음,교차로 - 교차로안,승합,남,51세,기타불명,승용,여,43세,중상
2016060500100462,2016년 6월 5일 19시,일요일,부산광역시 남구 문현동,경상사고,0,0,1,0,차대사람 - 기타,안전운전불이행,건조,맑음,교차로 - 교차로안,승합,남,47세,상해없음,보행자,여,59세,경상
2016060500100463,2016년 6월 5일 19시,일요일,부산광역시 수영구 민락동,중상사고,0,1,0,0,차대사람 - 기타,안전운전불이행,건조,맑음,단일로 - 기타,자전거,남,37세,상해없음,보행자,남,82세,중상
2016060500100517,2016년 6월 5일 21시,일요일,부산광역시 강서구 대저1동,경상사고,0,0,1,0,차대차 - 측면충돌,신호위반,건조,맑음,기타 - 기타,이륜,남,38세,경상,승용,남,44세,상해없음
2016060500100544,2016년 6월 5일 22시,일요일,부산광역시 사하구 하단동,경상사고,0,0,1,0,차대사람 - 횡단중,안전운전불이행,건조,맑음,단일로 - 기타,화물,남,58세,상해없음,보행자,남,35세,경상
2016060500100573,2016년 6월 5일 23시,일요일,부산광역시 북구 금곡동,경상사고,0,0,1,0,차량단독 - 기타,안전운전불이행,건조,맑음,교차로 - 교차로부근,승합,남,60세,상해없음,,,,
2016060500100574,2016년 6월 5일 23시,일요일,부산광역시 동래구 안락동,중상사고,0,1,0,0,차대차 - 측면직각충돌,신호위반,건조,맑음,교차로 - 교차로안,승용,남,56세,상해없음,원동기,남,25세,중상
2016060500100575,2016년 6월 5일 23시,일요일,부산광역시 부산진구 전포동,중상사고,0,1,0,0,차대차 - 기타,안전운전불이행,건조,맑음,단일로 - 기타,승용,남,23세,상해없음,자전거,남,75세,중상
2016060600100026,2016년 6월 6일 01시,월요일,부산광역시 북구 화명동,경상사고,0,0,2,0,차대차 - 정면충돌,신호위반,건조,맑음,교차로 - 교차로안,승용,남,22세,상해없음,승용,남,54세,경상
2016060600100027,2016년 6월 6일 01시,월요일,부산광역시 부산진구 부전동,경상사고,0,0,1,0,차대차 - 측면직각충돌,안전운전불이행,건조,맑음,교차로 - 교차로안,승용,남,28세,상해없음,승용,남,50세,경상
2016060600100054,2016년 6월 6일 04시,월요일,부산광역시 사하구 괴정동,중상사고,0,1,1,0,차대차 - 측면충돌,신호위반,건조,맑음,교차로 - 교차로안,특수,남,54세,상해없음,승용,남,67세,중상
2016060600100083,2016년 6월 6일 07시,월요일,부산광역시 북구 만덕동,경상사고,0,0,1,0,차대차 - 기타,안전운전불이행,건조,맑음,교차로 - 교차로안,화물,남,72세,상해없음,원동기,남,40세,경상
2016060600100084,2016년 6월 6일 07시,월요일,부산광역시 사상구 엄궁동,경상사고,0,0,2,0,차대차 - 추돌,안전거리미확보,건조,맑음,단일로 - 기타,승용,남,43세,경상,승용,여,56세,경상
2016060600100100,2016년 6월 6일 08시,월요일,부산광역시 해운대구 우동,경상사고,0,0,3,0,차대차 - 추돌,안전운전불이행,건조,맑음,교차로 - 교차로부근,승용,남,53세,상해없음,승용,남,42세,경상
2016060600100112,2016년 6월 6일 09시,월요일,부산광역시 해운대구 좌동,경상사고,0,0,1,0,차대차 - 측면충돌,안전거리미확보,기타,맑음,단일로 - 기타,승용,남,73세,상해없음,승용,남,60세,경상
2016060600100113,2016년 6월 6일 09시,월요일,부산광역시 금정구 두구동,중상사고,0,1,3,1,차대차 - 기타,안전운전불이행,습기,비,단일로 - 기타,화물,남,49세,상해없음,승합,남,55세,중상
2016060600100173,2016년 6월 6일 12시,월요일,부산광역시 해운대구 우동,중상사고,0,1,0,0,차대사람 - 횡단중,안전운전불이행,기타,비,단일로 - 기타,승용,남,63세,상해없음,보행자,여,60세,중상
2016060600100174,2016년 6월 6일 12시,월요일,부산광역시 사하구 괴정동,경상사고,0,0,1,0,차대사람 - 기타,안전운전불이행,건조,맑음,기타 - 기타,승용,남,23세,상해없음,보행자,여,8세,경상
2016060600100175,2016년 6월 6일 12시,월요일,부산광역시 사하구 하단동,부상신고사고,0,0,0,1,차대차 - 기타,안전운전불이행,건조,맑음,단일로 - 기타,승용,여,79세,부상신고,특수,남,54세,상해없음
2016060600100231,2016년 6월 6일 14시,월요일,부산광역시 중구 남포동5가,중상사고,0,1,0,0,차대사람 - 길가장자리구역통행중,안전운전불이행,습기,비,단일로 - 기타,승용,여,59세,상해없음,보행자,남,70세,중상
2016060600100232,2016년 6월 6일 14시,월요일,부산광역시 해운대구 중동,경상사고,0,0,2,0,차대차 - 기타,안전운전불이행,건조,맑음,교차로 - 교차로안,승용,남,56세,상해없음,승용,남,48세,경상
2016060600100233,2016년 6월 6일 14시,월요일,부산광역시 사상구 감전동,경상사고,0,0,1,0,차대차 - 기타,교차로운행방법위반,건조,맑음,교차로 - 교차로부근,이륜,남,42세,경상,승용,남,40세,상해없음
2016060600100273,2016년 6월 6일 15시,월요일,부산광역시 중구 중앙동4가,경상사고,0,0,2,0,차대차 - 측면직각충돌,차로위반,건조,맑음,단일로 - 기타,화물,남,55세,경상,승용,남,57세,경상
2016060600100274,2016년 6월 6일 15시,월요일,부산광역시 수영구 광안동,경상사고,0,0,1,0,차대차 - 기타,안전운전불이행,건조,맑음,단일로 - 기타,승용,남,59세,상해없음,원동기,남,64세,경상
2016060600100275,2016년 6월 6일 15시,월요일,부산광역시 북구 구포동,경상사고,0,0,1,0,차대차 - 측면충돌,안전운전불이행,습기,흐림,단일로 - 기타,승용,여,43세,상해없음,이륜,남,29세,경상
2016060600100305,2016년 6월 6일 16시,월요일,부산광역시 사하구 감천동,중상사고,0,1,0,0,차대차 - 기타,중앙선침범,건조,맑음,단일로 - 기타,이륜,남,21세,중상,승용,남,27세,상해없음
2016060600100331,2016년 6월 6일 17시,월요일,부산광역시 수영구 광안동,부상신고사고,0,0,0,1,차대차 - 기타,안전거리미확보,습기,흐림,교차로 - 교차로안,원동기,여,37세,상해없음,원동기,남,20세,부상신고
2016060600100332,2016년 6월 6일 17시,월요일,부산광역시 동래구 안락동,경상사고,0,0,1,0,차대차 - 측면직각충돌,안전운전불이행,습기,흐림,교차로 - 교차로안,승용,남,21세,상해없음,이륜,남,35세,경상
2016060600100362,2016년 6월 6일 18시,월요일,부산광역시 남구 용당동,경상사고,0,0,4,1,차대차 - 추돌,안전운전불이행,습기,비,단일로 - 기타,승용,남,50세,상해없음,승용,남,30세,경상
2016060600100363,2016년 6월 6일 18시,월요일,부산광역시 남구 문현동,중상사고,0,2,0,0,차대차 - 기타,교차로운행방법위반,건조,맑음,교차로 - 교차로안,승합,남,25세,상해없음,승용,남,63세,중상
2016060600100364,2016년 6월 6일 18시,월요일,부산광역시 동래구 사직동,중상사고,0,1,0,0,차대차 - 측면직각충돌,안전운전불이행,습기,흐림,단일로 - 기타,승용,여,52세,상해없음,이륜,남,27세,중상
2016060600100365,2016년 6월 6일 18시,월요일,부산광역시 사하구 괴정동,중상사고,0,1,0,0,차대차 - 추돌,안전운전불이행,습기,비,교차로 - 교차로안,승용,남,68세,상해없음,승용,남,30세,중상
2016060600100366,2016년 6월 6일 18시,월요일,부산광역시 기장군 철마면,경상사고,0,0,1,0,차대차 - 추돌,안전운전불이행,습기,비,단일로 - 기타,승용,남,55세,상해없음,이륜,남,45세,경상
2016060600100402,2016년 6월 6일 20시,월요일,부산광역시 북구 만덕동,중상사고,0,1,0,0,차대사람 - 횡단중,안전운전불이행,건조,맑음,단일로 - 기타,화물,남,41세,상해없음,보행자,여,82세,중상
2016060600100403,2016년 6월 6일 20시,월요일,부산광역시 영도구 봉래동5가,중상사고,0,1,0,0,차대사람 - 차도통행중,안전운전불이행,건조,맑음,교차로 - 교차로안,승용,여,30세,상해없음,보행자,남,18세,중상
2016060600100404,2016년 6월 6일 20시,월요일,부산광역시 해운대구 우동,경상사고,0,0,2,0,차대차 - 측면직각충돌,신호위반,건조,맑음,교차로 - 교차로안,승용,여,23세,경상,승용,여,25세,경상
2016060600100427,2016년 6월 6일 21시,월요일,부산광역시 수영구 수영동,경상사고,0,0,1,0,차대차 - 측면충돌,교차로운행방법위반,건조,맑음,교차로 - 교차로안,이륜,여,62세,경상,승용,남,58세,상해없음
2016060600100444,2016년 6월 6일 22시,월요일,부산광역시 부산진구 당감동,중상사고,0,1,0,0,차대사람 - 기타,신호위반,습기,비,교차로 - 교차로안,승용,남,50세,상해없음,보행자,여,77세,중상
2016060600100464,2016년 6월 6일 23시,월요일,부산광역시 남구 용호동,경상사고,0,0,1,0,차대차 - 추돌,차로위반,습기,비,교차로 - 교차로부근,승용,남,55세,상해없음,승용,남,26세,경상
2016060600100465,2016년 6월 6일 23시,월요일,부산광역시 북구 구포동,경상사고,0,0,2,0,차대차 - 측면충돌,신호위반,건조,맑음,교차로 - 교차로부근,이륜,남,35세,기타불명,승용,남,54세,경상
2016060700100006,2016년 6월 7일 00시,화요일,부산광역시 동래구 명장동,경상사고,0,0,1,0,차대차 - 추돌,안전운전불이행,습기,흐림,교차로 - 교차로부근,승용,여,51세,상해없음,승용,남,55세,경상
2016060700100007,2016년 6월 7일 00시,화요일,부산광역시 사하구 장림동,경상사고,0,0,1,0,차대차 - 추돌,안전운전불이행,건조,기타,단일로 - 기타,승용,남,45세,경상,승합,남,61세,상해없음
2016060700100024,2016년 6월 7일 03시,화요일,부산광역시 금정구 부곡동,중상사고,0,1,1,1,차량단독 - 공작물충돌,기타,건조,맑음,단일로 - 기타,승합,남,47세,부상신고,,,,
2016060700100035,2016년 6월 7일 05시,화요일,부산광역시 부산진구 범천동,중상사고,0,3,0,1,차대차 - 기타,교차로운행방법위반,건조,맑음,단일로 - 기타,승용,남,36세,부상신고,승용,남,44세,중상
2016060700100045,2016년 6월 7일 06시,화요일,부산광역시 부산진구 개금동,경상사고,0,0,1,0,차대차 - 기타,신호위반,건조,맑음,교차로 - 교차로안,승용,남,54세,상해없음,승용,남,39세,경상
2016060700100046,2016년 6월 7일 06시,화요일,부산광역시 금정구 부곡동,중상사고,0,1,1,0,차대차 - 측면충돌,신호위반,건조,맑음,교차로 - 교차로안,승용,여,51세,상해없음,승용,여,35세,경상
2016060700100099,2016년 6월 7일 08시,화요일,부산광역시 사상구 덕포동,경상사고,0,0,1,0,차대차 - 추돌,안전운전불이행,건조,맑음,교차로 - 교차로부근,승용,여,59세,상해없음,승용,남,30세,경상
2016060700100199,2016년 6월 7일 11시,화요일,부산광역시 해운대구 우동,경상사고,0,0,1,0,차대차 - 기타,안전운전불이행,건조,맑음,단일로 - 기타,승용,남,43세,상해없음,승용,여,58세,경상
2016060700100229,2016년 6월 7일 12시,화요일,부산광역시 수영구 광안동,중상사고,0,1,0,0,차대차 - 측면직각충돌,신호위반,건조,맑음,교차로 - 교차로부근,승용,여,61세,상해없음,이륜,남,21세,중상
2016060700100259,2016년 6월 7일 13시,화요일,부산광역시 영도구 봉래동2가,경상사고,0,0,1,0,차대사람 - 횡단중,안전운전불이행,건조,맑음,단일로 - 기타,승용,여,58세,상해없음,보행자,남,59세,경상
2016060700100290,2016년 6월 7일 14시,화요일,부산광역시 중구 대청동2가,부상신고사고,0,0,0,1,차대사람 - 횡단중,보행자보호의무위반,건조,맑음,단일로 - 기타,승용,남,46세,상해없음,보행자,여,22세,부상신고
2016060700100291,2016년 6월 7일 14시,화요일,부산광역시 영도구 대교동1가,중상사고,0,1,0,0,차대차 - 측면충돌,교차로운행방법위반,건조,맑음,교차로 - 교차로안,화물,남,46세,상해없음,이륜,남,56세,중상
2016060700100292,2016년 6월 7일 14시,화요일,부산광역시 금정구 부곡동,경상사고,0,0,1,0,차대차 - 추돌,안전거리미확보,건조,맑음,단일로 - 기타,건설기계,남,63세,상해없음,승용,남,44세,경상
2016060700100293,2016년 6월 7일 14시,화요일,부산광역시 사하구 다대동,중상사고,0,1,1,0,차대차 - 측면충돌,직진우회전진행방해,건조,맑음,교차로 - 교차로안,승용,여,37세,상해없음,승용,남,47세,경상
2016060700100327,2016년 6월 7일 15시,화요일,부산광역시 동래구 명륜동,경상사고,0,0,1,0,차대차 - 추돌,안전운전불이행,건조,맑음,단일로 - 기타,승용,남,67세,상해없음,승용,남,67세,경상
2016060700100362,2016년 6월 7일 16시,화요일,부산광역시 북구 화명동,중상사고,0,1,0,0,차대차 - 추돌,기타,건조,맑음,단일로 - 기타,승용,남,27세,상해없음,이륜,남,34세,중상
2016060700100363,2016년 6월 7일 16시,화요일,부산광역시 동래구 온천동,경상사고,0,0,1,0,차대사람 - 길가장자리구역통행중,안전운전불이행,건조,맑음,단일로 - 기타,승용,남,65세,상해없음,보행자,여,74세,경상
2016060700100394,2016년 6월 7일 17시,화요일,부산광역시 서구 부용동1가,중상사고,0,1,0,0,차대사람 - 횡단중,보행자보호의무위반,건조,맑음,단일로 - 횡단보도상,승용,여,42세,상해없음,보행자,여,65세,중상
2016060700100395,2016년 6월 7일 17시,화요일,부산광역시 서구 암남동,경상사고,0,0,1,0,차대차 - 추돌,안전운전불이행,건조,맑음,단일로 - 기타,승용,남,52세,상해없음,건설기계,기타불명,기타불명,기타불명
2016060700100396,2016년 6월 7일 17시,화요일,부산광역시 해운대구 재송동,경상사고,0,0,1,0,차대차 - 기타,안전거리미확보,건조,맑음,교차로 - 교차로부근,승용,남,75세,상해없음,승용,여,30세,경상
2016060700100443,2016년 6월 7일 18시,화요일,부산광역시 사상구 주례동,경상사고,0,0,1,0,차대사람 - 차도통행중,안전운전불이행,건조,맑음,단일로 - 기타,승용,여,29세,기타불명,보행자,여,55세,경상
2016060700100485,2016년 6월 7일 19시,화요일,부산광역시 해운대구 반송동,경상사고,0,0,1,0,차대차 - 추돌,안전운전불이행,건조,맑음,단일로 - 기타,승용,남,62세,상해없음,승용,여,45세,상해없음
2016060700100486,2016년 6월 7일 19시,화요일,부산광역시 부산진구 개금동,중상사고,0,1,0,0,차대사람 - 기타,안전운전불이행,건조,맑음,단일로 - 기타,승용,남,28세,상해없음,보행자,남,55세,중상
2016060700100516,2016년 6월 7일 20시,화요일,부산광역시 부산진구 전포동,경상사고,0,0,1,0,차대차 - 정면충돌,신호위반,건조,맑음,교차로 - 교차로안,승용,남,52세,상해없음,이륜,남,26세,경상
2016060700100517,2016년 6월 7일 20시,화요일,부산광역시 금정구 구서동,경상사고,0,0,1,0,차대차 - 기타,안전운전불이행,건조,맑음,단일로 - 기타,승용,남,43세,기타불명,이륜,남,54세,경상
2016060700100518,2016년 6월 7일 20시,화요일,부산광역시 사하구 신평동,중상사고,0,1,6,0,차대차 - 기타,안전운전불이행,건조,맑음,기타 - 기타,승용,남,59세,경상,승용,남,28세,상해없음
2016060700100543,2016년 6월 7일 21시,화요일,부산광역시 부산진구 부전동,중상사고,0,1,0,0,차대사람 - 횡단중,안전운전불이행,건조,맑음,단일로 - 횡단보도상,이륜,남,20세,상해없음,보행자,여,23세,중상
2016060700100580,2016년 6월 7일 22시,화요일,부산광역시 남구 대연동,부상신고사고,0,0,0,1,차대차 - 측면직각충돌,안전운전불이행,건조,맑음,단일로 - 기타,자전거,남,19세,부상신고,승용,남,28세,상해없음
2016060700100581,2016년 6월 7일 22시,화요일,부산광역시 연제구 연산동,경상사고,0,0,1,0,차대차 - 측면충돌,신호위반,건조,맑음,교차로 - 교차로안,승용,남,27세,상해없음,이륜,남,17세,경상
2016060700100582,2016년 6월 7일 22시,화요일,부산광역시 수영구 망미동,경상사고,0,0,2,0,차대차 - 추돌,안전거리미확보,건조,맑음,단일로 - 교량,승용,여,59세,상해없음,승용,남,58세,경상
2016060700100599,2016년 6월 7일 23시,화요일,부산광역시 영도구 영선동1가,경상사고,0,0,1,0,차대차 - 측면직각충돌,안전운전불이행,건조,맑음,교차로 - 교차로안,승용,남,43세,상해없음,승용,남,59세,경상
2016060700100600,2016년 6월 7일 23시,화요일,부산광역시 기장군 정관읍,중상사고,0,1,0,0,차량단독 - 전도전복,안전운전불이행,건조,맑음,교차로 - 교차로부근,원동기,남,30세,중상,,,,
2016060800100043,2016년 6월 8일 05시,수요일,부산광역시 남구 대연동,중상사고,0,1,0,0,차대차 - 측면직각충돌,신호위반,건조,흐림,교차로 - 교차로안,승용,남,48세,상해없음,자전거,남,56세,중상
2016060800100062,2016년 6월 8일 07시,수요일,부산광역시 서구 암남동,중상사고,0,1,0,0,차대차 - 측면충돌,교차로운행방법위반,건조,맑음,교차로 - 교차로안,화물,남,66세,상해없음,이륜,남,24세,중상
2016060800100063,2016년 6월 8일 07시,수요일,부산광역시 수영구 수영동,중상사고,0,1,0,0,차대사람 - 기타,안전운전불이행,건조,맑음,교차로 - 교차로안,승합,남,54세,상해없음,보행자,남,78세,중상
2016060800100136,2016년 6월 8일 09시,수요일,부산광역시 남구 대연동,중상사고,0,1,0,0,차대차 - 측면직각충돌,안전운전불이행,건조,맑음,단일로 - 기타,승용,남,37세,상해없음,승용,남,56세,중상
2016060800100137,2016년 6월 8일 09시,수요일,부산광역시 동래구 사직동,경상사고,0,0,1,0,차대사람 - 횡단중,신호위반,건조,맑음,교차로 - 교차로부근,승용,남,59세,상해없음,보행자,여,67세,경상
2016060800100138,2016년 6월 8일 09시,수요일,부산광역시 부산진구 초읍동,부상신고사고,0,0,0,1,차대차 - 추돌,차로위반,건조,맑음,단일로 - 기타,원동기,남,26세,부상신고,승용,여,53세,상해없음
2016060800100173,2016년 6월 8일 10시,수요일,부산광역시 부산진구 연지동,중상사고,0,1,0,0,차대차 - 추돌,안전운전불이행,건조,흐림,교차로 - 교차로부근,승용,남,59세,상해없음,승용,여,33세,중상
2016060800100198,2016년 6월 8일 11시,수요일,부산광역시 사하구 다대동,중상사고,0,1,2,0,차대차 - 측면직각충돌,안전운전불이행,건조,맑음,교차로 - 교차로안,승용,남,52세,상해없음,승용,여,28세,경상
2016060800100199,2016년 6월 8일 11시,수요일,부산광역시 사상구 감전동,경상사고,0,0,1,0,차대차 - 측면직각충돌,기타,건조,맑음,교차로 - 교차로안,화물,남,34세,상해없음,승용,남,74세,경상
2016060800100216,2016년 6월 8일 12시,수요일,부산광역시 금정구 남산동,중상사고,0,1,0,0,차대차 - 측면직각충돌,안전거리미확보,건조,맑음,단일로 - 기타,승용,여,73세,상해없음,승용,여,51세,상해없음
2016060800100270,2016년 6월 8일 14시,수요일,부산광역시 부산진구 부전동,경상사고,0,0,1,0,차대차 - 정면충돌,신호위반,건조,맑음,교차로 - 교차로안,승용,여,53세,상해없음,원동기,남,44세,경상
2016060800100300,2016년 6월 8일 15시,수요일,부산광역시 해운대구 우동,중상사고,0,1,0,0,차대차 - 추돌,안전운전불이행,건조,맑음,교차로 - 교차로안,승용,남,43세,상해없음,이륜,남,63세,중상
2016060800100361,2016년 6월 8일 17시,수요일,부산광역시 해운대구 재송동,경상사고,0,0,1,0,차대차 - 측면직각충돌,안전운전불이행,건조,맑음,단일로 - 기타,승용,남,31세,상해없음,승용,남,33세,경상
2016060800100362,2016년 6월 8일 17시,수요일,부산광역시 부산진구 가야동,경상사고,0,0,1,0,차대차 - 추돌,안전운전불이행,건조,맑음,단일로 - 기타,승용,남,24세,상해없음,승용,여,42세,경상
2016060800100363,2016년 6월 8일 17시,수요일,부산광역시 사하구 신평동,경상사고,0,0,2,0,차대차 - 추돌,안전거리미확보,건조,맑음,교차로 - 교차로부근,승용,남,40세,상해없음,승용,여,37세,경상
2016060800100364,2016년 6월 8일 17시,수요일,부산광역시 연제구 연산동,중상사고,0,1,0,0,차대사람 - 기타,안전운전불이행,건조,맑음,단일로 - 기타,승용,남,55세,상해없음,보행자,여,46세,중상
2016060800100365,2016년 6월 8일 17시,수요일,부산광역시 강서구 강동동,중상사고,0,1,0,0,차대차 - 기타,교차로운행방법위반,건조,맑음,교차로 - 교차로안,화물,남,71세,상해없음,이륜,남,35세,중상
2016060800100366,2016년 6월 8일 17시,수요일,부산광역시 사상구 주례동,경상사고,0,0,1,0,차대차 - 기타,안전운전불이행,건조,맑음,교차로 - 교차로안,승용,여,65세,기타불명,원동기,남,19세,경상
2016060800100409,2016년 6월 8일 18시,수요일,부산광역시 북구 만덕동,경상사고,0,0,1,0,차대차 - 추돌,안전운전불이행,건조,맑음,교차로 - 교차로부근,승용,여,55세,상해없음,이륜,남,37세,경상
2016060800100410,2016년 6월 8일 18시,수요일,부산광역시 동래구 수안동,중상사고,0,1,0,0,차대차 - 측면직각충돌,교차로운행방법위반,건조,맑음,교차로 - 교차로안,승용,남,47세,상해없음,원동기,남,16세,중상
2016060800100453,2016년 6월 8일 19시,수요일,부산광역시 수영구 광안동,경상사고,0,0,1,0,차대차 - 측면충돌,안전운전불이행,건조,맑음,단일로 - 기타,원동기,남,16세,경상,승용,남,64세,상해없음
2016060800100478,2016년 6월 8일 20시,수요일,부산광역시 해운대구 좌동,중상사고,0,1,0,0,차대사람 - 횡단중,안전운전불이행,건조,맑음,단일로 - 횡단보도상,승용,여,39세,상해없음,보행자,여,69세,중상
2016060800100506,2016년 6월 8일 21시,수요일,부산광역시 금정구 장전동,경상사고,0,0,1,0,차대차 - 측면직각충돌,신호위반,건조,맑음,교차로 - 교차로안,승용,여,55세,상해없음,승용,남,52세,경상
2016060800100507,2016년 6월 8일 21시,수요일,부산광역시 강서구 송정동,중상사고,0,1,0,0,차대차 - 추돌,안전운전불이행,건조,맑음,교차로 - 교차로부근,승용,여,58세,상해없음,승용,여,36세,중상
2016060800100538,2016년 6월 8일 22시,수요일,부산광역시 중구 대청동4가,경상사고,0,0,1,0,차대사람 - 보도통행중,신호위반,건조,맑음,단일로 - 횡단보도상,이륜,남,18세,상해없음,보행자,여,14세,경상
2016060800100539,2016년 6월 8일 22시,수요일,부산광역시 북구 덕천동,중상사고,0,1,1,0,차대차 - 추돌,안전운전불이행,건조,맑음,단일로 - 기타,승용,남,43세,상해없음,승용,남,43세,중상
2016060800100559,2016년 6월 8일 23시,수요일,부산광역시 북구 화명동,경상사고,0,0,1,0,차대차 - 측면직각충돌,신호위반,건조,맑음,교차로 - 교차로안,원동기,남,57세,상해없음,원동기,남,28세,경상
2016060800100560,2016년 6월 8일 23시,수요일,부산광역시 연제구 거제동,경상사고,0,0,1,0,차대차 - 추돌,안전거리미확보,건조,맑음,단일로 - 기타,승용,여,56세,상해없음,원동기,남,22세,경상