사고번호,사고일시,요일,시군구,사고내용,사망자수,중상자수,경상자수,부상신고자수,사고유형,법규위반,노면상태,기상상태,도로형태,가해운전자 차종,가해운전자 성별,가해운전자 연령,가해운전자 상해정도,피해운전자 차종,피해운전자 성별,피해운전자 연령,피해운전자 상해정도
2016060900100031,2016년 6월 9일 03시,목요일,부산광역시 북구 구포동,경상사고,0,0,1,0,차대사람 - 횡단중,신호위반,건조,맑음,단일로 - 기타,승용,남,69세,상해없음,보행자,남,58세,경상
2016060900100071,2016년 6월 9일 07시,목요일,부산광역시 동래구 안락동,경상사고,0,0,1,0,차대차 - 측면직각충돌,안전거리미확보,건조,맑음,단일로 - 기타,승용,여,43세,상해없음,승용,남,59세,상해없음
2016060900100093,2016년 6월 9일 08시,목요일,부산광역시 사하구 감천동,경상사고,0,0,1,0,차대사람 - 횡단중,보행자보호의무위반,건조,맑음,단일로 - 기타,승용,여,24세,상해없음,보행자,남,8세,경상
2016060900100136,2016년 6월 9일 09시,목요일,부산광역시 서구 부용동1가,경상사고,0,0,1,0,차대사람 - 차도통행중,안전운전불이행,건조,맑음,단일로 - 기타,승용,남,28세,기타불명,보행자,여,18세,경상
2016060900100137,2016년 6월 9일 09시,목요일,부산광역시 부산진구 범천동,중상사고,0,1,1,1,차대차 - 기타,신호위반,건조,맑음,교차로 - 교차로안,승용,여,49세,상해없음,승용,남,62세,중상
2016060900100138,2016년 6월 9일 09시,목요일,부산광역시 강서구 미음동,경상사고,0,0,1,0,차대차 - 측면직각충돌,안전운전불이행,건조,맑음,단일로 - 기타,건설기계,남,62세,상해없음,승용,여,31세,경상
2016060900100188,2016년 6월 9일 11시,목요일,부산광역시 해운대구 반송동,경상사고,0,0,1,0,차대차 - 기타,안전운전불이행,건조,맑음,교차로 - 교차로안,화물,남,59세,상해없음,승용,남,39세,경상
2016060900100214,2016년 6월 9일 12시,목요일,부산광역시 부산진구 가야동,경상사고,0,0,1,0,차대사람 - 횡단중,보행자보호의무위반,건조,맑음,단일로 - 횡단보도상,승용,남,32세,상해없음,보행자,여,19세,경상
2016060900100258,2016년 6월 9일 14시,목요일,부산광역시 해운대구 반여동,경상사고,0,0,1,0,차대차 - 측면직각충돌,안전운전불이행,건조,맑음,단일로 - 기타,화물,남,59세,상해없음,승용,남,62세,경상
2016060900100259,2016년 6월 9일 14시,목요일,부산광역시 금정구 부곡동,경상사고,0,0,2,0,차대차 - 추돌,안전거리미확보,건조,맑음,단일로 - 기타,승용,남,49세,상해없음,승용,여,36세,경상
2016060900100292,2016년 6월 9일 15시,목요일,부산광역시 해운대구 반송동,경상사고,0,0,1,0,차대차 - 기타,안전거리미확보,건조,맑음,단일로 - 기타,승용,기타불명,기타불명,기타불명,승합,남,34세,상해없음
2016060900100316,2016년 6월 9일 16시,목요일,부산광역시 남구 대연동,경상사고,0,0,1,0,차대차 - 측면충돌,중앙선침범,건조,맑음,단일로 - 기타,승용,남,28세,상해없음,승용,여,36세,경상
2016060900100317,2016년 6월 9일 16시,목요일,부산광역시 동래구 낙민동,경상사고,0,0,1,0,차대사람 - 차도통행중,안전운전불이행,건조,맑음,단일로 - 기타,승용,남,61세,상해없음,보행자,여,15세,경상
2016060900100318,2016년 6월 9일 16시,목요일,부산광역시 사하구 괴정동,중상사고,0,1,0,0,차대차 - 측면직각충돌,안전운전불이행,건조,맑음,단일로 - 기타,자전거,남,71세,중상,승합,남,53세,상해없음
2016060900100361,2016년 6월 9일 17시,목요일,부산광역시 금정구 부곡동,경상사고,0,0,1,0,차대사람 - 차도통행중,안전운전불이행,건조,맑음,단일로 - 기타,화물,남,52세,기타불명,보행자,여,46세,경상
2016060900100412,2016년 6월 9일 18시,목요일,부산광역시 부산진구 양정동,중상사고,0,2,0,0,차대차 - 측면직각충돌,신호위반,건조,맑음,교차로 - 교차로안,승용,남,54세,상해없음,승용,남,46세,중상
2016060900100413,2016년 6월 9일 18시,목요일,부산광역시 금정구 두구동,중상사고,0,1,0,0,차대사람 - 차도통행중,안전운전불이행,건조,맑음,단일로 - 기타,화물,남,46세,상해없음,보행자,남,11세,중상
2016060900100528,2016년 6월 9일 21시,목요일,부산광역시 사하구 장림동,경상사고,0,0,1,0,차대차 - 추돌,안전거리미확보,건조,맑음,교차로 - 교차로부근,승용,남,49세,상해없음,승용,남,43세,경상
2016060900100580,2016년 6월 9일 23시,목요일,부산광역시 북구 구포동,중상사고,0,1,0,0,차량단독 - 전도전복,안전운전불이행,건조,맑음,단일로 - 기타,원동기,남,18세,상해없음,,,,
2016061000100006,2016년 6월 10일 00시,금요일,부산광역시 북구 덕천동,경상사고,0,0,2,0,차대사람 - 횡단중,보행자보호의무위반,건조,맑음,단일로 - 기타,승용,여,55세,상해없음,보행자,남,18세,경상
2016061000100007,2016년 6월 10일 00시,금요일,부산광역시 사하구 장림동,중상사고,0,1,0,0,차대차 - 측면직각충돌,안전운전불이행,건조,맑음,단일로 - 기타,승용,남,34세,상해없음,승용,남,59세,중상
2016061000100035,2016년 6월 10일 02시,금요일,부산광역시 남구 대연동,경상사고,0,0,2,0,차대차 - 측면충돌,안전거리미확보,건조,맑음,단일로 - 기타,승용,여,18세,상해없음,승용,남,59세,경상
2016061000100036,2016년 6월 10일 02시,금요일,부산광역시 사하구 하단동,중상사고,0,1,2,0,차대차 - 측면충돌,신호위반,건조,맑음,교차로 - 교차로안,승용,남,26세,상해없음,승용,여,32세,상해없음
2016061000100085,2016년 6월 10일 07시,금요일,부산광역시 연제구 연산동,경상사고,0,0,1,0,차대사람 - 길가장자리구역통행중,안전운전불이행,건조,맑음,단일로 - 기타,승용,남,33세,상해없음,보행자,여,16세,경상
2016061000100105,2016년 6월 10일 08시,금요일,부산광역시 서구 토성동4가,경상사고,0,0,4,0,차대차 - 추돌,안전운전불이행,건조,맑음,교차로 - 교차로부근,승용,남,52세,경상,승용,남,36세,경상
2016061000100106,2016년 6월 10일 08시,금요일,부산광역시 동래구 사직동,부상신고사고,0,0,0,1,차대사람 - 차도통행중,안전운전불이행,건조,맑음,단일로 - 기타,승용,남,57세,상해없음,보행자,여,27세,부상신고
2016061000100146,2016년 6월 10일 09시,금요일,부산광역시 영도구 신선동3가,중상사고,0,1,0,0,차대차 - 추돌,안전운전불이행,건조,맑음,단일로 - 기타,화물,남,49세,상해없음,승용,남,29세,중상
2016061000100147,2016년 6월 10일 09시,금요일,부산광역시 금정구 부곡동,경상사고,0,0,2,0,차대차 - 측면충돌,직진우회전진행방해,건조,맑음,교차로 - 교차로안,화물,남,50세,상해없음,승용,남,77세,경상
2016061000100180,2016년 6월 10일 10시,금요일,부산광역시 해운대구 반여동,중상사고,0,1,0,0,차대사람 - 기타,보행자보호의무위반,건조,맑음,단일로 - 횡단보도상,승합,남,59세,상해없음,보행자,여,78세,중상
2016061000100181,2016년 6월 10일 10시,금요일,부산광역시 연제구 연산동,경상사고,0,0,1,0,차대차 - 추돌,안전거리미확보,건조,맑음,단일로 - 기타,승용,남,54세,기타불명,승용,여,43세,경상
2016061000100182,2016년 6월 10일 10시,금요일,부산광역시 사상구 덕포동,경상사고,0,0,1,0,차대사람 - 횡단중,안전운전불이행,건조,맑음,교차로 - 교차로부근,승용,남,48세,상해없음,보행자,여,83세,경상
2016061000100245,2016년 6월 10일 12시,금요일,부산광역시 서구 암남동,경상사고,0,0,2,0,차대사람 - 횡단중,기타,건조,맑음,단일로 - 기타,화물,남,56세,상해없음,보행자,남,48세,경상
2016061000100246,2016년 6월 10일 12시,금요일,부산광역시 수영구 광안동,경상사고,0,0,1,0,차대차 - 기타,차로위반,건조,맑음,교차로 - 교차로안,승용,남,67세,상해없음,원동기,남,22세,경상
2016061000100248,2016년 6월 10일 12시,금요일,부산광역시 해운대구 우동,경상사고,0,0,2,0,차대사람 - 횡단중,안전운전불이행,건조,맑음,단일로 - 기타,승용,여,61세,상해없음,보행자,여,83세,경상
2016061000100282,2016년 6월 10일 13시,금요일,부산광역시 금정구 남산동,경상사고,0,0,1,0,차대차 - 기타,안전거리미확보,건조,맑음,단일로 - 기타,이륜,남,37세,경상,승용,남,25세,상해없음
2016061000100319,2016년 6월 10일 14시,금요일,부산광역시 사하구 하단동,경상사고,0,0,1,0,차대차 - 기타,신호위반,건조,맑음,교차로 - 교차로안,승용,남,70세,상해없음,승용,남,40세,경상
2016061000100320,2016년 6월 10일 14시,금요일,부산광역시 강서구 녹산동,중상사고,0,1,1,0,차대차 - 추돌,안전운전불이행,건조,맑음,교차로 - 교차로부근,특수,남,37세,상해없음,화물,남,66세,경상
2016061000100352,2016년 6월 10일 15시,금요일,부산광역시 금정구 남산동,중상사고,0,1,0,0,차대차 - 측면충돌,안전운전불이행,건조,맑음,단일로 - 기타,승용,남,47세,상해없음,승용,남,72세,중상
2016061000100353,2016년 6월 10일 15시,금요일,부산광역시 연제구 연산동,중상사고,0,1,0,0,차대사람 - 횡단중,보행자보호의무위반,건조,맑음,단일로 - 횡단보도상,화물,남,48세,상해없음,보행자,남,43세,중상
2016061000100389,2016년 6월 10일 16시,금요일,부산광역시 동구 범일동,중상사고,0,1,0,0,차대차 - 기타,안전거리미확보,건조,맑음,단일로 - 기타,원동기,남,75세,중상,승용,여,62세,상해없음
2016061000100390,2016년 6월 10일 16시,금요일,부산광역시 남구 용호동,경상사고,0,0,1,0,차대사람 - 횡단중,안전운전불이행,건조,맑음,단일로 - 기타,승용,여,51세,상해없음,보행자,여,5세,경상
2016061000100391,2016년 6월 10일 16시,금요일,부산광역시 해운대구 반여동,중상사고,0,1,0,0,차대사람 - 횡단중,보행자보호의무위반,건조,맑음,교차로 - 교차로부근,화물,남,51세,상해없음,보행자,여,75세,중상
2016061000100438,2016년 6월 10일 17시,금요일,부산광역시 수영구 광안동,중상사고,0,1,0,0,차대차 - 측면직각충돌,중앙선침범,건조,맑음,단일로 - 기타,승용,남,34세,상해없음,원동기,남,34세,중상
2016061000100439,2016년 6월 10일 17시,금요일,부산광역시 수영구 광안동,중상사고,0,1,0,0,차대차 - 측면직각충돌,교차로운행방법위반,건조,맑음,교차로 - 교차로안,자전거,남,58세,중상,승용,남,60세,상해없음
2016061000100487,2016년 6월 10일 18시,금요일,부산광역시 중구 중앙동6가,경상사고,0,0,1,0,차대차 - 측면직각충돌,중앙선침범,건조,맑음,단일로 - 기타,승용,남,64세,상해없음,승용,남,49세,상해없음
2016061000100488,2016년 6월 10일 18시,금요일,부산광역시 동래구 칠산동,부상신고사고,0,0,0,1,차대차 - 정면충돌,안전운전불이행,건조,맑음,단일로 - 기타,자전거,남,14세,부상신고,승용,남,64세,상해없음
2016061000100489,2016년 6월 10일 18시,금요일,부산광역시 해운대구 우동,부상신고사고,0,0,0,1,차대차 - 측면직각충돌,안전운전불이행,건조,맑음,단일로 - 기타,이륜,남,38세,부상신고,승용,여,43세,상해없음
2016061000100490,2016년 6월 10일 18시,금요일,부산광역시 부산진구 부전동,중상사고,0,1,0,0,차대사람 - 기타,안전운전불이행,건조,맑음,교차로 - 교차로부근,승합,남,58세,상해없음,보행자,여,57세,중상
2016061000100491,2016년 6월 10일 18시,금요일,부산광역시 사하구 다대동,경상사고,0,0,1,0,차대차 - 기타,안전운전불이행,건조,맑음,단일로 - 기타,원동기,남,56세,경상,승용,여,44세,상해없음
2016061000100534,2016년 6월 10일 19시,금요일,부산광역시 북구 구포동,중상사고,0,2,1,1,차대차 - 추돌,안전거리미확보,건조,맑음,단일로 - 기타,승용,여,60세,상해없음,승용,남,46세,중상
2016061000100535,2016년 6월 10일 19시,금요일,부산광역시 부산진구 전포동,경상사고,0,0,1,0,차대사람 - 횡단중,신호위반,건조,맑음,단일로 - 횡단보도부근,승용,여,38세,상해없음,보행자,여,16세,경상
2016061000100565,2016년 6월 10일 20시,금요일,부산광역시 북구 구포동,중상사고,0,2,0,0,차대차 - 기타,신호위반,건조,맑음,교차로 - 교차로안,이륜,남,36세,상해없음,이륜,남,64세,중상
2016061000100566,2016년 6월 10일 20시,금요일,부산광역시 부산진구 당감동,부상신고사고,0,0,0,1,차대차 - 기타,교차로운행방법위반,건조,맑음,교차로 - 교차로안,이륜,남,18세,부상신고,승용,남,50세,상해없음
2016061000100634,2016년 6월 10일 22시,금요일,부산광역시 사상구 모라동,중상사고,0,1,0,0,차대차 - 측면충돌,신호위반,건조,맑음,교차로 - 교차로안,원동기,남,57세,중상,승용,남,57세,상해없음
2016061000100664,2016년 6월 10일 23시,금요일,부산광역시 동구 초량동,중상사고,0,1,0,0,차대사람 - 길가장자리구역통행중,안전운전불이행,건조,맑음,단일로 - 기타,승용,남,28세,기타불명,보행자,남,33세,중상
2016061000100665,2016년 6월 10일 23시,금요일,부산광역시 남구 문현동,부상신고사고,0,0,0,2,차대차 - 측면충돌,안전거리미확보,건조,맑음,단일로 - 기타,승용,남,61세,상해없음,승용,남,58세,부상신고
2016061000100666,2016년 6월 10일 23시,금요일,부산광역시 수영구 광안동,경상사고,0,0,1,0,차대차 - 측면직각충돌,교차로운행방법위반,건조,맑음,교차로 - 교차로안,승용,남,35세,상해없음,승용,여,46세,경상
2016061000100667,2016년 6월 10일 23시,금요일,부산광역시 동래구 사직동,경상사고,0,0,1,0,차대사람 - 길가장자리구역통행중,안전운전불이행,건조,맑음,단일로 - 기타,승합,남,73세,기타불명,보행자,여,60세,경상
2016061000100668,2016년 6월 10일 23시,금요일,부산광역시 강서구 명지동,경상사고,0,0,1,0,차대사람 - 횡단중,신호위반,건조,맑음,단일로 - 횡단보도상,이륜,남,19세,상해없음,보행자,남,10세,경상
2016061100100023,2016년 6월 11일 01시,토요일,부산광역시 연제구 거제동,경상사고,0,0,2,0,차대차 - 측면충돌,신호위반,건조,맑음,교차로 - 교차로안,승용,남,68세,상해없음,승용,남,53세,경상
2016061100100040,2016년 6월 11일 02시,토요일,부산광역시 기장군 정관읍,경상사고,0,0,1,1,차대차 - 기타,안전운전불이행,건조,맑음,교차로 - 교차로부근,승용,남,33세,상해없음,승용,남,39세,경상
2016061100100052,2016년 6월 11일 03시,토요일,부산광역시 서구 암남동,경상사고,0,0,2,0,차대차 - 측면직각충돌,안전운전불이행,건조,맑음,단일로 - 횡단보도부근,이륜,남,23세,경상,승용,남,53세,상해없음
2016061100100071,2016년 6월 11일 04시,토요일,부산광역시 사상구 주례동,경상사고,0,0,1,1,차대차 - 측면직각충돌,신호위반,건조,맑음,교차로 - 교차로안,승용,남,70세,부상신고,승용,남,55세,경상
2016061100100085,2016년 6월 11일 05시,토요일,부산광역시 북구 만덕동,중상사고,0,1,0,0,차대차 - 기타,불법유턴,건조,맑음,단일로 - 기타,화물,남,55세,상해없음,화물,남,35세,중상
2016061100100097,2016년 6월 11일 06시,토요일,부산광역시 부산진구 부전동,중상사고,0,1,0,0,차대사람 - 기타,안전운전불이행,기타,기타,단일로 - 기타,승용,남,73세,상해없음,보행자,남,75세,중상
2016061100100098,2016년 6월 11일 06시,토요일,부산광역시 사하구 신평동,경상사고,0,0,1,0,차대차 - 측면직각충돌,교차로운행방법위반,건조,맑음,단일로 - 기타,승용,남,50세,경상,승용,남,70세,상해없음
2016061100100111,2016년 6월 11일 07시,토요일,부산광역시 부산진구 범천동,경상사고,0,0,1,0,차대차 - 측면충돌,중앙선침범,건조,맑음,단일로 - 기타,승용,남,62세,상해없음,화물,남,36세,경상
2016061100100136,2016년 6월 11일 08시,토요일,부산광역시 중구 중앙동3가,부상신고사고,0,0,0,1,차대차 - 측면직각충돌,신호위반,건조,맑음,교차로 - 교차로안,이륜,남,37세,부상신고,승용,남,32세,상해없음
2016061100100137,2016년 6월 11일 08시,토요일,부산광역시 영도구 봉래동1가,경상사고,0,0,2,0,차대차 - 추돌,안전운전불이행,건조,맑음,교차로 - 교차로안,화물,남,63세,상해없음,승용,남,55세,경상
2016061100100164,2016년 6월 11일 09시,토요일,부산광역시 동구 범일동,경상사고,0,0,1,0,차대차 - 기타,안전운전불이행,건조,맑음,단일로 - 기타,승용,남,65세,상해없음,승용,여,42세,경상
2016061100100165,2016년 6월 11일 09시,토요일,부산광역시 북구 만덕동,중상사고,0,1,0,0,차대차 - 기타,차로위반,건조,맑음,단일로 - 기타,승용,남,58세,상해없음,승합,남,60세,상해없음
2016061100100166,2016년 6월 11일 09시,토요일,부산광역시 해운대구 우동,경상사고,0,0,2,0,차대차 - 측면직각충돌,교차로운행방법위반,건조,맑음,교차로 - 교차로안,승용,남,73세,경상,승용,남,28세,경상
2016061100100168,2016년 6월 11일 09시,토요일,부산광역시 기장군 일광면,중상사고,0,1,0,0,차대차 - 측면직각충돌,교차로운행방법위반,건조,맑음,교차로 - 교차로안,승용,남,36세,상해없음,승용,여,23세,중상
2016061100100198,2016년 6월 11일 10시,토요일,부산광역시 부산진구 부전동,중상사고,0,1,0,0,차대차 - 측면충돌,신호위반,건조,맑음,교차로 - 교차로안,승용,남,64세,상해없음,이륜,남,64세,중상
2016061100100199,2016년 6월 11일 10시,토요일,부산광역시 사상구 감전동,경상사고,0,0,1,0,차대차 - 측면직각충돌,안전운전불이행,건조,맑음,교차로 - 교차로안,자전거,남,27세,경상,승용,남,57세,상해없음
2016061100100261,2016년 6월 11일 12시,토요일,부산광역시 서구 서대신동2가,중상사고,0,1,0,0,차대차 - 측면충돌,교차로운행방법위반,건조,맑음,교차로 - 교차로안,이륜,남,55세,중상,승용,남,73세,상해없음
2016061100100262,2016년 6월 11일 12시,토요일,부산광역시 강서구 대저1동,경상사고,0,0,1,0,차대차 - 측면충돌,안전운전불이행,건조,맑음,교차로 - 교차로부근,승합,남,64세,상해없음,승용,남,25세,경상
2016061100100263,2016년 6월 11일 12시,토요일,부산광역시 기장군 기장읍,경상사고,0,0,3,0,차량단독 - 공작물충돌,안전운전불이행,건조,맑음,단일로 - 기타,승용,남,26세,경상,,,,
2016061100100338,2016년 6월 11일 14시,토요일,부산광역시 중구 남포동5가,중상사고,0,1,0,0,차량단독 - 기타,기타,건조,맑음,단일로 - 기타,승합,남,44세,상해없음,,,,
2016061100100339,2016년 6월 11일 14시,토요일,부산광역시 동래구 온천동,경상사고,0,0,2,0,차대사람 - 차도통행중,안전운전불이행,건조,맑음,단일로 - 기타,승용,남,47세,상해없음,보행자,여,10세,경상
2016061100100340,2016년 6월 11일 14시,토요일,부산광역시 해운대구 송정동,중상사고,0,1,0,0,차대사람 - 기타,기타,건조,맑음,단일로 - 기타,승용,남,60세,상해없음,보행자,여,59세,중상
2016061100100373,2016년 6월 11일 15시,토요일,부산광역시 해운대구 중동,경상사고,0,0,1,0,차대차 - 측면직각충돌,안전운전불이행,건조,맑음,교차로 - 교차로안,승합,남,36세,상해없음,이륜,남,61세,경상
2016061100100423,2016년 6월 11일 16시,토요일,부산광역시 남구 문현동,경상사고,0,0,4,0,차대사람 - 기타,중앙선침범,건조,맑음,단일로 - 기타,승용,남,49세,상해없음,보행자,남,21세,경상
2016061100100424,2016년 6월 11일 16시,토요일,부산광역시 동래구 낙민동,경상사고,0,0,1,0,차대사람 - 기타,안전운전불이행,건조,맑음,단일로 - 기타,자전거,여,25세,상해없음,보행자,여,55세,경상
2016061100100452,2016년 6월 11일 17시,토요일,부산광역시 중구 보수동3가,부상신고사고,0,0,0,1,차대차 - 측면직각충돌,신호위반,건조,맑음,교차로 - 교차로안,승용,남,38세,상해없음,이륜,남,54세,부상신고
2016061100100453,2016년 6월 11일 17시,토요일,부산광역시 부산진구 당감동,부상신고사고,0,0,0,1,차대차 - 측면충돌,안전운전불이행,건조,맑음,단일로 - 기타,이륜,남,54세,부상신고,승용,남,57세,상해없음
2016061100100454,2016년 6월 11일 17시,토요일,부산광역시 부산진구 양정동,경상사고,0,0,1,0,차량단독 - 기타,안전운전불이행,건조,맑음,기타 - 기타,승합,남,59세,상해없음,,,,
2016061100100455,2016년 6월 11일 17시,토요일,부산광역시 연제구 연산동,경상사고,0,0,2,0,차대차 - 측면직각충돌,안전운전불이행,건조,맑음,교차로 - 교차로부근,승용,남,38세,상해없음,승용,남,56세,경상
2016061100100492,2016년 6월 11일 18시,토요일,부산광역시 해운대구 반송동,경상사고,0,0,1,0,차대사람 - 횡단중,신호위반,건조,맑음,단일로 - 횡단보도상,이륜,남,19세,상해없음,보행자,남,74세,경상
2016061100100493,2016년 6월 11일 18시,토요일,부산광역시 부산진구 범천동,경상사고,0,0,1,0,차대차 - 기타,안전운전불이행,건조,맑음,단일로 - 기타,승용,남,33세,상해없음,이륜,남,25세,경상
2016061100100494,2016년 6월 11일 18시,토요일,부산광역시 사하구 구평동,사망사고,1,0,0,0,차대차 - 기타,신호위반,건조,맑음,교차로 - 교차로안,승용,남,17세,상해없음,원동기,남,34세,사망
2016061100100530,2016년 6월 11일 19시,토요일,부산광역시 서구 암남동,중상사고,0,1,0,0,차대사람 - 기타,기타,건조,맑음,단일로 - 기타,승용,남,27세,상해없음,보행자,남,62세,중상
2016061100100531,2016년 6월 11일 19시,토요일,부산광역시 수영구 광안동,경상사고,0,0,2,0,차대차 - 기타,안전운전불이행,건조,맑음,교차로 - 교차로안,승합,남,54세,상해없음,승용,남,30세,경상
2016061100100532,2016년 6월 11일 19시,토요일,부산광역시 해운대구 재송동,경상사고,0,0,1,0,차대사람 - 차도통행중,안전운전불이행,건조,맑음,교차로 - 교차로부근,승용,남,63세,상해없음,보행자,여,40세,경상
2016061100100583,2016년 6월 11일 21시,토요일,부산광역시 사하구 다대동,중상사고,0,1,0,0,차대사람 - 기타,안전운전불이행,건조,맑음,단일로 - 기타,승용,남,47세,상해없음,보행자,여,64세,중상
2016061100100631,2016년 6월 11일 22시,토요일,부산광역시 중구 부평동2가,부상신고사고,0,0,0,1,차대사람 - 길가장자리구역통행중,안전운전불이행,건조,맑음,단일로 - 기타,승용,여,22세,상해없음,보행자,남,68세,부상신고
2016061100100632,2016년 6월 11일 22시,토요일,부산광역시 북구 구포동,경상사고,0,0,1,0,차대사람 - 기타,안전운전불이행,건조,맑음,교차로 - 교차로부근,승용,남,23세,상해없음,보행자,여,45세,경상
2016061100100633,2016년 6월 11일 22시,토요일,부산광역시 동래구 낙민동,중상사고,0,1,1,0,차대차 - 추돌,안전운전불이행,건조,맑음,단일로 - 기타,승용,남,65세,기타불명,승용,남,44세,중상
2016061100100669,2016년 6월 11일 23시,토요일,부산광역시 해운대구 재송동,경상사고,0,0,1,0,차대차 - 측면직각충돌,신호위반,건조,맑음,교차로 - 교차로안,승용,남,59세,상해없음,이륜,남,20세,경상
2016061200100030,2016년 6월 12일 01시,일요일,부산광역시 금정구 장전동,경상사고,0,0,4,0,차대차 - 측면충돌,교차로운행방법위반,건조,맑음,교차로 - 교차로안,승용,남,34세,상해없음,승용,남,21세,경상
2016061200100060,2016년 6월 12일 03시,일요일,부산광역시 중구 부평동2가,경상사고,0,0,1,0,차대차 - 기타,안전운전불이행,건조,맑음,단일로 - 기타,승용,남,17세,기타불명,원동기,남,33세,상해없음
2016061200100082,2016년 6월 12일 05시,일요일,부산광역시 동구 수정동,중상사고,0,1,1,0,차대차 - 측면직각충돌,중앙선침범,습기,흐림,단일로 - 기타,승용,남,16세,상해없음,승합,남,47세,경상
2016061200100083,2016년 6월 12일 05시,일요일,부산광역시 기장군 기장읍,경상사고,0,0,1,0,차대차 - 추돌,안전운전불이행,건조,맑음,교차로 - 교차로안,화물,남,25세,상해없음,승용,남,51세,경상
2016061200100120,2016년 6월 12일 08시,일요일,부산광역시 북구 덕천동,중상사고,0,1,2,0,차대차 - 측면충돌,신호위반,건조,맑음,교차로 - 교차로안,승용,남,68세,상해없음,승용,남,50세,경상
2016061200100121,2016년 6월 12일 08시,일요일,부산광역시 동래구 온천동,경상사고,0,0,1,0,차대차 - 측면직각충돌,안전운전불이행,건조,맑음,단일로 - 기타,화물,남,42세,상해없음,승용,남,31세,경상
2016061200100132,2016년 6월 12일 09시,일요일,부산광역시 사하구 하단동,경상사고,0,0,1,0,차대사람 - 횡단중,안전운전불이행,건조,맑음,단일로 - 기타,승용,남,61세,상해없음,보행자,남,76세,경상
2016061200100159,2016년 6월 12일 11시,일요일,부산광역시 동구 범일동,중상사고,0,1,0,0,차대사람 - 횡단중,안전운전불이행,습기,흐림,단일로 - 기타,승용,남,25세,상해없음,보행자,여,74세,중상
2016061200100184,2016년 6월 12일 12시,일요일,부산광역시 사상구 학장동,경상사고,0,0,3,3,차대차 - 정면충돌,신호위반,건조,맑음,교차로 - 교차로안,승용,남,44세,부상신고,승용,남,47세,경상
2016061200100236,2016년 6월 12일 14시,일요일,부산광역시 남구 문현동,경상사고,0,0,1,0,차대차 - 측면직각충돌,안전거리미확보,습기,비,단일로 - 기타,승용,남,55세,상해없음,승용,남,47세,경상
2016061200100265,2016년 6월 12일 15시,일요일,부산광역시 동래구 온천동,경상사고,0,0,6,0,차대차 - 추돌,안전운전불이행,습기,비,단일로 - 기타,승합,남,51세,상해없음,승용,남,49세,경상
2016061200100266,2016년 6월 12일 15시,일요일,부산광역시 해운대구 우동,중상사고,0,1,1,0,차대차 - 측면충돌,안전운전불이행,습기,비,단일로 - 기타,승용,여,63세,중상,승용,남,32세,경상
2016061200100297,2016년 6월 12일 16시,일요일,부산광역시 사하구 괴정동,경상사고,0,0,1,0,차대차 - 기타,안전운전불이행,건조,맑음,교차로 - 교차로부근,승용,기타불명,기타불명,기타불명,이륜,남,22세,경상
2016061200100321,2016년 6월 12일 17시,일요일,부산광역시 동래구 온천동,경상사고,0,0,2,0,차대차 - 추돌,안전운전불이행,습기,비,단일로 - 기타,승용,남,58세,상해없음,승용,남,28세,상해없음
2016061200100322,2016년 6월 12일 17시,일요일,부산광역시 부산진구 가야동,경상사고,0,0,1,0,차대차 - 기타,안전거리미확보,습기,비,단일로 - 기타,승용,남,26세,상해없음,이륜,남,26세,경상
2016061200100323,2016년 6월 12일 17시,일요일,부산광역시 금정구 선동,경상사고,0,0,2,0,차대차 - 정면충돌,안전운전불이행,건조,맑음,단일로 - 기타,승용,남,54세,상해없음,승합,남,66세,경상
2016061200100324,2016년 6월 12일 17시,일요일,부산광역시 금정구 구서동,경상사고,0,0,1,0,차대사람 - 횡단중,보행자보호의무위반,건조,맑음,교차로 - 교차로안,승용,남,43세,상해없음,보행자,남,28세,경상
2016061200100325,2016년 6월 12일 17시,일요일,부산광역시 사상구 덕포동,중상사고,0,1,0,0,차대사람 - 기타,안전운전불이행,습기,비,단일로 - 기타,승용,여,33세,상해없음,보행자,남,55세,중상
2016061200100326,2016년 6월 12일 17시,일요일,부산광역시 기장군 기장읍,경상사고,0,0,2,0,차대차 - 추돌,안전운전불이행,습기,비,교차로 - 교차로부근,화물,남,49세,상해없음,승용,남,31세,경상
2016061200100350,2016년 6월 12일 18시,일요일,부산광역시 기장군 철마면,경상사고,0,0,1,0,차대차 - 기타,안전운전불이행,건조,맑음,단일로 - 기타,화물,남,43세,상해없음,승용,여,37세,경상
2016061200100376,2016년 6월 12일 19시,일요일,부산광역시 동구 좌천동,경상사고,0,0,1,0,차대사람 - 횡단중,안전운전불이행,건조,맑음,단일로 - 기타,기타불명,기타불명,기타불명,기타불명,보행자,남,59세,경상
2016061200100402,2016년 6월 12일 20시,일요일,부산광역시 영도구 동삼동,중상사고,0,1,0,0,차대사람 - 기타,안전운전불이행,건조,맑음,기타 - 기타,이륜,남,16세,상해없음,보행자,남,25세,중상
2016061200100403,2016년 6월 12일 20시,일요일,부산광역시 부산진구 부전동,중상사고,0,1,0,0,차대차 - 기타,신호위반,건조,맑음,교차로 - 교차로안,승용,남,50세,상해없음,이륜,남,26세,중상
2016061200100404,2016년 6월 12일 20시,일요일,부산광역시 사상구 학장동,중상사고,0,1,3,1,차량단독 - 공작물충돌,안전운전불이행,건조,맑음,교차로 - 교차로부근,승용,남,19세,부상신고,,,,
2016061200100430,2016년 6월 12일 21시,일요일,부산광역시 남구 대연동,경상사고,0,0,1,0,차대차 - 측면충돌,신호위반,습기,흐림,단일로 - 횡단보도상,승용,남,28세,상해없음,원동기,남,39세,경상