사고번호,사고일시,요일,시군구,사고내용,사망자수,중상자수,경상자수,부상신고자수,사고유형,법규위반,노면상태,기상상태,도로형태,가해운전자 차종,가해운전자 성별,가해운전자 연령,가해운전자 상해정도,피해운전자 차종,피해운전자 성별,피해운전자 연령,피해운전자 상해정도
2016062300100461,2016년 6월 23일 19시,목요일,부산광역시 동구 초량동,경상사고,0,0,2,0,차대차 - 추돌,불법유턴,건조,맑음,단일로 - 기타,승용,남,76세,상해없음,승용,남,43세,경상
2016062300100462,2016년 6월 23일 19시,목요일,부산광역시 동래구 온천동,경상사고,0,0,1,0,차대사람 - 기타,안전운전불이행,건조,맑음,단일로 - 기타,화물,남,62세,상해없음,보행자,여,69세,경상
2016062300100481,2016년 6월 23일 20시,목요일,부산광역시 금정구 부곡동,경상사고,0,0,1,0,차대차 - 정면충돌,중앙선침범,건조,맑음,단일로 - 기타,승용,남,26세,상해없음,승용,여,54세,경상
2016062300100482,2016년 6월 23일 20시,목요일,부산광역시 사하구 하단동,부상신고사고,0,0,0,1,차대사람 - 횡단중,안전운전불이행,건조,맑음,단일로 - 기타,승용,남,58세,상해없음,보행자,여,59세,부상신고
2016062300100540,2016년 6월 23일 22시,목요일,부산광역시 영도구 봉래동1가,경상사고,0,0,1,0,차대사람 - 횡단중,안전운전불이행,건조,맑음,단일로 - 횡단보도상,승용,남,55세,상해없음,보행자,남,36세,경상
2016062300100541,2016년 6월 23일 22시,목요일,부산광역시 사상구 감전동,중상사고,0,1,0,0,차대차 - 측면직각충돌,안전운전불이행,건조,맑음,교차로 - 교차로안,승용,남,48세,상해없음,이륜,남,17세,중상
2016062300100579,2016년 6월 23일 23시,목요일,부산광역시 남구 대연동,경상사고,0,0,5,0,차대차 - 추돌,안전운전불이행,건조,맑음,교차로 - 교차로부근,승용,남,57세,상해없음,승용,여,53세,경상
2016062300100580,2016년 6월 23일 23시,목요일,부산광역시 부산진구 부전동,경상사고,0,0,1,0,차대차 - 측면직각충돌,기타,건조,맑음,단일로 - 기타,승용,남,60세,상해없음,이륜,남,41세,경상
2016062300100581,2016년 6월 23일 23시,목요일,부산광역시 부산진구 당감동,중상사고,0,1,1,0,차대차 - 추돌,안전거리미확보,건조,맑음,교차로 - 교차로부근,승용,남,53세,상해없음,승용,남,32세,중상
2016062400100005,2016년 6월 24일 00시,금요일,부산광역시 사하구 괴정동,사망사고,1,0,0,0,차대사람 - 기타,안전운전불이행,건조,맑음,단일로 - 기타,화물,남,75세,상해없음,보행자,남,55세,사망
2016062400100028,2016년 6월 24일 01시,금요일,부산광역시 사하구 하단동,중상사고,0,1,1,0,차대차 - 기타,신호위반,건조,맑음,교차로 - 교차로안,승용,남,49세,상해없음,승용,남,70세,경상
2016062400100052,2016년 6월 24일 03시,금요일,부산광역시 동구 범일동,경상사고,0,0,1,0,차대사람 - 기타,안전운전불이행,건조,맑음,단일로 - 기타,승용,남,58세,상해없음,보행자,남,22세,경상
2016062400100053,2016년 6월 24일 03시,금요일,부산광역시 해운대구 우동,경상사고,0,0,3,0,차대차 - 기타,신호위반,건조,맑음,교차로 - 교차로안,승용,남,34세,상해없음,승용,남,48세,경상
2016062400100101,2016년 6월 24일 07시,금요일,부산광역시 남구 문현동,중상사고,0,1,0,0,차대차 - 추돌,교차로운행방법위반,습기,비,교차로 - 교차로안,승합,여,56세,상해없음,승용,여,55세,중상
2016062400100102,2016년 6월 24일 07시,금요일,부산광역시 수영구 남천동,중상사고,0,1,0,0,차대차 - 추돌,차로위반,건조,맑음,단일로 - 기타,승용,남,34세,상해없음,승용,남,32세,중상
2016062400100103,2016년 6월 24일 07시,금요일,부산광역시 북구 화명동,경상사고,0,0,1,0,차대차 - 측면직각충돌,안전운전불이행,건조,맑음,교차로 - 교차로안,건설기계,남,66세,상해없음,승용,남,63세,경상
2016062400100104,2016년 6월 24일 07시,금요일,부산광역시 금정구 부곡동,중상사고,0,1,0,0,차대사람 - 차도통행중,안전운전불이행,습기,비,단일로 - 기타,승용,여,30세,상해없음,보행자,남,67세,중상
2016062400100133,2016년 6월 24일 08시,금요일,부산광역시 사하구 신평동,경상사고,0,0,1,0,차대차 - 측면직각충돌,안전운전불이행,습기,비,단일로 - 기타,기타불명,기타불명,기타불명,기타불명,화물,남,54세,경상
2016062400100134,2016년 6월 24일 08시,금요일,부산광역시 사하구 구평동,사망사고,1,4,1,1,차대차 - 기타,중앙선침범,습기,비,교차로 - 교차로부근,특수,남,44세,상해없음,화물,남,29세,상해없음
2016062400100187,2016년 6월 24일 09시,금요일,부산광역시 수영구 광안동,경상사고,0,0,1,0,차대차 - 측면충돌,중앙선침범,습기,비,단일로 - 기타,승용,남,38세,상해없음,승용,여,35세,경상
2016062400100188,2016년 6월 24일 09시,금요일,부산광역시 사상구 감전동,경상사고,0,0,1,0,차대차 - 추돌,안전거리미확보,습기,맑음,단일로 - 기타,화물,남,36세,상해없음,승용,여,47세,상해없음
2016062400100229,2016년 6월 24일 10시,금요일,부산광역시 해운대구 재송동,부상신고사고,0,0,0,1,차대차 - 측면직각충돌,안전운전불이행,습기,비,단일로 - 기타,화물,남,44세,상해없음,승용,남,30세,부상신고
2016062400100254,2016년 6월 24일 11시,금요일,부산광역시 사하구 당리동,사망사고,1,1,1,0,차대차 - 기타,안전운전불이행,습기,비,단일로 - 기타,승용,남,66세,상해없음,승용,남,66세,상해없음
2016062400100255,2016년 6월 24일 11시,금요일,부산광역시 수영구 수영동,경상사고,0,0,1,0,차대차 - 측면충돌,교차로운행방법위반,건조,맑음,교차로 - 교차로안,승용,남,34세,상해없음,승용,남,38세,경상
2016062400100256,2016년 6월 24일 11시,금요일,부산광역시 연제구 거제동,경상사고,0,0,1,0,차대차 - 측면직각충돌,안전거리미확보,건조,맑음,단일로 - 기타,승용,여,47세,상해없음,화물,남,66세,경상
2016062400100257,2016년 6월 24일 11시,금요일,부산광역시 강서구 대저2동,중상사고,0,1,0,0,차대차 - 측면충돌,직진우회전진행방해,습기,비,교차로 - 교차로안,화물,남,58세,상해없음,승용,남,29세,중상
2016062400100283,2016년 6월 24일 12시,금요일,부산광역시 기장군 일광면,경상사고,0,0,1,4,차대차 - 측면직각충돌,안전거리미확보,습기,비,단일로 - 터널,승합,여,30세,상해없음,승용,남,34세,경상
2016062400100312,2016년 6월 24일 13시,금요일,부산광역시 금정구 남산동,경상사고,0,0,2,0,차대차 - 추돌,안전거리미확보,습기,비,단일로 - 횡단보도부근,승용,남,28세,상해없음,승용,여,71세,경상
2016062400100342,2016년 6월 24일 14시,금요일,부산광역시 남구 용호동,경상사고,0,0,1,0,차대차 - 측면직각충돌,안전운전불이행,건조,맑음,단일로 - 기타,이륜,남,36세,경상,승용,남,56세,상해없음
2016062400100343,2016년 6월 24일 14시,금요일,부산광역시 남구 감만동,중상사고,0,1,0,0,차대차 - 측면직각충돌,신호위반,건조,흐림,교차로 - 교차로안,승용,남,62세,상해없음,승합,남,71세,중상
2016062400100344,2016년 6월 24일 14시,금요일,부산광역시 해운대구 중동,중상사고,0,1,0,0,차대사람 - 횡단중,안전운전불이행,습기,비,교차로 - 교차로안,승용,남,43세,상해없음,보행자,여,79세,중상
2016062400100369,2016년 6월 24일 15시,금요일,부산광역시 부산진구 부전동,경상사고,0,0,1,0,차대차 - 측면직각충돌,신호위반,습기,흐림,교차로 - 교차로안,승용,남,52세,상해없음,이륜,남,29세,경상
2016062400100370,2016년 6월 24일 15시,금요일,부산광역시 강서구 명지동,중상사고,0,1,1,0,차대차 - 추돌,안전거리미확보,건조,맑음,단일로 - 기타,승용,남,75세,상해없음,화물,남,44세,상해없음
2016062400100398,2016년 6월 24일 16시,금요일,부산광역시 해운대구 우동,경상사고,0,0,1,0,차대차 - 측면직각충돌,안전거리미확보,건조,맑음,단일로 - 기타,승용,여,49세,상해없음,승용,여,25세,경상
2016062400100435,2016년 6월 24일 17시,금요일,부산광역시 북구 화명동,중상사고,0,2,0,0,차대사람 - 보도통행중,기타,건조,맑음,단일로 - 기타,승용,여,69세,상해없음,보행자,여,15세,중상
2016062400100437,2016년 6월 24일 17시,금요일,부산광역시 부산진구 전포동,경상사고,0,0,1,0,차대차 - 기타,안전거리미확보,기타,맑음,단일로 - 기타,이륜,남,56세,상해없음,이륜,남,69세,경상
2016062400100438,2016년 6월 24일 17시,금요일,부산광역시 부산진구 범천동,중상사고,0,1,1,0,차대차 - 측면충돌,신호위반,습기,비,교차로 - 교차로안,이륜,남,55세,중상,승용,여,65세,경상
2016062400100439,2016년 6월 24일 17시,금요일,부산광역시 사하구 다대동,중상사고,0,1,1,0,차대차 - 측면직각충돌,직진우회전진행방해,건조,맑음,교차로 - 교차로안,이륜,남,15세,경상,승용,남,38세,상해없음
2016062400100510,2016년 6월 24일 19시,금요일,부산광역시 동래구 온천동,중상사고,0,1,0,0,차대차 - 측면직각충돌,안전운전불이행,건조,맑음,단일로 - 기타,승용,남,36세,상해없음,승용,남,44세,중상
2016062400100511,2016년 6월 24일 19시,금요일,부산광역시 부산진구 범천동,경상사고,0,0,1,0,차대차 - 기타,안전거리미확보,건조,맑음,단일로 - 기타,이륜,남,26세,경상,승용,남,55세,상해없음
2016062400100512,2016년 6월 24일 19시,금요일,부산광역시 사하구 장림동,경상사고,0,0,1,0,차량단독 - 전도전복,안전운전불이행,건조,맑음,단일로 - 기타,승용,여,41세,경상,,,,
2016062400100542,2016년 6월 24일 20시,금요일,부산광역시 해운대구 반송동,중상사고,0,1,0,0,차대사람 - 횡단중,보행자보호의무위반,건조,맑음,단일로 - 기타,승용,남,33세,상해없음,보행자,남,59세,중상
2016062400100543,2016년 6월 24일 20시,금요일,부산광역시 사상구 모라동,경상사고,0,0,1,0,차대차 - 정면충돌,안전운전불이행,건조,흐림,단일로 - 기타,승용,여,45세,상해없음,원동기,남,19세,경상
2016062400100572,2016년 6월 24일 21시,금요일,부산광역시 북구 덕천동,중상사고,0,1,0,0,차량단독 - 기타,안전운전불이행,습기,흐림,단일로 - 기타,원동기,남,22세,중상,,,,
2016062400100573,2016년 6월 24일 21시,금요일,부산광역시 해운대구 우동,경상사고,0,0,3,0,차대차 - 기타,안전거리미확보,건조,맑음,단일로 - 기타,승용,남,66세,상해없음,승용,남,22세,경상
2016062400100606,2016년 6월 24일 22시,금요일,부산광역시 동구 범일동,부상신고사고,0,0,0,1,차대차 - 기타,신호위반,건조,맑음,단일로 - 기타,이륜,남,32세,부상신고,승용,남,38세,상해없음
2016062500100006,2016년 6월 25일 00시,토요일,부산광역시 해운대구 우동,중상사고,0,2,0,0,차대사람 - 차도통행중,안전운전불이행,건조,맑음,단일로 - 기타,승용,남,38세,상해없음,보행자,남,25세,중상
2016062500100007,2016년 6월 25일 00시,토요일,부산광역시 부산진구 연지동,중상사고,0,1,0,0,차대사람 - 횡단중,안전운전불이행,건조,맑음,단일로 - 횡단보도부근,승용,남,67세,상해없음,보행자,남,44세,중상
2016062500100008,2016년 6월 25일 00시,토요일,부산광역시 금정구 장전동,경상사고,0,0,3,0,차대차 - 추돌,안전운전불이행,건조,맑음,교차로 - 교차로부근,승용,남,38세,상해없음,승용,남,51세,경상
2016062500100047,2016년 6월 25일 02시,토요일,부산광역시 해운대구 우동,경상사고,0,0,2,0,차대차 - 추돌,안전거리미확보,건조,맑음,교차로 - 교차로부근,승용,남,22세,상해없음,승용,여,27세,경상
2016062500100065,2016년 6월 25일 03시,토요일,부산광역시 부산진구 부전동,부상신고사고,0,0,0,1,차대차 - 기타,교차로운행방법위반,건조,맑음,교차로 - 교차로안,이륜,남,24세,부상신고,승용,남,30세,상해없음
2016062500100079,2016년 6월 25일 04시,토요일,부산광역시 부산진구 부전동,부상신고사고,0,0,0,1,차대차 - 기타,안전거리미확보,건조,맑음,단일로 - 기타,이륜,남,25세,부상신고,승용,남,52세,상해없음
2016062500100092,2016년 6월 25일 05시,토요일,부산광역시 부산진구 범천동,중상사고,0,1,1,0,차대차 - 기타,안전운전불이행,건조,맑음,단일로 - 기타,승용,남,25세,상해없음,승용,남,33세,경상
2016062500100106,2016년 6월 25일 06시,토요일,부산광역시 강서구 신호동,중상사고,0,2,1,0,차대차 - 추돌,안전운전불이행,건조,맑음,단일로 - 기타,승용,여,23세,상해없음,승용,남,35세,중상
2016062500100141,2016년 6월 25일 08시,토요일,부산광역시 중구 중앙동4가,경상사고,0,0,1,0,차대차 - 측면충돌,교차로운행방법위반,건조,맑음,교차로 - 교차로안,화물,남,50세,상해없음,이륜,남,41세,경상
2016062500100142,2016년 6월 25일 08시,토요일,부산광역시 북구 만덕동,경상사고,0,0,2,0,차대차 - 기타,안전운전불이행,건조,맑음,단일로 - 기타,승용,여,52세,상해없음,승용,남,43세,경상
2016062500100143,2016년 6월 25일 08시,토요일,부산광역시 부산진구 전포동,중상사고,0,1,0,0,차대사람 - 횡단중,보행자보호의무위반,건조,맑음,단일로 - 횡단보도상,이륜,남,71세,상해없음,보행자,남,29세,중상
2016062500100144,2016년 6월 25일 08시,토요일,부산광역시 연제구 연산동,경상사고,0,0,1,0,차대차 - 측면직각충돌,안전거리미확보,건조,맑음,단일로 - 기타,건설기계,남,45세,상해없음,승용,남,27세,경상
2016062500100202,2016년 6월 25일 10시,토요일,부산광역시 사하구 다대동,경상사고,0,0,1,0,차대차 - 측면직각충돌,중앙선침범,건조,맑음,단일로 - 기타,자전거,여,57세,경상,화물,남,42세,상해없음
2016062500100243,2016년 6월 25일 11시,토요일,부산광역시 수영구 남천동,경상사고,0,0,2,0,차대차 - 추돌,안전거리미확보,건조,맑음,단일로 - 기타,승용,남,34세,상해없음,승용,남,33세,경상
2016062500100244,2016년 6월 25일 11시,토요일,부산광역시 동래구 안락동,경상사고,0,0,1,0,차대차 - 추돌,안전운전불이행,건조,맑음,단일로 - 기타,승용,남,55세,상해없음,승용,남,24세,경상
2016062500100245,2016년 6월 25일 11시,토요일,부산광역시 사상구 괘법동,부상신고사고,0,0,0,1,차대차 - 측면직각충돌,중앙선침범,건조,맑음,단일로 - 기타,이륜,남,21세,부상신고,승용,남,20세,상해없음
2016062500100267,2016년 6월 25일 12시,토요일,부산광역시 부산진구 당감동,경상사고,0,0,1,0,차대사람 - 기타,안전운전불이행,기타,맑음,교차로 - 교차로안,승용,여,47세,상해없음,보행자,남,8세,경상
2016062500100308,2016년 6월 25일 13시,토요일,부산광역시 북구 덕천동,경상사고,0,0,2,0,차대차 - 추돌,안전운전불이행,건조,맑음,단일로 - 기타,승합,남,59세,상해없음,승용,남,31세,경상
2016062500100309,2016년 6월 25일 13시,토요일,부산광역시 연제구 연산동,중상사고,0,1,0,0,차대사람 - 기타,안전운전불이행,건조,맑음,기타 - 기타,자전거,남,13세,기타불명,보행자,여,63세,중상
2016062500100348,2016년 6월 25일 14시,토요일,부산광역시 남구 대연동,중상사고,0,1,1,0,차대차 - 측면충돌,신호위반,건조,맑음,교차로 - 교차로부근,승용,남,25세,상해없음,승용,남,60세,경상
2016062500100349,2016년 6월 25일 14시,토요일,부산광역시 사하구 괴정동,중상사고,0,1,0,0,차대사람 - 횡단중,안전운전불이행,건조,맑음,단일로 - 기타,이륜,남,38세,상해없음,보행자,여,51세,중상
2016062500100350,2016년 6월 25일 14시,토요일,부산광역시 강서구 대저2동,중상사고,0,1,0,0,차대차 - 정면충돌,중앙선침범,건조,맑음,단일로 - 기타,승용,남,36세,상해없음,승용,여,26세,중상
2016062500100399,2016년 6월 25일 15시,토요일,부산광역시 사상구 괘법동,중상사고,0,1,1,0,차대차 - 측면충돌,안전거리미확보,건조,맑음,단일로 - 기타,승용,남,32세,상해없음,원동기,남,26세,경상
2016062500100400,2016년 6월 25일 15시,토요일,부산광역시 사상구 엄궁동,경상사고,0,0,2,0,차대차 - 측면충돌,차로위반,건조,맑음,단일로 - 기타,승용,남,61세,상해없음,승용,남,57세,경상
2016062500100436,2016년 6월 25일 16시,토요일,부산광역시 부산진구 연지동,경상사고,0,0,3,0,차대차 - 측면직각충돌,안전운전불이행,건조,맑음,교차로 - 교차로안,승용,여,56세,상해없음,승용,남,31세,경상
2016062500100478,2016년 6월 25일 17시,토요일,부산광역시 중구 남포동6가,경상사고,0,0,1,0,차대사람 - 기타,안전운전불이행,건조,맑음,단일로 - 기타,승용,남,70세,상해없음,보행자,여,28세,경상
2016062500100479,2016년 6월 25일 17시,토요일,부산광역시 해운대구 우동,중상사고,0,1,0,0,차대차 - 추돌,안전운전불이행,건조,맑음,단일로 - 기타,승용,여,23세,상해없음,승용,남,23세,중상
2016062500100480,2016년 6월 25일 17시,토요일,부산광역시 부산진구 부전동,중상사고,0,1,0,0,차대차 - 측면직각충돌,차로위반,건조,맑음,교차로 - 교차로부근,승용,여,30세,기타불명,승용,여,28세,중상
2016062500100513,2016년 6월 25일 18시,토요일,부산광역시 남구 문현동,중상사고,0,1,0,0,차대사람 - 횡단중,안전운전불이행,건조,맑음,단일로 - 기타,승용,남,64세,상해없음,보행자,여,25세,중상
2016062500100514,2016년 6월 25일 18시,토요일,부산광역시 수영구 수영동,부상신고사고,0,0,0,1,차대사람 - 길가장자리구역통행중,안전운전불이행,건조,맑음,교차로 - 교차로부근,승용,여,47세,상해없음,보행자,남,55세,부상신고
2016062500100590,2016년 6월 25일 20시,토요일,부산광역시 남구 문현동,중상사고,0,1,0,0,차대사람 - 횡단중,안전운전불이행,건조,맑음,단일로 - 횡단보도상,승용,여,44세,상해없음,보행자,여,66세,중상
2016062500100618,2016년 6월 25일 21시,토요일,부산광역시 동구 범일동,경상사고,0,0,1,0,차대차 - 측면직각충돌,교차로운행방법위반,건조,맑음,교차로 - 교차로부근,승합,남,64세,상해없음,승용,남,55세,경상
2016062500100619,2016년 6월 25일 21시,토요일,부산광역시 남구 감만동,부상신고사고,0,0,0,1,차대사람 - 차도통행중,안전운전불이행,건조,맑음,단일로 - 기타,승용,남,67세,상해없음,보행자,남,12세,부상신고
2016062500100620,2016년 6월 25일 21시,토요일,부산광역시 동래구 온천동,부상신고사고,0,0,0,1,차대사람 - 차도통행중,안전운전불이행,건조,맑음,단일로 - 기타,이륜,남,29세,상해없음,보행자,남,72세,부상신고
2016062500100621,2016년 6월 25일 21시,토요일,부산광역시 기장군 기장읍,경상사고,0,0,2,0,차대차 - 추돌,안전운전불이행,건조,맑음,단일로 - 기타,승용,남,45세,상해없음,승용,남,65세,경상
2016062600100027,2016년 6월 26일 01시,일요일,부산광역시 수영구 민락동,부상신고사고,0,0,0,1,차대차 - 측면충돌,안전운전불이행,건조,맑음,단일로 - 기타,이륜,남,19세,부상신고,승용,남,36세,상해없음
2016062600100028,2016년 6월 26일 01시,일요일,부산광역시 영도구 남항동1가,중상사고,0,1,0,0,차대차 - 측면충돌,직진우회전진행방해,건조,맑음,교차로 - 교차로안,승용,남,31세,상해없음,원동기,남,37세,중상
2016062600100029,2016년 6월 26일 01시,일요일,부산광역시 사상구 괘법동,경상사고,0,0,1,0,차대차 - 측면충돌,교차로운행방법위반,건조,맑음,교차로 - 교차로안,승용,남,73세,상해없음,승용,남,50세,경상
2016062600100041,2016년 6월 26일 02시,일요일,부산광역시 북구 덕천동,중상사고,0,1,0,0,차대차 - 추돌,안전운전불이행,건조,맑음,단일로 - 기타,원동기,남,20세,상해없음,승용,남,24세,상해없음
2016062600100042,2016년 6월 26일 02시,일요일,부산광역시 연제구 연산동,경상사고,0,0,2,0,차대차 - 측면직각충돌,신호위반,건조,맑음,교차로 - 교차로안,승용,남,53세,상해없음,승용,남,59세,경상
2016062600100064,2016년 6월 26일 05시,일요일,부산광역시 사상구 모라동,경상사고,0,0,1,0,차대차 - 추돌,안전운전불이행,건조,맑음,교차로 - 교차로부근,승용,남,30세,상해없음,승용,남,60세,경상
2016062600100086,2016년 6월 26일 06시,일요일,부산광역시 해운대구 반송동,중상사고,0,1,0,0,차대차 - 측면직각충돌,신호위반,건조,맑음,교차로 - 교차로안,승용,남,56세,상해없음,이륜,남,63세,중상
2016062600100092,2016년 6월 26일 07시,일요일,부산광역시 북구 덕천동,중상사고,0,1,0,0,차대차 - 기타,중앙선침범,건조,맑음,단일로 - 기타,이륜,남,44세,상해없음,승합,남,48세,상해없음
2016062600100093,2016년 6월 26일 07시,일요일,부산광역시 사하구 하단동,경상사고,0,0,1,0,차대차 - 측면충돌,안전운전불이행,건조,맑음,기타 - 기타,승용,여,56세,상해없음,자전거,남,50세,경상
2016062600100110,2016년 6월 26일 08시,일요일,부산광역시 영도구 청학동,중상사고,0,1,0,0,차대사람 - 기타,안전운전불이행,건조,맑음,단일로 - 기타,승용,남,59세,상해없음,보행자,여,76세,중상
2016062600100111,2016년 6월 26일 08시,일요일,부산광역시 강서구 신호동,중상사고,0,1,0,1,차대차 - 측면직각충돌,신호위반,건조,맑음,교차로 - 교차로안,승용,남,66세,상해없음,승용,남,31세,중상
2016062600100131,2016년 6월 26일 09시,일요일,부산광역시 해운대구 재송동,중상사고,0,1,1,0,차대사람 - 차도통행중,중앙선침범,건조,맑음,단일로 - 기타,자전거,남,18세,경상,보행자,여,56세,중상
2016062600100171,2016년 6월 26일 11시,일요일,부산광역시 동래구 안락동,중상사고,0,3,1,0,차대차 - 측면직각충돌,교차로운행방법위반,건조,맑음,교차로 - 교차로안,승용,남,29세,상해없음,승용,남,37세,중상
2016062600100190,2016년 6월 26일 12시,일요일,부산광역시 남구 용당동,중상사고,0,1,0,0,차대차 - 정면충돌,안전운전불이행,건조,맑음,교차로 - 교차로부근,승합,남,54세,상해없음,이륜,남,38세,중상
2016062600100191,2016년 6월 26일 12시,일요일,부산광역시 연제구 거제동,중상사고,0,1,0,0,차대차 - 측면직각충돌,안전운전불이행,건조,맑음,교차로 - 교차로부근,승용,여,35세,상해없음,자전거,여,55세,중상
2016062600100219,2016년 6월 26일 13시,일요일,부산광역시 해운대구 우동,부상신고사고,0,0,0,1,차대차 - 기타,안전운전불이행,건조,맑음,단일로 - 기타,원동기,남,31세,부상신고,승용,여,35세,상해없음
2016062600100258,2016년 6월 26일 14시,일요일,부산광역시 동래구 온천동,중상사고,0,1,0,0,차대차 - 측면충돌,안전운전불이행,건조,맑음,교차로 - 교차로안,승용,남,75세,상해없음,이륜,남,53세,중상
2016062600100259,2016년 6월 26일 14시,일요일,부산광역시 해운대구 우동,경상사고,0,0,1,0,차대차 - 측면충돌,안전거리미확보,기타,맑음,단일로 - 기타,승용,여,31세,상해없음,이륜,남,18세,경상
2016062600100260,2016년 6월 26일 14시,일요일,부산광역시 사하구 하단동,경상사고,0,0,2,0,차대차 - 기타,신호위반,건조,맑음,단일로 - 기타,승용,남,76세,상해없음,승용,남,58세,경상
2016062600100261,2016년 6월 26일 14시,일요일,부산광역시 강서구 명지동,경상사고,0,0,1,0,차대차 - 측면직각충돌,신호위반,건조,맑음,단일로 - 기타,이륜,남,79세,경상,승용,남,65세,상해없음
2016062600100262,2016년 6월 26일 14시,일요일,부산광역시 기장군 장안읍,중상사고,0,1,2,0,차대차 - 정면충돌,중앙선침범,건조,맑음,단일로 - 기타,승용,여,71세,중상,승용,남,49세,경상
2016062600100291,2016년 6월 26일 15시,일요일,부산광역시 서구 암남동,경상사고,0,0,1,0,차대사람 - 길가장자리구역통행중,기타,건조,맑음,단일로 - 기타,자전거,기타불명,기타불명,기타불명,보행자,남,51세,경상
2016062600100292,2016년 6월 26일 15시,일요일,부산광역시 남구 대연동,부상신고사고,0,0,0,1,차대차 - 기타,차로위반,건조,맑음,단일로 - 기타,승용,남,56세,상해없음,이륜,남,38세,부상신고
2016062600100293,2016년 6월 26일 15시,일요일,부산광역시 남구 용호동,중상사고,0,1,0,0,차대차 - 측면충돌,안전운전불이행,건조,맑음,교차로 - 교차로안,승용,남,43세,상해없음,이륜,남,49세,중상
2016062600100316,2016년 6월 26일 16시,일요일,부산광역시 사상구 감전동,경상사고,0,0,2,0,차대차 - 측면직각충돌,안전거리미확보,건조,맑음,단일로 - 기타,승용,남,62세,상해없음,승용,남,32세,경상
2016062600100361,2016년 6월 26일 18시,일요일,부산광역시 동래구 사직동,중상사고,0,1,0,0,차대사람 - 횡단중,신호위반,건조,흐림,단일로 - 횡단보도상,승용,남,66세,상해없음,보행자,여,46세,중상
2016062600100387,2016년 6월 26일 19시,일요일,부산광역시 해운대구 우동,중상사고,0,1,0,0,차대차 - 측면충돌,불법유턴,건조,맑음,단일로 - 횡단보도상,자전거,남,24세,중상,승용,여,34세,상해없음
2016062600100411,2016년 6월 26일 20시,일요일,부산광역시 서구 남부민동,경상사고,0,0,1,0,차대차 - 기타,교차로운행방법위반,건조,맑음,교차로 - 교차로안,승용,남,50세,상해없음,원동기,남,36세,경상
2016062600100412,2016년 6월 26일 20시,일요일,부산광역시 북구 덕천동,경상사고,0,0,1,0,차대사람 - 기타,안전운전불이행,건조,맑음,단일로 - 기타,승용,남,61세,상해없음,보행자,여,16세,경상
2016062600100413,2016년 6월 26일 20시,일요일,부산광역시 강서구 신호동,중상사고,0,1,0,0,차대사람 - 차도통행중,안전운전불이행,건조,맑음,단일로 - 기타,승용,여,36세,상해없음,보행자,남,51세,중상
2016062600100466,2016년 6월 26일 22시,일요일,부산광역시 연제구 거제동,중상사고,0,1,1,0,차대사람 - 횡단중,안전운전불이행,건조,맑음,단일로 - 횡단보도부근,화물,남,31세,상해없음,보행자,남,56세,경상
2016062700100004,2016년 6월 27일 00시,월요일,부산광역시 해운대구 우동,중상사고,0,1,3,0,차대차 - 추돌,안전거리미확보,건조,맑음,교차로 - 교차로안,이륜,남,39세,상해없음,승용,남,19세,경상
2016062700100005,2016년 6월 27일 00시,월요일,부산광역시 금정구 부곡동,경상사고,0,0,1,0,차대사람 - 횡단중,안전운전불이행,건조,맑음,단일로 - 기타,승용,남,27세,상해없음,보행자,여,22세,경상
2016062700100042,2016년 6월 27일 06시,월요일,부산광역시 서구 동대신동2가,중상사고,0,1,0,0,차대차 - 기타,안전운전불이행,건조,흐림,단일로 - 기타,건설기계,남,55세,기타불명,승용,남,65세,중상
2016062700100059,2016년 6월 27일 07시,월요일,부산광역시 사상구 덕포동,경상사고,0,0,1,0,차대사람 - 길가장자리구역통행중,안전운전불이행,건조,흐림,단일로 - 기타,승용,남,58세,상해없음,보행자,여,24세,경상
2016062700100085,2016년 6월 27일 08시,월요일,부산광역시 부산진구 초읍동,중상사고,0,2,3,1,차대차 - 추돌,안전운전불이행,건조,맑음,단일로 - 기타,승합,남,61세,상해없음,승용,남,35세,경상
2016062700100157,2016년 6월 27일 10시,월요일,부산광역시 서구 서대신동2가,경상사고,0,0,1,0,차대차 - 측면직각충돌,안전거리미확보,건조,맑음,단일로 - 기타,승용,여,44세,상해없음,승용,여,48세,경상
2016062700100158,2016년 6월 27일 10시,월요일,부산광역시 동래구 명장동,중상사고,0,1,0,0,차대차 - 측면직각충돌,불법유턴,건조,맑음,교차로 - 교차로안,원동기,남,73세,중상,화물,남,20세,상해없음
2016062700100159,2016년 6월 27일 10시,월요일,부산광역시 부산진구 초읍동,경상사고,0,0,1,0,차대차 - 측면충돌,안전운전불이행,건조,맑음,교차로 - 교차로안,화물,남,55세,상해없음,자전거,남,55세,경상
2016062700100186,2016년 6월 27일 11시,월요일,부산광역시 영도구 영선동2가,중상사고,0,1,0,0,차대사람 - 기타,안전운전불이행,건조,맑음,단일로 - 기타,이륜,남,74세,상해없음,보행자,여,76세,중상
2016062700100187,2016년 6월 27일 11시,월요일,부산광역시 부산진구 연지동,경상사고,0,0,1,0,차대차 - 측면충돌,안전운전불이행,건조,맑음,단일로 - 기타,승용,남,43세,상해없음,자전거,남,34세,경상
2016062700100188,2016년 6월 27일 11시,월요일,부산광역시 사하구 하단동,경상사고,0,0,1,0,차대차 - 측면직각충돌,안전거리미확보,건조,맑음,단일로 - 기타,화물,남,69세,상해없음,승합,남,54세,경상