사고번호,사고일시,요일,시군구,사고내용,사망자수,중상자수,경상자수,부상신고자수,사고유형,법규위반,노면상태,기상상태,도로형태,가해운전자 차종,가해운전자 성별,가해운전자 연령,가해운전자 상해정도,피해운전자 차종,피해운전자 성별,피해운전자 연령,피해운전자 상해정도
2016070500100030,2016년 7월 5일 01시,화요일,부산광역시 사상구 감전동,경상사고,0,0,1,0,차대차 - 추돌,안전운전불이행,습기,흐림,교차로 - 교차로부근,승용,남,43세,상해없음,승용,남,61세,경상
2016070500100040,2016년 7월 5일 02시,화요일,부산광역시 남구 대연동,경상사고,0,0,3,0,차대차 - 기타,안전운전불이행,습기,비,교차로 - 교차로안,승용,남,78세,상해없음,승용,남,57세,경상
2016070500100058,2016년 7월 5일 05시,화요일,부산광역시 부산진구 당감동,경상사고,0,0,1,0,차대사람 - 횡단중,신호위반,건조,맑음,교차로 - 교차로부근,승용,남,39세,상해없음,보행자,남,34세,경상
2016070500100059,2016년 7월 5일 05시,화요일,부산광역시 연제구 거제동,경상사고,0,0,1,1,차대차 - 추돌,중앙선침범,습기,비,교차로 - 교차로안,승용,남,64세,부상신고,화물,남,67세,경상
2016070500100072,2016년 7월 5일 06시,화요일,부산광역시 사상구 덕포동,중상사고,0,1,0,0,차대차 - 측면충돌,안전거리미확보,건조,맑음,단일로 - 기타,자전거,남,74세,중상,화물,남,53세,상해없음
2016070500100102,2016년 7월 5일 08시,화요일,부산광역시 북구 덕천동,경상사고,0,0,1,0,차대차 - 측면충돌,차로위반,건조,맑음,단일로 - 횡단보도부근,화물,남,46세,상해없음,승용,남,31세,경상
2016070500100139,2016년 7월 5일 09시,화요일,부산광역시 사하구 하단동,경상사고,0,0,1,0,차량단독 - 기타,안전운전불이행,건조,맑음,기타 - 기타,승합,남,47세,상해없음,,,,
2016070500100166,2016년 7월 5일 10시,화요일,부산광역시 부산진구 전포동,중상사고,0,1,0,0,차대사람 - 횡단중,보행자보호의무위반,건조,맑음,단일로 - 횡단보도상,승용,남,29세,상해없음,보행자,여,23세,중상
2016070500100186,2016년 7월 5일 11시,화요일,부산광역시 금정구 부곡동,중상사고,0,1,0,0,차대사람 - 횡단중,안전운전불이행,건조,맑음,교차로 - 교차로안,원동기,남,20세,상해없음,보행자,여,81세,중상
2016070500100187,2016년 7월 5일 11시,화요일,부산광역시 강서구 명지동,중상사고,0,1,0,0,차대차 - 추돌,안전운전불이행,건조,맑음,교차로 - 교차로부근,화물,남,52세,상해없음,승용,남,56세,중상
2016070500100240,2016년 7월 5일 13시,화요일,부산광역시 동래구 명륜동,부상신고사고,0,0,0,1,차대사람 - 기타,안전운전불이행,습기,흐림,교차로 - 교차로부근,승용,여,48세,상해없음,보행자,여,76세,부상신고
2016070500100241,2016년 7월 5일 13시,화요일,부산광역시 연제구 연산동,경상사고,0,0,3,0,차대차 - 추돌,안전운전불이행,건조,맑음,단일로 - 기타,승용,남,25세,상해없음,승용,남,36세,경상
2016070500100242,2016년 7월 5일 13시,화요일,부산광역시 사상구 엄궁동,경상사고,0,0,1,0,차대차 - 기타,안전운전불이행,건조,맑음,교차로 - 교차로부근,화물,남,64세,상해없음,승용,남,25세,경상
2016070500100277,2016년 7월 5일 14시,화요일,부산광역시 사상구 학장동,중상사고,0,1,0,0,차대차 - 측면충돌,불법유턴,건조,맑음,교차로 - 교차로안,이륜,남,79세,중상,승용,남,43세,상해없음
2016070500100306,2016년 7월 5일 15시,화요일,부산광역시 사하구 하단동,경상사고,0,0,1,0,차대차 - 기타,교차로운행방법위반,건조,맑음,교차로 - 교차로안,승용,남,46세,상해없음,화물,남,28세,경상
2016070500100343,2016년 7월 5일 16시,화요일,부산광역시 남구 대연동,부상신고사고,0,0,0,1,차대차 - 측면직각충돌,교차로운행방법위반,습기,비,교차로 - 교차로부근,승용,남,49세,상해없음,승용,남,59세,상해없음
2016070500100344,2016년 7월 5일 16시,화요일,부산광역시 동래구 명장동,경상사고,0,0,1,0,차대사람 - 차도통행중,안전운전불이행,건조,맑음,단일로 - 기타,화물,남,55세,상해없음,보행자,남,80세,경상
2016070500100345,2016년 7월 5일 16시,화요일,부산광역시 동래구 온천동,경상사고,0,0,1,1,차대차 - 추돌,안전운전불이행,건조,맑음,단일로 - 기타,승용,남,33세,상해없음,승용,여,62세,경상
2016070500100346,2016년 7월 5일 16시,화요일,부산광역시 연제구 연산동,경상사고,0,0,1,0,차대사람 - 차도통행중,안전운전불이행,건조,맑음,단일로 - 기타,승용,남,41세,상해없음,보행자,여,73세,경상
2016070500100374,2016년 7월 5일 17시,화요일,부산광역시 남구 대연동,경상사고,0,0,1,0,차대차 - 기타,기타,건조,맑음,단일로 - 기타,승용,기타불명,기타불명,기타불명,원동기,남,21세,경상
2016070500100410,2016년 7월 5일 18시,화요일,부산광역시 중구 부평동1가,경상사고,0,0,1,0,차대사람 - 횡단중,보행자보호의무위반,건조,흐림,단일로 - 횡단보도상,승용,남,61세,상해없음,보행자,남,10세,경상
2016070500100411,2016년 7월 5일 18시,화요일,부산광역시 북구 덕천동,중상사고,0,1,0,0,차대차 - 정면충돌,안전거리미확보,건조,맑음,단일로 - 기타,승용,여,41세,상해없음,승용,여,31세,중상
2016070500100412,2016년 7월 5일 18시,화요일,부산광역시 부산진구 개금동,부상신고사고,0,0,0,1,차대차 - 기타,안전운전불이행,건조,맑음,단일로 - 기타,이륜,남,23세,부상신고,승합,남,64세,상해없음
2016070500100413,2016년 7월 5일 18시,화요일,부산광역시 부산진구 부전동,경상사고,0,0,1,0,차대차 - 기타,안전운전불이행,건조,맑음,단일로 - 기타,원동기,남,25세,상해없음,승용,남,65세,경상
2016070500100414,2016년 7월 5일 18시,화요일,부산광역시 사하구 신평동,경상사고,0,0,2,0,차대사람 - 횡단중,보행자보호의무위반,건조,맑음,단일로 - 횡단보도상,승용,여,36세,상해없음,보행자,여,60세,경상
2016070500100415,2016년 7월 5일 18시,화요일,부산광역시 연제구 연산동,중상사고,0,1,0,0,차대차 - 측면충돌,교차로운행방법위반,건조,맑음,교차로 - 교차로안,화물,남,59세,상해없음,원동기,남,63세,중상
2016070500100416,2016년 7월 5일 18시,화요일,부산광역시 강서구 송정동,경상사고,0,0,1,0,차대차 - 측면충돌,신호위반,건조,흐림,교차로 - 교차로안,승용,남,52세,상해없음,승용,남,54세,경상
2016070500100495,2016년 7월 5일 20시,화요일,부산광역시 부산진구 범천동,경상사고,0,0,1,0,차대차 - 정면충돌,중앙선침범,건조,맑음,단일로 - 기타,승용,남,29세,상해없음,승용,남,53세,경상
2016070500100527,2016년 7월 5일 21시,화요일,부산광역시 북구 구포동,경상사고,0,0,1,0,차대차 - 정면충돌,중앙선침범,건조,맑음,단일로 - 기타,승용,남,55세,상해없음,이륜,남,56세,경상
2016070500100528,2016년 7월 5일 21시,화요일,부산광역시 부산진구 양정동,중상사고,0,1,0,0,차대사람 - 횡단중,신호위반,건조,맑음,단일로 - 횡단보도상,승용,남,64세,상해없음,보행자,남,19세,중상
2016070500100570,2016년 7월 5일 22시,화요일,부산광역시 사하구 하단동,중상사고,0,1,0,0,차대사람 - 기타,안전운전불이행,건조,맑음,교차로 - 교차로안,승용,기타불명,기타불명,기타불명,보행자,남,44세,중상
2016070500100600,2016년 7월 5일 23시,화요일,부산광역시 동래구 온천동,경상사고,0,0,2,0,차대차 - 추돌,안전운전불이행,건조,맑음,교차로 - 교차로부근,승용,남,27세,상해없음,승용,남,27세,경상
2016070500100601,2016년 7월 5일 23시,화요일,부산광역시 사상구 학장동,중상사고,0,1,0,0,차대차 - 측면충돌,안전운전불이행,습기,흐림,교차로 - 교차로안,이륜,남,16세,중상,승용,여,51세,상해없음
2016070600100005,2016년 7월 6일 00시,수요일,부산광역시 북구 구포동,중상사고,0,1,0,0,차대차 - 기타,안전거리미확보,건조,맑음,교차로 - 교차로안,이륜,남,26세,중상,승용,남,38세,상해없음
2016070600100025,2016년 7월 6일 01시,수요일,부산광역시 남구 대연동,경상사고,0,0,1,0,차대사람 - 횡단중,보행자보호의무위반,건조,맑음,교차로 - 교차로안,승용,남,59세,상해없음,보행자,여,21세,경상
2016070600100026,2016년 7월 6일 01시,수요일,부산광역시 사상구 덕포동,경상사고,0,0,1,0,차대차 - 측면충돌,신호위반,습기,흐림,교차로 - 교차로안,승용,남,26세,상해없음,승용,남,36세,경상
2016070600100041,2016년 7월 6일 02시,수요일,부산광역시 금정구 금사동,중상사고,0,1,1,0,차대차 - 측면직각충돌,신호위반,건조,맑음,교차로 - 교차로안,승용,남,62세,상해없음,승용,여,35세,경상
2016070600100059,2016년 7월 6일 04시,수요일,부산광역시 사하구 하단동,경상사고,0,0,1,0,차대사람 - 기타,안전운전불이행,건조,맑음,단일로 - 기타,승용,남,61세,상해없음,보행자,남,21세,경상
2016070600100060,2016년 7월 6일 04시,수요일,부산광역시 사하구 장림동,중상사고,0,2,0,0,차대차 - 측면충돌,안전운전불이행,건조,맑음,교차로 - 교차로안,승용,남,22세,상해없음,승용,남,64세,중상
2016070600100076,2016년 7월 6일 06시,수요일,부산광역시 중구 부평동1가,경상사고,0,0,1,0,차대차 - 기타,안전운전불이행,건조,맑음,단일로 - 기타,승용,남,32세,기타불명,승용,남,50세,경상
2016070600100077,2016년 7월 6일 06시,수요일,부산광역시 부산진구 양정동,경상사고,0,0,1,0,차대차 - 추돌,안전운전불이행,건조,맑음,교차로 - 교차로부근,승용,남,25세,상해없음,승용,남,45세,경상
2016070600100078,2016년 7월 6일 06시,수요일,부산광역시 강서구 강동동,경상사고,0,0,1,0,차대차 - 추돌,안전운전불이행,건조,흐림,교차로 - 교차로부근,화물,남,45세,상해없음,승용,남,60세,경상
2016070600100094,2016년 7월 6일 07시,수요일,부산광역시 부산진구 당감동,중상사고,0,1,1,0,차대차 - 추돌,안전거리미확보,건조,맑음,단일로 - 기타,승용,여,32세,상해없음,승용,남,42세,중상
2016070600100095,2016년 7월 6일 07시,수요일,부산광역시 강서구 죽동동,중상사고,0,1,0,0,차대차 - 추돌,안전운전불이행,건조,맑음,단일로 - 기타,화물,남,19세,상해없음,승용,남,62세,중상
2016070600100155,2016년 7월 6일 09시,수요일,부산광역시 동래구 사직동,중상사고,0,1,0,0,차대사람 - 보도통행중,신호위반,건조,맑음,교차로 - 교차로안,승용,여,51세,상해없음,보행자,여,68세,중상
2016070600100206,2016년 7월 6일 11시,수요일,부산광역시 동구 초량동,부상신고사고,0,0,0,1,차대차 - 기타,안전운전불이행,건조,맑음,기타 - 기타,이륜,남,58세,부상신고,승합,남,54세,상해없음
2016070600100207,2016년 7월 6일 11시,수요일,부산광역시 동구 좌천동,경상사고,0,0,1,0,차대차 - 추돌,안전운전불이행,건조,맑음,교차로 - 교차로부근,승용,남,63세,상해없음,승용,남,25세,경상
2016070600100239,2016년 7월 6일 12시,수요일,부산광역시 중구 영주동,경상사고,0,0,4,2,차대차 - 측면직각충돌,안전운전불이행,건조,맑음,단일로 - 기타,승용,남,47세,부상신고,승용,남,46세,경상
2016070600100240,2016년 7월 6일 12시,수요일,부산광역시 북구 덕천동,중상사고,0,1,0,0,차대차 - 추돌,안전운전불이행,건조,맑음,교차로 - 교차로부근,승용,여,35세,상해없음,원동기,남,69세,중상
2016070600100297,2016년 7월 6일 14시,수요일,부산광역시 남구 용호동,중상사고,0,1,0,0,차대사람 - 차도통행중,교차로운행방법위반,건조,맑음,교차로 - 교차로안,승용,여,22세,상해없음,보행자,남,87세,중상
2016070600100298,2016년 7월 6일 14시,수요일,부산광역시 동래구 명륜동,부상신고사고,0,0,0,1,차대차 - 측면직각충돌,중앙선침범,건조,맑음,단일로 - 기타,자전거,남,12세,부상신고,승용,여,41세,상해없음
2016070600100322,2016년 7월 6일 15시,수요일,부산광역시 남구 문현동,사망사고,1,0,0,0,차대사람 - 차도통행중,안전운전불이행,건조,맑음,단일로 - 기타,승용,남,49세,상해없음,보행자,여,80세,사망
2016070600100323,2016년 7월 6일 15시,수요일,부산광역시 동래구 온천동,경상사고,0,0,1,0,차대사람 - 차도통행중,기타,건조,맑음,단일로 - 기타,승용,남,40세,상해없음,보행자,여,65세,경상
2016070600100324,2016년 7월 6일 15시,수요일,부산광역시 부산진구 양정동,중상사고,0,1,0,0,차대차 - 측면직각충돌,직진우회전진행방해,건조,맑음,단일로 - 기타,승용,남,28세,상해없음,승용,여,41세,중상
2016070600100325,2016년 7월 6일 15시,수요일,부산광역시 사하구 감천동,경상사고,0,0,1,0,차대사람 - 기타,안전운전불이행,건조,맑음,단일로 - 횡단보도부근,승용,기타불명,기타불명,기타불명,보행자,남,75세,경상
2016070600100364,2016년 7월 6일 16시,수요일,부산광역시 동구 좌천동,중상사고,0,2,0,0,차대차 - 추돌,안전운전불이행,건조,맑음,단일로 - 기타,승용,남,28세,상해없음,승용,여,45세,중상
2016070600100365,2016년 7월 6일 16시,수요일,부산광역시 남구 용호동,경상사고,0,0,3,0,차대차 - 측면직각충돌,안전거리미확보,건조,맑음,교차로 - 교차로부근,승용,여,29세,상해없음,승용,여,44세,경상
2016070600100394,2016년 7월 6일 17시,수요일,부산광역시 부산진구 범전동,중상사고,0,1,0,0,차대사람 - 기타,안전운전불이행,건조,맑음,단일로 - 기타,승합,남,62세,상해없음,보행자,여,61세,중상
2016070600100395,2016년 7월 6일 17시,수요일,부산광역시 연제구 거제동,경상사고,0,0,2,0,차대차 - 측면직각충돌,안전거리미확보,건조,맑음,단일로 - 기타,승용,여,42세,경상,승용,남,37세,경상
2016070600100396,2016년 7월 6일 17시,수요일,부산광역시 기장군 일광면,중상사고,0,1,0,0,차대차 - 추돌,안전거리미확보,건조,맑음,단일로 - 기타,화물,남,47세,중상,화물,남,59세,상해없음
2016070600100438,2016년 7월 6일 18시,수요일,부산광역시 해운대구 송정동,사망사고,1,0,0,0,차대사람 - 길가장자리구역통행중,안전운전불이행,건조,맑음,단일로 - 기타,승용,여,40세,상해없음,보행자,남,4세,사망
2016070600100439,2016년 7월 6일 18시,수요일,부산광역시 부산진구 부전동,중상사고,0,1,0,0,차대차 - 측면직각충돌,안전운전불이행,건조,맑음,교차로 - 교차로안,이륜,남,15세,상해없음,이륜,남,31세,중상
2016070600100475,2016년 7월 6일 19시,수요일,부산광역시 부산진구 양정동,중상사고,0,1,0,0,차대차 - 기타,안전운전불이행,건조,맑음,단일로 - 기타,승용,남,37세,상해없음,승용,여,48세,중상
2016070600100476,2016년 7월 6일 19시,수요일,부산광역시 부산진구 전포동,경상사고,0,0,2,0,차대차 - 측면직각충돌,안전운전불이행,건조,맑음,단일로 - 기타,승용,남,74세,상해없음,승용,남,34세,경상
2016070600100501,2016년 7월 6일 20시,수요일,부산광역시 동구 초량동,중상사고,0,1,0,0,차대차 - 기타,안전운전불이행,건조,맑음,단일로 - 기타,승용,남,29세,상해없음,승용,남,60세,상해없음
2016070600100502,2016년 7월 6일 20시,수요일,부산광역시 북구 화명동,경상사고,0,0,1,0,차대차 - 추돌,안전운전불이행,건조,맑음,단일로 - 기타,화물,남,47세,상해없음,승용,여,42세,경상
2016070600100528,2016년 7월 6일 21시,수요일,부산광역시 연제구 연산동,중상사고,0,1,0,0,차대차 - 측면충돌,중앙선침범,건조,맑음,교차로 - 교차로부근,승용,남,62세,상해없음,이륜,남,34세,중상
2016070600100529,2016년 7월 6일 21시,수요일,부산광역시 사상구 모라동,중상사고,0,1,0,0,차대사람 - 횡단중,안전운전불이행,건조,맑음,교차로 - 교차로안,승용,남,60세,상해없음,보행자,남,43세,중상
2016070600100577,2016년 7월 6일 23시,수요일,부산광역시 북구 화명동,중상사고,0,1,0,0,차대사람 - 횡단중,안전운전불이행,건조,맑음,단일로 - 기타,이륜,남,28세,상해없음,보행자,남,47세,중상
2016070700100007,2016년 7월 7일 00시,목요일,부산광역시 중구 보수동1가,중상사고,0,1,0,0,차대사람 - 횡단중,안전운전불이행,건조,맑음,단일로 - 횡단보도상,승용,남,74세,상해없음,보행자,여,73세,중상
2016070700100008,2016년 7월 7일 00시,목요일,부산광역시 수영구 민락동,중상사고,0,1,0,0,차대사람 - 횡단중,안전운전불이행,건조,흐림,단일로 - 기타,승용,남,60세,상해없음,보행자,남,58세,중상
2016070700100009,2016년 7월 7일 00시,목요일,부산광역시 북구 화명동,경상사고,0,0,1,0,차대사람 - 기타,안전운전불이행,건조,맑음,단일로 - 기타,승용,남,23세,상해없음,보행자,남,65세,경상
2016070700100010,2016년 7월 7일 00시,목요일,부산광역시 해운대구 우동,중상사고,0,5,0,0,차대차 - 정면충돌,신호위반,건조,맑음,교차로 - 교차로안,승용,남,44세,상해없음,승용,남,35세,중상
2016070700100039,2016년 7월 7일 02시,목요일,부산광역시 사하구 신평동,중상사고,0,1,0,0,차대차 - 측면충돌,신호위반,건조,맑음,교차로 - 교차로안,화물,남,47세,상해없음,승용,남,51세,중상
2016070700100050,2016년 7월 7일 03시,목요일,부산광역시 동래구 온천동,경상사고,0,0,1,0,차대사람 - 차도통행중,안전운전불이행,습기,흐림,단일로 - 기타,승용,남,64세,상해없음,보행자,여,25세,경상
2016070700100054,2016년 7월 7일 04시,목요일,부산광역시 사상구 덕포동,중상사고,0,1,1,0,차량단독 - 전도전복,안전운전불이행,건조,맑음,단일로 - 기타,원동기,남,19세,중상,,,,
2016070700100082,2016년 7월 7일 07시,목요일,부산광역시 수영구 광안동,중상사고,0,1,0,0,차대사람 - 기타,안전운전불이행,건조,맑음,단일로 - 기타,승용,남,56세,상해없음,보행자,여,28세,중상
2016070700100083,2016년 7월 7일 07시,목요일,부산광역시 금정구 구서동,중상사고,0,1,0,0,차대사람 - 횡단중,신호위반,건조,맑음,단일로 - 횡단보도상,승합,남,50세,상해없음,보행자,여,51세,중상
2016070700100101,2016년 7월 7일 08시,목요일,부산광역시 사하구 괴정동,경상사고,0,0,1,0,차대사람 - 길가장자리구역통행중,안전운전불이행,건조,맑음,단일로 - 기타,원동기,남,56세,상해없음,보행자,남,6세,경상
2016070700100123,2016년 7월 7일 09시,목요일,부산광역시 동래구 사직동,경상사고,0,0,1,0,차대차 - 측면직각충돌,안전운전불이행,건조,맑음,단일로 - 기타,승용,여,35세,상해없음,자전거,여,55세,경상
2016070700100124,2016년 7월 7일 09시,목요일,부산광역시 부산진구 부암동,중상사고,0,1,0,0,차대사람 - 기타,기타,건조,맑음,단일로 - 기타,승합,남,25세,상해없음,보행자,남,69세,중상
2016070700100172,2016년 7월 7일 11시,목요일,부산광역시 부산진구 부전동,경상사고,0,0,1,0,차대차 - 측면직각충돌,신호위반,건조,맑음,교차로 - 교차로안,승용,남,50세,상해없음,이륜,남,46세,경상
2016070700100173,2016년 7월 7일 11시,목요일,부산광역시 사상구 학장동,경상사고,0,0,1,0,차대차 - 측면직각충돌,안전운전불이행,건조,맑음,교차로 - 교차로안,승용,남,63세,상해없음,승용,여,62세,경상
2016070700100267,2016년 7월 7일 15시,목요일,부산광역시 해운대구 송정동,경상사고,0,0,2,0,차대차 - 기타,교차로운행방법위반,건조,맑음,교차로 - 교차로안,승용,여,63세,경상,승용,남,53세,상해없음
2016070700100268,2016년 7월 7일 15시,목요일,부산광역시 해운대구 좌동,경상사고,0,0,2,0,차대차 - 측면직각충돌,안전운전불이행,건조,맑음,단일로 - 기타,원동기,여,29세,경상,승용,남,22세,경상
2016070700100269,2016년 7월 7일 15시,목요일,부산광역시 금정구 부곡동,중상사고,0,1,0,0,차대차 - 측면충돌,안전운전불이행,건조,맑음,교차로 - 교차로안,승용,남,49세,상해없음,원동기,남,25세,중상
2016070700100270,2016년 7월 7일 15시,목요일,부산광역시 연제구 거제동,중상사고,0,1,0,0,차대사람 - 차도통행중,안전운전불이행,건조,맑음,단일로 - 기타,승용,남,48세,상해없음,보행자,여,78세,중상
2016070700100300,2016년 7월 7일 16시,목요일,부산광역시 북구 화명동,경상사고,0,0,1,0,차대차 - 측면충돌,신호위반,건조,맑음,교차로 - 교차로안,승용,여,51세,상해없음,이륜,남,38세,경상
2016070700100301,2016년 7월 7일 16시,목요일,부산광역시 동래구 온천동,부상신고사고,0,0,0,1,차대차 - 추돌,안전운전불이행,건조,맑음,교차로 - 교차로부근,이륜,남,19세,부상신고,승용,남,56세,상해없음
2016070700100302,2016년 7월 7일 16시,목요일,부산광역시 해운대구 우동,경상사고,0,0,2,0,차대차 - 기타,중앙선침범,건조,맑음,단일로 - 기타,이륜,남,26세,경상,승용,남,46세,경상
2016070700100303,2016년 7월 7일 16시,목요일,부산광역시 해운대구 재송동,중상사고,0,1,0,0,차대사람 - 보도통행중,안전운전불이행,건조,맑음,단일로 - 기타,원동기,남,25세,상해없음,보행자,여,78세,중상
2016070700100304,2016년 7월 7일 16시,목요일,부산광역시 사하구 괴정동,경상사고,0,0,1,0,차대차 - 기타,안전운전불이행,건조,맑음,단일로 - 기타,승용,남,53세,상해없음,화물,남,46세,상해없음
2016070700100339,2016년 7월 7일 17시,목요일,부산광역시 해운대구 좌동,경상사고,0,0,1,0,차대사람 - 횡단중,보행자보호의무위반,건조,맑음,단일로 - 기타,승용,남,32세,상해없음,보행자,남,55세,경상
2016070700100340,2016년 7월 7일 17시,목요일,부산광역시 해운대구 우동,경상사고,0,0,3,0,차대차 - 추돌,안전운전불이행,건조,맑음,단일로 - 기타,승용,남,18세,상해없음,승용,남,38세,경상
2016070700100341,2016년 7월 7일 17시,목요일,부산광역시 연제구 연산동,경상사고,0,0,1,0,차대사람 - 기타,안전운전불이행,건조,맑음,단일로 - 기타,자전거,남,14세,상해없음,보행자,여,60세,경상
2016070700100342,2016년 7월 7일 17시,목요일,부산광역시 사상구 괘법동,경상사고,0,0,1,0,차대차 - 측면충돌,안전운전불이행,건조,맑음,단일로 - 기타,화물,남,25세,상해없음,승용,남,48세,경상
2016070700100375,2016년 7월 7일 18시,목요일,부산광역시 해운대구 재송동,경상사고,0,0,2,0,차대차 - 측면충돌,안전운전불이행,건조,맑음,교차로 - 교차로부근,승용,여,65세,경상,승용,여,60세,경상
2016070700100423,2016년 7월 7일 19시,목요일,부산광역시 연제구 연산동,경상사고,0,0,1,0,차대사람 - 차도통행중,보행자보호의무위반,건조,맑음,단일로 - 기타,승용,남,49세,상해없음,보행자,남,3세,경상
2016070700100424,2016년 7월 7일 19시,목요일,부산광역시 연제구 연산동,경상사고,0,0,1,0,차대사람 - 횡단중,안전운전불이행,건조,맑음,교차로 - 교차로안,승용,남,58세,상해없음,보행자,여,47세,경상
2016070700100456,2016년 7월 7일 20시,목요일,부산광역시 동래구 사직동,중상사고,0,1,0,0,차대사람 - 차도통행중,안전운전불이행,건조,맑음,교차로 - 교차로부근,원동기,남,33세,기타불명,보행자,여,61세,중상
2016070700100457,2016년 7월 7일 20시,목요일,부산광역시 영도구 봉래동3가,경상사고,0,0,1,0,차대사람 - 기타,안전운전불이행,건조,맑음,단일로 - 기타,승용,남,34세,상해없음,보행자,남,64세,경상
2016070700100458,2016년 7월 7일 20시,목요일,부산광역시 해운대구 좌동,중상사고,0,1,0,0,차대사람 - 횡단중,보행자보호의무위반,건조,맑음,단일로 - 횡단보도상,승용,남,58세,상해없음,보행자,여,73세,중상
2016070700100493,2016년 7월 7일 21시,목요일,부산광역시 해운대구 반여동,경상사고,0,0,3,0,차대차 - 기타,기타,기타,맑음,단일로 - 기타,승용,남,67세,상해없음,승용,남,47세,경상
2016070700100518,2016년 7월 7일 22시,목요일,부산광역시 동래구 안락동,중상사고,0,1,0,0,차대사람 - 보도통행중,안전운전불이행,건조,맑음,교차로 - 교차로부근,승용,남,66세,상해없음,보행자,남,48세,중상
2016070700100519,2016년 7월 7일 22시,목요일,부산광역시 부산진구 부전동,경상사고,0,0,1,0,차대사람 - 기타,안전운전불이행,기타,맑음,단일로 - 기타,승용,남,26세,상해없음,보행자,여,19세,경상
2016070700100520,2016년 7월 7일 22시,목요일,부산광역시 사상구 괘법동,중상사고,0,2,2,0,차대차 - 측면충돌,신호위반,습기,흐림,교차로 - 교차로부근,승용,남,42세,상해없음,승용,여,33세,경상
2016070700100521,2016년 7월 7일 22시,목요일,부산광역시 사상구 덕포동,경상사고,0,0,1,0,차대사람 - 차도통행중,안전운전불이행,건조,흐림,단일로 - 기타,승용,여,29세,상해없음,보행자,남,13세,경상
2016070700100547,2016년 7월 7일 23시,목요일,부산광역시 동구 범일동,경상사고,0,0,2,0,차대차 - 추돌,안전거리미확보,건조,맑음,단일로 - 기타,승용,남,56세,상해없음,승용,남,42세,상해없음
2016070700100548,2016년 7월 7일 23시,목요일,부산광역시 기장군 기장읍,경상사고,0,0,1,0,차대차 - 추돌,안전운전불이행,건조,맑음,단일로 - 기타,승용,남,68세,상해없음,승용,남,26세,경상
2016070800100022,2016년 7월 8일 01시,금요일,부산광역시 남구 대연동,중상사고,0,1,0,0,차대사람 - 횡단중,안전운전불이행,건조,맑음,단일로 - 횡단보도상,승용,남,48세,상해없음,보행자,남,53세,중상
2016070800100031,2016년 7월 8일 02시,금요일,부산광역시 해운대구 우동,경상사고,0,0,2,0,차대차 - 정면충돌,신호위반,기타,맑음,교차로 - 교차로안,승용,남,29세,상해없음,승용,여,22세,경상
2016070800100060,2016년 7월 8일 06시,금요일,부산광역시 해운대구 중동,경상사고,0,0,1,0,차대사람 - 횡단중,안전운전불이행,건조,맑음,단일로 - 기타,승용,남,31세,상해없음,보행자,여,78세,경상
2016070800100074,2016년 7월 8일 07시,금요일,부산광역시 해운대구 반여동,중상사고,0,2,0,0,차대차 - 기타,안전운전불이행,건조,맑음,단일로 - 기타,특수,남,52세,상해없음,승용,여,36세,중상
2016070800100075,2016년 7월 8일 07시,금요일,부산광역시 부산진구 가야동,경상사고,0,0,2,0,차대차 - 추돌,안전거리미확보,건조,맑음,단일로 - 기타,승용,남,24세,상해없음,승용,남,30세,경상
2016070800100076,2016년 7월 8일 07시,금요일,부산광역시 사하구 괴정동,중상사고,0,2,0,0,차대차 - 기타,안전운전불이행,건조,맑음,단일로 - 기타,승용,남,27세,상해없음,승용,여,61세,중상
2016070800100110,2016년 7월 8일 08시,금요일,부산광역시 북구 화명동,경상사고,0,0,1,0,차대사람 - 횡단중,보행자보호의무위반,건조,맑음,교차로 - 교차로부근,원동기,남,21세,상해없음,보행자,남,15세,경상
2016070800100111,2016년 7월 8일 08시,금요일,부산광역시 사하구 장림동,중상사고,0,1,0,0,차대사람 - 횡단중,교차로운행방법위반,건조,맑음,교차로 - 교차로안,승용,남,45세,상해없음,보행자,여,60세,중상
2016070800100112,2016년 7월 8일 08시,금요일,부산광역시 사하구 장림동,경상사고,0,0,1,0,차대사람 - 횡단중,보행자보호의무위반,건조,맑음,교차로 - 교차로부근,승용,여,50세,상해없음,보행자,여,25세,경상
2016070800100143,2016년 7월 8일 09시,금요일,부산광역시 부산진구 부전동,경상사고,0,0,1,0,차대차 - 추돌,안전거리미확보,건조,맑음,단일로 - 기타,승용,남,19세,상해없음,승용,남,25세,경상
2016070800100177,2016년 7월 8일 10시,금요일,부산광역시 연제구 거제동,부상신고사고,0,0,0,1,차대차 - 측면충돌,안전운전불이행,건조,흐림,교차로 - 교차로안,화물,남,55세,상해없음,자전거,남,51세,부상신고
2016070800100207,2016년 7월 8일 11시,금요일,부산광역시 금정구 청룡동,중상사고,0,2,0,0,차대차 - 추돌,안전운전불이행,건조,맑음,교차로 - 교차로부근,승용,남,36세,상해없음,승용,남,41세,중상
2016070800100208,2016년 7월 8일 11시,금요일,부산광역시 사하구 괴정동,경상사고,0,0,1,0,차대차 - 기타,안전운전불이행,건조,맑음,단일로 - 기타,승용,남,65세,상해없음,승용,남,34세,경상
2016070800100275,2016년 7월 8일 13시,금요일,부산광역시 동래구 사직동,경상사고,0,0,1,0,차대사람 - 보도통행중,안전운전불이행,건조,맑음,단일로 - 기타,승용,여,39세,상해없음,보행자,여,8세,경상
2016070800100276,2016년 7월 8일 13시,금요일,부산광역시 부산진구 범천동,중상사고,0,1,0,0,차대사람 - 길가장자리구역통행중,안전운전불이행,건조,맑음,단일로 - 기타,승용,여,30세,상해없음,보행자,여,68세,중상