사고번호,사고일시,요일,시군구,사고내용,사망자수,중상자수,경상자수,부상신고자수,사고유형,법규위반,노면상태,기상상태,도로형태,가해운전자 차종,가해운전자 성별,가해운전자 연령,가해운전자 상해정도,피해운전자 차종,피해운전자 성별,피해운전자 연령,피해운전자 상해정도
2016070800100277,2016년 7월 8일 13시,금요일,부산광역시 금정구 부곡동,경상사고,0,0,1,0,차대사람 - 차도통행중,안전운전불이행,건조,맑음,교차로 - 교차로안,승용,여,28세,상해없음,보행자,여,76세,경상
2016070800100278,2016년 7월 8일 13시,금요일,부산광역시 금정구 회동동,중상사고,0,2,0,0,차대차 - 기타,안전거리미확보,건조,맑음,단일로 - 기타,화물,남,53세,상해없음,승용,남,25세,중상
2016070800100279,2016년 7월 8일 13시,금요일,부산광역시 사상구 덕포동,중상사고,0,2,1,1,차량단독 - 도로외이탈 - 추락,안전운전불이행,건조,맑음,단일로 - 기타,승용,남,64세,부상신고,,,,
2016070800100311,2016년 7월 8일 14시,금요일,부산광역시 서구 충무동1가,경상사고,0,0,3,0,차대차 - 측면충돌,신호위반,건조,맑음,교차로 - 교차로안,승합,남,79세,상해없음,화물,남,48세,경상
2016070800100355,2016년 7월 8일 15시,금요일,부산광역시 부산진구 전포동,경상사고,0,0,1,0,차대차 - 측면직각충돌,기타,건조,맑음,단일로 - 기타,승용,남,25세,상해없음,승용,남,40세,경상
2016070800100389,2016년 7월 8일 16시,금요일,부산광역시 해운대구 반여동,경상사고,0,0,1,0,차대차 - 정면충돌,교차로운행방법위반,건조,맑음,교차로 - 교차로안,승용,여,52세,상해없음,승용,남,50세,경상
2016070800100439,2016년 7월 8일 17시,금요일,부산광역시 금정구 청룡동,중상사고,0,1,0,0,차대사람 - 길가장자리구역통행중,안전운전불이행,건조,맑음,단일로 - 기타,승용,여,36세,상해없음,보행자,여,42세,중상
2016070800100486,2016년 7월 8일 18시,금요일,부산광역시 수영구 수영동,경상사고,0,0,1,0,차대차 - 기타,안전운전불이행,건조,맑음,단일로 - 기타,승용,남,28세,상해없음,이륜,남,35세,경상
2016070800100487,2016년 7월 8일 18시,금요일,부산광역시 부산진구 양정동,중상사고,0,1,2,0,차대차 - 측면충돌,신호위반,건조,맑음,교차로 - 교차로안,원동기,남,64세,중상,승용,남,39세,상해없음
2016070800100488,2016년 7월 8일 18시,금요일,부산광역시 부산진구 부암동,경상사고,0,0,1,0,차대사람 - 기타,안전운전불이행,건조,맑음,단일로 - 기타,원동기,남,34세,상해없음,보행자,남,57세,경상
2016070800100489,2016년 7월 8일 18시,금요일,부산광역시 금정구 장전동,부상신고사고,0,0,0,1,차대사람 - 횡단중,안전운전불이행,건조,맑음,단일로 - 기타,승합,여,48세,상해없음,보행자,남,4세,부상신고
2016070800100490,2016년 7월 8일 18시,금요일,부산광역시 연제구 연산동,중상사고,0,1,0,0,차대차 - 측면충돌,안전거리미확보,건조,맑음,단일로 - 기타,화물,남,42세,상해없음,이륜,남,36세,중상
2016070800100491,2016년 7월 8일 18시,금요일,부산광역시 강서구 강동동,경상사고,0,0,1,0,차대차 - 추돌,안전운전불이행,건조,맑음,단일로 - 기타,승용,남,51세,상해없음,승용,남,31세,경상
2016070800100492,2016년 7월 8일 18시,금요일,부산광역시 강서구 미음동,경상사고,0,0,1,0,차대차 - 측면직각충돌,차로위반,건조,맑음,단일로 - 기타,승용,남,29세,상해없음,특수,남,45세,경상
2016070800100539,2016년 7월 8일 19시,금요일,부산광역시 동래구 온천동,중상사고,0,1,1,0,차대차 - 추돌,안전운전불이행,건조,맑음,단일로 - 기타,승용,남,60세,상해없음,승용,남,30세,중상
2016070800100540,2016년 7월 8일 19시,금요일,부산광역시 부산진구 당감동,경상사고,0,0,3,0,차대차 - 추돌,차로위반,건조,흐림,교차로 - 교차로부근,승용,남,20세,상해없음,승용,여,35세,경상
2016070800100541,2016년 7월 8일 19시,금요일,부산광역시 사하구 당리동,경상사고,0,0,3,0,차대차 - 추돌,안전운전불이행,건조,맑음,단일로 - 기타,승용,남,51세,상해없음,승용,여,46세,경상
2016070800100542,2016년 7월 8일 19시,금요일,부산광역시 사하구 하단동,부상신고사고,0,0,0,1,차량단독 - 기타,안전운전불이행,건조,맑음,단일로 - 기타,승합,남,49세,기타불명,,,,
2016070800100573,2016년 7월 8일 20시,금요일,부산광역시 중구 남포동5가,중상사고,0,1,0,0,차대사람 - 길가장자리구역통행중,안전운전불이행,건조,맑음,교차로 - 교차로부근,승용,남,73세,상해없음,보행자,여,59세,중상
2016070800100574,2016년 7월 8일 20시,금요일,부산광역시 부산진구 부전동,경상사고,0,0,1,0,차대사람 - 기타,안전운전불이행,건조,맑음,단일로 - 기타,승용,여,45세,상해없음,보행자,남,21세,경상
2016070800100575,2016년 7월 8일 20시,금요일,부산광역시 금정구 서동,경상사고,0,0,2,0,차대차 - 추돌,안전운전불이행,건조,맑음,기타 - 기타,승용,남,72세,상해없음,승용,여,39세,경상
2016070800100619,2016년 7월 8일 21시,금요일,부산광역시 동래구 온천동,경상사고,0,0,1,0,차대차 - 추돌,안전운전불이행,건조,맑음,단일로 - 기타,승용,남,58세,상해없음,이륜,남,18세,경상
2016070800100652,2016년 7월 8일 22시,금요일,부산광역시 북구 구포동,경상사고,0,0,1,0,차대차 - 추돌,안전운전불이행,건조,맑음,단일로 - 기타,승용,남,46세,상해없음,승용,여,47세,경상
2016070800100653,2016년 7월 8일 22시,금요일,부산광역시 사상구 괘법동,중상사고,0,1,0,0,차대사람 - 횡단중,안전운전불이행,건조,맑음,단일로 - 기타,승합,남,50세,상해없음,보행자,남,54세,중상
2016070900100008,2016년 7월 9일 00시,토요일,부산광역시 동래구 칠산동,중상사고,0,1,0,0,차대사람 - 차도통행중,안전운전불이행,건조,맑음,단일로 - 기타,승용,남,30세,상해없음,보행자,여,70세,중상
2016070900100009,2016년 7월 9일 00시,토요일,부산광역시 해운대구 중동,중상사고,0,1,0,0,차대차 - 기타,안전운전불이행,건조,맑음,교차로 - 교차로안,승용,남,36세,상해없음,이륜,남,33세,중상
2016070900100051,2016년 7월 9일 02시,토요일,부산광역시 동구 초량동,중상사고,0,1,0,0,차대사람 - 횡단중,안전운전불이행,건조,맑음,단일로 - 기타,승합,남,49세,상해없음,보행자,남,50세,중상
2016070900100052,2016년 7월 9일 02시,토요일,부산광역시 사하구 다대동,중상사고,0,1,0,0,차대사람 - 기타,안전운전불이행,건조,맑음,교차로 - 교차로안,승용,남,50세,상해없음,보행자,남,27세,중상
2016070900100077,2016년 7월 9일 03시,토요일,부산광역시 동래구 안락동,경상사고,0,0,1,0,차대차 - 추돌,안전운전불이행,건조,맑음,단일로 - 기타,승용,남,61세,상해없음,승용,남,57세,상해없음
2016070900100078,2016년 7월 9일 03시,토요일,부산광역시 해운대구 중동,경상사고,0,0,1,0,차대사람 - 기타,안전운전불이행,건조,맑음,기타 - 기타,승용,남,39세,상해없음,보행자,남,31세,경상
2016070900100093,2016년 7월 9일 05시,토요일,부산광역시 부산진구 전포동,경상사고,0,0,1,0,차대차 - 추돌,안전운전불이행,건조,맑음,교차로 - 교차로부근,승용,남,19세,상해없음,승용,남,66세,경상
2016070900100094,2016년 7월 9일 05시,토요일,부산광역시 사하구 다대동,부상신고사고,0,0,0,1,차량단독 - 공작물충돌,안전운전불이행,건조,맑음,단일로 - 기타,승용,남,30세,부상신고,,,,
2016070900100117,2016년 7월 9일 07시,토요일,부산광역시 동구 초량동,경상사고,0,0,1,0,차대사람 - 횡단중,안전운전불이행,건조,맑음,단일로 - 기타,승용,남,75세,상해없음,보행자,남,60세,경상
2016070900100118,2016년 7월 9일 07시,토요일,부산광역시 영도구 남항동1가,경상사고,0,0,1,0,차대차 - 측면충돌,교차로운행방법위반,건조,맑음,교차로 - 교차로안,승용,남,64세,상해없음,이륜,남,59세,경상
2016070900100119,2016년 7월 9일 07시,토요일,부산광역시 사하구 괴정동,경상사고,0,0,2,0,차대차 - 기타,안전운전불이행,건조,맑음,단일로 - 기타,승용,남,39세,상해없음,승용,남,54세,경상
2016070900100228,2016년 7월 9일 11시,토요일,부산광역시 동구 초량동,경상사고,0,0,1,0,차대차 - 측면직각충돌,교차로운행방법위반,건조,맑음,교차로 - 교차로안,승용,남,66세,상해없음,승용,여,42세,경상
2016070900100229,2016년 7월 9일 11시,토요일,부산광역시 사상구 모라동,중상사고,0,1,0,0,차대차 - 측면직각충돌,신호위반,건조,맑음,교차로 - 교차로안,승용,남,72세,상해없음,이륜,여,25세,중상
2016070900100265,2016년 7월 9일 12시,토요일,부산광역시 해운대구 좌동,경상사고,0,0,1,0,차대차 - 기타,안전거리미확보,건조,맑음,단일로 - 기타,승용,여,60세,상해없음,승용,여,59세,경상
2016070900100266,2016년 7월 9일 12시,토요일,부산광역시 강서구 대저2동,경상사고,0,0,1,0,차대차 - 기타,안전거리미확보,건조,맑음,단일로 - 기타,승용,남,66세,상해없음,승합,남,27세,경상
2016070900100313,2016년 7월 9일 13시,토요일,부산광역시 해운대구 우동,경상사고,0,0,1,0,차대차 - 기타,안전운전불이행,건조,맑음,단일로 - 기타,승용,여,24세,상해없음,승용,남,29세,경상
2016070900100314,2016년 7월 9일 13시,토요일,부산광역시 기장군 정관읍,경상사고,0,0,1,0,차대차 - 측면충돌,안전운전불이행,건조,맑음,단일로 - 기타,승용,여,39세,상해없음,이륜,남,24세,경상
2016070900100362,2016년 7월 9일 14시,토요일,부산광역시 서구 남부민동,부상신고사고,0,0,0,1,차대차 - 추돌,안전운전불이행,건조,맑음,단일로 - 기타,이륜,남,16세,상해없음,이륜,남,26세,부상신고
2016070900100363,2016년 7월 9일 14시,토요일,부산광역시 동래구 명륜동,경상사고,0,0,1,0,차대사람 - 차도통행중,안전운전불이행,건조,맑음,단일로 - 기타,원동기,남,39세,상해없음,보행자,남,51세,경상
2016070900100364,2016년 7월 9일 14시,토요일,부산광역시 부산진구 당감동,경상사고,0,0,1,0,차대사람 - 횡단중,안전운전불이행,건조,맑음,단일로 - 기타,승용,남,55세,상해없음,보행자,남,41세,경상
2016070900100406,2016년 7월 9일 15시,토요일,부산광역시 사상구 괘법동,중상사고,0,1,0,0,차대차 - 정면충돌,안전운전불이행,건조,맑음,단일로 - 횡단보도상,자전거,남,15세,중상,승용,남,23세,상해없음
2016070900100442,2016년 7월 9일 16시,토요일,부산광역시 서구 아미동1가,중상사고,0,1,0,0,차대차 - 정면충돌,신호위반,건조,맑음,단일로 - 기타,승용,남,55세,상해없음,이륜,남,45세,중상
2016070900100477,2016년 7월 9일 17시,토요일,부산광역시 남구 대연동,중상사고,0,1,0,0,차대사람 - 횡단중,신호위반,건조,맑음,단일로 - 횡단보도상,승용,남,22세,상해없음,보행자,여,67세,중상
2016070900100547,2016년 7월 9일 19시,토요일,부산광역시 부산진구 전포동,경상사고,0,0,1,0,차대차 - 측면충돌,안전운전불이행,건조,맑음,교차로 - 교차로안,이륜,남,17세,상해없음,승용,남,56세,경상
2016070900100606,2016년 7월 9일 21시,토요일,부산광역시 중구 중앙동1가,중상사고,0,2,0,0,차대차 - 정면충돌,차로위반,건조,맑음,단일로 - 기타,승용,남,70세,상해없음,승용,여,34세,중상
2016070900100624,2016년 7월 9일 22시,토요일,부산광역시 사하구 장림동,경상사고,0,0,1,3,차대차 - 추돌,안전운전불이행,건조,맑음,단일로 - 기타,승용,여,49세,상해없음,승용,남,59세,부상신고
2016071000100001,2016년 7월 10일 00시,일요일,부산광역시 남구 대연동,중상사고,0,1,0,0,차대차 - 추돌,안전운전불이행,건조,맑음,단일로 - 기타,승용,여,44세,상해없음,승용,남,46세,중상
2016071000100002,2016년 7월 10일 00시,일요일,부산광역시 해운대구 우동,경상사고,0,0,1,0,차대차 - 추돌,안전운전불이행,건조,맑음,교차로 - 교차로안,승용,남,26세,상해없음,승용,남,58세,경상
2016071000100030,2016년 7월 10일 01시,일요일,부산광역시 해운대구 송정동,경상사고,0,0,1,0,차대사람 - 기타,안전운전불이행,건조,맑음,단일로 - 기타,승용,여,34세,상해없음,보행자,남,22세,경상
2016071000100031,2016년 7월 10일 01시,일요일,부산광역시 사상구 모라동,경상사고,0,0,1,0,차대사람 - 횡단중,안전운전불이행,건조,맑음,단일로 - 기타,승합,남,66세,상해없음,보행자,남,42세,경상
2016071000100048,2016년 7월 10일 02시,일요일,부산광역시 동구 초량동,중상사고,0,1,1,0,차대사람 - 기타,안전운전불이행,습기,흐림,단일로 - 기타,승용,남,66세,상해없음,보행자,여,45세,중상
2016071000100049,2016년 7월 10일 02시,일요일,부산광역시 수영구 광안동,중상사고,0,1,0,0,차대차 - 정면충돌,신호위반,건조,맑음,교차로 - 교차로안,원동기,남,19세,상해없음,원동기,남,22세,중상
2016071000100061,2016년 7월 10일 03시,일요일,부산광역시 북구 만덕동,중상사고,0,1,0,0,차대사람 - 기타,안전운전불이행,건조,맑음,단일로 - 기타,승용,남,62세,상해없음,보행자,여,69세,중상
2016071000100068,2016년 7월 10일 04시,일요일,부산광역시 중구 부평동2가,경상사고,0,0,1,0,차대차 - 측면충돌,차로위반,건조,맑음,단일로 - 기타,승용,남,49세,상해없음,이륜,남,53세,경상
2016071000100069,2016년 7월 10일 04시,일요일,부산광역시 금정구 부곡동,경상사고,0,0,1,0,차대사람 - 횡단중,안전운전불이행,건조,맑음,단일로 - 기타,승용,여,16세,기타불명,보행자,여,71세,경상
2016071000100115,2016년 7월 10일 08시,일요일,부산광역시 부산진구 당감동,중상사고,0,1,0,0,차대사람 - 횡단중,안전운전불이행,건조,맑음,교차로 - 교차로부근,승용,여,49세,상해없음,보행자,여,63세,중상
2016071000100137,2016년 7월 10일 09시,일요일,부산광역시 중구 영주동,중상사고,0,1,0,0,차량단독 - 전도전복,안전운전불이행,건조,맑음,단일로 - 기타,자전거,남,72세,중상,,,,
2016071000100138,2016년 7월 10일 09시,일요일,부산광역시 수영구 망미동,경상사고,0,0,1,0,차대사람 - 횡단중,안전운전불이행,건조,맑음,단일로 - 기타,승용,남,58세,상해없음,보행자,남,30세,경상
2016071000100240,2016년 7월 10일 13시,일요일,부산광역시 동래구 온천동,중상사고,0,1,2,1,차대차 - 추돌,안전운전불이행,건조,맑음,단일로 - 기타,승용,남,37세,부상신고,승합,남,54세,경상
2016071000100241,2016년 7월 10일 13시,일요일,부산광역시 사하구 다대동,중상사고,0,1,0,0,차대사람 - 횡단중,안전운전불이행,건조,맑음,단일로 - 기타,화물,남,22세,상해없음,보행자,남,89세,중상
2016071000100242,2016년 7월 10일 13시,일요일,부산광역시 사상구 괘법동,부상신고사고,0,0,0,2,차대차 - 추돌,안전운전불이행,건조,맑음,단일로 - 기타,승용,남,55세,상해없음,승용,남,46세,부상신고
2016071000100283,2016년 7월 10일 14시,일요일,부산광역시 북구 덕천동,경상사고,0,0,1,0,차대차 - 정면충돌,교차로운행방법위반,건조,맑음,단일로 - 기타,승용,남,65세,상해없음,이륜,남,63세,경상
2016071000100284,2016년 7월 10일 14시,일요일,부산광역시 강서구 송정동,경상사고,0,0,3,0,차대차 - 정면충돌,안전운전불이행,건조,맑음,교차로 - 교차로부근,승용,여,29세,상해없음,승용,남,55세,경상
2016071000100355,2016년 7월 10일 17시,일요일,부산광역시 영도구 동삼동,경상사고,0,0,1,0,차대차 - 추돌,안전거리미확보,건조,맑음,단일로 - 기타,자전거,남,15세,경상,승용,남,36세,상해없음
2016071000100384,2016년 7월 10일 18시,일요일,부산광역시 북구 만덕동,경상사고,0,0,1,1,차대차 - 기타,안전거리미확보,건조,맑음,단일로 - 기타,화물,남,52세,부상신고,승용,남,64세,경상
2016071000100421,2016년 7월 10일 19시,일요일,부산광역시 남구 문현동,경상사고,0,0,1,0,차대차 - 추돌,안전운전불이행,건조,맑음,단일로 - 기타,화물,남,27세,상해없음,승용,남,35세,경상
2016071000100422,2016년 7월 10일 19시,일요일,부산광역시 북구 구포동,경상사고,0,0,1,0,차대사람 - 기타,안전운전불이행,건조,맑음,교차로 - 교차로안,화물,여,58세,상해없음,보행자,남,64세,경상
2016071000100423,2016년 7월 10일 19시,일요일,부산광역시 연제구 거제동,중상사고,0,1,0,0,차대차 - 측면충돌,신호위반,건조,맑음,교차로 - 교차로부근,화물,남,58세,상해없음,승용,남,46세,중상
2016071000100424,2016년 7월 10일 19시,일요일,부산광역시 기장군 정관읍,경상사고,0,0,1,0,차대차 - 측면직각충돌,안전운전불이행,건조,맑음,단일로 - 기타,승용,남,39세,상해없음,이륜,남,17세,경상
2016071000100454,2016년 7월 10일 20시,일요일,부산광역시 남구 대연동,경상사고,0,0,2,0,차대차 - 측면직각충돌,신호위반,건조,맑음,단일로 - 기타,승합,남,61세,기타불명,승용,남,31세,경상
2016071000100455,2016년 7월 10일 20시,일요일,부산광역시 사하구 괴정동,중상사고,0,1,0,0,차대차 - 측면충돌,기타,건조,맑음,교차로 - 교차로부근,승용,여,30세,상해없음,이륜,남,44세,중상
2016071000100503,2016년 7월 10일 22시,일요일,부산광역시 중구 중앙동5가,중상사고,0,2,0,0,차대차 - 측면충돌,신호위반,건조,맑음,단일로 - 기타,승용,남,26세,상해없음,승용,남,26세,중상
2016071000100520,2016년 7월 10일 23시,일요일,부산광역시 해운대구 재송동,부상신고사고,0,0,0,1,차대사람 - 기타,기타,건조,맑음,단일로 - 기타,승용,남,48세,상해없음,보행자,남,34세,부상신고
2016071100100015,2016년 7월 11일 01시,월요일,부산광역시 수영구 남천동,경상사고,0,0,1,0,차대차 - 측면직각충돌,신호위반,건조,맑음,단일로 - 횡단보도상,자전거,여,61세,경상,승합,남,46세,상해없음
2016071100100016,2016년 7월 11일 01시,월요일,부산광역시 북구 만덕동,중상사고,0,1,1,0,차대차 - 측면충돌,안전운전불이행,건조,맑음,단일로 - 기타,승용,남,22세,상해없음,승용,여,29세,중상
2016071100100037,2016년 7월 11일 04시,월요일,부산광역시 사하구 장림동,사망사고,1,0,0,0,차량단독 - 도로외이탈 - 기타,안전운전불이행,건조,맑음,단일로 - 기타,자전거,남,63세,사망,,,,
2016071100100075,2016년 7월 11일 07시,월요일,부산광역시 북구 화명동,경상사고,0,0,1,0,차대사람 - 보도통행중,보행자보호의무위반,건조,맑음,단일로 - 횡단보도상,승용,남,38세,기타불명,보행자,여,16세,경상
2016071100100076,2016년 7월 11일 07시,월요일,부산광역시 북구 금곡동,경상사고,0,0,1,0,차대차 - 추돌,안전운전불이행,건조,맑음,단일로 - 교량,승용,남,35세,상해없음,승용,남,33세,경상
2016071100100077,2016년 7월 11일 07시,월요일,부산광역시 사상구 학장동,경상사고,0,0,3,0,차대차 - 추돌,안전운전불이행,건조,맑음,단일로 - 횡단보도상,승용,여,28세,상해없음,승용,남,56세,경상
2016071100100091,2016년 7월 11일 08시,월요일,부산광역시 동구 좌천동,중상사고,0,1,0,0,차대차 - 측면직각충돌,안전운전불이행,건조,맑음,단일로 - 횡단보도상,승용,남,69세,상해없음,자전거,남,59세,중상
2016071100100092,2016년 7월 11일 08시,월요일,부산광역시 수영구 망미동,경상사고,0,0,1,0,차대차 - 측면직각충돌,중앙선침범,건조,맑음,단일로 - 기타,자전거,여,31세,경상,승용,남,61세,상해없음
2016071100100136,2016년 7월 11일 09시,월요일,부산광역시 동구 초량동,경상사고,0,0,1,0,차대사람 - 횡단중,안전운전불이행,건조,맑음,단일로 - 기타,승용,남,61세,상해없음,보행자,남,39세,경상
2016071100100137,2016년 7월 11일 09시,월요일,부산광역시 남구 대연동,경상사고,0,0,1,1,차대차 - 측면충돌,신호위반,건조,맑음,교차로 - 교차로안,화물,남,47세,상해없음,승용,여,53세,경상
2016071100100138,2016년 7월 11일 09시,월요일,부산광역시 영도구 영선동4가,경상사고,0,0,1,0,차대사람 - 횡단중,신호위반,건조,흐림,단일로 - 횡단보도상,승용,여,40세,상해없음,보행자,여,18세,경상
2016071100100139,2016년 7월 11일 09시,월요일,부산광역시 부산진구 부전동,부상신고사고,0,0,0,1,차량단독 - 기타,안전운전불이행,건조,맑음,단일로 - 기타,승합,남,59세,상해없음,,,,
2016071100100176,2016년 7월 11일 10시,월요일,부산광역시 사하구 다대동,중상사고,0,1,0,0,차대사람 - 횡단중,안전운전불이행,건조,맑음,교차로 - 교차로안,승용,여,46세,상해없음,보행자,여,74세,중상
2016071100100196,2016년 7월 11일 11시,월요일,부산광역시 금정구 두구동,경상사고,0,0,1,0,차대차 - 기타,안전운전불이행,건조,맑음,단일로 - 기타,화물,남,46세,상해없음,화물,남,48세,경상
2016071100100227,2016년 7월 11일 12시,월요일,부산광역시 동래구 안락동,중상사고,0,1,0,0,차대사람 - 길가장자리구역통행중,안전운전불이행,건조,흐림,단일로 - 기타,화물,남,52세,상해없음,보행자,여,36세,중상
2016071100100228,2016년 7월 11일 12시,월요일,부산광역시 금정구 구서동,중상사고,0,1,0,0,차대사람 - 횡단중,보행자보호의무위반,건조,맑음,단일로 - 횡단보도상,화물,남,50세,상해없음,보행자,남,51세,중상
2016071100100256,2016년 7월 11일 13시,월요일,부산광역시 동래구 명륜동,경상사고,0,0,1,0,차대사람 - 기타,안전운전불이행,습기,비,단일로 - 기타,승용,여,35세,상해없음,보행자,남,31세,경상
2016071100100257,2016년 7월 11일 13시,월요일,부산광역시 영도구 청학동,경상사고,0,0,1,0,차대차 - 추돌,안전거리미확보,습기,비,단일로 - 기타,승용,남,66세,상해없음,이륜,남,26세,경상
2016071100100258,2016년 7월 11일 13시,월요일,부산광역시 해운대구 반여동,경상사고,0,0,1,0,차대차 - 추돌,안전운전불이행,건조,맑음,교차로 - 교차로부근,승용,남,25세,상해없음,승용,남,27세,경상
2016071100100259,2016년 7월 11일 13시,월요일,부산광역시 금정구 부곡동,부상신고사고,0,0,0,1,차대차 - 측면직각충돌,기타,건조,맑음,단일로 - 기타,승용,남,39세,상해없음,이륜,남,20세,부상신고
2016071100100288,2016년 7월 11일 14시,월요일,부산광역시 금정구 부곡동,중상사고,0,1,0,0,차대차 - 추돌,안전거리미확보,습기,맑음,단일로 - 기타,화물,남,25세,상해없음,승용,여,30세,중상
2016071100100329,2016년 7월 11일 15시,월요일,부산광역시 동래구 온천동,중상사고,0,1,2,0,차대차 - 추돌,안전거리미확보,습기,비,단일로 - 기타,승용,남,28세,중상,승용,남,53세,상해없음
2016071100100368,2016년 7월 11일 16시,월요일,부산광역시 영도구 남항동2가,중상사고,0,1,0,0,차대사람 - 횡단중,신호위반,건조,맑음,단일로 - 횡단보도상,승용,여,38세,상해없음,보행자,여,63세,중상
2016071100100369,2016년 7월 11일 16시,월요일,부산광역시 금정구 장전동,부상신고사고,0,0,0,1,차대차 - 측면충돌,중앙선침범,습기,비,단일로 - 기타,승용,남,64세,상해없음,승용,남,48세,부상신고
2016071100100370,2016년 7월 11일 16시,월요일,부산광역시 사하구 괴정동,경상사고,0,0,2,0,차대사람 - 기타,안전운전불이행,건조,맑음,단일로 - 기타,승용,남,41세,상해없음,보행자,남,58세,경상
2016071100100412,2016년 7월 11일 17시,월요일,부산광역시 수영구 남천동,경상사고,0,0,2,0,차대차 - 기타,안전운전불이행,건조,맑음,단일로 - 기타,승용,남,65세,상해없음,승용,남,33세,경상
2016071100100463,2016년 7월 11일 18시,월요일,부산광역시 수영구 광안동,부상신고사고,0,0,0,1,차대차 - 측면직각충돌,안전운전불이행,건조,맑음,단일로 - 기타,승용,여,76세,상해없음,화물,남,68세,부상신고
2016071100100527,2016년 7월 11일 20시,월요일,부산광역시 동래구 사직동,중상사고,0,1,0,0,차대사람 - 차도통행중,안전운전불이행,건조,맑음,단일로 - 기타,승합,남,41세,상해없음,보행자,여,18세,중상
2016071100100528,2016년 7월 11일 20시,월요일,부산광역시 금정구 금사동,경상사고,0,0,2,0,차대차 - 측면직각충돌,직진우회전진행방해,습기,흐림,교차로 - 교차로안,승용,남,72세,상해없음,승용,남,36세,경상
2016071100100529,2016년 7월 11일 20시,월요일,부산광역시 사상구 감전동,경상사고,0,0,2,0,차대차 - 정면충돌,교차로운행방법위반,건조,맑음,교차로 - 교차로부근,승합,남,27세,경상,승용,남,38세,경상
2016071100100559,2016년 7월 11일 21시,월요일,부산광역시 북구 덕천동,중상사고,0,1,0,0,차대차 - 추돌,안전운전불이행,건조,맑음,단일로 - 기타,승용,남,61세,상해없음,이륜,남,23세,중상
2016071100100560,2016년 7월 11일 21시,월요일,부산광역시 부산진구 전포동,부상신고사고,0,0,0,1,차대차 - 측면충돌,중앙선침범,건조,맑음,단일로 - 기타,이륜,남,34세,부상신고,승용,남,63세,상해없음
2016071100100596,2016년 7월 11일 22시,월요일,부산광역시 동래구 안락동,사망사고,1,0,0,0,차대차 - 측면직각충돌,안전운전불이행,건조,맑음,교차로 - 교차로안,승용,남,49세,상해없음,이륜,남,19세,사망
2016071200100021,2016년 7월 12일 01시,화요일,부산광역시 사상구 덕포동,중상사고,0,1,0,0,차대사람 - 기타,안전운전불이행,건조,흐림,단일로 - 기타,승용,남,31세,상해없음,보행자,여,52세,중상
2016071200100073,2016년 7월 12일 05시,화요일,부산광역시 동구 범일동,경상사고,0,0,1,0,차대사람 - 기타,안전운전불이행,건조,맑음,단일로 - 기타,승합,남,52세,상해없음,보행자,여,90세 이상,경상
2016071200100126,2016년 7월 12일 08시,화요일,부산광역시 남구 우암동,경상사고,0,0,1,0,차대차 - 추돌,안전운전불이행,건조,맑음,단일로 - 기타,승합,남,59세,상해없음,승합,남,61세,경상
2016071200100127,2016년 7월 12일 08시,화요일,부산광역시 동래구 사직동,경상사고,0,0,2,0,차대차 - 측면직각충돌,교차로운행방법위반,건조,맑음,교차로 - 교차로안,승용,여,45세,상해없음,승용,남,50세,경상
2016071200100128,2016년 7월 12일 08시,화요일,부산광역시 동래구 사직동,경상사고,0,0,1,0,차대사람 - 횡단중,신호위반,습기,흐림,교차로 - 교차로안,승용,남,61세,상해없음,보행자,남,14세,경상
2016071200100161,2016년 7월 12일 09시,화요일,부산광역시 사하구 하단동,경상사고,0,0,1,0,차대차 - 기타,안전운전불이행,건조,흐림,단일로 - 기타,화물,남,55세,상해없음,승용,여,51세,경상
2016071200100162,2016년 7월 12일 09시,화요일,부산광역시 기장군 기장읍,경상사고,0,0,1,0,차대차 - 추돌,안전운전불이행,습기,비,단일로 - 기타,승용,남,27세,상해없음,화물,남,61세,경상
2016071200100212,2016년 7월 12일 11시,화요일,부산광역시 해운대구 반여동,중상사고,0,1,0,0,차대차 - 추돌,안전운전불이행,습기,비,단일로 - 기타,승용,남,56세,기타불명,승용,남,36세,중상
2016071200100213,2016년 7월 12일 11시,화요일,부산광역시 부산진구 부암동,부상신고사고,0,0,0,1,차대차 - 측면충돌,안전운전불이행,건조,맑음,교차로 - 교차로안,이륜,남,45세,부상신고,승용,남,28세,상해없음
2016071200100239,2016년 7월 12일 12시,화요일,부산광역시 동구 초량동,경상사고,0,0,1,0,차대차 - 기타,안전거리미확보,습기,비,단일로 - 기타,승용,남,28세,상해없음,승용,남,36세,상해없음
2016071200100240,2016년 7월 12일 12시,화요일,부산광역시 기장군 정관읍,경상사고,0,0,1,0,차대차 - 측면직각충돌,신호위반,건조,맑음,교차로 - 교차로안,승용,여,34세,상해없음,승용,여,44세,경상
2016071200100254,2016년 7월 12일 13시,화요일,부산광역시 남구 대연동,경상사고,0,0,3,0,차대차 - 기타,안전운전불이행,습기,흐림,단일로 - 기타,화물,남,61세,상해없음,승용,여,38세,경상
2016071200100284,2016년 7월 12일 14시,화요일,부산광역시 동구 수정동,중상사고,0,1,0,0,차대차 - 기타,교차로운행방법위반,습기,흐림,교차로 - 교차로안,원동기,남,35세,중상,승용,남,71세,상해없음
2016071200100313,2016년 7월 12일 15시,화요일,부산광역시 북구 덕천동,중상사고,0,2,2,0,차대차 - 추돌,안전운전불이행,습기,흐림,단일로 - 기타,화물,남,54세,상해없음,화물,남,58세,경상