사고번호,사고일시,요일,시군구,사고내용,사망자수,중상자수,경상자수,부상신고자수,사고유형,법규위반,노면상태,기상상태,도로형태,가해운전자 차종,가해운전자 성별,가해운전자 연령,가해운전자 상해정도,피해운전자 차종,피해운전자 성별,피해운전자 연령,피해운전자 상해정도
2016071200100314,2016년 7월 12일 15시,화요일,부산광역시 북구 구포동,경상사고,0,0,1,0,차대차 - 정면충돌,안전거리미확보,건조,맑음,단일로 - 기타,승용,남,64세,상해없음,승용,여,32세,경상
2016071200100315,2016년 7월 12일 15시,화요일,부산광역시 해운대구 석대동,경상사고,0,0,1,0,차대차 - 기타,신호위반,습기,비,교차로 - 교차로안,이륜,남,19세,경상,화물,남,38세,상해없음
2016071200100355,2016년 7월 12일 16시,화요일,부산광역시 중구 보수동2가,중상사고,0,1,0,0,차대차 - 측면충돌,차로위반,습기,비,단일로 - 기타,승용,남,57세,상해없음,이륜,남,50세,중상
2016071200100356,2016년 7월 12일 16시,화요일,부산광역시 사하구 감천동,경상사고,0,0,2,0,차대차 - 정면충돌,안전운전불이행,건조,맑음,단일로 - 기타,승용,남,42세,상해없음,승용,여,33세,경상
2016071200100357,2016년 7월 12일 16시,화요일,부산광역시 사상구 감전동,경상사고,0,0,1,0,차대차 - 측면직각충돌,안전운전불이행,건조,맑음,단일로 - 기타,승합,남,47세,상해없음,승합,남,53세,상해없음
2016071200100388,2016년 7월 12일 17시,화요일,부산광역시 해운대구 좌동,부상신고사고,0,0,0,1,차대차 - 측면직각충돌,안전운전불이행,건조,맑음,단일로 - 기타,승용,남,33세,상해없음,승용,여,45세,부상신고
2016071200100432,2016년 7월 12일 18시,화요일,부산광역시 동래구 안락동,경상사고,0,0,1,0,차대차 - 측면충돌,안전운전불이행,습기,흐림,교차로 - 교차로안,승용,남,24세,상해없음,자전거,남,14세,경상
2016071200100469,2016년 7월 12일 19시,화요일,부산광역시 해운대구 우동,중상사고,0,1,0,0,차대차 - 기타,교차로운행방법위반,건조,맑음,교차로 - 교차로안,승용,여,55세,상해없음,승합,남,50세,상해없음
2016071200100470,2016년 7월 12일 19시,화요일,부산광역시 연제구 연산동,경상사고,0,0,1,0,차대차 - 추돌,안전운전불이행,건조,맑음,단일로 - 기타,승용,남,64세,상해없음,승용,남,31세,경상
2016071200100471,2016년 7월 12일 19시,화요일,부산광역시 연제구 연산동,경상사고,0,0,1,0,차대차 - 추돌,안전거리미확보,건조,맑음,단일로 - 기타,승용,남,48세,상해없음,승용,남,48세,경상
2016071200100500,2016년 7월 12일 20시,화요일,부산광역시 서구 아미동2가,중상사고,0,1,0,0,차대사람 - 보도통행중,보행자보호의무위반,습기,비,단일로 - 횡단보도상,승용,남,67세,상해없음,보행자,남,63세,중상
2016071200100527,2016년 7월 12일 21시,화요일,부산광역시 연제구 연산동,경상사고,0,0,2,0,차대차 - 측면직각충돌,차로위반,습기,비,교차로 - 교차로안,승용,남,63세,상해없음,승용,남,61세,상해없음
2016071200100528,2016년 7월 12일 21시,화요일,부산광역시 강서구 명지동,중상사고,0,1,0,0,차대차 - 추돌,안전운전불이행,건조,맑음,단일로 - 횡단보도부근,승용,남,45세,상해없음,이륜,남,28세,중상
2016071200100549,2016년 7월 12일 22시,화요일,부산광역시 수영구 광안동,부상신고사고,0,0,0,1,차대차 - 측면충돌,교차로운행방법위반,습기,비,교차로 - 교차로안,원동기,남,20세,부상신고,승용,남,37세,상해없음
2016071200100550,2016년 7월 12일 22시,화요일,부산광역시 부산진구 부전동,중상사고,0,1,1,0,차대차 - 측면충돌,안전운전불이행,습기,비,교차로 - 교차로안,승용,남,30세,상해없음,승용,남,63세,경상
2016071200100576,2016년 7월 12일 23시,화요일,부산광역시 수영구 광안동,경상사고,0,0,1,0,차대사람 - 기타,안전운전불이행,습기,비,단일로 - 기타,승용,남,34세,상해없음,보행자,여,90세 이상,경상
2016071200100577,2016년 7월 12일 23시,화요일,부산광역시 사하구 장림동,부상신고사고,0,0,0,1,차대차 - 측면직각충돌,안전운전불이행,습기,비,단일로 - 기타,이륜,남,17세,부상신고,승용,남,50세,상해없음
2016071200100578,2016년 7월 12일 23시,화요일,부산광역시 강서구 대저1동,중상사고,0,1,0,0,차대차 - 측면직각충돌,신호위반,습기,비,교차로 - 교차로안,승용,남,29세,상해없음,승용,남,51세,중상
2016071300100004,2016년 7월 13일 00시,수요일,부산광역시 동래구 명륜동,중상사고,0,1,0,0,차대차 - 추돌,안전운전불이행,습기,비,교차로 - 교차로부근,승용,여,52세,상해없음,승용,남,30세,중상
2016071300100005,2016년 7월 13일 00시,수요일,부산광역시 해운대구 우동,경상사고,0,0,1,0,차대차 - 측면직각충돌,중앙선침범,습기,비,단일로 - 기타,승용,남,33세,상해없음,승용,남,59세,경상
2016071300100006,2016년 7월 13일 00시,수요일,부산광역시 강서구 명지동,경상사고,0,0,1,0,차대차 - 측면충돌,신호위반,습기,비,교차로 - 교차로안,승용,남,23세,상해없음,승용,남,52세,경상
2016071300100042,2016년 7월 13일 03시,수요일,부산광역시 부산진구 전포동,경상사고,0,0,1,0,차대사람 - 횡단중,보행자보호의무위반,습기,비,단일로 - 횡단보도상,승용,남,66세,상해없음,보행자,남,28세,경상
2016071300100043,2016년 7월 13일 03시,수요일,부산광역시 사상구 괘법동,부상신고사고,0,0,0,1,차대사람 - 횡단중,안전운전불이행,습기,맑음,단일로 - 기타,승용,남,50세,상해없음,보행자,남,61세,부상신고
2016071300100094,2016년 7월 13일 07시,수요일,부산광역시 서구 남부민동,경상사고,0,0,1,0,차대차 - 추돌,안전운전불이행,건조,맑음,교차로 - 교차로부근,이륜,남,60세,경상,승용,남,37세,상해없음
2016071300100095,2016년 7월 13일 07시,수요일,부산광역시 동래구 안락동,경상사고,0,0,1,0,차대차 - 측면직각충돌,안전운전불이행,건조,맑음,교차로 - 교차로부근,자전거,남,72세,경상,자전거,남,45세,상해없음
2016071300100115,2016년 7월 13일 08시,수요일,부산광역시 서구 토성동3가,경상사고,0,0,1,0,차대차 - 측면직각충돌,중앙선침범,건조,맑음,교차로 - 교차로부근,승용,남,63세,상해없음,승용,여,23세,경상
2016071300100171,2016년 7월 13일 09시,수요일,부산광역시 서구 동대신동3가,중상사고,0,1,0,0,차대차 - 측면직각충돌,안전운전불이행,건조,맑음,교차로 - 교차로부근,이륜,남,73세,중상,승용,남,65세,상해없음
2016071300100172,2016년 7월 13일 09시,수요일,부산광역시 해운대구 반여동,경상사고,0,0,1,0,차대사람 - 차도통행중,안전운전불이행,건조,맑음,교차로 - 교차로안,승합,남,70세,상해없음,보행자,여,64세,경상
2016071300100173,2016년 7월 13일 09시,수요일,부산광역시 금정구 금사동,경상사고,0,0,1,0,차대차 - 측면직각충돌,교차로운행방법위반,건조,맑음,교차로 - 교차로안,승용,남,65세,상해없음,승용,여,52세,상해없음
2016071300100174,2016년 7월 13일 09시,수요일,부산광역시 사하구 다대동,경상사고,0,0,1,0,차대차 - 기타,안전운전불이행,건조,맑음,단일로 - 기타,승합,남,54세,상해없음,승용,여,24세,경상
2016071300100202,2016년 7월 13일 10시,수요일,부산광역시 해운대구 우동,중상사고,0,1,0,0,차대차 - 정면충돌,교차로운행방법위반,건조,맑음,교차로 - 교차로안,승용,여,75세,상해없음,이륜,남,48세,중상
2016071300100238,2016년 7월 13일 11시,수요일,부산광역시 북구 만덕동,경상사고,0,0,1,0,차대차 - 측면직각충돌,안전운전불이행,건조,맑음,단일로 - 기타,화물,남,47세,상해없음,승용,남,55세,경상
2016071300100239,2016년 7월 13일 11시,수요일,부산광역시 해운대구 반여동,중상사고,0,1,0,0,차대사람 - 기타,안전운전불이행,건조,맑음,단일로 - 기타,승합,남,57세,상해없음,보행자,여,81세,중상
2016071300100270,2016년 7월 13일 12시,수요일,부산광역시 연제구 연산동,경상사고,0,0,1,0,차대사람 - 차도통행중,중앙선침범,건조,맑음,단일로 - 기타,승용,남,34세,상해없음,보행자,여,24세,경상
2016071300100271,2016년 7월 13일 12시,수요일,부산광역시 연제구 연산동,중상사고,0,1,0,0,차대사람 - 횡단중,보행자보호의무위반,건조,맑음,단일로 - 횡단보도상,승용,남,53세,상해없음,보행자,여,55세,중상
2016071300100304,2016년 7월 13일 13시,수요일,부산광역시 금정구 청룡동,부상신고사고,0,0,0,2,차대차 - 정면충돌,안전운전불이행,건조,맑음,단일로 - 기타,원동기,남,17세,부상신고,승용,여,48세,상해없음
2016071300100337,2016년 7월 13일 14시,수요일,부산광역시 남구 감만동,경상사고,0,0,1,0,차대차 - 측면직각충돌,교차로운행방법위반,건조,맑음,교차로 - 교차로안,특수,남,69세,상해없음,승용,남,29세,경상
2016071300100367,2016년 7월 13일 15시,수요일,부산광역시 서구 부용동2가,경상사고,0,0,1,0,차대사람 - 길가장자리구역통행중,안전운전불이행,건조,맑음,단일로 - 기타,승용,남,37세,상해없음,보행자,남,58세,경상
2016071300100368,2016년 7월 13일 15시,수요일,부산광역시 동래구 온천동,중상사고,0,2,0,0,차대차 - 측면직각충돌,교차로운행방법위반,건조,맑음,교차로 - 교차로부근,화물,남,68세,상해없음,승합,남,66세,중상
2016071300100369,2016년 7월 13일 15시,수요일,부산광역시 부산진구 당감동,경상사고,0,0,1,0,차대차 - 추돌,안전운전불이행,건조,맑음,단일로 - 기타,승용,남,66세,상해없음,승용,남,27세,경상
2016071300100370,2016년 7월 13일 15시,수요일,부산광역시 수영구 망미동,경상사고,0,0,2,0,차대차 - 추돌,교차로운행방법위반,건조,맑음,교차로 - 교차로부근,승용,여,54세,상해없음,승용,남,56세,경상
2016071300100371,2016년 7월 13일 15시,수요일,부산광역시 사상구 감전동,부상신고사고,0,0,0,1,차대차 - 측면직각충돌,안전거리미확보,건조,맑음,교차로 - 교차로안,승용,여,50세,상해없음,화물,남,47세,상해없음
2016071300100372,2016년 7월 13일 15시,수요일,부산광역시 기장군 기장읍,중상사고,0,1,0,0,차대사람 - 보도통행중,안전운전불이행,건조,맑음,교차로 - 교차로부근,이륜,남,52세,상해없음,보행자,남,43세,중상
2016071300100403,2016년 7월 13일 16시,수요일,부산광역시 동구 수정동,경상사고,0,0,1,0,차대사람 - 차도통행중,안전운전불이행,건조,맑음,기타 - 기타,승합,남,57세,상해없음,보행자,남,51세,경상
2016071300100404,2016년 7월 13일 16시,수요일,부산광역시 동래구 온천동,중상사고,0,1,0,0,차대사람 - 차도통행중,안전운전불이행,건조,맑음,단일로 - 기타,승합,남,46세,상해없음,보행자,남,75세,중상
2016071300100405,2016년 7월 13일 16시,수요일,부산광역시 동래구 명륜동,경상사고,0,0,1,0,차대차 - 추돌,안전운전불이행,건조,맑음,단일로 - 기타,승용,남,28세,상해없음,화물,남,66세,경상
2016071300100449,2016년 7월 13일 17시,수요일,부산광역시 서구 아미동2가,경상사고,0,0,1,0,차대사람 - 기타,안전운전불이행,건조,맑음,단일로 - 기타,자전거,남,12세,상해없음,보행자,여,47세,경상
2016071300100539,2016년 7월 13일 19시,수요일,부산광역시 수영구 광안동,경상사고,0,0,2,0,차대차 - 추돌,안전운전불이행,건조,맑음,단일로 - 기타,승용,남,42세,상해없음,화물,남,34세,경상
2016071300100540,2016년 7월 13일 19시,수요일,부산광역시 동래구 온천동,중상사고,0,1,0,0,차대차 - 추돌,안전운전불이행,건조,맑음,단일로 - 기타,승용,여,46세,상해없음,승용,여,35세,중상
2016071300100541,2016년 7월 13일 19시,수요일,부산광역시 사상구 엄궁동,경상사고,0,0,2,0,차대차 - 기타,안전운전불이행,건조,맑음,교차로 - 교차로안,승용,여,44세,경상,승용,남,56세,경상
2016071300100576,2016년 7월 13일 20시,수요일,부산광역시 영도구 봉래동1가,중상사고,0,1,0,0,차대차 - 추돌,신호위반,건조,맑음,단일로 - 기타,원동기,남,64세,상해없음,원동기,남,30세,중상
2016071300100611,2016년 7월 13일 21시,수요일,부산광역시 영도구 동삼동,중상사고,0,1,0,0,차대차 - 측면충돌,신호위반,건조,맑음,교차로 - 교차로안,승용,남,23세,상해없음,원동기,남,21세,중상
2016071300100653,2016년 7월 13일 22시,수요일,부산광역시 남구 대연동,경상사고,0,0,1,0,차대사람 - 길가장자리구역통행중,안전운전불이행,건조,맑음,단일로 - 기타,승용,남,42세,상해없음,보행자,남,47세,경상
2016071300100654,2016년 7월 13일 22시,수요일,부산광역시 동래구 명륜동,경상사고,0,0,1,0,차대차 - 기타,안전운전불이행,건조,맑음,단일로 - 기타,승용,남,58세,상해없음,자전거,남,45세,경상
2016071300100655,2016년 7월 13일 22시,수요일,부산광역시 부산진구 부전동,중상사고,0,1,0,0,차대사람 - 기타,안전운전불이행,건조,맑음,단일로 - 기타,화물,남,80세,상해없음,보행자,남,51세,중상
2016071300100691,2016년 7월 13일 23시,수요일,부산광역시 해운대구 좌동,경상사고,0,0,1,0,차대차 - 추돌,안전운전불이행,건조,맑음,단일로 - 기타,승용,남,18세,상해없음,승용,남,60세,경상
2016071400100008,2016년 7월 14일 00시,목요일,부산광역시 수영구 광안동,경상사고,0,0,1,0,차대차 - 측면직각충돌,안전운전불이행,건조,맑음,단일로 - 기타,기타불명,기타불명,기타불명,기타불명,특수,남,28세,경상
2016071400100038,2016년 7월 14일 02시,목요일,부산광역시 연제구 연산동,부상신고사고,0,0,0,1,차대사람 - 차도통행중,안전운전불이행,건조,맑음,단일로 - 횡단보도부근,승용,남,62세,상해없음,보행자,여,56세,부상신고
2016071400100042,2016년 7월 14일 03시,목요일,부산광역시 북구 구포동,경상사고,0,0,1,0,차대사람 - 기타,안전운전불이행,건조,맑음,단일로 - 기타,승용,남,61세,상해없음,보행자,남,27세,경상
2016071400100049,2016년 7월 14일 04시,목요일,부산광역시 해운대구 송정동,사망사고,1,0,0,0,차대사람 - 기타,안전운전불이행,건조,맑음,단일로 - 기타,승용,남,53세,상해없음,보행자,여,39세,사망
2016071400100079,2016년 7월 14일 07시,목요일,부산광역시 북구 덕천동,중상사고,0,1,0,0,차대차 - 추돌,안전운전불이행,건조,맑음,단일로 - 기타,승용,여,59세,상해없음,이륜,남,43세,중상
2016071400100080,2016년 7월 14일 07시,목요일,부산광역시 강서구 봉림동,경상사고,0,0,1,0,차대차 - 추돌,차로위반,건조,맑음,단일로 - 기타,특수,남,63세,기타불명,승용,남,32세,경상
2016071400100113,2016년 7월 14일 08시,목요일,부산광역시 사하구 괴정동,중상사고,0,1,3,0,차대차 - 기타,교차로운행방법위반,건조,맑음,교차로 - 교차로안,승용,여,41세,경상,승용,여,34세,중상
2016071400100154,2016년 7월 14일 09시,목요일,부산광역시 연제구 연산동,중상사고,0,1,0,0,차대차 - 측면충돌,안전거리미확보,건조,맑음,단일로 - 기타,승용,남,35세,상해없음,이륜,남,41세,중상
2016071400100189,2016년 7월 14일 10시,목요일,부산광역시 서구 암남동,중상사고,0,1,1,0,차대사람 - 보도통행중,기타,건조,맑음,단일로 - 기타,승용,남,70세,상해없음,보행자,남,45세,경상
2016071400100225,2016년 7월 14일 11시,목요일,부산광역시 남구 대연동,경상사고,0,0,1,0,차대차 - 측면직각충돌,교차로운행방법위반,건조,맑음,교차로 - 교차로안,승용,여,49세,상해없음,승합,남,54세,상해없음
2016071400100254,2016년 7월 14일 12시,목요일,부산광역시 서구 동대신동2가,경상사고,0,0,1,0,차대차 - 추돌,안전운전불이행,건조,맑음,단일로 - 기타,승용,남,70세,상해없음,이륜,남,40세,경상
2016071400100255,2016년 7월 14일 12시,목요일,부산광역시 영도구 영선동2가,경상사고,0,0,1,0,차대사람 - 횡단중,보행자보호의무위반,건조,맑음,교차로 - 교차로안,승용,남,63세,상해없음,보행자,남,58세,경상
2016071400100256,2016년 7월 14일 12시,목요일,부산광역시 사상구 모라동,경상사고,0,0,1,0,차대차 - 측면충돌,안전운전불이행,건조,맑음,단일로 - 기타,승용,남,61세,상해없음,승용,남,39세,경상
2016071400100284,2016년 7월 14일 13시,목요일,부산광역시 해운대구 석대동,중상사고,0,1,1,0,차대차 - 측면직각충돌,안전거리미확보,건조,맑음,교차로 - 교차로안,건설기계,남,39세,상해없음,화물,남,64세,중상
2016071400100285,2016년 7월 14일 13시,목요일,부산광역시 사하구 장림동,중상사고,0,1,0,0,차대차 - 측면충돌,차로위반,건조,맑음,단일로 - 기타,화물,남,59세,상해없음,이륜,남,35세,중상
2016071400100286,2016년 7월 14일 13시,목요일,부산광역시 강서구 대저2동,중상사고,0,2,0,0,차대차 - 정면충돌,중앙선침범,건조,맑음,단일로 - 기타,승용,여,57세,상해없음,승용,남,69세,중상
2016071400100287,2016년 7월 14일 13시,목요일,부산광역시 기장군 기장읍,부상신고사고,0,0,0,1,차대차 - 측면충돌,신호위반,건조,맑음,교차로 - 교차로안,자전거,남,67세,부상신고,이륜,여,46세,상해없음
2016071400100313,2016년 7월 14일 14시,목요일,부산광역시 동구 범일동,경상사고,0,0,3,0,차대차 - 추돌,안전거리미확보,건조,맑음,교차로 - 교차로부근,승용,여,40세,상해없음,승용,여,43세,경상
2016071400100314,2016년 7월 14일 14시,목요일,부산광역시 남구 문현동,경상사고,0,0,1,0,차대차 - 측면충돌,안전운전불이행,건조,맑음,단일로 - 기타,승용,남,57세,상해없음,승용,여,28세,경상
2016071400100315,2016년 7월 14일 14시,목요일,부산광역시 부산진구 전포동,부상신고사고,0,0,0,1,차대차 - 측면충돌,안전운전불이행,건조,맑음,단일로 - 기타,원동기,남,62세,부상신고,화물,남,31세,상해없음
2016071400100316,2016년 7월 14일 14시,목요일,부산광역시 연제구 연산동,경상사고,0,0,2,0,차대차 - 측면충돌,교차로운행방법위반,건조,맑음,교차로 - 교차로안,승용,여,53세,상해없음,승용,남,59세,경상
2016071400100341,2016년 7월 14일 15시,목요일,부산광역시 동래구 온천동,경상사고,0,0,2,0,차대차 - 측면직각충돌,안전거리미확보,건조,맑음,단일로 - 기타,승용,남,47세,상해없음,승용,남,32세,경상
2016071400100342,2016년 7월 14일 15시,목요일,부산광역시 해운대구 중동,경상사고,0,0,1,0,차대사람 - 횡단중,보행자보호의무위반,건조,맑음,단일로 - 기타,승용,남,43세,상해없음,보행자,여,69세,경상
2016071400100377,2016년 7월 14일 16시,목요일,부산광역시 동래구 안락동,중상사고,0,1,0,0,차대사람 - 차도통행중,기타,건조,맑음,단일로 - 기타,승용,여,58세,상해없음,보행자,남,12세,중상
2016071400100378,2016년 7월 14일 16시,목요일,부산광역시 부산진구 양정동,중상사고,0,1,0,0,차대차 - 측면직각충돌,안전운전불이행,건조,맑음,단일로 - 기타,화물,남,45세,상해없음,승용,여,26세,중상
2016071400100379,2016년 7월 14일 16시,목요일,부산광역시 사상구 학장동,경상사고,0,0,1,0,차대차 - 측면충돌,안전운전불이행,건조,맑음,교차로 - 교차로안,승합,남,60세,상해없음,승용,남,56세,경상
2016071400100420,2016년 7월 14일 17시,목요일,부산광역시 동래구 온천동,경상사고,0,0,3,0,차대차 - 추돌,안전운전불이행,건조,맑음,단일로 - 기타,승용,남,47세,상해없음,승용,남,56세,경상
2016071400100462,2016년 7월 14일 18시,목요일,부산광역시 사하구 다대동,경상사고,0,0,1,0,차대사람 - 횡단중,신호위반,건조,맑음,교차로 - 교차로부근,승합,남,57세,상해없음,보행자,여,8세,경상
2016071400100463,2016년 7월 14일 18시,목요일,부산광역시 수영구 망미동,경상사고,0,0,1,0,차대사람 - 길가장자리구역통행중,안전운전불이행,건조,맑음,교차로 - 교차로부근,승용,남,46세,상해없음,보행자,남,50세,경상
2016071400100506,2016년 7월 14일 19시,목요일,부산광역시 사상구 덕포동,중상사고,0,1,0,0,차대사람 - 횡단중,신호위반,습기,비,단일로 - 횡단보도상,승합,남,66세,상해없음,보행자,여,90세 이상,중상
2016071400100590,2016년 7월 14일 22시,목요일,부산광역시 수영구 광안동,경상사고,0,0,3,0,차대차 - 측면직각충돌,안전운전불이행,건조,맑음,교차로 - 교차로안,승용,남,31세,상해없음,승용,여,42세,경상
2016071400100591,2016년 7월 14일 22시,목요일,부산광역시 부산진구 당감동,부상신고사고,0,0,0,1,차량단독 - 기타,안전운전불이행,건조,맑음,단일로 - 기타,승합,여,46세,상해없음,,,,
2016071500100034,2016년 7월 15일 03시,금요일,부산광역시 연제구 연산동,중상사고,0,1,0,0,차대사람 - 차도통행중,안전운전불이행,건조,맑음,단일로 - 횡단보도부근,승용,남,65세,상해없음,보행자,남,56세,중상
2016071500100035,2016년 7월 15일 03시,금요일,부산광역시 기장군 철마면,경상사고,0,0,2,0,차대차 - 추돌,안전운전불이행,건조,맑음,단일로 - 터널,승용,남,31세,경상,특수,남,58세,경상
2016071500100081,2016년 7월 15일 07시,금요일,부산광역시 사하구 신평동,중상사고,0,1,0,0,차대사람 - 횡단중,보행자보호의무위반,건조,맑음,교차로 - 교차로안,화물,남,25세,상해없음,보행자,여,50세,중상
2016071500100102,2016년 7월 15일 08시,금요일,부산광역시 남구 대연동,중상사고,0,1,0,0,차대차 - 추돌,안전운전불이행,건조,맑음,단일로 - 기타,승용,남,36세,상해없음,승용,여,40세,중상
2016071500100103,2016년 7월 15일 08시,금요일,부산광역시 해운대구 우동,경상사고,0,0,1,0,차대차 - 추돌,안전운전불이행,건조,맑음,단일로 - 기타,승용,여,61세,상해없음,승용,남,27세,경상
2016071500100104,2016년 7월 15일 08시,금요일,부산광역시 사하구 하단동,중상사고,0,1,0,0,차대차 - 추돌,안전운전불이행,건조,맑음,단일로 - 기타,승용,여,58세,상해없음,승용,남,48세,중상
2016071500100138,2016년 7월 15일 09시,금요일,부산광역시 남구 우암동,중상사고,0,1,0,0,차대차 - 추돌,안전운전불이행,건조,맑음,교차로 - 교차로안,승용,여,70세,상해없음,승용,여,39세,중상
2016071500100139,2016년 7월 15일 09시,금요일,부산광역시 북구 만덕동,경상사고,0,0,1,0,차대차 - 측면직각충돌,안전거리미확보,건조,맑음,단일로 - 기타,건설기계,남,47세,상해없음,승용,여,48세,경상
2016071500100140,2016년 7월 15일 09시,금요일,부산광역시 금정구 금사동,경상사고,0,0,1,0,차대차 - 측면직각충돌,신호위반,건조,맑음,교차로 - 교차로안,승용,남,59세,상해없음,화물,남,60세,경상
2016071500100170,2016년 7월 15일 10시,금요일,부산광역시 남구 대연동,경상사고,0,0,1,0,차대차 - 측면직각충돌,교차로운행방법위반,건조,맑음,교차로 - 교차로안,승용,여,50세,경상,승용,남,70세,상해없음
2016071500100171,2016년 7월 15일 10시,금요일,부산광역시 기장군 일광면,경상사고,0,0,2,0,차대차 - 기타,교차로운행방법위반,건조,맑음,교차로 - 교차로안,승용,여,43세,경상,승용,여,53세,경상
2016071500100205,2016년 7월 15일 11시,금요일,부산광역시 수영구 광안동,중상사고,0,1,0,0,차대차 - 측면직각충돌,안전운전불이행,건조,맑음,단일로 - 기타,승용,남,64세,상해없음,원동기,남,66세,중상
2016071500100206,2016년 7월 15일 11시,금요일,부산광역시 부산진구 부전동,경상사고,0,0,1,0,차대사람 - 기타,안전운전불이행,건조,맑음,단일로 - 기타,이륜,남,55세,상해없음,보행자,남,34세,경상
2016071500100207,2016년 7월 15일 11시,금요일,부산광역시 부산진구 양정동,경상사고,0,0,2,0,차대차 - 측면직각충돌,안전운전불이행,건조,맑음,교차로 - 교차로안,승용,남,36세,기타불명,승용,남,39세,경상
2016071500100208,2016년 7월 15일 11시,금요일,부산광역시 금정구 장전동,중상사고,0,1,1,0,차대차 - 측면충돌,안전거리미확보,건조,맑음,교차로 - 교차로안,원동기,남,80세,중상,원동기,남,25세,경상
2016071500100209,2016년 7월 15일 11시,금요일,부산광역시 강서구 대저2동,경상사고,0,0,1,0,차대차 - 측면충돌,교차로운행방법위반,건조,맑음,교차로 - 교차로안,승용,남,55세,상해없음,화물,남,43세,경상
2016071500100210,2016년 7월 15일 11시,금요일,부산광역시 강서구 미음동,중상사고,0,1,0,0,차대차 - 측면충돌,교차로운행방법위반,건조,맑음,교차로 - 교차로안,화물,남,62세,상해없음,화물,남,46세,중상
2016071500100286,2016년 7월 15일 13시,금요일,부산광역시 해운대구 반여동,경상사고,0,0,2,0,차대차 - 측면직각충돌,안전운전불이행,건조,맑음,단일로 - 기타,승용,여,65세,경상,승용,여,33세,경상
2016071500100287,2016년 7월 15일 13시,금요일,부산광역시 부산진구 초읍동,중상사고,0,1,0,0,차대사람 - 횡단중,안전운전불이행,건조,맑음,단일로 - 기타,승용,여,53세,상해없음,보행자,남,90세 이상,중상
2016071500100320,2016년 7월 15일 14시,금요일,부산광역시 동래구 온천동,경상사고,0,0,1,0,차대사람 - 차도통행중,안전운전불이행,건조,맑음,단일로 - 기타,승용,남,55세,상해없음,보행자,여,57세,경상
2016071500100321,2016년 7월 15일 14시,금요일,부산광역시 금정구 서동,경상사고,0,0,2,0,차대차 - 기타,안전운전불이행,건조,맑음,기타 - 기타,화물,남,32세,상해없음,이륜,남,28세,경상
2016071500100322,2016년 7월 15일 14시,금요일,부산광역시 사하구 다대동,중상사고,0,1,1,1,차대차 - 추돌,안전운전불이행,건조,맑음,단일로 - 기타,승용,남,50세,상해없음,승용,여,42세,중상
2016071500100397,2016년 7월 15일 16시,금요일,부산광역시 북구 화명동,경상사고,0,0,1,0,차대사람 - 기타,기타,건조,맑음,단일로 - 기타,승합,남,55세,상해없음,보행자,여,4세,경상
2016071500100398,2016년 7월 15일 16시,금요일,부산광역시 사하구 구평동,중상사고,0,1,0,0,차대사람 - 기타,안전운전불이행,건조,맑음,단일로 - 기타,승용,남,56세,상해없음,보행자,남,4세,중상
2016071500100437,2016년 7월 15일 17시,금요일,부산광역시 동래구 사직동,부상신고사고,0,0,0,1,차대사람 - 기타,안전운전불이행,건조,맑음,단일로 - 기타,화물,남,54세,상해없음,보행자,여,90세 이상,부상신고
2016071500100438,2016년 7월 15일 17시,금요일,부산광역시 해운대구 반여동,중상사고,0,1,0,0,차대차 - 기타,기타,건조,맑음,단일로 - 기타,승합,남,40세,상해없음,자전거,남,14세,중상
2016071500100439,2016년 7월 15일 17시,금요일,부산광역시 사하구 하단동,경상사고,0,0,1,0,차대차 - 기타,안전거리미확보,건조,맑음,단일로 - 기타,건설기계,남,49세,상해없음,승용,남,29세,경상
2016071500100476,2016년 7월 15일 18시,금요일,부산광역시 동구 초량동,경상사고,0,0,2,0,차대차 - 측면직각충돌,교차로운행방법위반,건조,맑음,교차로 - 교차로안,승용,여,49세,상해없음,승용,남,54세,경상
2016071500100477,2016년 7월 15일 18시,금요일,부산광역시 북구 만덕동,경상사고,0,0,1,0,차대사람 - 횡단중,안전운전불이행,건조,맑음,단일로 - 기타,승용,남,54세,상해없음,보행자,여,5세,경상
2016071500100524,2016년 7월 15일 19시,금요일,부산광역시 해운대구 우동,경상사고,0,0,1,0,차대사람 - 기타,안전운전불이행,건조,맑음,단일로 - 기타,자전거,남,36세,상해없음,보행자,여,60세,경상
2016071500100525,2016년 7월 15일 19시,금요일,부산광역시 기장군 정관읍,중상사고,0,1,4,0,차대차 - 측면직각충돌,신호위반,건조,맑음,교차로 - 교차로안,승용,여,39세,상해없음,승용,여,50세,경상
2016071500100554,2016년 7월 15일 20시,금요일,부산광역시 남구 대연동,경상사고,0,0,1,0,차대사람 - 횡단중,신호위반,건조,맑음,단일로 - 기타,승용,여,58세,상해없음,보행자,남,90세 이상,경상
2016071500100555,2016년 7월 15일 20시,금요일,부산광역시 해운대구 재송동,부상신고사고,0,0,0,1,차대차 - 측면직각충돌,안전운전불이행,건조,맑음,교차로 - 교차로부근,승용,여,35세,상해없음,승용,남,28세,상해없음
2016071500100556,2016년 7월 15일 20시,금요일,부산광역시 금정구 회동동,중상사고,0,3,3,0,차대차 - 추돌,안전거리미확보,건조,맑음,단일로 - 기타,화물,남,35세,경상,승용,남,37세,중상