사고번호,사고일시,요일,시군구,사고내용,사망자수,중상자수,경상자수,부상신고자수,사고유형,법규위반,노면상태,기상상태,도로형태,가해운전자 차종,가해운전자 성별,가해운전자 연령,가해운전자 상해정도,피해운전자 차종,피해운전자 성별,피해운전자 연령,피해운전자 상해정도
2016080700100171,2016년 8월 7일 13시,일요일,부산광역시 동래구 온천동,중상사고,0,2,0,0,차대차 - 추돌,안전운전불이행,건조,맑음,단일로 - 기타,승용,남,55세,상해없음,승용,남,44세,중상
2016080700100197,2016년 8월 7일 14시,일요일,부산광역시 북구 화명동,중상사고,0,1,0,0,차대사람 - 기타,안전운전불이행,건조,맑음,단일로 - 기타,원동기,남,61세,상해없음,보행자,여,41세,중상
2016080700100198,2016년 8월 7일 14시,일요일,부산광역시 부산진구 초읍동,경상사고,0,0,3,0,차대차 - 측면직각충돌,교차로운행방법위반,건조,맑음,교차로 - 교차로안,승용,남,53세,상해없음,승용,남,34세,경상
2016080700100224,2016년 8월 7일 15시,일요일,부산광역시 동래구 안락동,중상사고,0,1,2,1,차대차 - 측면충돌,안전운전불이행,건조,맑음,단일로 - 기타,이륜,남,20세,부상신고,승용,남,36세,상해없음
2016080700100250,2016년 8월 7일 16시,일요일,부산광역시 서구 남부민동,중상사고,0,1,0,0,차대차 - 기타,안전운전불이행,건조,맑음,단일로 - 기타,승용,남,50세,상해없음,원동기,남,60세,중상
2016080700100270,2016년 8월 7일 17시,일요일,부산광역시 영도구 동삼동,중상사고,0,1,0,0,차대차 - 측면충돌,교차로운행방법위반,건조,맑음,교차로 - 교차로안,승용,남,25세,상해없음,원동기,남,35세,중상
2016080700100298,2016년 8월 7일 18시,일요일,부산광역시 북구 덕천동,경상사고,0,0,1,0,차대차 - 추돌,신호위반,건조,맑음,단일로 - 기타,승용,남,34세,상해없음,승용,남,27세,경상
2016080700100299,2016년 8월 7일 18시,일요일,부산광역시 부산진구 부암동,경상사고,0,0,1,0,차량단독 - 공작물충돌,안전운전불이행,건조,맑음,단일로 - 기타,승합,남,65세,상해없음,,,,
2016080700100300,2016년 8월 7일 18시,일요일,부산광역시 금정구 남산동,부상신고사고,0,0,0,1,차대차 - 측면충돌,안전운전불이행,건조,맑음,교차로 - 교차로부근,원동기,남,25세,부상신고,승용,여,53세,상해없음
2016080700100324,2016년 8월 7일 19시,일요일,부산광역시 동구 수정동,중상사고,0,1,1,0,차대차 - 추돌,중앙선침범,건조,맑음,단일로 - 기타,원동기,여,52세,중상,승용,남,28세,경상
2016080700100325,2016년 8월 7일 19시,일요일,부산광역시 연제구 거제동,부상신고사고,0,0,0,1,차대차 - 기타,교차로운행방법위반,건조,맑음,교차로 - 교차로안,승용,남,47세,상해없음,원동기,남,16세,부상신고
2016080700100343,2016년 8월 7일 20시,일요일,부산광역시 서구 동대신동1가,중상사고,0,1,0,0,차대사람 - 기타,안전운전불이행,건조,맑음,단일로 - 기타,승용,남,41세,상해없음,보행자,남,55세,중상
2016080700100344,2016년 8월 7일 20시,일요일,부산광역시 남구 용호동,경상사고,0,0,1,0,차대차 - 추돌,안전운전불이행,건조,맑음,단일로 - 기타,이륜,남,18세,상해없음,이륜,남,46세,경상
2016080700100345,2016년 8월 7일 20시,일요일,부산광역시 남구 용호동,경상사고,0,0,1,0,차대차 - 측면직각충돌,교차로운행방법위반,건조,맑음,교차로 - 교차로안,승용,남,34세,상해없음,자전거,남,68세,경상
2016080800100031,2016년 8월 8일 04시,월요일,부산광역시 해운대구 반여동,중상사고,0,1,0,0,차대차 - 기타,신호위반,건조,맑음,교차로 - 교차로안,승용,남,50세,상해없음,이륜,남,24세,중상
2016080800100048,2016년 8월 8일 06시,월요일,부산광역시 사하구 하단동,중상사고,0,1,0,0,차대사람 - 기타,안전운전불이행,건조,맑음,단일로 - 기타,승합,남,36세,상해없음,보행자,여,86세,중상
2016080800100060,2016년 8월 8일 07시,월요일,부산광역시 영도구 대교동1가,경상사고,0,0,1,0,차대차 - 추돌,안전운전불이행,건조,맑음,단일로 - 기타,승용,남,28세,상해없음,승용,남,40세,경상
2016080800100125,2016년 8월 8일 09시,월요일,부산광역시 금정구 청룡동,중상사고,0,1,0,0,차대사람 - 횡단중,안전운전불이행,건조,맑음,단일로 - 기타,승용,여,60세,상해없음,보행자,여,61세,중상
2016080800100202,2016년 8월 8일 11시,월요일,부산광역시 수영구 광안동,중상사고,0,1,0,0,차대차 - 기타,교차로운행방법위반,건조,맑음,교차로 - 교차로안,승용,여,52세,상해없음,원동기,여,43세,중상
2016080800100204,2016년 8월 8일 11시,월요일,부산광역시 해운대구 우동,경상사고,0,0,1,0,차대사람 - 기타,안전운전불이행,건조,맑음,단일로 - 기타,승용,남,20세,상해없음,보행자,남,67세,경상
2016080800100236,2016년 8월 8일 12시,월요일,부산광역시 동구 수정동,부상신고사고,0,0,0,1,차대사람 - 기타,안전운전불이행,건조,맑음,단일로 - 기타,승용,여,37세,기타불명,보행자,남,74세,부상신고
2016080800100237,2016년 8월 8일 12시,월요일,부산광역시 동래구 수안동,중상사고,0,1,0,0,차대차 - 측면직각충돌,신호위반,건조,맑음,단일로 - 횡단보도상,승용,남,72세,상해없음,원동기,남,37세,중상
2016080800100238,2016년 8월 8일 12시,월요일,부산광역시 해운대구 좌동,경상사고,0,0,1,0,차대차 - 측면직각충돌,안전운전불이행,건조,맑음,단일로 - 기타,승용,남,69세,상해없음,승합,남,47세,경상
2016080800100239,2016년 8월 8일 12시,월요일,부산광역시 부산진구 전포동,중상사고,0,1,0,0,차대차 - 정면충돌,신호위반,건조,맑음,교차로 - 교차로안,승용,여,47세,상해없음,이륜,남,56세,중상
2016080800100240,2016년 8월 8일 12시,월요일,부산광역시 금정구 부곡동,경상사고,0,0,1,0,차대사람 - 기타,안전운전불이행,건조,맑음,교차로 - 교차로안,승용,남,65세,상해없음,보행자,남,79세,경상
2016080800100241,2016년 8월 8일 12시,월요일,부산광역시 수영구 수영동,중상사고,0,1,0,0,차대사람 - 횡단중,안전운전불이행,건조,맑음,교차로 - 교차로안,승용,남,35세,상해없음,보행자,여,72세,중상
2016080800100270,2016년 8월 8일 13시,월요일,부산광역시 동래구 명륜동,중상사고,0,1,0,0,차대사람 - 보도통행중,기타,건조,맑음,단일로 - 기타,화물,남,32세,상해없음,보행자,남,81세,중상
2016080800100306,2016년 8월 8일 14시,월요일,부산광역시 북구 만덕동,중상사고,0,1,1,0,차대차 - 기타,중앙선침범,습기,비,단일로 - 기타,화물,남,36세,상해없음,승용,남,46세,중상
2016080800100307,2016년 8월 8일 14시,월요일,부산광역시 부산진구 부전동,중상사고,0,1,0,0,차대차 - 정면충돌,신호위반,건조,맑음,교차로 - 교차로안,승용,여,38세,상해없음,이륜,남,43세,중상
2016080800100336,2016년 8월 8일 15시,월요일,부산광역시 해운대구 좌동,경상사고,0,0,4,0,차대차 - 추돌,안전운전불이행,건조,맑음,단일로 - 기타,화물,남,62세,상해없음,승용,남,64세,경상
2016080800100337,2016년 8월 8일 15시,월요일,부산광역시 사하구 하단동,경상사고,0,0,1,0,차대사람 - 횡단중,신호위반,건조,맑음,단일로 - 횡단보도상,승용,여,35세,상해없음,보행자,여,11세,경상
2016080800100376,2016년 8월 8일 16시,월요일,부산광역시 중구 중앙동1가,경상사고,0,0,1,0,차대차 - 측면직각충돌,교차로운행방법위반,건조,맑음,단일로 - 기타,승용,남,39세,상해없음,이륜,남,53세,경상
2016080800100377,2016년 8월 8일 16시,월요일,부산광역시 남구 용호동,경상사고,0,0,1,0,차대차 - 추돌,차로위반,건조,맑음,단일로 - 기타,승용,여,37세,상해없음,이륜,여,21세,경상
2016080800100378,2016년 8월 8일 16시,월요일,부산광역시 영도구 영선동1가,중상사고,0,2,2,0,차대차 - 기타,중앙선침범,건조,맑음,단일로 - 기타,승용,남,18세,상해없음,승용,남,37세,경상
2016080800100421,2016년 8월 8일 17시,월요일,부산광역시 금정구 서동,경상사고,0,0,1,0,차대사람 - 차도통행중,안전운전불이행,건조,맑음,단일로 - 기타,승용,남,63세,상해없음,보행자,남,62세,경상
2016080800100452,2016년 8월 8일 18시,월요일,부산광역시 해운대구 좌동,경상사고,0,0,1,0,차대사람 - 기타,안전운전불이행,건조,맑음,단일로 - 기타,승용,여,24세,상해없음,보행자,남,22세,경상
2016080800100546,2016년 8월 8일 21시,월요일,부산광역시 수영구 광안동,중상사고,0,1,0,0,차대차 - 측면직각충돌,신호위반,건조,맑음,교차로 - 교차로안,원동기,남,26세,상해없음,원동기,남,35세,중상
2016080800100569,2016년 8월 8일 22시,월요일,부산광역시 동구 초량동,경상사고,0,0,1,0,차대사람 - 기타,안전운전불이행,건조,맑음,단일로 - 기타,승용,남,50세,상해없음,보행자,여,36세,경상
2016080900100005,2016년 8월 9일 00시,화요일,부산광역시 해운대구 반여동,경상사고,0,0,2,0,차대차 - 측면직각충돌,교차로운행방법위반,건조,맑음,교차로 - 교차로부근,승용,남,51세,상해없음,이륜,남,20세,경상
2016080900100006,2016년 8월 9일 00시,화요일,부산광역시 부산진구 초읍동,경상사고,0,0,1,0,차대차 - 기타,안전운전불이행,건조,맑음,단일로 - 기타,승용,남,58세,상해없음,승용,여,58세,경상
2016080900100023,2016년 8월 9일 01시,화요일,부산광역시 금정구 금사동,경상사고,0,0,3,0,차대차 - 측면직각충돌,교차로운행방법위반,건조,맑음,교차로 - 교차로안,승용,남,57세,상해없음,승용,남,62세,경상
2016080900100033,2016년 8월 9일 02시,화요일,부산광역시 부산진구 부전동,부상신고사고,0,0,0,2,차대차 - 측면충돌,신호위반,건조,맑음,교차로 - 교차로안,승용,남,63세,부상신고,승용,남,62세,부상신고
2016080900100034,2016년 8월 9일 02시,화요일,부산광역시 기장군 기장읍,사망사고,1,0,0,0,차량단독 - 전도전복,안전운전불이행,건조,맑음,단일로 - 기타,이륜,남,18세,사망,,,,
2016080900100067,2016년 8월 9일 06시,화요일,부산광역시 북구 금곡동,중상사고,0,2,0,0,차대차 - 추돌,안전운전불이행,건조,맑음,단일로 - 기타,특수,남,56세,상해없음,승용,여,67세,중상
2016080900100068,2016년 8월 9일 06시,화요일,부산광역시 해운대구 반여동,중상사고,0,1,1,0,차대차 - 추돌,안전운전불이행,건조,맑음,교차로 - 교차로부근,화물,남,37세,상해없음,승용,여,38세,중상
2016080900100086,2016년 8월 9일 07시,화요일,부산광역시 부산진구 개금동,부상신고사고,0,0,0,1,차대차 - 측면직각충돌,안전거리미확보,건조,맑음,단일로 - 기타,승용,여,26세,부상신고,건설기계,남,45세,상해없음
2016080900100105,2016년 8월 9일 08시,화요일,부산광역시 연제구 거제동,부상신고사고,0,0,0,1,차대차 - 측면직각충돌,교차로운행방법위반,건조,맑음,교차로 - 교차로안,화물,남,66세,상해없음,승용,남,63세,부상신고
2016080900100106,2016년 8월 9일 08시,화요일,부산광역시 사상구 학장동,경상사고,0,0,5,0,차대차 - 추돌,안전운전불이행,건조,맑음,단일로 - 기타,승용,남,43세,상해없음,승용,남,34세,경상
2016080900100139,2016년 8월 9일 09시,화요일,부산광역시 기장군 기장읍,중상사고,0,1,0,0,차대차 - 추돌,안전운전불이행,건조,맑음,단일로 - 기타,승용,남,48세,상해없음,승용,여,28세,중상
2016080900100176,2016년 8월 9일 10시,화요일,부산광역시 동래구 낙민동,경상사고,0,0,1,0,차대차 - 기타,차로위반,건조,맑음,단일로 - 기타,승용,남,35세,상해없음,승용,남,67세,경상
2016080900100207,2016년 8월 9일 11시,화요일,부산광역시 중구 중앙동6가,중상사고,0,1,0,0,차대사람 - 횡단중,불법유턴,건조,맑음,단일로 - 기타,승용,남,45세,상해없음,보행자,남,82세,중상
2016080900100208,2016년 8월 9일 11시,화요일,부산광역시 연제구 연산동,경상사고,0,0,1,0,차대차 - 측면직각충돌,안전운전불이행,건조,맑음,단일로 - 기타,승합,남,26세,상해없음,승용,남,50세,경상
2016080900100268,2016년 8월 9일 13시,화요일,부산광역시 해운대구 송정동,중상사고,0,1,0,0,차대차 - 기타,교차로운행방법위반,건조,맑음,교차로 - 교차로안,승용,남,59세,상해없음,자전거,남,68세,중상
2016080900100295,2016년 8월 9일 14시,화요일,부산광역시 동구 범일동,경상사고,0,0,2,0,차대차 - 기타,차로위반,건조,맑음,단일로 - 기타,승용,남,34세,상해없음,승용,여,44세,경상
2016080900100296,2016년 8월 9일 14시,화요일,부산광역시 북구 화명동,경상사고,0,0,1,0,차대차 - 추돌,안전거리미확보,건조,맑음,단일로 - 기타,원동기,여,58세,경상,승용,남,55세,상해없음
2016080900100329,2016년 8월 9일 15시,화요일,부산광역시 사상구 덕포동,경상사고,0,0,1,0,차대사람 - 횡단중,안전운전불이행,건조,맑음,단일로 - 기타,승용,여,46세,상해없음,보행자,여,67세,경상
2016080900100330,2016년 8월 9일 15시,화요일,부산광역시 사상구 괘법동,경상사고,0,0,1,0,차대차 - 추돌,안전운전불이행,건조,맑음,교차로 - 교차로부근,승용,남,45세,상해없음,승용,남,63세,경상
2016080900100366,2016년 8월 9일 16시,화요일,부산광역시 부산진구 범천동,경상사고,0,0,1,0,차대사람 - 횡단중,신호위반,건조,맑음,단일로 - 횡단보도상,승용,남,29세,상해없음,보행자,여,13세,경상
2016080900100367,2016년 8월 9일 16시,화요일,부산광역시 기장군 기장읍,경상사고,0,0,1,0,차대사람 - 기타,보행자보호의무위반,건조,맑음,단일로 - 횡단보도부근,승용,여,49세,상해없음,보행자,여,7세,경상
2016080900100389,2016년 8월 9일 17시,화요일,부산광역시 해운대구 좌동,중상사고,0,1,0,0,차대차 - 추돌,안전운전불이행,건조,맑음,기타 - 기타,승용,남,51세,상해없음,승용,여,49세,중상
2016080900100390,2016년 8월 9일 17시,화요일,부산광역시 부산진구 개금동,경상사고,0,0,1,0,차대차 - 측면직각충돌,안전거리미확보,건조,맑음,단일로 - 기타,승용,남,57세,기타불명,승용,여,46세,경상
2016080900100391,2016년 8월 9일 17시,화요일,부산광역시 사하구 하단동,경상사고,0,0,1,0,차대차 - 측면충돌,안전거리미확보,건조,맑음,단일로 - 교량,승합,남,39세,상해없음,화물,남,55세,경상
2016080900100420,2016년 8월 9일 18시,화요일,부산광역시 북구 화명동,중상사고,0,1,1,0,차대차 - 기타,기타,건조,맑음,단일로 - 기타,승합,남,62세,상해없음,원동기,남,18세,중상
2016080900100460,2016년 8월 9일 19시,화요일,부산광역시 수영구 광안동,경상사고,0,0,1,0,차대차 - 측면충돌,안전거리미확보,건조,맑음,단일로 - 기타,승용,남,72세,상해없음,승용,남,30세,경상
2016080900100493,2016년 8월 9일 20시,화요일,부산광역시 남구 대연동,경상사고,0,0,2,1,차대차 - 추돌,차로위반,건조,맑음,단일로 - 기타,승용,남,61세,상해없음,승용,남,58세,경상
2016080900100494,2016년 8월 9일 20시,화요일,부산광역시 부산진구 부암동,경상사고,0,0,1,0,차대사람 - 횡단중,안전운전불이행,건조,맑음,교차로 - 교차로부근,승용,여,40세,상해없음,보행자,여,46세,경상
2016080900100524,2016년 8월 9일 21시,화요일,부산광역시 금정구 장전동,경상사고,0,0,1,0,차대차 - 측면충돌,안전운전불이행,건조,맑음,단일로 - 기타,화물,남,58세,상해없음,승용,남,33세,기타불명
2016080900100555,2016년 8월 9일 22시,화요일,부산광역시 해운대구 중동,경상사고,0,0,2,0,차대차 - 정면충돌,중앙선침범,건조,맑음,단일로 - 기타,승용,남,52세,상해없음,승용,남,42세,경상
2016080900100569,2016년 8월 9일 23시,화요일,부산광역시 부산진구 부전동,경상사고,0,0,1,0,차대차 - 기타,안전거리미확보,건조,맑음,단일로 - 기타,승용,남,39세,기타불명,이륜,남,25세,경상
2016081000100073,2016년 8월 10일 06시,수요일,부산광역시 중구 보수동3가,사망사고,1,0,0,0,차대차 - 측면직각충돌,신호위반,건조,맑음,교차로 - 교차로안,자전거,남,76세,사망,승용,남,55세,상해없음
2016081000100074,2016년 8월 10일 06시,수요일,부산광역시 부산진구 초읍동,경상사고,0,0,1,0,차대차 - 측면직각충돌,안전거리미확보,건조,맑음,단일로 - 기타,화물,남,49세,상해없음,승용,여,42세,경상
2016081000100091,2016년 8월 10일 07시,수요일,부산광역시 수영구 남천동,경상사고,0,0,1,0,차대차 - 측면직각충돌,신호위반,건조,맑음,교차로 - 교차로안,승용,남,68세,상해없음,승용,남,44세,경상
2016081000100092,2016년 8월 10일 07시,수요일,부산광역시 강서구 구랑동,중상사고,0,1,0,0,차대차 - 추돌,안전거리미확보,건조,맑음,교차로 - 교차로부근,화물,남,49세,상해없음,승용,남,41세,중상
2016081000100093,2016년 8월 10일 07시,수요일,부산광역시 사상구 주례동,경상사고,0,0,1,0,차대차 - 정면충돌,안전운전불이행,건조,맑음,교차로 - 교차로부근,승용,여,24세,경상,승용,남,37세,상해없음
2016081000100115,2016년 8월 10일 08시,수요일,부산광역시 해운대구 재송동,경상사고,0,0,1,0,차대차 - 기타,교차로운행방법위반,건조,맑음,교차로 - 교차로부근,기타불명,기타불명,기타불명,기타불명,이륜,남,64세,경상
2016081000100153,2016년 8월 10일 09시,수요일,부산광역시 서구 동대신동2가,중상사고,0,1,0,0,차대차 - 기타,안전운전불이행,건조,맑음,교차로 - 교차로안,승합,남,57세,상해없음,승용,남,35세,상해없음
2016081000100154,2016년 8월 10일 09시,수요일,부산광역시 강서구 식만동,경상사고,0,0,1,0,차대차 - 측면직각충돌,안전거리미확보,건조,맑음,단일로 - 기타,승용,남,45세,상해없음,승용,남,38세,경상
2016081000100232,2016년 8월 10일 12시,수요일,부산광역시 동구 초량동,부상신고사고,0,0,0,1,차대차 - 측면직각충돌,불법유턴,건조,맑음,단일로 - 기타,자전거,남,27세,부상신고,원동기,남,59세,상해없음
2016081000100233,2016년 8월 10일 12시,수요일,부산광역시 연제구 연산동,경상사고,0,0,2,0,차대차 - 추돌,안전운전불이행,건조,맑음,단일로 - 기타,원동기,기타불명,기타불명,기타불명,승용,남,26세,경상
2016081000100234,2016년 8월 10일 12시,수요일,부산광역시 기장군 정관읍,경상사고,0,0,1,0,차대차 - 추돌,안전운전불이행,건조,맑음,단일로 - 기타,승용,남,61세,상해없음,승용,남,40세,경상
2016081000100265,2016년 8월 10일 13시,수요일,부산광역시 해운대구 우동,중상사고,0,4,0,0,차대차 - 추돌,안전운전불이행,건조,맑음,교차로 - 교차로안,승용,여,20세,기타불명,승용,남,20세,중상
2016081000100295,2016년 8월 10일 14시,수요일,부산광역시 서구 부민동2가,경상사고,0,0,2,0,차대차 - 추돌,안전거리미확보,건조,맑음,단일로 - 기타,승합,남,39세,상해없음,승용,남,31세,경상
2016081000100335,2016년 8월 10일 15시,수요일,부산광역시 북구 화명동,경상사고,0,0,1,0,차대차 - 추돌,안전운전불이행,건조,맑음,단일로 - 기타,승용,여,33세,상해없음,승용,남,55세,경상
2016081000100336,2016년 8월 10일 15시,수요일,부산광역시 부산진구 부전동,부상신고사고,0,0,0,1,차대차 - 기타,안전운전불이행,건조,맑음,교차로 - 교차로안,이륜,남,18세,부상신고,승용,남,34세,상해없음
2016081000100369,2016년 8월 10일 16시,수요일,부산광역시 서구 암남동,경상사고,0,0,1,0,차대차 - 추돌,안전운전불이행,건조,맑음,교차로 - 교차로부근,화물,남,59세,상해없음,승용,여,49세,경상
2016081000100370,2016년 8월 10일 16시,수요일,부산광역시 사하구 감천동,중상사고,0,1,0,0,차대차 - 측면충돌,안전운전불이행,건조,맑음,단일로 - 기타,승용,남,52세,상해없음,이륜,남,33세,중상
2016081000100410,2016년 8월 10일 17시,수요일,부산광역시 수영구 남천동,경상사고,0,0,1,0,차대사람 - 기타,안전운전불이행,건조,맑음,교차로 - 교차로부근,승용,남,21세,상해없음,보행자,남,61세,경상
2016081000100411,2016년 8월 10일 17시,수요일,부산광역시 수영구 망미동,경상사고,0,0,1,0,차대사람 - 횡단중,보행자보호의무위반,건조,맑음,단일로 - 횡단보도상,승용,남,57세,상해없음,보행자,여,47세,경상
2016081000100412,2016년 8월 10일 17시,수요일,부산광역시 기장군 기장읍,중상사고,0,1,0,0,차대사람 - 기타,안전운전불이행,건조,맑음,단일로 - 기타,승용,남,66세,상해없음,보행자,여,19세,중상
2016081000100454,2016년 8월 10일 18시,수요일,부산광역시 남구 문현동,경상사고,0,0,1,1,차대차 - 측면충돌,안전운전불이행,건조,맑음,단일로 - 기타,원동기,남,18세,부상신고,승용,여,33세,경상
2016081000100455,2016년 8월 10일 18시,수요일,부산광역시 동래구 안락동,중상사고,0,1,0,0,차대사람 - 차도통행중,보행자보호의무위반,건조,맑음,단일로 - 기타,승용,여,25세,상해없음,보행자,남,15세,중상
2016081000100456,2016년 8월 10일 18시,수요일,부산광역시 동래구 안락동,경상사고,0,0,1,1,차대차 - 측면직각충돌,교차로운행방법위반,건조,맑음,교차로 - 교차로안,이륜,남,18세,부상신고,승용,여,54세,경상
2016081000100457,2016년 8월 10일 18시,수요일,부산광역시 기장군 정관읍,중상사고,0,1,0,0,차대차 - 추돌,안전운전불이행,건조,맑음,단일로 - 기타,승합,남,66세,상해없음,이륜,남,35세,중상
2016081000100499,2016년 8월 10일 19시,수요일,부산광역시 부산진구 당감동,경상사고,0,0,1,0,차대차 - 기타,안전운전불이행,건조,맑음,교차로 - 교차로부근,승용,남,36세,기타불명,이륜,남,33세,경상
2016081000100566,2016년 8월 10일 21시,수요일,부산광역시 남구 대연동,경상사고,0,0,1,0,차대사람 - 차도통행중,안전운전불이행,건조,맑음,교차로 - 교차로안,승합,남,53세,상해없음,보행자,남,69세,경상
2016081000100592,2016년 8월 10일 22시,수요일,부산광역시 동래구 안락동,경상사고,0,0,2,0,차대차 - 측면직각충돌,안전운전불이행,건조,맑음,교차로 - 교차로안,승용,남,29세,상해없음,이륜,남,24세,경상
2016081000100614,2016년 8월 10일 23시,수요일,부산광역시 서구 부민동1가,경상사고,0,0,1,0,차대차 - 추돌,안전운전불이행,건조,맑음,단일로 - 기타,승용,남,49세,상해없음,승용,남,53세,상해없음
2016081000100615,2016년 8월 10일 23시,수요일,부산광역시 북구 덕천동,부상신고사고,0,0,0,1,차대사람 - 횡단중,안전운전불이행,건조,맑음,단일로 - 기타,승용,남,24세,상해없음,보행자,남,22세,부상신고
2016081100100022,2016년 8월 11일 01시,목요일,부산광역시 부산진구 부전동,경상사고,0,0,2,0,차대차 - 측면충돌,안전운전불이행,건조,맑음,단일로 - 기타,승용,남,69세,상해없음,승용,남,63세,경상
2016081100100040,2016년 8월 11일 04시,목요일,부산광역시 동래구 낙민동,경상사고,0,0,1,0,차대차 - 측면직각충돌,차로위반,건조,맑음,교차로 - 교차로안,승합,남,62세,상해없음,승용,남,61세,경상
2016081100100075,2016년 8월 11일 07시,목요일,부산광역시 남구 대연동,경상사고,0,0,1,0,차대차 - 기타,안전거리미확보,건조,맑음,단일로 - 기타,승용,남,32세,상해없음,승용,남,58세,상해없음
2016081100100076,2016년 8월 11일 07시,목요일,부산광역시 사상구 덕포동,중상사고,0,1,0,0,차대사람 - 횡단중,안전운전불이행,건조,맑음,교차로 - 교차로안,승용,남,29세,상해없음,보행자,여,58세,중상
2016081100100098,2016년 8월 11일 08시,목요일,부산광역시 동래구 온천동,경상사고,0,0,1,0,차대차 - 추돌,안전거리미확보,건조,맑음,단일로 - 기타,승용,남,41세,상해없음,승용,남,56세,상해없음
2016081100100099,2016년 8월 11일 08시,목요일,부산광역시 동래구 안락동,경상사고,0,0,1,0,차대사람 - 차도통행중,안전운전불이행,건조,맑음,단일로 - 기타,이륜,남,32세,상해없음,보행자,남,23세,경상
2016081100100100,2016년 8월 11일 08시,목요일,부산광역시 금정구 구서동,경상사고,0,0,2,0,차대차 - 추돌,안전거리미확보,건조,맑음,단일로 - 기타,승용,여,24세,상해없음,승용,여,45세,경상
2016081100100162,2016년 8월 11일 10시,목요일,부산광역시 부산진구 전포동,경상사고,0,0,1,0,차대차 - 측면직각충돌,안전거리미확보,건조,맑음,단일로 - 기타,승용,남,29세,상해없음,승용,남,40세,경상
2016081100100163,2016년 8월 11일 10시,목요일,부산광역시 강서구 명지동,경상사고,0,0,2,1,차대차 - 측면직각충돌,중앙선침범,건조,맑음,단일로 - 기타,승용,여,44세,상해없음,승용,남,36세,경상
2016081100100164,2016년 8월 11일 10시,목요일,부산광역시 기장군 철마면,경상사고,0,0,1,0,차대차 - 추돌,안전운전불이행,건조,맑음,단일로 - 기타,화물,남,70세,기타불명,승용,남,44세,기타불명
2016081100100192,2016년 8월 11일 11시,목요일,부산광역시 영도구 대교동2가,부상신고사고,0,0,0,1,차대차 - 측면충돌,안전운전불이행,건조,맑음,단일로 - 기타,승용,남,48세,상해없음,승합,남,58세,상해없음
2016081100100218,2016년 8월 11일 12시,목요일,부산광역시 동구 초량동,중상사고,0,1,2,0,차대차 - 측면직각충돌,안전거리미확보,건조,맑음,단일로 - 기타,승용,남,26세,기타불명,승용,남,55세,중상
2016081100100219,2016년 8월 11일 12시,목요일,부산광역시 남구 대연동,경상사고,0,0,1,0,차대차 - 측면직각충돌,교차로운행방법위반,건조,맑음,교차로 - 교차로안,승용,여,32세,기타불명,승용,여,43세,경상
2016081100100220,2016년 8월 11일 12시,목요일,부산광역시 부산진구 부전동,사망사고,1,0,1,0,차대차 - 기타,신호위반,건조,맑음,교차로 - 교차로안,이륜,남,76세,사망,승용,남,34세,경상
2016081100100251,2016년 8월 11일 13시,목요일,부산광역시 동래구 명장동,경상사고,0,0,1,0,차대사람 - 기타,안전운전불이행,건조,맑음,단일로 - 횡단보도부근,승용,여,47세,상해없음,보행자,남,56세,경상
2016081100100290,2016년 8월 11일 14시,목요일,부산광역시 수영구 수영동,경상사고,0,0,2,0,차대차 - 추돌,안전운전불이행,건조,맑음,단일로 - 기타,승용,남,60세,상해없음,화물,남,63세,경상
2016081100100291,2016년 8월 11일 14시,목요일,부산광역시 동래구 사직동,중상사고,0,2,3,1,차대차 - 측면충돌,신호위반,건조,맑음,교차로 - 교차로안,승합,남,23세,경상,승용,남,36세,경상
2016081100100292,2016년 8월 11일 14시,목요일,부산광역시 동래구 사직동,경상사고,0,0,5,0,차대차 - 추돌,안전운전불이행,건조,맑음,단일로 - 기타,승용,남,60세,경상,승합,남,45세,경상
2016081100100293,2016년 8월 11일 14시,목요일,부산광역시 사하구 하단동,경상사고,0,0,1,0,차대차 - 기타,신호위반,건조,맑음,단일로 - 횡단보도상,승용,남,43세,상해없음,자전거,남,15세,경상
2016081100100294,2016년 8월 11일 14시,목요일,부산광역시 사상구 괘법동,경상사고,0,0,1,0,차대차 - 측면충돌,안전거리미확보,건조,맑음,교차로 - 교차로안,승용,여,56세,상해없음,승용,남,69세,상해없음
2016081100100314,2016년 8월 11일 15시,목요일,부산광역시 동구 초량동,경상사고,0,0,1,0,차대차 - 추돌,안전운전불이행,건조,맑음,단일로 - 기타,승용,남,24세,상해없음,승용,남,54세,경상
2016081100100315,2016년 8월 11일 15시,목요일,부산광역시 서구 동대신동2가,중상사고,0,1,0,0,차대사람 - 횡단중,안전운전불이행,건조,맑음,단일로 - 기타,승용,남,59세,상해없음,보행자,여,56세,중상
2016081100100341,2016년 8월 11일 16시,목요일,부산광역시 사하구 하단동,경상사고,0,0,1,0,차대차 - 추돌,안전운전불이행,건조,맑음,교차로 - 교차로부근,승용,여,62세,상해없음,승용,남,33세,경상
2016081100100378,2016년 8월 11일 17시,목요일,부산광역시 동구 범일동,경상사고,0,0,1,0,차대차 - 측면직각충돌,안전운전불이행,건조,맑음,단일로 - 기타,원동기,남,17세,경상,승용,남,57세,상해없음
2016081100100379,2016년 8월 11일 17시,목요일,부산광역시 북구 구포동,중상사고,0,1,0,0,차대사람 - 횡단중,기타,건조,맑음,단일로 - 기타,이륜,남,37세,상해없음,보행자,여,56세,중상
2016081100100380,2016년 8월 11일 17시,목요일,부산광역시 해운대구 재송동,경상사고,0,0,2,1,차대차 - 기타,안전운전불이행,건조,맑음,단일로 - 기타,승용,남,50세,상해없음,승용,여,35세,경상