사고번호,사고일시,요일,시군구,사고내용,사망자수,중상자수,경상자수,부상신고자수,사고유형,법규위반,노면상태,기상상태,도로형태,가해운전자 차종,가해운전자 성별,가해운전자 연령,가해운전자 상해정도,피해운전자 차종,피해운전자 성별,피해운전자 연령,피해운전자 상해정도
2016081100100381,2016년 8월 11일 17시,목요일,부산광역시 부산진구 부전동,중상사고,0,1,0,0,차대사람 - 기타,안전운전불이행,건조,맑음,단일로 - 기타,이륜,남,65세,상해없음,보행자,남,63세,중상
2016081100100382,2016년 8월 11일 17시,목요일,부산광역시 수영구 수영동,경상사고,0,0,1,0,차대사람 - 길가장자리구역통행중,안전운전불이행,건조,맑음,단일로 - 기타,이륜,남,22세,상해없음,보행자,남,64세,경상
2016081100100383,2016년 8월 11일 17시,목요일,부산광역시 사상구 엄궁동,경상사고,0,0,1,0,차대차 - 기타,기타,건조,맑음,교차로 - 교차로안,기타불명,기타불명,기타불명,기타불명,승용,남,59세,상해없음
2016081100100428,2016년 8월 11일 18시,목요일,부산광역시 서구 암남동,중상사고,0,1,0,0,차대차 - 추돌,안전운전불이행,건조,맑음,교차로 - 교차로부근,승용,여,31세,상해없음,승용,여,38세,중상
2016081100100429,2016년 8월 11일 18시,목요일,부산광역시 강서구 강동동,경상사고,0,0,1,0,차대차 - 측면충돌,안전운전불이행,건조,맑음,단일로 - 횡단보도부근,화물,남,28세,상해없음,이륜,남,63세,경상
2016081100100461,2016년 8월 11일 19시,목요일,부산광역시 동래구 사직동,중상사고,0,1,0,0,차대사람 - 차도통행중,안전운전불이행,건조,맑음,단일로 - 기타,승용,남,59세,상해없음,보행자,여,55세,중상
2016081100100462,2016년 8월 11일 19시,목요일,부산광역시 해운대구 재송동,중상사고,0,1,0,0,차대차 - 기타,교차로운행방법위반,건조,맑음,교차로 - 교차로안,승용,남,26세,상해없음,이륜,남,17세,중상
2016081100100463,2016년 8월 11일 19시,목요일,부산광역시 해운대구 우동,경상사고,0,0,1,0,차대차 - 추돌,안전운전불이행,건조,맑음,단일로 - 기타,승용,남,45세,상해없음,승용,여,50세,경상
2016081100100464,2016년 8월 11일 19시,목요일,부산광역시 연제구 연산동,중상사고,0,1,0,0,차대차 - 측면직각충돌,안전거리미확보,건조,맑음,단일로 - 기타,승용,남,71세,상해없음,이륜,남,32세,중상
2016081100100465,2016년 8월 11일 19시,목요일,부산광역시 금정구 구서동,중상사고,0,1,0,0,차대차 - 측면직각충돌,안전거리미확보,건조,맑음,교차로 - 교차로부근,승용,여,53세,상해없음,이륜,남,25세,중상
2016081100100492,2016년 8월 11일 20시,목요일,부산광역시 북구 만덕동,경상사고,0,0,1,0,차대차 - 추돌,안전운전불이행,건조,맑음,기타 - 기타,승용,남,71세,상해없음,승용,남,27세,상해없음
2016081100100493,2016년 8월 11일 20시,목요일,부산광역시 해운대구 우동,경상사고,0,0,1,0,차대차 - 기타,안전운전불이행,건조,맑음,교차로 - 교차로부근,승용,남,75세,상해없음,승용,여,27세,경상
2016081100100570,2016년 8월 11일 23시,목요일,부산광역시 동구 수정동,중상사고,0,2,1,1,차대차 - 기타,신호위반,건조,맑음,교차로 - 교차로안,승용,남,63세,상해없음,승용,남,62세,중상
2016081100100571,2016년 8월 11일 23시,목요일,부산광역시 강서구 송정동,중상사고,0,2,4,0,차대차 - 추돌,중앙선침범,건조,맑음,교차로 - 교차로부근,승용,남,35세,상해없음,승용,남,23세,중상
2016081100100572,2016년 8월 11일 23시,목요일,부산광역시 사상구 모라동,경상사고,0,0,1,0,차대차 - 측면직각충돌,신호위반,건조,맑음,교차로 - 교차로안,승용,남,57세,상해없음,승용,남,65세,경상
2016081200100027,2016년 8월 12일 01시,금요일,부산광역시 수영구 민락동,경상사고,0,0,1,0,차대사람 - 기타,안전운전불이행,건조,맑음,단일로 - 기타,승용,남,45세,상해없음,보행자,남,29세,경상
2016081200100055,2016년 8월 12일 05시,금요일,부산광역시 부산진구 부전동,중상사고,0,1,0,0,차대차 - 추돌,안전거리미확보,건조,맑음,교차로 - 교차로부근,화물,남,51세,상해없음,승용,여,67세,중상
2016081200100100,2016년 8월 12일 08시,금요일,부산광역시 동구 수정동,부상신고사고,0,0,0,1,차대차 - 기타,안전운전불이행,건조,맑음,미분류 - 미분류,화물,남,59세,상해없음,승용,남,60세,부상신고
2016081200100101,2016년 8월 12일 08시,금요일,부산광역시 부산진구 범천동,중상사고,0,1,0,0,차대사람 - 횡단중,안전운전불이행,건조,맑음,단일로 - 기타,승용,여,55세,상해없음,보행자,여,64세,중상
2016081200100102,2016년 8월 12일 08시,금요일,부산광역시 사상구 주례동,중상사고,0,1,0,0,차대사람 - 횡단중,보행자보호의무위반,건조,맑음,교차로 - 교차로부근,화물,남,38세,상해없음,보행자,여,74세,중상
2016081200100127,2016년 8월 12일 09시,금요일,부산광역시 동래구 안락동,중상사고,0,1,0,0,차대차 - 추돌,교차로운행방법위반,건조,맑음,교차로 - 교차로안,승용,여,38세,상해없음,승용,여,41세,중상
2016081200100128,2016년 8월 12일 09시,금요일,부산광역시 영도구 영선동3가,경상사고,0,0,2,0,차대사람 - 길가장자리구역통행중,안전운전불이행,건조,맑음,단일로 - 기타,승용,남,63세,상해없음,보행자,남,33세,경상
2016081200100129,2016년 8월 12일 09시,금요일,부산광역시 해운대구 우동,경상사고,0,0,1,0,차대차 - 기타,안전운전불이행,건조,맑음,단일로 - 기타,승용,남,54세,상해없음,승용,남,70세,경상
2016081200100166,2016년 8월 12일 10시,금요일,부산광역시 중구 중앙동4가,경상사고,0,0,1,0,차대차 - 기타,교차로운행방법위반,건조,맑음,교차로 - 교차로안,승용,여,37세,상해없음,승용,남,51세,상해없음
2016081200100167,2016년 8월 12일 10시,금요일,부산광역시 사상구 엄궁동,부상신고사고,0,0,0,1,차대차 - 추돌,안전운전불이행,건조,맑음,단일로 - 기타,이륜,남,60세,부상신고,승용,남,56세,상해없음
2016081200100209,2016년 8월 12일 11시,금요일,부산광역시 북구 화명동,경상사고,0,0,1,0,차대사람 - 횡단중,안전운전불이행,건조,맑음,단일로 - 횡단보도상,승용,남,68세,상해없음,보행자,여,58세,경상
2016081200100210,2016년 8월 12일 11시,금요일,부산광역시 사하구 다대동,경상사고,0,0,1,0,차대차 - 측면충돌,안전운전불이행,건조,맑음,단일로 - 기타,승용,여,50세,상해없음,승용,남,54세,경상
2016081200100278,2016년 8월 12일 13시,금요일,부산광역시 해운대구 중동,경상사고,0,0,1,0,차대사람 - 기타,안전운전불이행,건조,맑음,단일로 - 기타,승용,남,60세,상해없음,보행자,여,40세,경상
2016081200100335,2016년 8월 12일 15시,금요일,부산광역시 연제구 연산동,경상사고,0,0,1,0,차대사람 - 횡단중,신호위반,건조,맑음,교차로 - 교차로부근,승용,여,50세,상해없음,보행자,여,20세,경상
2016081200100368,2016년 8월 12일 16시,금요일,부산광역시 동래구 칠산동,경상사고,0,0,1,0,차대차 - 추돌,안전운전불이행,건조,맑음,단일로 - 기타,승합,남,56세,상해없음,승용,여,57세,경상
2016081200100409,2016년 8월 12일 17시,금요일,부산광역시 해운대구 우동,경상사고,0,0,1,0,차대차 - 추돌,안전운전불이행,건조,맑음,단일로 - 기타,승용,여,54세,상해없음,승용,여,45세,경상
2016081200100410,2016년 8월 12일 17시,금요일,부산광역시 금정구 장전동,경상사고,0,0,1,0,차대사람 - 횡단중,안전운전불이행,건조,맑음,교차로 - 교차로안,승용,기타불명,기타불명,기타불명,보행자,여,9세,경상
2016081200100461,2016년 8월 12일 18시,금요일,부산광역시 남구 우암동,중상사고,0,1,0,0,차대사람 - 차도통행중,안전운전불이행,건조,맑음,교차로 - 교차로안,승용,남,73세,상해없음,보행자,여,67세,중상
2016081200100507,2016년 8월 12일 19시,금요일,부산광역시 서구 초장동,경상사고,0,0,1,0,차대사람 - 기타,안전운전불이행,건조,맑음,교차로 - 교차로부근,화물,남,52세,상해없음,보행자,여,87세,경상
2016081200100508,2016년 8월 12일 19시,금요일,부산광역시 수영구 광안동,중상사고,0,2,0,0,차대차 - 측면직각충돌,교차로운행방법위반,건조,맑음,교차로 - 교차로안,승용,여,54세,상해없음,승용,여,44세,중상
2016081200100510,2016년 8월 12일 19시,금요일,부산광역시 사상구 모라동,경상사고,0,0,1,0,차대사람 - 보도통행중,기타,건조,맑음,단일로 - 기타,이륜,남,19세,상해없음,보행자,여,50세,경상
2016081200100554,2016년 8월 12일 20시,금요일,부산광역시 서구 충무동1가,경상사고,0,0,4,0,차대차 - 측면직각충돌,신호위반,건조,맑음,교차로 - 교차로안,승용,남,37세,상해없음,승용,남,62세,경상
2016081200100600,2016년 8월 12일 21시,금요일,부산광역시 부산진구 개금동,경상사고,0,0,3,0,차대차 - 측면직각충돌,안전운전불이행,건조,맑음,단일로 - 기타,승용,남,67세,상해없음,승합,남,59세,상해없음
2016081200100601,2016년 8월 12일 21시,금요일,부산광역시 금정구 장전동,중상사고,0,1,0,0,차대사람 - 횡단중,보행자보호의무위반,건조,맑음,교차로 - 교차로부근,승용,남,58세,상해없음,보행자,여,36세,중상
2016081200100602,2016년 8월 12일 21시,금요일,부산광역시 연제구 연산동,경상사고,0,0,1,0,차대사람 - 횡단중,안전운전불이행,건조,맑음,단일로 - 기타,승용,남,45세,상해없음,보행자,여,32세,경상
2016081200100603,2016년 8월 12일 21시,금요일,부산광역시 사상구 주례동,경상사고,0,0,1,0,차대차 - 추돌,안전운전불이행,건조,맑음,교차로 - 교차로부근,승용,남,41세,상해없음,승용,남,41세,경상
2016081200100630,2016년 8월 12일 22시,금요일,부산광역시 동래구 온천동,중상사고,0,1,0,0,차대사람 - 기타,안전운전불이행,건조,맑음,단일로 - 기타,승용,여,56세,상해없음,보행자,남,45세,중상
2016081200100631,2016년 8월 12일 22시,금요일,부산광역시 동래구 안락동,중상사고,0,1,0,0,차대차 - 추돌,안전거리미확보,건조,맑음,단일로 - 기타,승용,남,32세,상해없음,승용,남,25세,중상
2016081200100669,2016년 8월 12일 23시,금요일,부산광역시 해운대구 재송동,경상사고,0,0,1,0,차대사람 - 횡단중,신호위반,건조,맑음,단일로 - 횡단보도상,승용,기타불명,기타불명,기타불명,보행자,남,21세,경상
2016081300100005,2016년 8월 13일 00시,토요일,부산광역시 부산진구 부전동,경상사고,0,0,5,0,차대차 - 추돌,안전운전불이행,건조,맑음,단일로 - 기타,승용,남,19세,상해없음,승용,남,26세,경상
2016081300100026,2016년 8월 13일 01시,토요일,부산광역시 금정구 구서동,경상사고,0,0,1,0,차대사람 - 길가장자리구역통행중,안전운전불이행,건조,맑음,단일로 - 기타,승용,남,46세,상해없음,보행자,남,42세,경상
2016081300100062,2016년 8월 13일 03시,토요일,부산광역시 금정구 장전동,중상사고,0,1,0,0,차대사람 - 횡단중,안전운전불이행,건조,맑음,단일로 - 기타,승용,남,66세,상해없음,보행자,여,49세,중상
2016081300100074,2016년 8월 13일 04시,토요일,부산광역시 해운대구 재송동,경상사고,0,0,1,0,차량단독 - 기타,안전운전불이행,건조,맑음,단일로 - 기타,승용,남,65세,기타불명,,,,
2016081300100084,2016년 8월 13일 05시,토요일,부산광역시 해운대구 반여동,중상사고,0,1,1,0,차대차 - 측면직각충돌,신호위반,건조,맑음,교차로 - 교차로안,승용,남,65세,상해없음,화물,남,44세,상해없음
2016081300100085,2016년 8월 13일 05시,토요일,부산광역시 강서구 대저1동,사망사고,1,0,0,0,차대사람 - 차도통행중,안전운전불이행,건조,맑음,교차로 - 교차로부근,승용,남,45세,상해없음,보행자,여,69세,사망
2016081300100086,2016년 8월 13일 05시,토요일,부산광역시 사상구 모라동,중상사고,0,1,0,0,차대차 - 측면직각충돌,신호위반,건조,맑음,교차로 - 교차로안,승합,남,46세,상해없음,승용,남,26세,중상
2016081300100108,2016년 8월 13일 07시,토요일,부산광역시 중구 중앙동4가,경상사고,0,0,1,0,차대차 - 추돌,안전운전불이행,건조,맑음,단일로 - 횡단보도부근,건설기계,남,24세,상해없음,승용,여,43세,경상
2016081300100187,2016년 8월 13일 10시,토요일,부산광역시 남구 용호동,경상사고,0,0,1,0,차대차 - 측면직각충돌,안전운전불이행,건조,맑음,단일로 - 기타,이륜,남,32세,상해없음,자전거,남,58세,경상
2016081300100188,2016년 8월 13일 10시,토요일,부산광역시 해운대구 좌동,중상사고,0,1,0,0,차대차 - 기타,안전운전불이행,건조,맑음,단일로 - 기타,승용,여,51세,상해없음,자전거,남,64세,중상
2016081300100189,2016년 8월 13일 10시,토요일,부산광역시 사상구 괘법동,중상사고,0,3,2,0,차대차 - 측면직각충돌,교차로운행방법위반,건조,맑음,교차로 - 교차로부근,승용,남,65세,상해없음,승용,남,58세,경상
2016081300100223,2016년 8월 13일 11시,토요일,부산광역시 남구 문현동,경상사고,0,0,1,0,차대차 - 기타,안전거리미확보,건조,맑음,교차로 - 교차로부근,승용,남,58세,기타불명,승용,여,36세,경상
2016081300100224,2016년 8월 13일 11시,토요일,부산광역시 북구 구포동,경상사고,0,0,1,0,차대사람 - 기타,안전운전불이행,건조,맑음,교차로 - 교차로안,화물,남,43세,상해없음,보행자,여,52세,경상
2016081300100262,2016년 8월 13일 12시,토요일,부산광역시 사하구 신평동,경상사고,0,0,1,0,차대차 - 기타,중앙선침범,건조,맑음,단일로 - 기타,승용,남,33세,상해없음,승용,남,58세,경상
2016081300100294,2016년 8월 13일 13시,토요일,부산광역시 부산진구 부전동,중상사고,0,1,0,0,차대차 - 기타,안전운전불이행,건조,맑음,교차로 - 교차로부근,화물,남,37세,상해없음,이륜,남,24세,중상
2016081300100295,2016년 8월 13일 13시,토요일,부산광역시 사하구 장림동,경상사고,0,0,1,0,차대차 - 기타,차로위반,건조,맑음,교차로 - 교차로부근,이륜,남,46세,경상,승용,남,32세,상해없음
2016081300100296,2016년 8월 13일 13시,토요일,부산광역시 연제구 거제동,경상사고,0,0,1,0,차대차 - 측면직각충돌,중앙선침범,건조,맑음,교차로 - 교차로부근,승용,여,56세,상해없음,승용,여,54세,경상
2016081300100334,2016년 8월 13일 14시,토요일,부산광역시 동래구 명장동,중상사고,0,1,0,0,차대차 - 측면직각충돌,교차로운행방법위반,건조,맑음,교차로 - 교차로안,승용,남,55세,상해없음,원동기,남,30세,중상
2016081300100335,2016년 8월 13일 14시,토요일,부산광역시 해운대구 재송동,경상사고,0,0,1,0,차대차 - 측면직각충돌,안전운전불이행,건조,맑음,단일로 - 기타,승용,남,20세,상해없음,승용,남,66세,경상
2016081300100365,2016년 8월 13일 15시,토요일,부산광역시 해운대구 우동,중상사고,0,1,4,0,차대차 - 기타,안전운전불이행,건조,맑음,교차로 - 교차로부근,승용,남,54세,상해없음,승용,여,65세,경상
2016081300100403,2016년 8월 13일 16시,토요일,부산광역시 남구 대연동,경상사고,0,0,1,0,차대차 - 측면충돌,안전운전불이행,건조,맑음,단일로 - 기타,승용,남,29세,상해없음,자전거,남,49세,경상
2016081300100404,2016년 8월 13일 16시,토요일,부산광역시 수영구 광안동,경상사고,0,0,1,0,차대사람 - 기타,안전운전불이행,건조,맑음,단일로 - 기타,승용,여,59세,상해없음,보행자,남,43세,경상
2016081300100405,2016년 8월 13일 16시,토요일,부산광역시 동래구 온천동,경상사고,0,0,2,0,차대차 - 추돌,안전운전불이행,건조,맑음,단일로 - 기타,승용,여,50세,상해없음,승용,남,29세,경상
2016081300100406,2016년 8월 13일 16시,토요일,부산광역시 부산진구 초읍동,중상사고,0,1,0,0,차대차 - 기타,안전운전불이행,건조,맑음,단일로 - 기타,기타불명,기타불명,기타불명,기타불명,이륜,남,65세,중상
2016081300100407,2016년 8월 13일 16시,토요일,부산광역시 연제구 연산동,중상사고,0,1,0,0,차대차 - 추돌,안전운전불이행,건조,맑음,단일로 - 기타,화물,남,59세,상해없음,자전거,남,45세,중상
2016081300100408,2016년 8월 13일 16시,토요일,부산광역시 강서구 천성동,중상사고,0,1,0,0,차대차 - 추돌,안전거리미확보,건조,맑음,단일로 - 교량,승합,남,53세,기타불명,승용,남,48세,상해없음
2016081300100438,2016년 8월 13일 17시,토요일,부산광역시 해운대구 중동,경상사고,0,0,1,0,차대차 - 측면직각충돌,안전거리미확보,건조,맑음,단일로 - 기타,승용,여,66세,상해없음,승용,여,28세,경상
2016081300100439,2016년 8월 13일 17시,토요일,부산광역시 수영구 수영동,중상사고,0,1,0,0,차대사람 - 기타,안전운전불이행,건조,맑음,단일로 - 기타,기타불명,기타불명,기타불명,기타불명,보행자,남,39세,중상
2016081300100440,2016년 8월 13일 17시,토요일,부산광역시 사상구 주례동,부상신고사고,0,0,0,1,차대차 - 기타,안전운전불이행,건조,맑음,단일로 - 기타,자전거,남,65세,부상신고,승용,여,61세,상해없음
2016081300100441,2016년 8월 13일 17시,토요일,부산광역시 기장군 정관읍,경상사고,0,0,2,0,차대차 - 측면충돌,안전거리미확보,건조,맑음,단일로 - 기타,건설기계,남,51세,상해없음,승용,남,47세,경상
2016081300100442,2016년 8월 13일 17시,토요일,부산광역시 기장군 기장읍,경상사고,0,0,3,0,차대차 - 추돌,안전운전불이행,건조,맑음,교차로 - 교차로안,승용,여,39세,경상,승용,남,43세,경상
2016081300100486,2016년 8월 13일 18시,토요일,부산광역시 수영구 광안동,중상사고,0,1,2,0,차대사람 - 횡단중,안전운전불이행,건조,맑음,단일로 - 기타,승용,남,58세,상해없음,보행자,여,40세,중상
2016081300100487,2016년 8월 13일 18시,토요일,부산광역시 부산진구 범천동,경상사고,0,0,1,0,차대차 - 기타,기타,건조,맑음,단일로 - 기타,승합,남,37세,기타불명,원동기,남,33세,상해없음
2016081300100488,2016년 8월 13일 18시,토요일,부산광역시 부산진구 전포동,중상사고,0,4,0,0,차량단독 - 전도전복,안전운전불이행,건조,맑음,단일로 - 기타,승용,남,68세,상해없음,,,,
2016081300100521,2016년 8월 13일 19시,토요일,부산광역시 금정구 부곡동,경상사고,0,0,1,0,차대차 - 측면직각충돌,안전운전불이행,건조,맑음,단일로 - 기타,승용,여,49세,상해없음,이륜,남,17세,경상
2016081300100556,2016년 8월 13일 20시,토요일,부산광역시 해운대구 재송동,중상사고,0,1,0,0,차대차 - 기타,안전운전불이행,건조,맑음,교차로 - 교차로안,승용,남,22세,중상,승용,남,50세,상해없음
2016081300100557,2016년 8월 13일 20시,토요일,부산광역시 금정구 장전동,중상사고,0,2,0,0,차대차 - 측면직각충돌,차로위반,건조,맑음,단일로 - 기타,승용,남,64세,상해없음,승용,남,54세,중상
2016081300100585,2016년 8월 13일 21시,토요일,부산광역시 수영구 남천동,경상사고,0,0,1,0,차대차 - 추돌,안전운전불이행,건조,맑음,교차로 - 교차로부근,기타불명,기타불명,기타불명,기타불명,승용,남,46세,상해없음
2016081300100651,2016년 8월 13일 23시,토요일,부산광역시 영도구 동삼동,중상사고,0,1,0,0,차대차 - 기타,안전운전불이행,건조,맑음,교차로 - 교차로안,승용,남,26세,상해없음,승용,여,44세,중상
2016081400100002,2016년 8월 14일 00시,일요일,부산광역시 중구 남포동5가,중상사고,0,1,0,0,차대사람 - 기타,안전운전불이행,건조,맑음,단일로 - 기타,승용,남,64세,상해없음,보행자,남,65세,중상
2016081400100003,2016년 8월 14일 00시,일요일,부산광역시 수영구 남천동,경상사고,0,0,1,0,차대사람 - 보도통행중,안전운전불이행,건조,맑음,단일로 - 기타,자전거,남,23세,상해없음,보행자,여,32세,경상
2016081400100004,2016년 8월 14일 00시,일요일,부산광역시 금정구 청룡동,경상사고,0,0,1,2,차대차 - 추돌,안전거리미확보,건조,맑음,단일로 - 기타,승용,남,65세,상해없음,승용,남,58세,경상
2016081400100024,2016년 8월 14일 01시,일요일,부산광역시 수영구 광안동,중상사고,0,1,0,0,차대사람 - 길가장자리구역통행중,안전운전불이행,건조,맑음,단일로 - 기타,승용,남,24세,상해없음,보행자,남,40세,중상
2016081400100057,2016년 8월 14일 04시,일요일,부산광역시 남구 문현동,경상사고,0,0,2,0,차대차 - 기타,안전거리미확보,건조,맑음,단일로 - 기타,승용,남,51세,상해없음,승용,남,63세,경상
2016081400100080,2016년 8월 14일 06시,일요일,부산광역시 동래구 명장동,경상사고,0,0,1,0,차대차 - 추돌,안전운전불이행,건조,맑음,단일로 - 기타,승용,여,23세,상해없음,승용,여,58세,경상
2016081400100093,2016년 8월 14일 07시,일요일,부산광역시 금정구 부곡동,경상사고,0,0,1,0,차대차 - 기타,신호위반,건조,맑음,기타 - 기타,승용,여,43세,상해없음,승용,남,50세,경상
2016081400100094,2016년 8월 14일 07시,일요일,부산광역시 사상구 모라동,경상사고,0,0,1,0,차대차 - 추돌,안전거리미확보,건조,맑음,교차로 - 교차로부근,화물,남,47세,상해없음,승용,남,54세,경상
2016081400100114,2016년 8월 14일 09시,일요일,부산광역시 수영구 광안동,경상사고,0,0,1,0,차대차 - 추돌,안전운전불이행,건조,맑음,단일로 - 기타,화물,남,76세,상해없음,승용,여,60세,경상
2016081400100115,2016년 8월 14일 09시,일요일,부산광역시 금정구 장전동,중상사고,0,1,2,0,차대차 - 측면직각충돌,차로위반,건조,맑음,단일로 - 기타,승용,남,48세,상해없음,승용,남,65세,중상
2016081400100135,2016년 8월 14일 10시,일요일,부산광역시 사하구 하단동,중상사고,0,2,2,0,차대차 - 측면충돌,신호위반,건조,맑음,교차로 - 교차로안,승용,남,27세,상해없음,승용,남,42세,경상
2016081400100161,2016년 8월 14일 11시,일요일,부산광역시 서구 서대신동1가,경상사고,0,0,1,0,차대차 - 기타,안전거리미확보,건조,맑음,단일로 - 기타,승용,여,23세,상해없음,승용,남,31세,경상
2016081400100162,2016년 8월 14일 11시,일요일,부산광역시 북구 만덕동,경상사고,0,0,1,0,차대차 - 측면충돌,안전거리미확보,건조,맑음,단일로 - 기타,승합,남,49세,상해없음,이륜,남,28세,경상
2016081400100163,2016년 8월 14일 11시,일요일,부산광역시 금정구 장전동,경상사고,0,0,1,0,차대사람 - 횡단중,기타,건조,맑음,교차로 - 교차로부근,승용,여,37세,상해없음,보행자,남,23세,경상
2016081400100164,2016년 8월 14일 11시,일요일,부산광역시 사하구 괴정동,경상사고,0,0,3,0,차대차 - 기타,안전운전불이행,건조,맑음,단일로 - 기타,승용,여,54세,경상,승용,여,49세,경상
2016081400100188,2016년 8월 14일 12시,일요일,부산광역시 동래구 사직동,경상사고,0,0,1,0,차대사람 - 횡단중,보행자보호의무위반,건조,맑음,교차로 - 교차로부근,승용,남,56세,상해없음,보행자,여,6세,경상
2016081400100189,2016년 8월 14일 12시,일요일,부산광역시 해운대구 송정동,경상사고,0,0,2,3,차대차 - 추돌,안전거리미확보,건조,맑음,단일로 - 기타,승합,남,55세,상해없음,승용,남,57세,경상
2016081400100202,2016년 8월 14일 13시,일요일,부산광역시 해운대구 우동,중상사고,0,1,0,0,차대차 - 기타,교차로운행방법위반,건조,맑음,단일로 - 기타,승용,남,60세,상해없음,승합,남,53세,상해없음
2016081400100225,2016년 8월 14일 14시,일요일,부산광역시 영도구 대교동2가,중상사고,0,1,0,0,차대차 - 측면직각충돌,교차로운행방법위반,건조,맑음,교차로 - 교차로안,승용,남,36세,상해없음,이륜,남,62세,중상
2016081400100226,2016년 8월 14일 14시,일요일,부산광역시 사하구 신평동,경상사고,0,0,1,0,차대차 - 측면직각충돌,신호위반,건조,맑음,교차로 - 교차로안,화물,남,67세,상해없음,승용,여,38세,경상
2016081400100227,2016년 8월 14일 14시,일요일,부산광역시 사상구 학장동,경상사고,0,0,1,0,차대차 - 측면직각충돌,신호위반,건조,맑음,교차로 - 교차로안,승용,남,76세,상해없음,승용,남,35세,경상
2016081400100255,2016년 8월 14일 15시,일요일,부산광역시 북구 화명동,경상사고,0,0,1,0,차대차 - 측면직각충돌,교차로운행방법위반,건조,맑음,교차로 - 교차로안,승용,여,64세,상해없음,승용,남,46세,경상
2016081400100256,2016년 8월 14일 15시,일요일,부산광역시 영도구 청학동,경상사고,0,0,1,0,차대차 - 측면충돌,교차로운행방법위반,건조,맑음,교차로 - 교차로안,승용,남,59세,상해없음,이륜,여,18세,경상
2016081400100321,2016년 8월 14일 17시,일요일,부산광역시 북구 화명동,부상신고사고,0,0,0,1,차대차 - 추돌,안전운전불이행,건조,맑음,단일로 - 기타,원동기,남,37세,부상신고,승용,남,59세,상해없음
2016081400100322,2016년 8월 14일 17시,일요일,부산광역시 연제구 거제동,경상사고,0,0,1,1,차대차 - 추돌,직진우회전진행방해,건조,맑음,교차로 - 교차로안,승용,남,29세,부상신고,이륜,남,45세,경상
2016081400100377,2016년 8월 14일 19시,일요일,부산광역시 사상구 모라동,중상사고,0,1,0,0,차대차 - 측면직각충돌,안전운전불이행,건조,맑음,단일로 - 기타,승용,남,57세,상해없음,이륜,남,22세,중상
2016081400100433,2016년 8월 14일 21시,일요일,부산광역시 부산진구 전포동,중상사고,0,1,1,0,차대차 - 측면충돌,신호위반,건조,맑음,교차로 - 교차로안,승용,남,73세,상해없음,승용,여,53세,경상
2016081400100462,2016년 8월 14일 22시,일요일,부산광역시 사하구 장림동,경상사고,0,0,1,0,차대차 - 측면직각충돌,신호위반,건조,맑음,교차로 - 교차로안,승용,남,24세,상해없음,이륜,남,18세,경상
2016081400100463,2016년 8월 14일 22시,일요일,부산광역시 강서구 송정동,중상사고,0,2,1,0,차대차 - 측면충돌,신호위반,건조,맑음,교차로 - 교차로안,승용,여,31세,상해없음,승용,여,25세,중상
2016081400100483,2016년 8월 14일 23시,일요일,부산광역시 해운대구 우동,경상사고,0,0,3,0,차대차 - 기타,안전거리미확보,건조,맑음,교차로 - 교차로부근,승용,남,57세,상해없음,승용,여,36세,경상
2016081500100022,2016년 8월 15일 01시,월요일,부산광역시 중구 중앙동4가,중상사고,0,3,2,0,차대차 - 추돌,안전운전불이행,건조,맑음,단일로 - 기타,승용,남,25세,상해없음,승용,여,44세,경상
2016081500100026,2016년 8월 15일 02시,월요일,부산광역시 남구 대연동,중상사고,0,1,2,1,차대차 - 추돌,안전거리미확보,건조,맑음,단일로 - 기타,승용,남,29세,상해없음,승용,여,47세,경상
2016081500100033,2016년 8월 15일 03시,월요일,부산광역시 부산진구 부전동,중상사고,0,2,2,0,차대차 - 측면충돌,신호위반,건조,맑음,교차로 - 교차로안,승용,남,61세,중상,승용,남,67세,상해없음
2016081500100038,2016년 8월 15일 04시,월요일,부산광역시 사상구 괘법동,중상사고,0,1,0,0,차대사람 - 기타,안전운전불이행,건조,맑음,단일로 - 기타,승용,기타불명,기타불명,기타불명,보행자,남,42세,중상
2016081500100055,2016년 8월 15일 06시,월요일,부산광역시 동구 초량동,중상사고,0,1,0,0,차량단독 - 기타,안전운전불이행,건조,맑음,단일로 - 기타,승합,남,54세,상해없음,,,,
2016081500100056,2016년 8월 15일 06시,월요일,부산광역시 사하구 하단동,중상사고,0,1,0,0,차대차 - 측면충돌,신호위반,건조,맑음,교차로 - 교차로안,승용,남,64세,상해없음,승용,여,35세,상해없음
2016081500100078,2016년 8월 15일 08시,월요일,부산광역시 사상구 감전동,중상사고,0,1,0,0,차대차 - 기타,안전운전불이행,건조,맑음,단일로 - 기타,승용,남,43세,상해없음,화물,남,44세,중상
2016081500100124,2016년 8월 15일 10시,월요일,부산광역시 남구 대연동,경상사고,0,0,1,0,차대차 - 측면직각충돌,안전운전불이행,건조,맑음,단일로 - 기타,화물,남,46세,상해없음,승용,여,42세,경상
2016081500100141,2016년 8월 15일 11시,월요일,부산광역시 수영구 민락동,중상사고,0,2,10,0,차량단독 - 기타,안전운전불이행,건조,맑음,교차로 - 교차로안,승합,남,54세,상해없음,,,,
2016081500100142,2016년 8월 15일 11시,월요일,부산광역시 수영구 남천동,경상사고,0,0,1,0,차대차 - 추돌,안전운전불이행,건조,맑음,교차로 - 교차로부근,승용,여,36세,상해없음,원동기,남,35세,경상