사고번호,사고일시,요일,시군구,사고내용,사망자수,중상자수,경상자수,부상신고자수,사고유형,법규위반,노면상태,기상상태,도로형태,가해운전자 차종,가해운전자 성별,가해운전자 연령,가해운전자 상해정도,피해운전자 차종,피해운전자 성별,피해운전자 연령,피해운전자 상해정도
2016082700100297,2016년 8월 27일 12시,토요일,부산광역시 사상구 감전동,경상사고,0,0,1,0,차대차 - 추돌,안전거리미확보,건조,맑음,단일로 - 기타,승용,남,26세,상해없음,승용,여,42세,경상
2016082700100339,2016년 8월 27일 13시,토요일,부산광역시 금정구 노포동,경상사고,0,0,1,0,차대사람 - 횡단중,안전운전불이행,건조,맑음,기타 - 기타,승합,남,43세,상해없음,보행자,남,49세,경상
2016082700100340,2016년 8월 27일 13시,토요일,부산광역시 사하구 신평동,경상사고,0,0,1,0,차대사람 - 길가장자리구역통행중,안전운전불이행,건조,맑음,단일로 - 기타,승용,남,56세,상해없음,보행자,남,43세,경상
2016082700100378,2016년 8월 27일 14시,토요일,부산광역시 중구 영주동,경상사고,0,0,1,0,차대차 - 측면직각충돌,안전운전불이행,건조,맑음,단일로 - 기타,승용,여,56세,상해없음,승용,남,30세,상해없음
2016082700100379,2016년 8월 27일 14시,토요일,부산광역시 남구 대연동,중상사고,0,1,1,0,차대차 - 정면충돌,안전운전불이행,건조,맑음,단일로 - 기타,자전거,여,55세,중상,자전거,남,16세,경상
2016082700100409,2016년 8월 27일 15시,토요일,부산광역시 남구 문현동,경상사고,0,0,1,0,차대차 - 정면충돌,안전운전불이행,건조,맑음,교차로 - 교차로안,승용,남,64세,상해없음,이륜,남,39세,경상
2016082700100442,2016년 8월 27일 16시,토요일,부산광역시 동래구 안락동,경상사고,0,0,2,0,차대차 - 추돌,안전운전불이행,건조,맑음,단일로 - 횡단보도부근,승용,남,59세,상해없음,승용,남,28세,경상
2016082700100477,2016년 8월 27일 17시,토요일,부산광역시 동래구 사직동,경상사고,0,0,1,0,차대차 - 측면직각충돌,안전운전불이행,건조,맑음,단일로 - 기타,승용,남,56세,상해없음,자전거,남,59세,경상
2016082700100478,2016년 8월 27일 17시,토요일,부산광역시 해운대구 송정동,중상사고,0,1,0,0,차대사람 - 횡단중,보행자보호의무위반,건조,맑음,교차로 - 교차로부근,승용,남,66세,상해없음,보행자,여,70세,중상
2016082700100479,2016년 8월 27일 17시,토요일,부산광역시 사하구 다대동,부상신고사고,0,0,0,1,차대차 - 측면충돌,안전운전불이행,건조,맑음,단일로 - 기타,승용,남,52세,상해없음,이륜,남,17세,부상신고
2016082700100531,2016년 8월 27일 18시,토요일,부산광역시 금정구 서동,경상사고,0,0,1,0,차대사람 - 횡단중,보행자보호의무위반,건조,맑음,단일로 - 횡단보도상,승용,남,43세,기타불명,보행자,남,17세,경상
2016082700100562,2016년 8월 27일 19시,토요일,부산광역시 해운대구 우동,경상사고,0,0,1,0,차대차 - 측면직각충돌,안전운전불이행,건조,맑음,교차로 - 교차로부근,승용,남,25세,상해없음,승용,남,33세,상해없음
2016082700100563,2016년 8월 27일 19시,토요일,부산광역시 강서구 명지동,경상사고,0,0,1,0,차대차 - 측면직각충돌,안전운전불이행,건조,맑음,교차로 - 교차로부근,승용,남,36세,상해없음,이륜,남,16세,경상
2016082700100564,2016년 8월 27일 19시,토요일,부산광역시 강서구 대저2동,경상사고,0,0,3,0,차대차 - 추돌,안전거리미확보,건조,맑음,단일로 - 기타,승용,남,16세,상해없음,승용,남,30세,경상
2016082700100592,2016년 8월 27일 20시,토요일,부산광역시 서구 암남동,경상사고,0,0,1,0,차대차 - 정면충돌,신호위반,건조,맑음,교차로 - 교차로안,승용,여,50세,상해없음,승용,남,66세,경상
2016082700100593,2016년 8월 27일 20시,토요일,부산광역시 금정구 노포동,중상사고,0,1,0,0,차대사람 - 보도통행중,보행자보호의무위반,건조,맑음,단일로 - 횡단보도상,승용,여,42세,상해없음,보행자,여,60세,중상
2016082700100621,2016년 8월 27일 21시,토요일,부산광역시 수영구 민락동,부상신고사고,0,0,0,1,차대차 - 기타,신호위반,건조,맑음,교차로 - 교차로안,원동기,여,23세,부상신고,승용,남,61세,상해없음
2016082700100677,2016년 8월 27일 23시,토요일,부산광역시 동래구 온천동,중상사고,0,1,0,0,차대차 - 측면직각충돌,기타,건조,맑음,단일로 - 기타,승용,남,45세,상해없음,승용,남,61세,중상
2016082800100005,2016년 8월 28일 00시,일요일,부산광역시 동래구 사직동,경상사고,0,0,1,0,차대차 - 추돌,안전거리미확보,습기,비,단일로 - 기타,승용,남,25세,상해없음,승용,남,32세,경상
2016082800100006,2016년 8월 28일 00시,일요일,부산광역시 영도구 봉래동1가,사망사고,1,0,0,0,차대차 - 기타,안전운전불이행,건조,맑음,단일로 - 교량,승용,남,59세,상해없음,이륜,남,30세,사망
2016082800100033,2016년 8월 28일 01시,일요일,부산광역시 동래구 낙민동,경상사고,0,0,1,0,차량단독 - 전도전복,안전운전불이행,건조,맑음,단일로 - 기타,원동기,남,34세,경상,,,,
2016082800100034,2016년 8월 28일 01시,일요일,부산광역시 부산진구 개금동,경상사고,0,0,1,0,차대차 - 측면충돌,신호위반,습기,비,교차로 - 교차로안,승용,남,54세,상해없음,승용,남,57세,상해없음
2016082800100055,2016년 8월 28일 03시,일요일,부산광역시 금정구 부곡동,경상사고,0,0,1,0,차대차 - 추돌,안전거리미확보,건조,맑음,교차로 - 교차로부근,승용,남,59세,상해없음,승용,남,27세,경상
2016082800100068,2016년 8월 28일 04시,일요일,부산광역시 수영구 수영동,중상사고,0,1,0,0,차대차 - 정면충돌,중앙선침범,습기,비,단일로 - 교량,승용,남,26세,상해없음,승용,남,43세,중상
2016082800100069,2016년 8월 28일 04시,일요일,부산광역시 사상구 학장동,중상사고,0,1,0,0,차대사람 - 기타,과속,습기,비,미분류 - 미분류,승용,남,22세,상해없음,보행자,남,33세,중상
2016082800100084,2016년 8월 28일 05시,일요일,부산광역시 동구 좌천동,경상사고,0,0,2,0,차대차 - 측면직각충돌,차로위반,습기,비,단일로 - 기타,승용,남,66세,상해없음,승용,남,55세,경상
2016082800100085,2016년 8월 28일 05시,일요일,부산광역시 동래구 명륜동,경상사고,0,0,1,0,차대사람 - 차도통행중,안전운전불이행,습기,비,교차로 - 교차로안,승용,남,45세,상해없음,보행자,남,26세,경상
2016082800100086,2016년 8월 28일 05시,일요일,부산광역시 부산진구 연지동,사망사고,1,2,0,0,차대차 - 정면충돌,중앙선침범,습기,비,미분류 - 미분류,화물,남,38세,중상,승용,남,52세,사망
2016082800100087,2016년 8월 28일 05시,일요일,부산광역시 금정구 서동,경상사고,0,0,1,0,차대사람 - 횡단중,안전운전불이행,습기,비,교차로 - 교차로안,화물,남,47세,상해없음,보행자,여,17세,경상
2016082800100116,2016년 8월 28일 08시,일요일,부산광역시 수영구 광안동,경상사고,0,0,1,0,차대차 - 추돌,안전운전불이행,습기,비,단일로 - 기타,승용,남,44세,상해없음,승용,남,71세,상해없음
2016082800100129,2016년 8월 28일 09시,일요일,부산광역시 영도구 동삼동,부상신고사고,0,0,0,2,차량단독 - 기타,안전운전불이행,습기,비,단일로 - 기타,승용,남,76세,부상신고,,,,
2016082800100130,2016년 8월 28일 09시,일요일,부산광역시 부산진구 양정동,경상사고,0,0,4,0,차대차 - 추돌,안전운전불이행,습기,비,교차로 - 교차로부근,승용,남,26세,상해없음,승용,남,38세,경상
2016082800100151,2016년 8월 28일 10시,일요일,부산광역시 서구 서대신동2가,중상사고,0,2,1,1,차대차 - 추돌,안전거리미확보,습기,비,단일로 - 기타,승용,남,46세,상해없음,승용,남,45세,중상
2016082800100152,2016년 8월 28일 10시,일요일,부산광역시 강서구 대저2동,경상사고,0,0,1,0,차대차 - 측면직각충돌,신호위반,습기,비,교차로 - 교차로안,승용,남,53세,상해없음,승용,남,53세,경상
2016082800100172,2016년 8월 28일 11시,일요일,부산광역시 부산진구 개금동,경상사고,0,0,2,0,차대차 - 추돌,안전운전불이행,습기,비,교차로 - 교차로부근,승용,남,27세,상해없음,승용,남,38세,경상
2016082800100209,2016년 8월 28일 13시,일요일,부산광역시 중구 동광동1가,중상사고,0,1,0,0,차대사람 - 횡단중,보행자보호의무위반,건조,맑음,단일로 - 횡단보도상,승용,남,43세,상해없음,보행자,여,72세,중상
2016082800100210,2016년 8월 28일 13시,일요일,부산광역시 서구 충무동1가,경상사고,0,0,1,0,차량단독 - 기타,안전운전불이행,건조,맑음,단일로 - 기타,승합,남,46세,상해없음,,,,
2016082800100237,2016년 8월 28일 14시,일요일,부산광역시 서구 서대신동2가,중상사고,0,5,1,0,차대차 - 정면충돌,중앙선침범,습기,비,단일로 - 기타,화물,남,30세,경상,승용,남,64세,중상
2016082800100238,2016년 8월 28일 14시,일요일,부산광역시 부산진구 부전동,경상사고,0,0,1,0,차대차 - 추돌,안전운전불이행,습기,비,교차로 - 교차로부근,화물,남,49세,상해없음,승용,여,37세,경상
2016082800100239,2016년 8월 28일 14시,일요일,부산광역시 부산진구 초읍동,경상사고,0,0,1,0,차대차 - 측면직각충돌,안전운전불이행,건조,맑음,기타 - 기타,승용,남,55세,상해없음,승용,남,46세,경상
2016082800100277,2016년 8월 28일 15시,일요일,부산광역시 북구 덕천동,경상사고,0,0,1,0,차대차 - 기타,안전거리미확보,습기,비,단일로 - 기타,승용,남,77세,경상,승합,남,51세,상해없음
2016082800100278,2016년 8월 28일 15시,일요일,부산광역시 사상구 모라동,중상사고,0,1,1,0,차대차 - 측면충돌,안전거리미확보,습기,비,단일로 - 기타,승용,여,30세,상해없음,원동기,남,74세,중상
2016082800100318,2016년 8월 28일 16시,일요일,부산광역시 서구 서대신동1가,경상사고,0,0,2,0,차대차 - 추돌,안전거리미확보,습기,비,교차로 - 교차로부근,승용,남,44세,상해없음,승용,남,40세,경상
2016082800100319,2016년 8월 28일 16시,일요일,부산광역시 남구 문현동,부상신고사고,0,0,0,1,차대사람 - 차도통행중,안전운전불이행,습기,비,교차로 - 교차로안,승용,남,21세,상해없음,보행자,여,66세,부상신고
2016082800100320,2016년 8월 28일 16시,일요일,부산광역시 동래구 낙민동,경상사고,0,0,1,0,차대차 - 측면직각충돌,신호위반,건조,맑음,교차로 - 교차로안,승용,남,46세,상해없음,이륜,남,44세,경상
2016082800100321,2016년 8월 28일 16시,일요일,부산광역시 사하구 하단동,중상사고,0,4,0,0,차대차 - 측면충돌,중앙선침범,습기,비,단일로 - 기타,승합,남,44세,상해없음,승용,남,53세,중상
2016082800100385,2016년 8월 28일 18시,일요일,부산광역시 수영구 망미동,경상사고,0,0,2,0,차대차 - 기타,안전운전불이행,건조,맑음,단일로 - 기타,승용,남,28세,상해없음,승용,남,50세,상해없음
2016082800100455,2016년 8월 28일 20시,일요일,부산광역시 중구 동광동1가,경상사고,0,0,1,0,차대차 - 측면충돌,신호위반,습기,비,단일로 - 기타,이륜,남,35세,상해없음,승용,남,36세,경상
2016082800100456,2016년 8월 28일 20시,일요일,부산광역시 북구 구포동,경상사고,0,0,1,0,차대차 - 기타,안전운전불이행,습기,비,단일로 - 기타,승용,남,45세,상해없음,원동기,남,27세,경상
2016082800100457,2016년 8월 28일 20시,일요일,부산광역시 수영구 수영동,경상사고,0,0,1,0,차대차 - 측면직각충돌,교차로운행방법위반,건조,맑음,교차로 - 교차로안,승용,남,47세,상해없음,승용,남,55세,경상
2016082800100497,2016년 8월 28일 21시,일요일,부산광역시 남구 우암동,경상사고,0,0,1,0,차대차 - 추돌,안전운전불이행,습기,비,교차로 - 교차로부근,승용,남,30세,상해없음,화물,남,71세,경상
2016082800100541,2016년 8월 28일 23시,일요일,부산광역시 금정구 부곡동,중상사고,0,1,0,0,차대사람 - 횡단중,안전운전불이행,습기,비,교차로 - 교차로안,승용,남,67세,상해없음,보행자,남,62세,중상
2016082900100003,2016년 8월 29일 00시,월요일,부산광역시 사하구 신평동,경상사고,0,0,1,0,차대사람 - 기타,안전운전불이행,습기,비,교차로 - 교차로안,승용,남,48세,상해없음,보행자,남,49세,경상
2016082900100004,2016년 8월 29일 00시,월요일,부산광역시 연제구 연산동,경상사고,0,0,2,0,차대차 - 측면충돌,신호위반,습기,비,교차로 - 교차로안,승용,남,25세,상해없음,승용,남,56세,경상
2016082900100027,2016년 8월 29일 02시,월요일,부산광역시 해운대구 우동,경상사고,0,0,2,0,차대차 - 기타,안전운전불이행,습기,흐림,교차로 - 교차로부근,승용,남,22세,상해없음,승용,남,21세,경상
2016082900100028,2016년 8월 29일 02시,월요일,부산광역시 금정구 서동,중상사고,0,1,0,0,차대사람 - 길가장자리구역통행중,안전운전불이행,습기,비,단일로 - 기타,승용,남,43세,상해없음,보행자,남,30세,중상
2016082900100042,2016년 8월 29일 05시,월요일,부산광역시 강서구 대저2동,중상사고,0,1,0,0,차대차 - 측면충돌,안전운전불이행,건조,맑음,교차로 - 교차로안,승용,남,44세,상해없음,승용,남,57세,중상
2016082900100060,2016년 8월 29일 06시,월요일,부산광역시 동구 초량동,사망사고,1,0,0,0,차대사람 - 횡단중,신호위반,건조,맑음,단일로 - 횡단보도상,건설기계,남,62세,상해없음,보행자,남,53세,사망
2016082900100079,2016년 8월 29일 07시,월요일,부산광역시 동래구 낙민동,사망사고,1,0,0,0,차대사람 - 차도통행중,안전운전불이행,건조,맑음,교차로 - 교차로안,승합,남,47세,상해없음,보행자,여,71세,사망
2016082900100080,2016년 8월 29일 07시,월요일,부산광역시 사하구 장림동,경상사고,0,0,1,0,차대차 - 기타,안전운전불이행,건조,맑음,단일로 - 기타,승용,남,46세,상해없음,승용,여,49세,경상
2016082900100105,2016년 8월 29일 08시,월요일,부산광역시 부산진구 초읍동,경상사고,0,0,1,0,차대차 - 추돌,안전운전불이행,건조,맑음,단일로 - 기타,이륜,남,18세,기타불명,화물,남,42세,경상
2016082900100149,2016년 8월 29일 09시,월요일,부산광역시 사하구 신평동,경상사고,0,0,1,0,차대차 - 기타,교차로운행방법위반,건조,맑음,교차로 - 교차로안,승용,남,29세,상해없음,승용,여,35세,경상
2016082900100232,2016년 8월 29일 11시,월요일,부산광역시 남구 용호동,경상사고,0,0,2,0,차대차 - 기타,안전운전불이행,건조,맑음,단일로 - 기타,승용,남,66세,상해없음,이륜,남,33세,경상
2016082900100293,2016년 8월 29일 13시,월요일,부산광역시 동구 초량동,중상사고,0,1,0,0,차대사람 - 기타,보행자보호의무위반,건조,맑음,교차로 - 교차로안,승용,남,58세,상해없음,보행자,여,80세,중상
2016082900100294,2016년 8월 29일 13시,월요일,부산광역시 부산진구 부전동,경상사고,0,0,1,0,차대차 - 측면직각충돌,안전거리미확보,건조,맑음,단일로 - 기타,승용,남,23세,경상,화물,남,44세,상해없음
2016082900100295,2016년 8월 29일 13시,월요일,부산광역시 금정구 장전동,중상사고,0,1,0,0,차대사람 - 차도통행중,안전운전불이행,건조,맑음,기타 - 기타,승용,남,26세,상해없음,보행자,여,40세,중상
2016082900100330,2016년 8월 29일 14시,월요일,부산광역시 해운대구 재송동,경상사고,0,0,1,0,차대차 - 기타,안전운전불이행,건조,맑음,단일로 - 기타,승용,남,64세,상해없음,승합,남,67세,상해없음
2016082900100331,2016년 8월 29일 14시,월요일,부산광역시 사상구 감전동,중상사고,0,1,0,0,차대차 - 추돌,안전거리미확보,건조,맑음,단일로 - 기타,화물,남,36세,상해없음,승용,여,49세,중상
2016082900100363,2016년 8월 29일 15시,월요일,부산광역시 부산진구 전포동,중상사고,0,1,0,0,차대사람 - 길가장자리구역통행중,안전운전불이행,건조,맑음,단일로 - 기타,승용,남,71세,상해없음,보행자,남,45세,중상
2016082900100409,2016년 8월 29일 16시,월요일,부산광역시 동래구 온천동,중상사고,0,1,0,0,차대차 - 측면충돌,중앙선침범,건조,맑음,단일로 - 기타,화물,남,46세,상해없음,자전거,남,14세,중상
2016082900100410,2016년 8월 29일 16시,월요일,부산광역시 해운대구 재송동,중상사고,0,1,0,0,차대차 - 기타,안전운전불이행,건조,맑음,단일로 - 기타,승용,여,44세,상해없음,승합,남,57세,상해없음
2016082900100411,2016년 8월 29일 16시,월요일,부산광역시 해운대구 우동,중상사고,0,1,0,0,차대사람 - 기타,안전운전불이행,건조,맑음,단일로 - 기타,승합,남,47세,상해없음,보행자,여,64세,중상
2016082900100443,2016년 8월 29일 17시,월요일,부산광역시 해운대구 중동,중상사고,0,1,0,0,차대사람 - 기타,안전운전불이행,건조,맑음,단일로 - 기타,화물,남,49세,상해없음,보행자,여,80세,중상
2016082900100490,2016년 8월 29일 18시,월요일,부산광역시 동래구 온천동,경상사고,0,0,1,0,차대차 - 추돌,안전운전불이행,건조,맑음,단일로 - 기타,승용,여,27세,상해없음,승용,남,53세,경상
2016082900100531,2016년 8월 29일 19시,월요일,부산광역시 해운대구 재송동,경상사고,0,0,1,0,차대차 - 기타,중앙선침범,건조,맑음,단일로 - 기타,승용,남,58세,상해없음,이륜,남,20세,경상
2016082900100532,2016년 8월 29일 19시,월요일,부산광역시 금정구 장전동,경상사고,0,0,2,0,차대차 - 기타,안전운전불이행,건조,맑음,기타 - 기타,승용,남,28세,상해없음,승용,남,33세,경상
2016082900100533,2016년 8월 29일 19시,월요일,부산광역시 금정구 장전동,경상사고,0,0,1,0,차대사람 - 보도통행중,중앙선침범,건조,맑음,단일로 - 기타,승용,남,57세,상해없음,보행자,여,42세,경상
2016082900100607,2016년 8월 29일 21시,월요일,부산광역시 동래구 사직동,경상사고,0,0,1,0,차대사람 - 기타,안전운전불이행,건조,맑음,단일로 - 기타,승용,여,49세,상해없음,보행자,남,66세,경상
2016082900100608,2016년 8월 29일 21시,월요일,부산광역시 해운대구 우동,중상사고,0,1,0,0,차대차 - 추돌,안전운전불이행,건조,맑음,단일로 - 기타,화물,남,39세,상해없음,승용,남,49세,중상
2016082900100638,2016년 8월 29일 22시,월요일,부산광역시 수영구 민락동,중상사고,0,1,0,0,차대차 - 측면직각충돌,신호위반,건조,맑음,교차로 - 교차로안,승용,남,62세,상해없음,승용,남,24세,중상
2016082900100639,2016년 8월 29일 22시,월요일,부산광역시 해운대구 우동,경상사고,0,0,1,0,차대차 - 측면직각충돌,신호위반,건조,맑음,교차로 - 교차로안,승용,남,25세,상해없음,이륜,남,68세,경상
2016082900100640,2016년 8월 29일 22시,월요일,부산광역시 부산진구 당감동,경상사고,0,0,1,0,차대차 - 기타,중앙선침범,건조,맑음,교차로 - 교차로부근,승용,남,44세,상해없음,승용,여,48세,경상
2016083000100008,2016년 8월 30일 00시,화요일,부산광역시 수영구 남천동,경상사고,0,0,3,0,차대차 - 측면직각충돌,중앙선침범,건조,맑음,단일로 - 기타,승용,남,33세,상해없음,승용,남,25세,경상
2016083000100044,2016년 8월 30일 04시,화요일,부산광역시 중구 영주동,사망사고,1,0,0,0,차량단독 - 공작물충돌,안전운전불이행,건조,맑음,단일로 - 기타,이륜,남,26세,사망,,,,
2016083000100049,2016년 8월 30일 05시,화요일,부산광역시 금정구 장전동,경상사고,0,0,1,0,차대사람 - 횡단중,기타,건조,맑음,단일로 - 기타,승용,남,36세,상해없음,보행자,남,68세,경상
2016083000100061,2016년 8월 30일 06시,화요일,부산광역시 수영구 남천동,경상사고,0,0,1,0,차대차 - 추돌,안전운전불이행,건조,맑음,단일로 - 기타,승용,남,75세,상해없음,승용,남,48세,경상
2016083000100062,2016년 8월 30일 06시,화요일,부산광역시 동래구 낙민동,중상사고,0,1,0,0,차대사람 - 차도통행중,안전운전불이행,건조,맑음,단일로 - 기타,특수,남,58세,상해없음,보행자,남,65세,중상
2016083000100063,2016년 8월 30일 06시,화요일,부산광역시 해운대구 석대동,중상사고,0,1,1,0,차대차 - 추돌,안전거리미확보,건조,맑음,단일로 - 기타,승합,남,71세,상해없음,화물,남,58세,중상
2016083000100064,2016년 8월 30일 06시,화요일,부산광역시 수영구 수영동,경상사고,0,0,1,0,차대차 - 추돌,안전거리미확보,건조,맑음,단일로 - 기타,승용,여,54세,상해없음,승합,남,37세,경상
2016083000100080,2016년 8월 30일 07시,화요일,부산광역시 해운대구 반송동,경상사고,0,0,1,0,차대차 - 추돌,안전거리미확보,건조,맑음,단일로 - 기타,승용,남,22세,상해없음,승용,남,36세,경상
2016083000100081,2016년 8월 30일 07시,화요일,부산광역시 사하구 다대동,경상사고,0,0,2,0,차대차 - 추돌,안전운전불이행,건조,맑음,교차로 - 교차로부근,승합,남,55세,상해없음,승용,여,64세,경상
2016083000100115,2016년 8월 30일 08시,화요일,부산광역시 북구 구포동,중상사고,0,1,0,0,차대차 - 측면충돌,차로위반,건조,맑음,단일로 - 기타,화물,남,52세,상해없음,이륜,남,30세,중상
2016083000100116,2016년 8월 30일 08시,화요일,부산광역시 부산진구 부전동,중상사고,0,1,0,0,차대차 - 측면충돌,안전운전불이행,건조,맑음,교차로 - 교차로안,화물,남,47세,상해없음,이륜,여,41세,중상
2016083000100158,2016년 8월 30일 09시,화요일,부산광역시 서구 동대신동1가,경상사고,0,0,1,0,차대차 - 측면직각충돌,안전운전불이행,건조,맑음,단일로 - 기타,이륜,여,47세,상해없음,이륜,남,66세,경상
2016083000100159,2016년 8월 30일 09시,화요일,부산광역시 동래구 온천동,경상사고,0,0,1,0,차대차 - 추돌,안전운전불이행,건조,맑음,단일로 - 기타,화물,남,38세,상해없음,승용,여,49세,경상
2016083000100160,2016년 8월 30일 09시,화요일,부산광역시 강서구 대저2동,경상사고,0,0,1,0,차대차 - 측면직각충돌,안전거리미확보,건조,맑음,단일로 - 기타,승용,남,51세,상해없음,승용,여,51세,경상
2016083000100192,2016년 8월 30일 10시,화요일,부산광역시 서구 부민동2가,중상사고,0,1,0,0,차대사람 - 길가장자리구역통행중,안전운전불이행,건조,맑음,단일로 - 기타,화물,남,37세,상해없음,보행자,여,71세,중상
2016083000100193,2016년 8월 30일 10시,화요일,부산광역시 동래구 온천동,경상사고,0,0,1,0,차대사람 - 차도통행중,안전운전불이행,건조,맑음,단일로 - 기타,승용,여,71세,기타불명,보행자,여,63세,경상
2016083000100194,2016년 8월 30일 10시,화요일,부산광역시 금정구 회동동,경상사고,0,0,1,0,차대차 - 추돌,안전운전불이행,건조,맑음,교차로 - 교차로안,원동기,남,55세,경상,승용,남,27세,상해없음
2016083000100195,2016년 8월 30일 10시,화요일,부산광역시 연제구 연산동,경상사고,0,0,1,0,차대차 - 측면직각충돌,안전운전불이행,건조,맑음,단일로 - 기타,승용,여,45세,상해없음,자전거,남,46세,경상
2016083000100233,2016년 8월 30일 11시,화요일,부산광역시 동래구 사직동,중상사고,0,1,0,0,차대사람 - 차도통행중,안전운전불이행,건조,맑음,단일로 - 횡단보도상,승용,남,65세,상해없음,보행자,남,7세,중상
2016083000100234,2016년 8월 30일 11시,화요일,부산광역시 금정구 구서동,중상사고,0,1,0,0,차대차 - 기타,신호위반,건조,맑음,교차로 - 교차로안,승용,여,47세,상해없음,이륜,남,24세,중상
2016083000100292,2016년 8월 30일 13시,화요일,부산광역시 남구 우암동,중상사고,0,1,0,0,차대사람 - 횡단중,신호위반,건조,맑음,단일로 - 횡단보도상,화물,남,79세,상해없음,보행자,여,22세,중상
2016083000100293,2016년 8월 30일 13시,화요일,부산광역시 영도구 영선동3가,중상사고,0,1,0,0,차대사람 - 횡단중,안전운전불이행,건조,맑음,단일로 - 횡단보도부근,화물,남,26세,상해없음,보행자,여,47세,중상
2016083000100377,2016년 8월 30일 16시,화요일,부산광역시 사상구 삼락동,경상사고,0,0,2,0,차대차 - 측면직각충돌,안전운전불이행,건조,맑음,단일로 - 기타,자전거,남,61세,경상,자전거,남,31세,경상
2016083000100410,2016년 8월 30일 17시,화요일,부산광역시 부산진구 범천동,중상사고,0,1,0,0,차대사람 - 길가장자리구역통행중,안전운전불이행,건조,맑음,교차로 - 교차로안,화물,남,62세,상해없음,보행자,남,57세,중상
2016083000100454,2016년 8월 30일 18시,화요일,부산광역시 중구 영주동,부상신고사고,0,0,0,2,차대차 - 추돌,안전운전불이행,건조,맑음,단일로 - 기타,승용,남,40세,상해없음,승용,남,71세,부상신고
2016083000100455,2016년 8월 30일 18시,화요일,부산광역시 수영구 남천동,경상사고,0,0,1,0,차대사람 - 길가장자리구역통행중,안전운전불이행,건조,맑음,단일로 - 기타,승용,여,46세,상해없음,보행자,여,60세,경상
2016083000100456,2016년 8월 30일 18시,화요일,부산광역시 남구 대연동,부상신고사고,0,0,0,2,차대차 - 측면직각충돌,안전운전불이행,건조,맑음,단일로 - 횡단보도상,이륜,남,46세,부상신고,승용,여,58세,부상신고
2016083000100457,2016년 8월 30일 18시,화요일,부산광역시 사하구 괴정동,경상사고,0,0,1,0,차대사람 - 횡단중,안전운전불이행,건조,맑음,단일로 - 기타,승용,남,48세,상해없음,보행자,남,10세,경상
2016083000100458,2016년 8월 30일 18시,화요일,부산광역시 강서구 강동동,중상사고,0,1,0,0,차대차 - 추돌,안전거리미확보,건조,맑음,단일로 - 기타,승용,남,50세,상해없음,승용,여,39세,중상
2016083000100480,2016년 8월 30일 19시,화요일,부산광역시 동구 수정동,경상사고,0,0,1,0,차대사람 - 기타,안전운전불이행,건조,맑음,단일로 - 기타,승용,여,58세,상해없음,보행자,여,82세,경상
2016083000100481,2016년 8월 30일 19시,화요일,부산광역시 동래구 사직동,중상사고,0,1,0,0,차대차 - 측면직각충돌,안전운전불이행,건조,맑음,교차로 - 교차로안,승용,남,58세,상해없음,자전거,남,14세,중상
2016083000100482,2016년 8월 30일 19시,화요일,부산광역시 부산진구 연지동,중상사고,0,1,0,0,차대사람 - 횡단중,보행자보호의무위반,건조,맑음,단일로 - 기타,화물,남,65세,상해없음,보행자,여,14세,중상
2016083000100545,2016년 8월 30일 21시,화요일,부산광역시 북구 구포동,경상사고,0,0,1,0,차대사람 - 기타,안전운전불이행,건조,맑음,단일로 - 기타,원동기,남,41세,상해없음,보행자,여,22세,경상
2016083000100546,2016년 8월 30일 21시,화요일,부산광역시 동래구 안락동,경상사고,0,0,1,0,차대차 - 기타,안전운전불이행,건조,맑음,단일로 - 기타,원동기,남,24세,상해없음,원동기,남,18세,경상
2016083000100547,2016년 8월 30일 21시,화요일,부산광역시 사하구 장림동,부상신고사고,0,0,0,1,차대차 - 측면충돌,안전운전불이행,건조,맑음,기타 - 기타,원동기,남,49세,부상신고,승용,남,58세,상해없음
2016083000100548,2016년 8월 30일 21시,화요일,부산광역시 기장군 정관읍,경상사고,0,0,1,0,차대차 - 측면충돌,신호위반,건조,맑음,교차로 - 교차로안,승용,남,44세,경상,특수,남,24세,상해없음
2016083000100582,2016년 8월 30일 22시,화요일,부산광역시 남구 문현동,경상사고,0,0,1,1,차대차 - 기타,교차로운행방법위반,건조,맑음,교차로 - 교차로안,승용,남,59세,상해없음,승용,남,30세,경상
2016083000100583,2016년 8월 30일 22시,화요일,부산광역시 사하구 괴정동,경상사고,0,0,1,0,차대차 - 기타,신호위반,건조,흐림,교차로 - 교차로부근,승용,남,36세,상해없음,승용,남,42세,경상
2016083000100584,2016년 8월 30일 22시,화요일,부산광역시 강서구 명지동,중상사고,0,1,0,0,차대차 - 추돌,신호위반,건조,맑음,교차로 - 교차로안,승용,여,39세,상해없음,원동기,남,54세,중상
2016083100100008,2016년 8월 31일 00시,수요일,부산광역시 서구 암남동,중상사고,0,1,4,0,차대차 - 정면충돌,중앙선침범,건조,맑음,단일로 - 기타,승용,여,51세,중상,승용,여,36세,경상
2016083100100009,2016년 8월 31일 00시,수요일,부산광역시 해운대구 재송동,경상사고,0,0,2,0,차대차 - 추돌,안전운전불이행,건조,맑음,교차로 - 교차로부근,화물,남,28세,상해없음,승용,남,31세,상해없음
2016083100100026,2016년 8월 31일 01시,수요일,부산광역시 수영구 광안동,경상사고,0,0,1,0,차대차 - 기타,안전운전불이행,건조,맑음,단일로 - 기타,승용,남,60세,상해없음,승용,남,64세,경상