사고번호,사고일시,요일,시군구,사고내용,사망자수,중상자수,경상자수,부상신고자수,사고유형,법규위반,노면상태,기상상태,도로형태,가해운전자 차종,가해운전자 성별,가해운전자 연령,가해운전자 상해정도,피해운전자 차종,피해운전자 성별,피해운전자 연령,피해운전자 상해정도
2016090300100277,2016년 9월 3일 12시,토요일,부산광역시 북구 화명동,경상사고,0,0,1,0,차대사람 - 횡단중,보행자보호의무위반,건조,맑음,단일로 - 기타,승용,남,29세,상해없음,보행자,여,62세,경상
2016090300100278,2016년 9월 3일 12시,토요일,부산광역시 북구 구포동,경상사고,0,0,1,0,차대차 - 추돌,안전거리미확보,건조,맑음,단일로 - 기타,승용,남,48세,상해없음,이륜,남,37세,경상
2016090300100279,2016년 9월 3일 12시,토요일,부산광역시 해운대구 재송동,경상사고,0,0,1,0,차대차 - 측면직각충돌,안전거리미확보,건조,맑음,단일로 - 기타,승용,남,50세,상해없음,승용,남,60세,상해없음
2016090300100354,2016년 9월 3일 14시,토요일,부산광역시 사하구 구평동,경상사고,0,0,1,0,차대차 - 측면직각충돌,안전거리미확보,건조,맑음,단일로 - 기타,승용,여,44세,상해없음,승용,남,51세,경상
2016090300100401,2016년 9월 3일 15시,토요일,부산광역시 해운대구 송정동,경상사고,0,0,1,0,차대차 - 측면충돌,교차로운행방법위반,건조,맑음,교차로 - 교차로안,이륜,남,20세,상해없음,승용,여,62세,경상
2016090300100402,2016년 9월 3일 15시,토요일,부산광역시 부산진구 전포동,중상사고,0,1,1,0,차대차 - 정면충돌,신호위반,건조,맑음,교차로 - 교차로안,화물,남,67세,상해없음,승용,남,60세,중상
2016090300100403,2016년 9월 3일 15시,토요일,부산광역시 사상구 감전동,경상사고,0,0,1,0,차대차 - 측면직각충돌,중앙선침범,건조,맑음,단일로 - 기타,화물,남,47세,상해없음,이륜,남,49세,경상
2016090300100435,2016년 9월 3일 16시,토요일,부산광역시 동구 초량동,경상사고,0,0,1,0,차대차 - 기타,안전운전불이행,건조,맑음,기타 - 기타,승용,남,20세,상해없음,승용,남,46세,경상
2016090300100478,2016년 9월 3일 17시,토요일,부산광역시 금정구 부곡동,중상사고,0,1,0,0,차대사람 - 횡단중,안전운전불이행,건조,맑음,단일로 - 기타,승용,남,35세,상해없음,보행자,남,59세,중상
2016090300100520,2016년 9월 3일 18시,토요일,부산광역시 사하구 감천동,중상사고,0,1,0,0,차대차 - 추돌,안전운전불이행,건조,맑음,단일로 - 기타,이륜,남,22세,중상,화물,남,40세,기타불명
2016090300100521,2016년 9월 3일 18시,토요일,부산광역시 사상구 모라동,중상사고,0,1,0,0,차대차 - 측면직각충돌,직진우회전진행방해,건조,맑음,교차로 - 교차로안,승용,남,41세,상해없음,이륜,남,17세,중상
2016090300100562,2016년 9월 3일 19시,토요일,부산광역시 수영구 광안동,부상신고사고,0,0,0,1,차대차 - 측면직각충돌,안전운전불이행,건조,맑음,단일로 - 기타,승용,남,48세,상해없음,승용,남,32세,부상신고
2016090300100621,2016년 9월 3일 21시,토요일,부산광역시 기장군 기장읍,경상사고,0,0,1,0,차대사람 - 횡단중,안전운전불이행,건조,맑음,단일로 - 기타,승용,남,59세,상해없음,보행자,여,40세,경상
2016090300100673,2016년 9월 3일 23시,토요일,부산광역시 부산진구 범천동,경상사고,0,0,1,0,차대사람 - 횡단중,안전운전불이행,건조,맑음,단일로 - 횡단보도부근,승용,남,57세,상해없음,보행자,남,60세,경상
2016090400100022,2016년 9월 4일 01시,일요일,부산광역시 해운대구 반여동,경상사고,0,0,1,0,차대사람 - 횡단중,안전운전불이행,건조,맑음,단일로 - 기타,승용,남,48세,상해없음,보행자,남,30세,경상
2016090400100023,2016년 9월 4일 01시,일요일,부산광역시 수영구 망미동,부상신고사고,0,0,0,1,차대차 - 추돌,안전운전불이행,건조,맑음,단일로 - 기타,승용,남,67세,상해없음,자전거,남,16세,부상신고
2016090400100029,2016년 9월 4일 02시,일요일,부산광역시 사하구 하단동,중상사고,0,1,0,0,차대사람 - 기타,안전운전불이행,습기,흐림,기타 - 기타,승용,기타불명,기타불명,기타불명,보행자,남,29세,중상
2016090400100043,2016년 9월 4일 04시,일요일,부산광역시 북구 구포동,경상사고,0,0,1,0,차대차 - 추돌,안전운전불이행,건조,맑음,단일로 - 기타,승용,남,36세,상해없음,승용,남,63세,경상
2016090400100064,2016년 9월 4일 06시,일요일,부산광역시 동구 초량동,중상사고,0,1,1,0,차대차 - 측면직각충돌,신호위반,건조,맑음,교차로 - 교차로안,원동기,남,17세,상해없음,승용,여,69세,경상
2016090400100065,2016년 9월 4일 06시,일요일,부산광역시 북구 덕천동,중상사고,0,3,1,0,차대차 - 추돌,안전운전불이행,건조,맑음,단일로 - 기타,승용,남,71세,상해없음,승용,남,39세,경상
2016090400100095,2016년 9월 4일 08시,일요일,부산광역시 강서구 명지동,중상사고,0,1,0,0,차대차 - 기타,신호위반,건조,맑음,단일로 - 기타,승용,여,45세,상해없음,원동기,남,67세,중상
2016090400100109,2016년 9월 4일 09시,일요일,부산광역시 금정구 부곡동,경상사고,0,0,1,0,차대차 - 측면직각충돌,직진우회전진행방해,건조,맑음,교차로 - 교차로안,승용,여,24세,상해없음,승용,남,66세,경상
2016090400100129,2016년 9월 4일 10시,일요일,부산광역시 강서구 송정동,중상사고,0,1,0,0,차대차 - 추돌,신호위반,건조,맑음,교차로 - 교차로안,승용,남,21세,상해없음,승용,남,34세,중상
2016090400100152,2016년 9월 4일 11시,일요일,부산광역시 동래구 사직동,경상사고,0,0,1,0,차대사람 - 횡단중,보행자보호의무위반,건조,맑음,교차로 - 교차로안,승용,여,50세,상해없음,보행자,남,65세,경상
2016090400100177,2016년 9월 4일 12시,일요일,부산광역시 사하구 신평동,경상사고,0,0,1,0,차대사람 - 기타,안전운전불이행,습기,비,교차로 - 교차로부근,승용,남,75세,상해없음,보행자,남,57세,경상
2016090400100178,2016년 9월 4일 12시,일요일,부산광역시 기장군 정관읍,경상사고,0,0,3,0,차대차 - 추돌,안전운전불이행,건조,맑음,단일로 - 기타,승용,여,39세,상해없음,승용,여,35세,경상
2016090400100208,2016년 9월 4일 13시,일요일,부산광역시 해운대구 반여동,중상사고,0,3,0,0,차대차 - 추돌,안전운전불이행,건조,맑음,단일로 - 기타,승용,남,49세,상해없음,승용,여,25세,중상
2016090400100209,2016년 9월 4일 13시,일요일,부산광역시 부산진구 전포동,경상사고,0,0,1,0,차대사람 - 기타,보행자보호의무위반,건조,맑음,교차로 - 교차로부근,화물,기타불명,기타불명,기타불명,보행자,남,21세,경상
2016090400100210,2016년 9월 4일 13시,일요일,부산광역시 연제구 연산동,경상사고,0,0,1,0,차대사람 - 기타,안전운전불이행,건조,맑음,단일로 - 기타,승용,여,35세,상해없음,보행자,남,3세,경상
2016090400100240,2016년 9월 4일 14시,일요일,부산광역시 중구 광복동3가,중상사고,0,1,0,0,차대사람 - 횡단중,안전운전불이행,건조,맑음,단일로 - 기타,승용,남,45세,상해없음,보행자,여,35세,중상
2016090400100241,2016년 9월 4일 14시,일요일,부산광역시 서구 남부민동,경상사고,0,0,2,0,차대차 - 추돌,안전운전불이행,건조,맑음,단일로 - 기타,승용,남,60세,상해없음,승용,남,31세,경상
2016090400100242,2016년 9월 4일 14시,일요일,부산광역시 서구 남부민동,경상사고,0,0,1,0,차대차 - 측면직각충돌,안전거리미확보,습기,흐림,교차로 - 교차로부근,승용,남,49세,상해없음,이륜,남,16세,경상
2016090400100243,2016년 9월 4일 14시,일요일,부산광역시 서구 남부민동,경상사고,0,0,2,0,차대차 - 측면직각충돌,안전운전불이행,건조,맑음,단일로 - 기타,승용,여,22세,상해없음,승용,여,55세,경상
2016090400100244,2016년 9월 4일 14시,일요일,부산광역시 부산진구 개금동,경상사고,0,0,1,0,차대차 - 기타,안전운전불이행,건조,맑음,단일로 - 기타,승용,남,35세,상해없음,이륜,남,22세,경상
2016090400100271,2016년 9월 4일 15시,일요일,부산광역시 중구 영주동,경상사고,0,0,1,0,차대사람 - 차도통행중,안전운전불이행,건조,맑음,단일로 - 기타,승합,남,53세,기타불명,보행자,여,59세,경상
2016090400100272,2016년 9월 4일 15시,일요일,부산광역시 수영구 망미동,경상사고,0,0,3,0,차대차 - 기타,안전운전불이행,건조,맑음,단일로 - 기타,승용,남,63세,기타불명,승용,남,45세,경상
2016090400100299,2016년 9월 4일 16시,일요일,부산광역시 금정구 장전동,경상사고,0,0,1,0,차대사람 - 횡단중,안전운전불이행,건조,맑음,교차로 - 교차로부근,승용,남,26세,상해없음,보행자,여,56세,경상
2016090400100330,2016년 9월 4일 17시,일요일,부산광역시 동구 범일동,경상사고,0,0,1,0,차대차 - 측면직각충돌,차로위반,건조,맑음,단일로 - 기타,원동기,남,20세,경상,승용,남,60세,상해없음
2016090400100331,2016년 9월 4일 17시,일요일,부산광역시 동래구 안락동,경상사고,0,0,1,0,차대차 - 추돌,안전거리미확보,건조,맑음,단일로 - 기타,승합,남,57세,상해없음,승용,여,49세,경상
2016090400100332,2016년 9월 4일 17시,일요일,부산광역시 사하구 당리동,중상사고,0,1,1,0,차대차 - 추돌,안전거리미확보,건조,맑음,단일로 - 기타,승용,남,45세,상해없음,승용,남,27세,경상
2016090400100349,2016년 9월 4일 18시,일요일,부산광역시 사하구 장림동,중상사고,0,1,0,0,차대차 - 측면직각충돌,안전운전불이행,건조,맑음,교차로 - 교차로안,승용,여,48세,상해없음,이륜,남,45세,중상
2016090400100414,2016년 9월 4일 20시,일요일,부산광역시 금정구 금사동,중상사고,0,1,0,0,차대사람 - 횡단중,안전운전불이행,건조,맑음,단일로 - 기타,승용,남,55세,상해없음,보행자,여,62세,중상
2016090400100415,2016년 9월 4일 20시,일요일,부산광역시 사하구 괴정동,중상사고,0,2,0,0,차대차 - 기타,중앙선침범,건조,맑음,단일로 - 기타,원동기,기타불명,기타불명,기타불명,승용,남,61세,상해없음
2016090400100471,2016년 9월 4일 22시,일요일,부산광역시 동래구 온천동,중상사고,0,1,2,0,차대차 - 추돌,차로위반,건조,맑음,단일로 - 기타,승용,남,24세,상해없음,승용,남,61세,경상
2016090400100472,2016년 9월 4일 22시,일요일,부산광역시 영도구 청학동,경상사고,0,0,1,0,차대차 - 측면직각충돌,안전운전불이행,건조,맑음,교차로 - 교차로안,승용,남,67세,상해없음,이륜,남,18세,경상
2016090500100001,2016년 9월 5일 00시,월요일,부산광역시 사하구 감천동,경상사고,0,0,2,0,차대차 - 추돌,안전운전불이행,건조,맑음,단일로 - 기타,승용,남,37세,상해없음,승용,남,53세,경상
2016090500100012,2016년 9월 5일 01시,월요일,부산광역시 동구 범일동,경상사고,0,0,1,0,차대차 - 기타,안전운전불이행,건조,맑음,교차로 - 교차로안,승용,남,47세,상해없음,화물,남,45세,기타불명
2016090500100017,2016년 9월 5일 02시,월요일,부산광역시 수영구 광안동,경상사고,0,0,1,0,차대차 - 기타,안전운전불이행,기타,맑음,단일로 - 횡단보도부근,승용,남,29세,상해없음,자전거,남,57세,경상
2016090500100026,2016년 9월 5일 04시,월요일,부산광역시 서구 동대신동1가,경상사고,0,0,1,0,차대차 - 추돌,안전운전불이행,건조,맑음,단일로 - 터널,화물,남,52세,상해없음,승용,남,21세,경상
2016090500100033,2016년 9월 5일 05시,월요일,부산광역시 연제구 연산동,경상사고,0,0,1,0,차대차 - 추돌,안전운전불이행,건조,맑음,단일로 - 횡단보도상,승용,남,30세,상해없음,승용,남,54세,경상
2016090500100141,2016년 9월 5일 09시,월요일,부산광역시 부산진구 가야동,부상신고사고,0,0,0,1,차대차 - 측면직각충돌,안전운전불이행,건조,맑음,단일로 - 기타,승용,여,46세,상해없음,승용,여,32세,부상신고
2016090500100142,2016년 9월 5일 09시,월요일,부산광역시 사상구 삼락동,경상사고,0,0,1,0,차대차 - 추돌,안전거리미확보,습기,비,단일로 - 기타,화물,여,44세,상해없음,승용,남,27세,상해없음
2016090500100168,2016년 9월 5일 10시,월요일,부산광역시 영도구 봉래동1가,중상사고,0,1,0,0,차대사람 - 횡단중,보행자보호의무위반,건조,맑음,단일로 - 횡단보도상,승용,남,52세,상해없음,보행자,남,50세,중상
2016090500100169,2016년 9월 5일 10시,월요일,부산광역시 강서구 명지동,경상사고,0,0,1,0,차대차 - 측면충돌,안전운전불이행,건조,맑음,단일로 - 기타,건설기계,남,58세,상해없음,승용,남,31세,경상
2016090500100202,2016년 9월 5일 11시,월요일,부산광역시 강서구 송정동,부상신고사고,0,0,0,1,차대차 - 정면충돌,안전운전불이행,건조,맑음,교차로 - 교차로부근,승용,남,63세,상해없음,승합,남,56세,상해없음
2016090500100281,2016년 9월 5일 14시,월요일,부산광역시 동구 좌천동,경상사고,0,0,1,0,차대사람 - 기타,안전운전불이행,건조,맑음,교차로 - 교차로부근,화물,남,50세,상해없음,보행자,남,58세,경상
2016090500100313,2016년 9월 5일 15시,월요일,부산광역시 금정구 금사동,경상사고,0,0,1,0,차대차 - 추돌,안전거리미확보,건조,맑음,교차로 - 교차로부근,화물,남,36세,상해없음,승용,여,43세,경상
2016090500100347,2016년 9월 5일 16시,월요일,부산광역시 서구 토성동1가,경상사고,0,0,1,0,차대사람 - 길가장자리구역통행중,안전운전불이행,건조,맑음,단일로 - 기타,승용,남,51세,상해없음,보행자,여,48세,경상
2016090500100348,2016년 9월 5일 16시,월요일,부산광역시 영도구 동삼동,중상사고,0,1,0,0,차대차 - 측면직각충돌,안전운전불이행,건조,맑음,단일로 - 기타,이륜,여,28세,중상,화물,남,51세,상해없음
2016090500100389,2016년 9월 5일 17시,월요일,부산광역시 부산진구 부암동,중상사고,0,1,0,0,차대차 - 기타,안전거리미확보,습기,비,단일로 - 기타,승용,남,50세,기타불명,승용,여,50세,중상
2016090500100390,2016년 9월 5일 17시,월요일,부산광역시 금정구 청룡동,부상신고사고,0,0,0,1,차대사람 - 길가장자리구역통행중,보행자보호의무위반,건조,맑음,단일로 - 기타,승용,남,30세,상해없음,보행자,남,79세,부상신고
2016090500100391,2016년 9월 5일 17시,월요일,부산광역시 사하구 감천동,경상사고,0,0,1,0,차대차 - 측면직각충돌,직진우회전진행방해,건조,맑음,단일로 - 기타,승용,여,60세,상해없음,승합,남,49세,경상
2016090500100432,2016년 9월 5일 18시,월요일,부산광역시 수영구 남천동,중상사고,0,1,0,0,차대차 - 측면충돌,신호위반,건조,맑음,단일로 - 기타,승용,남,38세,상해없음,원동기,남,40세,중상
2016090500100433,2016년 9월 5일 18시,월요일,부산광역시 부산진구 범천동,경상사고,0,0,1,0,차대차 - 추돌,안전운전불이행,건조,맑음,단일로 - 기타,원동기,남,16세,상해없음,승용,남,60세,상해없음
2016090500100434,2016년 9월 5일 18시,월요일,부산광역시 부산진구 양정동,경상사고,0,0,1,0,차대차 - 정면충돌,교차로운행방법위반,건조,맑음,교차로 - 교차로안,이륜,남,17세,상해없음,승용,여,30세,상해없음
2016090500100474,2016년 9월 5일 19시,월요일,부산광역시 동래구 안락동,경상사고,0,0,1,0,차대차 - 추돌,안전운전불이행,건조,흐림,단일로 - 기타,승용,남,57세,상해없음,승용,남,25세,상해없음
2016090500100475,2016년 9월 5일 19시,월요일,부산광역시 해운대구 재송동,부상신고사고,0,0,0,1,차량단독 - 기타,안전운전불이행,건조,맑음,단일로 - 기타,승합,남,41세,상해없음,,,,
2016090500100476,2016년 9월 5일 19시,월요일,부산광역시 강서구 명지동,경상사고,0,0,1,0,차대차 - 측면충돌,안전운전불이행,건조,맑음,단일로 - 기타,승용,여,49세,상해없음,이륜,남,26세,경상
2016090500100518,2016년 9월 5일 20시,월요일,부산광역시 수영구 광안동,경상사고,0,0,1,0,차대차 - 측면충돌,안전운전불이행,건조,맑음,교차로 - 교차로부근,승용,남,59세,상해없음,원동기,남,20세,경상
2016090500100519,2016년 9월 5일 20시,월요일,부산광역시 수영구 광안동,경상사고,0,0,1,0,차대차 - 기타,중앙선침범,건조,맑음,단일로 - 기타,승용,여,54세,상해없음,승용,남,45세,경상
2016090500100520,2016년 9월 5일 20시,월요일,부산광역시 해운대구 좌동,중상사고,0,1,0,0,차대사람 - 횡단중,보행자보호의무위반,건조,맑음,단일로 - 횡단보도상,승용,남,35세,상해없음,보행자,여,32세,중상
2016090500100521,2016년 9월 5일 20시,월요일,부산광역시 금정구 서동,부상신고사고,0,0,0,1,차대차 - 측면충돌,안전운전불이행,습기,흐림,교차로 - 교차로부근,자전거,여,59세,부상신고,승용,남,60세,상해없음
2016090500100522,2016년 9월 5일 20시,월요일,부산광역시 금정구 남산동,경상사고,0,0,2,0,차대사람 - 횡단중,보행자보호의무위반,건조,맑음,단일로 - 기타,승용,남,55세,상해없음,보행자,남,15세,경상
2016090500100581,2016년 9월 5일 22시,월요일,부산광역시 남구 용호동,중상사고,0,1,0,0,차대차 - 기타,교차로운행방법위반,건조,맑음,교차로 - 교차로안,승용,남,57세,상해없음,원동기,남,36세,중상
2016090500100608,2016년 9월 5일 23시,월요일,부산광역시 북구 구포동,중상사고,0,2,0,0,차대차 - 정면충돌,신호위반,건조,맑음,교차로 - 교차로안,승용,여,52세,상해없음,이륜,남,33세,중상
2016090500100609,2016년 9월 5일 23시,월요일,부산광역시 해운대구 반여동,부상신고사고,0,0,0,1,차대사람 - 횡단중,안전운전불이행,건조,맑음,단일로 - 기타,승용,남,22세,상해없음,보행자,남,59세,부상신고
2016090500100610,2016년 9월 5일 23시,월요일,부산광역시 사상구 엄궁동,경상사고,0,0,1,0,차대차 - 기타,안전거리미확보,건조,맑음,단일로 - 기타,승용,남,57세,상해없음,승용,남,60세,경상
2016090600100005,2016년 9월 6일 00시,화요일,부산광역시 동구 범일동,경상사고,0,0,1,0,차대차 - 추돌,안전운전불이행,건조,맑음,단일로 - 기타,승용,남,66세,상해없음,승용,남,45세,상해없음
2016090600100006,2016년 9월 6일 00시,화요일,부산광역시 동래구 온천동,부상신고사고,0,0,0,1,차대차 - 측면직각충돌,차로위반,건조,맑음,단일로 - 터널,승용,남,27세,부상신고,승용,남,31세,상해없음
2016090600100020,2016년 9월 6일 01시,화요일,부산광역시 남구 감만동,경상사고,0,0,1,0,차대차 - 측면직각충돌,신호위반,건조,맑음,교차로 - 교차로안,화물,남,64세,경상,특수,남,57세,상해없음
2016090600100021,2016년 9월 6일 01시,화요일,부산광역시 사상구 삼락동,사망사고,2,0,0,0,차대차 - 추돌,안전운전불이행,건조,맑음,단일로 - 기타,화물,남,47세,사망,화물,남,49세,상해없음
2016090600100046,2016년 9월 6일 03시,화요일,부산광역시 사상구 감전동,경상사고,0,0,1,0,차대차 - 추돌,안전운전불이행,건조,맑음,단일로 - 기타,승용,남,30세,상해없음,승용,남,54세,상해없음
2016090600100055,2016년 9월 6일 04시,화요일,부산광역시 금정구 구서동,중상사고,0,1,1,0,차대사람 - 차도통행중,안전운전불이행,건조,맑음,교차로 - 교차로안,승용,남,21세,상해없음,보행자,여,16세,중상
2016090600100065,2016년 9월 6일 05시,화요일,부산광역시 북구 금곡동,경상사고,0,0,1,0,차대사람 - 횡단중,안전운전불이행,건조,맑음,단일로 - 기타,승용,남,59세,상해없음,보행자,여,87세,경상
2016090600100076,2016년 9월 6일 06시,화요일,부산광역시 북구 구포동,중상사고,0,1,0,0,차대사람 - 횡단중,보행자보호의무위반,건조,맑음,단일로 - 기타,승용,남,28세,상해없음,보행자,남,54세,중상
2016090600100077,2016년 9월 6일 06시,화요일,부산광역시 해운대구 송정동,중상사고,0,1,0,0,차대사람 - 횡단중,안전운전불이행,기타,맑음,교차로 - 교차로안,화물,남,45세,상해없음,보행자,남,63세,중상
2016090600100089,2016년 9월 6일 07시,화요일,부산광역시 부산진구 초읍동,중상사고,0,1,0,0,차대차 - 기타,직진우회전진행방해,건조,맑음,교차로 - 교차로안,승용,남,44세,상해없음,이륜,남,32세,중상
2016090600100114,2016년 9월 6일 08시,화요일,부산광역시 중구 영주동,중상사고,0,1,0,0,차대사람 - 차도통행중,안전운전불이행,건조,맑음,단일로 - 기타,승용,여,60세,상해없음,보행자,남,81세,중상
2016090600100115,2016년 9월 6일 08시,화요일,부산광역시 서구 토성동1가,경상사고,0,0,1,0,차대사람 - 기타,안전운전불이행,건조,맑음,교차로 - 교차로부근,승용,남,71세,상해없음,보행자,남,42세,경상
2016090600100116,2016년 9월 6일 08시,화요일,부산광역시 부산진구 부암동,부상신고사고,0,0,0,1,차대차 - 기타,신호위반,건조,맑음,교차로 - 교차로안,이륜,남,25세,부상신고,승용,남,49세,상해없음
2016090600100117,2016년 9월 6일 08시,화요일,부산광역시 사하구 하단동,경상사고,0,0,2,0,차대차 - 기타,안전운전불이행,건조,맑음,단일로 - 기타,승용,남,72세,상해없음,승용,여,46세,경상
2016090600100159,2016년 9월 6일 09시,화요일,부산광역시 동래구 복천동,부상신고사고,0,0,0,1,차대사람 - 차도통행중,안전운전불이행,건조,맑음,단일로 - 기타,승용,남,60세,상해없음,보행자,남,57세,부상신고
2016090600100160,2016년 9월 6일 09시,화요일,부산광역시 영도구 청학동,경상사고,0,0,1,0,차대사람 - 횡단중,안전운전불이행,건조,맑음,단일로 - 기타,화물,남,59세,상해없음,보행자,여,72세,경상
2016090600100173,2016년 9월 6일 10시,화요일,부산광역시 사하구 당리동,중상사고,0,1,0,0,차대차 - 기타,안전운전불이행,건조,맑음,단일로 - 기타,승용,남,58세,상해없음,승합,남,54세,상해없음
2016090600100223,2016년 9월 6일 12시,화요일,부산광역시 북구 화명동,중상사고,0,1,0,0,차대차 - 측면충돌,신호위반,건조,맑음,교차로 - 교차로안,승용,남,39세,상해없음,승용,여,68세,중상
2016090600100224,2016년 9월 6일 12시,화요일,부산광역시 수영구 수영동,중상사고,0,1,0,0,차대사람 - 길가장자리구역통행중,중앙선침범,건조,맑음,단일로 - 횡단보도부근,자전거,여,49세,상해없음,보행자,여,60세,중상
2016090600100277,2016년 9월 6일 14시,화요일,부산광역시 부산진구 당감동,경상사고,0,0,6,0,차대차 - 기타,안전거리미확보,기타,맑음,단일로 - 기타,승용,남,52세,상해없음,승용,남,45세,경상
2016090600100310,2016년 9월 6일 15시,화요일,부산광역시 동구 수정동,경상사고,0,0,1,0,차대차 - 측면직각충돌,교차로운행방법위반,건조,맑음,교차로 - 교차로안,특수,남,64세,상해없음,승용,남,51세,경상
2016090600100311,2016년 9월 6일 15시,화요일,부산광역시 동구 범일동,중상사고,0,1,0,0,차대사람 - 기타,안전운전불이행,건조,맑음,단일로 - 횡단보도상,승용,남,70세,상해없음,보행자,여,62세,중상
2016090600100312,2016년 9월 6일 15시,화요일,부산광역시 북구 화명동,경상사고,0,0,1,0,차대차 - 측면충돌,신호위반,건조,맑음,교차로 - 교차로안,승용,남,26세,상해없음,승용,남,40세,경상
2016090600100313,2016년 9월 6일 15시,화요일,부산광역시 사상구 학장동,경상사고,0,0,1,0,차대차 - 추돌,안전운전불이행,건조,맑음,교차로 - 교차로부근,승용,여,43세,상해없음,승용,남,61세,경상
2016090600100314,2016년 9월 6일 15시,화요일,부산광역시 사상구 삼락동,중상사고,0,2,0,0,차대차 - 측면직각충돌,직진우회전진행방해,건조,맑음,교차로 - 교차로안,화물,남,66세,중상,화물,남,43세,중상
2016090600100345,2016년 9월 6일 16시,화요일,부산광역시 사상구 괘법동,경상사고,0,0,1,0,차대사람 - 차도통행중,안전운전불이행,건조,맑음,단일로 - 기타,기타불명,기타불명,기타불명,기타불명,보행자,남,49세,경상
2016090600100346,2016년 9월 6일 16시,화요일,부산광역시 사상구 주례동,경상사고,0,0,1,0,차대차 - 추돌,안전운전불이행,건조,맑음,교차로 - 교차로부근,승합,남,59세,상해없음,화물,남,47세,기타불명
2016090600100376,2016년 9월 6일 17시,화요일,부산광역시 사상구 삼락동,경상사고,0,0,1,0,차대차 - 추돌,안전거리미확보,건조,맑음,단일로 - 기타,승용,남,73세,기타불명,승용,남,32세,경상
2016090600100410,2016년 9월 6일 18시,화요일,부산광역시 북구 덕천동,중상사고,0,2,0,0,차대차 - 측면충돌,신호위반,건조,맑음,교차로 - 교차로안,화물,남,31세,상해없음,이륜,여,20세,중상
2016090600100411,2016년 9월 6일 18시,화요일,부산광역시 사하구 하단동,경상사고,0,0,1,0,차대차 - 측면직각충돌,안전거리미확보,건조,맑음,교차로 - 교차로부근,승용,남,35세,상해없음,승용,여,32세,경상
2016090600100412,2016년 9월 6일 18시,화요일,부산광역시 강서구 성북동,중상사고,0,2,1,0,차대차 - 측면직각충돌,중앙선침범,건조,맑음,단일로 - 기타,화물,남,33세,상해없음,승용,남,31세,경상
2016090600100445,2016년 9월 6일 19시,화요일,부산광역시 남구 감만동,중상사고,0,1,0,0,차대차 - 측면충돌,안전거리미확보,건조,맑음,단일로 - 기타,승용,남,52세,상해없음,원동기,남,17세,중상
2016090600100446,2016년 9월 6일 19시,화요일,부산광역시 동래구 수안동,경상사고,0,0,2,0,차대차 - 기타,안전거리미확보,건조,맑음,단일로 - 기타,승용,여,21세,상해없음,승용,남,41세,경상
2016090600100447,2016년 9월 6일 19시,화요일,부산광역시 연제구 연산동,경상사고,0,0,1,0,차대차 - 측면직각충돌,중앙선침범,건조,맑음,단일로 - 기타,화물,남,30세,상해없음,승용,여,53세,경상
2016090600100483,2016년 9월 6일 20시,화요일,부산광역시 연제구 연산동,경상사고,0,0,1,0,차대사람 - 횡단중,보행자보호의무위반,건조,맑음,단일로 - 횡단보도상,승용,남,55세,상해없음,보행자,남,68세,경상
2016090600100507,2016년 9월 6일 21시,화요일,부산광역시 사하구 감천동,경상사고,0,0,1,0,차대차 - 기타,직진우회전진행방해,건조,맑음,교차로 - 교차로안,승용,남,57세,상해없음,승용,남,26세,경상
2016090600100533,2016년 9월 6일 22시,화요일,부산광역시 부산진구 연지동,중상사고,0,1,0,0,차대사람 - 횡단중,안전운전불이행,건조,맑음,단일로 - 횡단보도상,승용,남,60세,상해없음,보행자,남,47세,중상
2016090600100534,2016년 9월 6일 22시,화요일,부산광역시 금정구 서동,중상사고,0,1,0,0,차대사람 - 횡단중,안전운전불이행,건조,맑음,단일로 - 기타,원동기,남,15세,상해없음,보행자,남,19세,중상
2016090600100555,2016년 9월 6일 23시,화요일,부산광역시 부산진구 양정동,경상사고,0,0,2,0,차대차 - 측면충돌,신호위반,건조,맑음,교차로 - 교차로안,이륜,남,41세,상해없음,승용,남,68세,경상
2016090700100020,2016년 9월 7일 01시,수요일,부산광역시 북구 만덕동,중상사고,0,1,0,0,차대차 - 측면직각충돌,교차로운행방법위반,건조,맑음,교차로 - 교차로안,승용,여,40세,상해없음,승용,남,61세,중상
2016090700100032,2016년 9월 7일 02시,수요일,부산광역시 부산진구 범천동,중상사고,0,1,0,0,차대사람 - 횡단중,안전운전불이행,건조,맑음,단일로 - 기타,승용,남,69세,상해없음,보행자,남,35세,중상
2016090700100044,2016년 9월 7일 04시,수요일,부산광역시 사하구 하단동,부상신고사고,0,0,0,1,차대차 - 기타,신호위반,건조,맑음,교차로 - 교차로안,승용,남,66세,상해없음,자전거,여,64세,부상신고
2016090700100098,2016년 9월 7일 08시,수요일,부산광역시 기장군 정관읍,경상사고,0,0,1,0,차대차 - 측면직각충돌,안전운전불이행,건조,맑음,단일로 - 기타,승합,남,65세,상해없음,건설기계,남,34세,경상
2016090700100167,2016년 9월 7일 10시,수요일,부산광역시 동구 좌천동,중상사고,0,1,0,0,차대사람 - 횡단중,보행자보호의무위반,건조,맑음,교차로 - 교차로부근,화물,남,43세,상해없음,보행자,여,54세,중상
2016090700100168,2016년 9월 7일 10시,수요일,부산광역시 연제구 연산동,부상신고사고,0,0,0,1,차대사람 - 차도통행중,안전운전불이행,건조,맑음,교차로 - 교차로부근,승용,남,65세,상해없음,보행자,남,61세,부상신고
2016090700100169,2016년 9월 7일 10시,수요일,부산광역시 연제구 연산동,중상사고,0,1,0,0,차대사람 - 차도통행중,안전운전불이행,건조,맑음,단일로 - 횡단보도상,승용,남,71세,상해없음,보행자,여,72세,중상