사고번호,사고일시,요일,시군구,사고내용,사망자수,중상자수,경상자수,부상신고자수,사고유형,법규위반,노면상태,기상상태,도로형태,가해운전자 차종,가해운전자 성별,가해운전자 연령,가해운전자 상해정도,피해운전자 차종,피해운전자 성별,피해운전자 연령,피해운전자 상해정도
2016092600100163,2016년 9월 26일 10시,월요일,부산광역시 동구 범일동,중상사고,0,1,0,0,차대사람 - 기타,중앙선침범,건조,맑음,단일로 - 기타,화물,여,49세,상해없음,보행자,남,68세,중상
2016092600100164,2016년 9월 26일 10시,월요일,부산광역시 금정구 두구동,경상사고,0,0,1,0,차대차 - 측면직각충돌,안전거리미확보,건조,맑음,단일로 - 기타,화물,남,32세,상해없음,승용,남,68세,상해없음
2016092600100221,2016년 9월 26일 12시,월요일,부산광역시 동구 범일동,경상사고,0,0,1,0,차대차 - 측면직각충돌,안전거리미확보,건조,맑음,교차로 - 교차로안,화물,남,43세,상해없음,승용,남,33세,경상
2016092600100222,2016년 9월 26일 12시,월요일,부산광역시 서구 서대신동3가,중상사고,0,1,0,0,차대차 - 측면직각충돌,중앙선침범,건조,맑음,단일로 - 기타,승용,남,54세,상해없음,화물,남,51세,중상
2016092600100223,2016년 9월 26일 12시,월요일,부산광역시 사상구 괘법동,경상사고,0,0,1,0,차대차 - 측면충돌,신호위반,건조,맑음,교차로 - 교차로안,승용,남,29세,상해없음,승용,남,31세,경상
2016092600100255,2016년 9월 26일 13시,월요일,부산광역시 해운대구 석대동,경상사고,0,0,2,0,차대차 - 측면직각충돌,안전운전불이행,건조,맑음,교차로 - 교차로부근,화물,여,46세,기타불명,승용,남,40세,경상
2016092600100256,2016년 9월 26일 13시,월요일,부산광역시 부산진구 범천동,경상사고,0,0,1,0,차대사람 - 길가장자리구역통행중,안전운전불이행,건조,맑음,단일로 - 기타,화물,남,55세,상해없음,보행자,여,53세,경상
2016092600100299,2016년 9월 26일 14시,월요일,부산광역시 사상구 모라동,중상사고,0,2,1,0,차대차 - 추돌,안전운전불이행,건조,맑음,단일로 - 기타,화물,남,24세,중상,화물,남,24세,경상
2016092600100379,2016년 9월 26일 16시,월요일,부산광역시 영도구 남항동1가,경상사고,0,0,1,0,차대차 - 측면직각충돌,안전운전불이행,건조,맑음,단일로 - 기타,자전거,남,77세,경상,승용,남,33세,상해없음
2016092600100453,2016년 9월 26일 18시,월요일,부산광역시 금정구 구서동,중상사고,0,1,0,0,차대사람 - 횡단중,교차로운행방법위반,건조,맑음,교차로 - 교차로안,승용,여,61세,상해없음,보행자,남,77세,중상
2016092600100454,2016년 9월 26일 18시,월요일,부산광역시 사상구 엄궁동,경상사고,0,0,1,0,차대차 - 측면직각충돌,교차로운행방법위반,건조,맑음,교차로 - 교차로안,원동기,남,67세,기타불명,원동기,남,18세,경상
2016092600100494,2016년 9월 26일 19시,월요일,부산광역시 남구 대연동,경상사고,0,0,1,0,차대차 - 추돌,안전거리미확보,건조,맑음,단일로 - 기타,승용,여,40세,상해없음,승용,남,51세,경상
2016092600100496,2016년 9월 26일 19시,월요일,부산광역시 금정구 서동,경상사고,0,0,1,0,차대차 - 측면충돌,기타,건조,맑음,단일로 - 기타,승용,남,68세,상해없음,원동기,남,18세,경상
2016092600100497,2016년 9월 26일 19시,월요일,부산광역시 강서구 녹산동,중상사고,0,1,0,0,차대차 - 추돌,안전운전불이행,건조,맑음,단일로 - 기타,승용,남,50세,상해없음,승용,남,60세,중상
2016092700100045,2016년 9월 27일 05시,화요일,부산광역시 사하구 하단동,중상사고,0,1,0,0,차대차 - 정면충돌,중앙선침범,건조,맑음,단일로 - 기타,원동기,남,67세,중상,승용,남,59세,상해없음
2016092700100099,2016년 9월 27일 08시,화요일,부산광역시 동래구 낙민동,중상사고,0,3,4,0,차대차 - 추돌,안전운전불이행,건조,맑음,단일로 - 기타,화물,남,43세,상해없음,승용,남,42세,경상
2016092700100100,2016년 9월 27일 08시,화요일,부산광역시 강서구 명지동,경상사고,0,0,1,0,차대차 - 추돌,안전운전불이행,습기,흐림,단일로 - 기타,승합,남,43세,상해없음,화물,남,61세,상해없음
2016092700100101,2016년 9월 27일 08시,화요일,부산광역시 기장군 장안읍,중상사고,0,2,1,0,차대차 - 추돌,안전운전불이행,건조,맑음,단일로 - 기타,승용,여,21세,중상,농기계,남,75세,중상
2016092700100135,2016년 9월 27일 09시,화요일,부산광역시 동래구 명륜동,경상사고,0,0,1,0,차대사람 - 기타,기타,건조,맑음,단일로 - 기타,승합,남,55세,상해없음,보행자,남,59세,경상
2016092700100177,2016년 9월 27일 10시,화요일,부산광역시 부산진구 당감동,중상사고,0,2,0,0,차대차 - 측면직각충돌,교차로운행방법위반,습기,비,교차로 - 교차로안,승용,여,34세,상해없음,승용,남,52세,중상
2016092700100178,2016년 9월 27일 10시,화요일,부산광역시 사상구 모라동,부상신고사고,0,0,0,1,차대차 - 측면직각충돌,안전운전불이행,건조,맑음,단일로 - 기타,승용,남,65세,상해없음,이륜,남,39세,부상신고
2016092700100214,2016년 9월 27일 11시,화요일,부산광역시 영도구 동삼동,경상사고,0,0,1,0,차량단독 - 전도전복,안전운전불이행,건조,맑음,교차로 - 교차로부근,이륜,남,52세,경상,,,,
2016092700100242,2016년 9월 27일 12시,화요일,부산광역시 동래구 명륜동,중상사고,0,1,1,0,차대차 - 측면직각충돌,신호위반,건조,맑음,교차로 - 교차로안,원동기,남,60세,상해없음,원동기,남,22세,경상
2016092700100243,2016년 9월 27일 12시,화요일,부산광역시 사상구 학장동,중상사고,0,1,0,0,차대사람 - 횡단중,신호위반,건조,맑음,단일로 - 기타,승용,여,40세,상해없음,보행자,여,51세,중상
2016092700100280,2016년 9월 27일 13시,화요일,부산광역시 북구 구포동,경상사고,0,0,3,0,차대차 - 추돌,안전거리미확보,건조,맑음,단일로 - 기타,승용,남,66세,상해없음,승용,남,74세,상해없음
2016092700100281,2016년 9월 27일 13시,화요일,부산광역시 부산진구 가야동,경상사고,0,0,1,0,차대사람 - 횡단중,보행자보호의무위반,건조,맑음,단일로 - 횡단보도상,승용,남,55세,상해없음,보행자,여,7세,경상
2016092700100282,2016년 9월 27일 13시,화요일,부산광역시 사하구 신평동,경상사고,0,0,1,0,차대사람 - 횡단중,보행자보호의무위반,건조,맑음,교차로 - 교차로안,승용,남,34세,상해없음,보행자,남,61세,경상
2016092700100326,2016년 9월 27일 14시,화요일,부산광역시 부산진구 양정동,부상신고사고,0,0,0,1,차대차 - 추돌,안전운전불이행,건조,맑음,단일로 - 기타,이륜,남,17세,부상신고,승용,남,53세,상해없음
2016092700100349,2016년 9월 27일 15시,화요일,부산광역시 남구 용당동,경상사고,0,0,1,0,차대차 - 측면직각충돌,교차로운행방법위반,건조,맑음,교차로 - 교차로안,승용,남,66세,상해없음,승용,여,64세,경상
2016092700100350,2016년 9월 27일 15시,화요일,부산광역시 동래구 안락동,경상사고,0,0,1,0,차대차 - 측면직각충돌,차로위반,건조,맑음,단일로 - 기타,자전거,남,65세,상해없음,자전거,남,45세,경상
2016092700100394,2016년 9월 27일 16시,화요일,부산광역시 남구 대연동,경상사고,0,0,3,0,차대차 - 추돌,안전운전불이행,건조,맑음,단일로 - 터널,승용,남,48세,상해없음,화물,남,57세,경상
2016092700100395,2016년 9월 27일 16시,화요일,부산광역시 해운대구 재송동,경상사고,0,0,1,0,차량단독 - 기타,안전운전불이행,건조,맑음,단일로 - 기타,승합,남,47세,상해없음,,,,
2016092700100442,2016년 9월 27일 17시,화요일,부산광역시 금정구 서동,중상사고,0,1,1,0,차대차 - 측면직각충돌,직진우회전진행방해,건조,맑음,교차로 - 교차로안,승용,남,35세,상해없음,원동기,남,19세,경상
2016092700100497,2016년 9월 27일 18시,화요일,부산광역시 남구 문현동,중상사고,0,1,0,0,차대사람 - 차도통행중,안전운전불이행,건조,맑음,단일로 - 기타,승용,남,57세,상해없음,보행자,여,72세,중상
2016092700100498,2016년 9월 27일 18시,화요일,부산광역시 사상구 감전동,중상사고,0,2,0,1,차대차 - 정면충돌,신호위반,건조,맑음,교차로 - 교차로안,승용,남,60세,부상신고,승용,여,40세,중상
2016092700100547,2016년 9월 27일 19시,화요일,부산광역시 금정구 금사동,경상사고,0,0,1,0,차대차 - 추돌,안전거리미확보,건조,맑음,교차로 - 교차로부근,승용,남,56세,상해없음,승용,남,53세,경상
2016092700100548,2016년 9월 27일 19시,화요일,부산광역시 사하구 하단동,사망사고,1,0,0,0,차량단독 - 공작물충돌,안전운전불이행,습기,비,기타 - 기타,원동기,남,60세,사망,,,,
2016092700100549,2016년 9월 27일 19시,화요일,부산광역시 사상구 괘법동,경상사고,0,0,1,0,차대차 - 측면직각충돌,차로위반,습기,흐림,단일로 - 기타,자전거,여,27세,경상,승용,남,28세,상해없음
2016092700100550,2016년 9월 27일 19시,화요일,부산광역시 기장군 정관읍,중상사고,0,1,0,0,차대차 - 기타,안전운전불이행,건조,맑음,교차로 - 교차로안,승용,여,37세,상해없음,자전거,남,13세,중상
2016092700100551,2016년 9월 27일 19시,화요일,부산광역시 기장군 일광면,경상사고,0,0,2,0,차대차 - 추돌,교차로운행방법위반,건조,맑음,교차로 - 교차로안,승용,남,47세,상해없음,승용,남,40세,경상
2016092700100585,2016년 9월 27일 20시,화요일,부산광역시 남구 문현동,중상사고,0,1,0,0,차대사람 - 차도통행중,안전운전불이행,습기,비,단일로 - 기타,승용,남,27세,상해없음,보행자,여,42세,중상
2016092700100586,2016년 9월 27일 20시,화요일,부산광역시 부산진구 가야동,경상사고,0,0,3,0,차대차 - 측면충돌,안전운전불이행,습기,비,단일로 - 기타,승용,남,22세,상해없음,승용,남,55세,경상
2016092700100587,2016년 9월 27일 20시,화요일,부산광역시 부산진구 개금동,중상사고,0,1,0,0,차대차 - 기타,신호위반,습기,비,교차로 - 교차로안,승용,남,66세,상해없음,이륜,남,30세,중상
2016092700100628,2016년 9월 27일 21시,화요일,부산광역시 동래구 낙민동,경상사고,0,0,1,0,차대차 - 측면직각충돌,차로위반,건조,맑음,단일로 - 기타,승용,남,61세,상해없음,승용,남,27세,경상
2016092700100629,2016년 9월 27일 21시,화요일,부산광역시 해운대구 반송동,경상사고,0,0,1,0,차대차 - 기타,안전운전불이행,습기,비,단일로 - 기타,화물,남,74세,상해없음,승용,남,49세,경상
2016092700100630,2016년 9월 27일 21시,화요일,부산광역시 부산진구 범천동,중상사고,0,1,1,0,차대차 - 측면직각충돌,교차로운행방법위반,건조,맑음,교차로 - 교차로안,승용,남,50세,상해없음,승용,남,67세,상해없음
2016092700100631,2016년 9월 27일 21시,화요일,부산광역시 기장군 기장읍,경상사고,0,0,1,1,차대차 - 기타,신호위반,습기,비,교차로 - 교차로부근,승용,여,55세,경상,승용,남,60세,부상신고
2016092700100672,2016년 9월 27일 22시,화요일,부산광역시 남구 감만동,중상사고,0,1,0,0,차대차 - 추돌,안전운전불이행,습기,비,교차로 - 교차로안,이륜,남,16세,중상,승용,남,59세,상해없음
2016092700100673,2016년 9월 27일 22시,화요일,부산광역시 북구 만덕동,경상사고,0,0,2,1,차대차 - 추돌,안전운전불이행,습기,비,교차로 - 교차로부근,승용,남,31세,상해없음,승용,남,29세,경상
2016092700100674,2016년 9월 27일 22시,화요일,부산광역시 사상구 감전동,경상사고,0,0,2,0,차대차 - 측면충돌,신호위반,습기,비,교차로 - 교차로안,승용,남,24세,상해없음,승용,남,63세,경상
2016092700100706,2016년 9월 27일 23시,화요일,부산광역시 해운대구 좌동,경상사고,0,0,1,0,차대사람 - 횡단중,신호위반,습기,비,교차로 - 교차로부근,승용,여,30세,상해없음,보행자,남,58세,경상
2016092700100707,2016년 9월 27일 23시,화요일,부산광역시 금정구 노포동,중상사고,0,1,0,0,차대사람 - 기타,안전운전불이행,건조,맑음,단일로 - 기타,승합,남,55세,상해없음,보행자,남,46세,중상
2016092800100007,2016년 9월 28일 00시,수요일,부산광역시 중구 중앙동4가,경상사고,0,0,1,0,차대차 - 기타,안전운전불이행,습기,비,미분류 - 미분류,승용,남,29세,상해없음,승용,남,30세,경상
2016092800100008,2016년 9월 28일 00시,수요일,부산광역시 해운대구 재송동,경상사고,0,0,1,0,차대사람 - 기타,안전운전불이행,습기,비,교차로 - 교차로안,승합,남,42세,상해없음,보행자,남,56세,경상
2016092800100009,2016년 9월 28일 00시,수요일,부산광역시 사상구 엄궁동,경상사고,0,0,2,0,차대차 - 측면직각충돌,안전운전불이행,습기,비,단일로 - 기타,승용,남,35세,상해없음,화물,남,55세,경상
2016092800100032,2016년 9월 28일 01시,수요일,부산광역시 부산진구 전포동,중상사고,0,1,0,0,차대사람 - 기타,안전운전불이행,건조,맑음,단일로 - 기타,승용,남,59세,상해없음,보행자,남,22세,중상
2016092800100042,2016년 9월 28일 02시,수요일,부산광역시 서구 서대신동1가,경상사고,0,0,1,0,차량단독 - 기타,안전운전불이행,습기,비,단일로 - 터널,승용,남,44세,상해없음,,,,
2016092800100043,2016년 9월 28일 02시,수요일,부산광역시 수영구 수영동,중상사고,0,1,0,0,차대차 - 추돌,안전운전불이행,습기,비,단일로 - 교량,승용,남,67세,상해없음,승합,남,58세,중상
2016092800100044,2016년 9월 28일 02시,수요일,부산광역시 사상구 감전동,중상사고,0,2,2,0,차대차 - 추돌,안전운전불이행,습기,맑음,단일로 - 기타,승용,남,34세,경상,승용,남,56세,중상
2016092800100060,2016년 9월 28일 03시,수요일,부산광역시 서구 서대신동1가,경상사고,0,0,3,0,차량단독 - 기타,안전운전불이행,습기,비,단일로 - 기타,승용,남,62세,상해없음,,,,
2016092800100085,2016년 9월 28일 06시,수요일,부산광역시 강서구 명지동,경상사고,0,0,1,0,차대차 - 측면직각충돌,안전거리미확보,건조,맑음,단일로 - 기타,승용,남,23세,상해없음,승용,남,32세,상해없음
2016092800100086,2016년 9월 28일 06시,수요일,부산광역시 기장군 일광면,중상사고,0,1,0,0,차대차 - 추돌,안전운전불이행,건조,맑음,단일로 - 교량,화물,남,53세,상해없음,건설기계,남,64세,상해없음
2016092800100106,2016년 9월 28일 07시,수요일,부산광역시 서구 암남동,중상사고,0,1,0,0,차대차 - 측면직각충돌,안전운전불이행,건조,맑음,단일로 - 기타,화물,남,64세,상해없음,화물,남,53세,중상
2016092800100107,2016년 9월 28일 07시,수요일,부산광역시 해운대구 좌동,경상사고,0,0,2,0,차대차 - 기타,교차로운행방법위반,건조,맑음,교차로 - 교차로부근,승용,남,60세,상해없음,승용,남,30세,경상
2016092800100108,2016년 9월 28일 07시,수요일,부산광역시 사하구 장림동,경상사고,0,0,1,0,차대차 - 추돌,안전거리미확보,습기,비,기타 - 기타,승용,남,70세,상해없음,승용,남,25세,경상
2016092800100135,2016년 9월 28일 08시,수요일,부산광역시 동구 범일동,경상사고,0,0,2,1,차대차 - 기타,안전거리미확보,습기,비,단일로 - 기타,승용,남,28세,상해없음,승용,남,24세,경상
2016092800100136,2016년 9월 28일 08시,수요일,부산광역시 해운대구 우동,경상사고,0,0,2,0,차대차 - 추돌,안전거리미확보,습기,비,단일로 - 교량,승용,남,35세,상해없음,승용,여,37세,상해없음
2016092800100169,2016년 9월 28일 09시,수요일,부산광역시 부산진구 초읍동,경상사고,0,0,2,0,차대차 - 측면직각충돌,직진우회전진행방해,건조,흐림,교차로 - 교차로안,승용,남,64세,상해없음,승용,여,24세,경상
2016092800100197,2016년 9월 28일 10시,수요일,부산광역시 동구 좌천동,경상사고,0,0,1,0,차대사람 - 보도통행중,기타,건조,맑음,단일로 - 기타,승용,남,24세,상해없음,보행자,남,75세,경상
2016092800100219,2016년 9월 28일 11시,수요일,부산광역시 동구 초량동,경상사고,0,0,1,0,차대차 - 기타,안전운전불이행,습기,비,단일로 - 기타,승용,남,60세,기타불명,승용,남,34세,경상
2016092800100220,2016년 9월 28일 11시,수요일,부산광역시 금정구 서동,부상신고사고,0,0,0,1,차대차 - 측면직각충돌,중앙선침범,습기,비,교차로 - 교차로안,자전거,남,74세,부상신고,화물,남,53세,상해없음
2016092800100254,2016년 9월 28일 12시,수요일,부산광역시 동래구 온천동,중상사고,0,3,1,0,차대차 - 측면직각충돌,중앙선침범,습기,비,단일로 - 기타,화물,남,27세,상해없음,승합,남,30세,경상
2016092800100277,2016년 9월 28일 13시,수요일,부산광역시 부산진구 가야동,경상사고,0,0,2,0,차대차 - 측면직각충돌,안전운전불이행,습기,비,단일로 - 기타,승용,여,38세,상해없음,승용,남,44세,경상
2016092800100301,2016년 9월 28일 14시,수요일,부산광역시 금정구 장전동,중상사고,0,1,0,0,차대차 - 추돌,안전운전불이행,습기,비,교차로 - 교차로부근,승용,남,53세,상해없음,승용,남,66세,상해없음
2016092800100302,2016년 9월 28일 14시,수요일,부산광역시 사하구 당리동,경상사고,0,0,1,0,차대차 - 측면충돌,안전거리미확보,습기,비,단일로 - 기타,승용,남,36세,상해없음,원동기,남,25세,경상
2016092800100335,2016년 9월 28일 15시,수요일,부산광역시 수영구 남천동,경상사고,0,0,1,0,차량단독 - 기타,안전운전불이행,습기,비,교차로 - 교차로안,이륜,남,46세,경상,,,,
2016092800100336,2016년 9월 28일 15시,수요일,부산광역시 해운대구 반송동,중상사고,0,1,0,0,차대사람 - 기타,안전운전불이행,건조,맑음,단일로 - 기타,화물,남,28세,상해없음,보행자,남,47세,중상
2016092800100337,2016년 9월 28일 15시,수요일,부산광역시 사하구 신평동,경상사고,0,0,1,0,차대차 - 기타,신호위반,습기,비,교차로 - 교차로안,승용,여,42세,상해없음,승용,남,69세,경상
2016092800100379,2016년 9월 28일 16시,수요일,부산광역시 북구 금곡동,경상사고,0,0,1,0,차대차 - 추돌,안전운전불이행,습기,비,기타 - 기타,화물,남,55세,상해없음,승용,남,49세,경상
2016092800100380,2016년 9월 28일 16시,수요일,부산광역시 기장군 철마면,부상신고사고,0,0,0,1,차대차 - 추돌,안전운전불이행,건조,맑음,단일로 - 기타,승용,여,21세,상해없음,승용,남,29세,부상신고
2016092800100410,2016년 9월 28일 17시,수요일,부산광역시 남구 용호동,중상사고,0,1,0,0,차대차 - 기타,교차로운행방법위반,습기,비,교차로 - 교차로부근,승용,남,58세,상해없음,이륜,남,39세,중상
2016092800100411,2016년 9월 28일 17시,수요일,부산광역시 해운대구 반송동,경상사고,0,0,1,0,차대차 - 추돌,안전거리미확보,습기,비,단일로 - 기타,승용,여,68세,상해없음,이륜,남,19세,경상
2016092800100412,2016년 9월 28일 17시,수요일,부산광역시 부산진구 부전동,중상사고,0,1,0,0,차대차 - 기타,안전운전불이행,습기,비,단일로 - 기타,승용,남,54세,상해없음,승용,여,35세,상해없음
2016092800100413,2016년 9월 28일 17시,수요일,부산광역시 연제구 연산동,중상사고,0,1,0,0,차대사람 - 기타,안전운전불이행,습기,비,단일로 - 기타,승용,남,56세,상해없음,보행자,남,73세,중상
2016092800100506,2016년 9월 28일 19시,수요일,부산광역시 남구 우암동,부상신고사고,0,0,0,1,차대차 - 측면직각충돌,교차로운행방법위반,건조,맑음,교차로 - 교차로안,승용,여,50세,상해없음,원동기,남,31세,부상신고
2016092800100507,2016년 9월 28일 19시,수요일,부산광역시 북구 구포동,중상사고,0,1,0,0,차대사람 - 횡단중,보행자보호의무위반,습기,비,단일로 - 횡단보도상,화물,남,34세,상해없음,보행자,여,63세,중상
2016092800100509,2016년 9월 28일 19시,수요일,부산광역시 부산진구 가야동,중상사고,0,1,0,0,차대차 - 추돌,신호위반,습기,비,교차로 - 교차로안,승용,남,21세,상해없음,이륜,남,19세,중상
2016092800100542,2016년 9월 28일 20시,수요일,부산광역시 서구 동대신동1가,중상사고,0,1,0,0,차대차 - 추돌,안전운전불이행,습기,비,교차로 - 교차로부근,화물,남,34세,상해없음,승용,여,43세,중상
2016092800100583,2016년 9월 28일 21시,수요일,부산광역시 동구 수정동,중상사고,0,1,0,0,차대사람 - 기타,안전운전불이행,습기,비,기타 - 기타,화물,남,49세,상해없음,보행자,여,52세,중상
2016092800100584,2016년 9월 28일 21시,수요일,부산광역시 동래구 온천동,중상사고,0,5,2,0,차대차 - 추돌,안전운전불이행,습기,비,단일로 - 기타,승용,남,59세,상해없음,승용,남,38세,중상
2016092800100585,2016년 9월 28일 21시,수요일,부산광역시 동래구 사직동,경상사고,0,0,1,0,차대사람 - 횡단중,보행자보호의무위반,습기,비,단일로 - 횡단보도상,승용,기타불명,기타불명,기타불명,보행자,여,16세,경상
2016092800100586,2016년 9월 28일 21시,수요일,부산광역시 부산진구 개금동,경상사고,0,0,1,0,차대차 - 기타,교차로운행방법위반,습기,비,단일로 - 기타,승용,여,39세,상해없음,이륜,남,54세,경상
2016092800100587,2016년 9월 28일 21시,수요일,부산광역시 금정구 남산동,경상사고,0,0,1,0,차대사람 - 횡단중,안전운전불이행,습기,비,교차로 - 교차로부근,원동기,남,22세,상해없음,보행자,여,73세,경상
2016092800100617,2016년 9월 28일 22시,수요일,부산광역시 금정구 부곡동,중상사고,0,1,0,1,차대사람 - 횡단중,안전운전불이행,습기,비,단일로 - 기타,이륜,남,18세,부상신고,보행자,남,60세,중상
2016092800100618,2016년 9월 28일 22시,수요일,부산광역시 사하구 다대동,경상사고,0,0,1,0,차대사람 - 횡단중,신호위반,습기,비,단일로 - 횡단보도상,이륜,남,25세,상해없음,보행자,여,29세,경상
2016092800100645,2016년 9월 28일 23시,수요일,부산광역시 동래구 사직동,중상사고,0,1,0,0,차대사람 - 횡단중,신호위반,습기,비,단일로 - 횡단보도상,승용,남,56세,상해없음,보행자,여,30세,중상
2016092900100003,2016년 9월 29일 00시,목요일,부산광역시 연제구 거제동,중상사고,0,1,1,0,차대차 - 측면직각충돌,신호위반,습기,비,교차로 - 교차로안,화물,남,60세,상해없음,승용,남,58세,경상
2016092900100043,2016년 9월 29일 03시,목요일,부산광역시 부산진구 부전동,중상사고,0,1,0,0,차대차 - 추돌,안전운전불이행,습기,비,교차로 - 교차로안,승합,남,62세,상해없음,원동기,여,54세,중상
2016092900100053,2016년 9월 29일 04시,목요일,부산광역시 부산진구 부전동,경상사고,0,0,1,0,차대차 - 측면직각충돌,신호위반,습기,비,교차로 - 교차로안,승용,여,60세,상해없음,승용,남,66세,경상
2016092900100055,2016년 9월 29일 04시,목요일,부산광역시 사상구 괘법동,경상사고,0,0,2,0,차대차 - 추돌,안전운전불이행,습기,비,단일로 - 기타,승용,남,32세,상해없음,승용,남,75세,경상
2016092900100085,2016년 9월 29일 06시,목요일,부산광역시 동구 범일동,중상사고,0,1,0,0,차대사람 - 횡단중,신호위반,건조,맑음,단일로 - 횡단보도상,승용,남,30세,상해없음,보행자,여,24세,중상
2016092900100108,2016년 9월 29일 07시,목요일,부산광역시 부산진구 개금동,경상사고,0,0,1,0,차대사람 - 기타,안전운전불이행,건조,맑음,교차로 - 교차로안,승용,여,49세,상해없음,보행자,남,30세,경상
2016092900100109,2016년 9월 29일 07시,목요일,부산광역시 강서구 대저1동,중상사고,0,1,0,0,차대차 - 측면충돌,안전운전불이행,습기,비,단일로 - 기타,화물,남,39세,상해없음,이륜,남,61세,중상
2016092900100125,2016년 9월 29일 08시,목요일,부산광역시 수영구 망미동,중상사고,0,1,0,0,차대차 - 기타,안전운전불이행,습기,비,교차로 - 교차로안,승용,여,57세,상해없음,자전거,남,64세,중상
2016092900100126,2016년 9월 29일 08시,목요일,부산광역시 부산진구 가야동,중상사고,0,1,0,0,차대차 - 기타,안전거리미확보,습기,비,교차로 - 교차로부근,승용,남,37세,상해없음,원동기,남,60세,상해없음
2016092900100127,2016년 9월 29일 08시,목요일,부산광역시 사하구 장림동,경상사고,0,0,1,0,차대차 - 측면충돌,교차로운행방법위반,건조,맑음,단일로 - 기타,승용,남,21세,상해없음,이륜,여,56세,경상
2016092900100128,2016년 9월 29일 08시,목요일,부산광역시 사하구 다대동,경상사고,0,0,3,1,차대차 - 측면직각충돌,안전거리미확보,습기,비,단일로 - 기타,승용,여,35세,부상신고,승용,남,37세,경상
2016092900100173,2016년 9월 29일 09시,목요일,부산광역시 사상구 삼락동,중상사고,0,1,0,0,차대차 - 추돌,안전거리미확보,건조,맑음,교차로 - 교차로부근,화물,남,55세,상해없음,화물,남,50세,중상
2016092900100208,2016년 9월 29일 10시,목요일,부산광역시 부산진구 양정동,경상사고,0,0,1,0,차대차 - 측면직각충돌,안전운전불이행,습기,비,교차로 - 교차로부근,승용,기타불명,기타불명,기타불명,승용,여,68세,경상
2016092900100209,2016년 9월 29일 10시,목요일,부산광역시 사하구 감천동,경상사고,0,0,3,0,차대차 - 기타,교차로운행방법위반,건조,맑음,교차로 - 교차로부근,승용,남,54세,상해없음,승합,남,56세,상해없음
2016092900100271,2016년 9월 29일 12시,목요일,부산광역시 북구 만덕동,경상사고,0,0,1,0,차대차 - 추돌,안전운전불이행,건조,맑음,교차로 - 교차로부근,승합,남,64세,상해없음,승용,여,53세,상해없음
2016092900100272,2016년 9월 29일 12시,목요일,부산광역시 사하구 장림동,경상사고,0,0,1,0,차대차 - 측면충돌,교차로운행방법위반,건조,맑음,교차로 - 교차로안,화물,남,44세,상해없음,승용,여,29세,경상
2016092900100302,2016년 9월 29일 13시,목요일,부산광역시 동래구 온천동,경상사고,0,0,1,2,차대차 - 측면직각충돌,안전운전불이행,습기,비,교차로 - 교차로부근,화물,남,41세,상해없음,승합,남,69세,상해없음
2016092900100303,2016년 9월 29일 13시,목요일,부산광역시 동래구 사직동,부상신고사고,0,0,0,1,차대사람 - 기타,기타,건조,맑음,단일로 - 기타,승합,기타불명,기타불명,기타불명,보행자,남,23세,부상신고
2016092900100304,2016년 9월 29일 13시,목요일,부산광역시 연제구 거제동,경상사고,0,0,2,0,차대차 - 추돌,안전운전불이행,습기,비,단일로 - 기타,승용,남,34세,상해없음,승용,남,31세,경상
2016092900100331,2016년 9월 29일 14시,목요일,부산광역시 부산진구 전포동,중상사고,0,1,0,0,차대사람 - 횡단중,보행자보호의무위반,습기,비,단일로 - 기타,이륜,기타불명,기타불명,기타불명,보행자,여,40세,중상
2016092900100332,2016년 9월 29일 14시,목요일,부산광역시 연제구 연산동,경상사고,0,0,2,0,차대차 - 기타,안전운전불이행,건조,맑음,교차로 - 교차로부근,승용,여,54세,상해없음,승용,남,64세,경상
2016092900100368,2016년 9월 29일 15시,목요일,부산광역시 남구 감만동,경상사고,0,0,1,0,차대사람 - 횡단중,신호위반,습기,비,교차로 - 교차로부근,승용,남,62세,기타불명,보행자,여,20세,경상
2016092900100369,2016년 9월 29일 15시,목요일,부산광역시 사하구 괴정동,중상사고,0,1,0,0,차대사람 - 기타,안전운전불이행,건조,맑음,단일로 - 기타,건설기계,남,57세,상해없음,보행자,남,44세,중상
2016092900100408,2016년 9월 29일 16시,목요일,부산광역시 서구 동대신동2가,중상사고,0,1,0,0,차량단독 - 전도전복,안전운전불이행,습기,흐림,단일로 - 기타,이륜,남,44세,중상,,,,
2016092900100409,2016년 9월 29일 16시,목요일,부산광역시 서구 암남동,경상사고,0,0,1,0,차대차 - 측면충돌,안전운전불이행,습기,흐림,단일로 - 기타,이륜,남,51세,경상,승합,남,61세,상해없음
2016092900100410,2016년 9월 29일 16시,목요일,부산광역시 사하구 괴정동,경상사고,0,0,1,0,차대사람 - 기타,안전운전불이행,건조,맑음,단일로 - 기타,화물,남,41세,상해없음,보행자,여,64세,경상
2016092900100472,2016년 9월 29일 18시,목요일,부산광역시 사하구 장림동,부상신고사고,0,0,0,1,차대차 - 측면직각충돌,안전운전불이행,건조,맑음,단일로 - 기타,승용,남,30세,상해없음,이륜,남,20세,부상신고
2016092900100473,2016년 9월 29일 18시,목요일,부산광역시 사하구 장림동,중상사고,0,1,0,0,차대사람 - 횡단중,안전운전불이행,습기,비,단일로 - 기타,승용,여,38세,상해없음,보행자,여,59세,중상