사고번호,사고일시,요일,시군구,사고내용,사망자수,중상자수,경상자수,부상신고자수,사고유형,법규위반,노면상태,기상상태,도로형태,가해운전자 차종,가해운전자 성별,가해운전자 연령,가해운전자 상해정도,피해운전자 차종,피해운전자 성별,피해운전자 연령,피해운전자 상해정도
2016100600100583,2016년 10월 6일 20시,목요일,부산광역시 사하구 신평동,경상사고,0,0,1,1,차대차 - 기타,안전운전불이행,건조,맑음,단일로 - 기타,이륜,남,17세,부상신고,승용,여,23세,경상
2016100600100622,2016년 10월 6일 21시,목요일,부산광역시 영도구 봉래동1가,중상사고,0,1,0,0,차대사람 - 기타,안전운전불이행,건조,맑음,기타 - 기타,승용,남,51세,상해없음,보행자,남,14세,중상
2016100700100055,2016년 10월 7일 05시,금요일,부산광역시 남구 대연동,경상사고,0,0,1,0,차대차 - 측면직각충돌,차로위반,건조,맑음,단일로 - 기타,승용,남,62세,상해없음,승용,여,51세,경상
2016100700100074,2016년 10월 7일 06시,금요일,부산광역시 부산진구 양정동,사망사고,1,0,0,0,차대차 - 측면직각충돌,안전운전불이행,건조,맑음,단일로 - 기타,화물,남,58세,상해없음,자전거,남,77세,사망
2016100700100090,2016년 10월 7일 07시,금요일,부산광역시 북구 만덕동,중상사고,0,1,3,0,차대차 - 추돌,안전거리미확보,건조,맑음,단일로 - 기타,승용,남,37세,경상,화물,남,37세,경상
2016100700100091,2016년 10월 7일 07시,금요일,부산광역시 강서구 대저2동,중상사고,0,1,0,0,차대차 - 측면직각충돌,안전거리미확보,건조,맑음,교차로 - 교차로안,승합,남,79세,상해없음,승용,남,59세,중상
2016100700100092,2016년 10월 7일 07시,금요일,부산광역시 사상구 학장동,경상사고,0,0,1,0,차량단독 - 기타,안전운전불이행,건조,맑음,단일로 - 기타,승합,남,53세,상해없음,,,,
2016100700100124,2016년 10월 7일 08시,금요일,부산광역시 부산진구 전포동,중상사고,0,2,0,0,차대차 - 기타,불법유턴,건조,맑음,단일로 - 기타,화물,남,50세,상해없음,승용,여,59세,중상
2016100700100125,2016년 10월 7일 08시,금요일,부산광역시 금정구 부곡동,중상사고,0,1,0,0,차대사람 - 횡단중,기타,건조,맑음,교차로 - 교차로안,승용,남,41세,상해없음,보행자,남,78세,중상
2016100700100166,2016년 10월 7일 09시,금요일,부산광역시 금정구 구서동,중상사고,0,1,0,0,차대사람 - 횡단중,안전운전불이행,건조,맑음,단일로 - 기타,승용,남,54세,상해없음,보행자,남,67세,중상
2016100700100167,2016년 10월 7일 09시,금요일,부산광역시 강서구 대저2동,중상사고,0,1,0,0,차대차 - 측면직각충돌,안전운전불이행,건조,맑음,교차로 - 교차로안,화물,남,55세,상해없음,이륜,여,49세,중상
2016100700100168,2016년 10월 7일 09시,금요일,부산광역시 강서구 송정동,중상사고,0,1,0,0,차대차 - 측면직각충돌,신호위반,건조,맑음,교차로 - 교차로안,화물,남,59세,상해없음,승용,여,67세,중상
2016100700100203,2016년 10월 7일 10시,금요일,부산광역시 부산진구 전포동,중상사고,0,1,0,0,차대사람 - 횡단중,안전운전불이행,건조,맑음,단일로 - 기타,이륜,남,65세,상해없음,보행자,여,65세,중상
2016100700100273,2016년 10월 7일 12시,금요일,부산광역시 금정구 남산동,경상사고,0,0,1,0,차대차 - 기타,직진우회전진행방해,건조,맑음,교차로 - 교차로안,승용,남,61세,상해없음,원동기,여,47세,경상
2016100700100329,2016년 10월 7일 14시,금요일,부산광역시 수영구 광안동,경상사고,0,0,1,0,차대차 - 측면직각충돌,안전운전불이행,건조,맑음,단일로 - 기타,승용,남,41세,상해없음,이륜,남,48세,경상
2016100700100330,2016년 10월 7일 14시,금요일,부산광역시 금정구 장전동,경상사고,0,0,1,0,차대차 - 기타,직진우회전진행방해,건조,맑음,교차로 - 교차로안,승용,여,54세,상해없음,화물,남,57세,경상
2016100700100366,2016년 10월 7일 15시,금요일,부산광역시 해운대구 송정동,경상사고,0,0,1,0,차대차 - 기타,안전운전불이행,습기,비,교차로 - 교차로부근,승용,기타불명,기타불명,기타불명,승용,여,51세,상해없음
2016100700100367,2016년 10월 7일 15시,금요일,부산광역시 사하구 하단동,경상사고,0,0,1,0,차대사람 - 횡단중,신호위반,건조,맑음,단일로 - 횡단보도상,이륜,남,33세,상해없음,보행자,남,68세,경상
2016100700100411,2016년 10월 7일 16시,금요일,부산광역시 남구 문현동,경상사고,0,0,1,0,차대차 - 기타,안전운전불이행,건조,맑음,교차로 - 교차로안,승용,여,37세,상해없음,자전거,남,58세,경상
2016100700100412,2016년 10월 7일 16시,금요일,부산광역시 부산진구 범천동,경상사고,0,0,1,0,차대차 - 추돌,기타,건조,흐림,단일로 - 기타,화물,남,71세,기타불명,승합,남,53세,경상
2016100700100413,2016년 10월 7일 16시,금요일,부산광역시 강서구 신호동,경상사고,0,0,1,0,차대차 - 측면직각충돌,안전운전불이행,건조,맑음,교차로 - 교차로안,승용,남,33세,상해없음,승용,남,26세,경상
2016100700100414,2016년 10월 7일 16시,금요일,부산광역시 사상구 주례동,부상신고사고,0,0,0,1,차대차 - 측면직각충돌,안전운전불이행,건조,맑음,단일로 - 기타,원동기,남,16세,부상신고,화물,남,46세,상해없음
2016100700100490,2016년 10월 7일 18시,금요일,부산광역시 중구 중앙동3가,경상사고,0,0,1,0,차대사람 - 기타,불법유턴,건조,맑음,단일로 - 기타,승용,남,26세,상해없음,보행자,남,57세,경상
2016100700100576,2016년 10월 7일 19시,금요일,부산광역시 동래구 칠산동,경상사고,0,0,1,1,차대차 - 측면직각충돌,안전운전불이행,습기,비,단일로 - 기타,승용,여,36세,부상신고,승용,여,44세,경상
2016100700100577,2016년 10월 7일 19시,금요일,부산광역시 동래구 온천동,중상사고,0,1,0,0,차대사람 - 기타,안전운전불이행,습기,비,교차로 - 교차로부근,승용,여,45세,상해없음,보행자,남,42세,중상
2016100700100579,2016년 10월 7일 19시,금요일,부산광역시 강서구 죽동동,중상사고,0,1,1,0,차대차 - 정면충돌,신호위반,건조,맑음,교차로 - 교차로안,승용,남,55세,경상,승용,여,31세,중상
2016100700100708,2016년 10월 7일 21시,금요일,부산광역시 기장군 기장읍,경상사고,0,0,2,0,차대사람 - 차도통행중,안전운전불이행,습기,비,단일로 - 기타,승용,남,47세,상해없음,보행자,남,54세,경상
2016100800100011,2016년 10월 8일 00시,토요일,부산광역시 중구 중앙동4가,경상사고,0,0,1,0,차량단독 - 기타,안전운전불이행,습기,비,단일로 - 기타,승용,남,60세,상해없음,,,,
2016100800100012,2016년 10월 8일 00시,토요일,부산광역시 사상구 삼락동,경상사고,0,0,3,1,차대차 - 측면직각충돌,신호위반,습기,맑음,단일로 - 기타,승용,남,41세,상해없음,승용,남,48세,경상
2016100800100013,2016년 10월 8일 00시,토요일,부산광역시 사상구 괘법동,경상사고,0,0,1,2,차대차 - 정면충돌,신호위반,건조,흐림,교차로 - 교차로안,승용,남,52세,부상신고,화물,남,60세,경상
2016100800100063,2016년 10월 8일 01시,토요일,부산광역시 중구 남포동5가,중상사고,0,1,0,0,차대사람 - 차도통행중,안전운전불이행,습기,비,단일로 - 기타,승용,남,56세,기타불명,보행자,남,29세,중상
2016100800100064,2016년 10월 8일 01시,토요일,부산광역시 강서구 생곡동,경상사고,0,0,1,1,차대차 - 기타,안전거리미확보,습기,비,단일로 - 기타,승용,남,61세,경상,승용,남,45세,부상신고
2016100800100094,2016년 10월 8일 02시,토요일,부산광역시 중구 영주동,중상사고,0,1,0,0,차대차 - 정면충돌,중앙선침범,습기,비,미분류 - 미분류,승용,남,52세,상해없음,승용,여,34세,중상
2016100800100095,2016년 10월 8일 02시,토요일,부산광역시 중구 부평동2가,중상사고,0,1,0,0,차대사람 - 차도통행중,안전운전불이행,습기,비,단일로 - 기타,승용,남,46세,상해없음,보행자,남,55세,중상
2016100800100096,2016년 10월 8일 02시,토요일,부산광역시 서구 서대신동2가,중상사고,0,1,0,0,차량단독 - 기타,안전운전불이행,습기,비,단일로 - 터널,승용,남,58세,상해없음,,,,
2016100800100097,2016년 10월 8일 02시,토요일,부산광역시 남구 문현동,경상사고,0,0,2,0,차대차 - 정면충돌,차로위반,습기,비,단일로 - 기타,승용,남,57세,상해없음,승용,남,61세,경상
2016100800100098,2016년 10월 8일 02시,토요일,부산광역시 남구 문현동,중상사고,0,1,0,0,차대차 - 추돌,중앙선침범,건조,맑음,교차로 - 교차로안,승합,남,64세,상해없음,승용,남,56세,중상
2016100800100099,2016년 10월 8일 02시,토요일,부산광역시 부산진구 범전동,중상사고,0,1,0,0,차대사람 - 횡단중,신호위반,습기,비,단일로 - 횡단보도상,이륜,남,33세,상해없음,보행자,여,32세,중상
2016100800100100,2016년 10월 8일 02시,토요일,부산광역시 금정구 장전동,경상사고,0,0,2,0,차대차 - 측면직각충돌,안전운전불이행,습기,비,단일로 - 기타,승용,남,34세,상해없음,승용,남,65세,경상
2016100800100171,2016년 10월 8일 05시,토요일,부산광역시 서구 충무동1가,경상사고,0,0,1,0,차대차 - 측면직각충돌,안전거리미확보,습기,비,단일로 - 기타,화물,남,43세,상해없음,이륜,남,55세,경상
2016100800100173,2016년 10월 8일 05시,토요일,부산광역시 부산진구 부전동,경상사고,0,0,2,1,차대차 - 측면직각충돌,신호위반,습기,비,교차로 - 교차로안,승용,남,28세,상해없음,승용,남,68세,경상
2016100800100210,2016년 10월 8일 07시,토요일,부산광역시 사상구 학장동,중상사고,0,1,0,0,차대사람 - 기타,안전운전불이행,습기,비,단일로 - 기타,화물,남,43세,상해없음,보행자,여,70세,중상
2016100800100228,2016년 10월 8일 08시,토요일,부산광역시 서구 동대신동1가,중상사고,0,1,0,0,차대차 - 기타,교차로운행방법위반,습기,흐림,교차로 - 교차로안,승용,남,57세,상해없음,이륜,남,67세,중상
2016100800100229,2016년 10월 8일 08시,토요일,부산광역시 사하구 하단동,경상사고,0,0,1,0,차대차 - 기타,교차로운행방법위반,습기,비,교차로 - 교차로안,건설기계,남,44세,상해없음,승용,여,49세,경상
2016100800100257,2016년 10월 8일 09시,토요일,부산광역시 강서구 대저2동,중상사고,0,1,0,0,차대차 - 측면충돌,안전운전불이행,습기,비,교차로 - 교차로부근,승용,남,55세,상해없음,화물,남,61세,중상
2016100800100290,2016년 10월 8일 10시,토요일,부산광역시 남구 용호동,중상사고,0,1,0,0,차량단독 - 전도전복,안전운전불이행,습기,비,단일로 - 기타,원동기,남,36세,중상,,,,
2016100800100320,2016년 10월 8일 11시,토요일,부산광역시 해운대구 우동,경상사고,0,0,2,0,차대차 - 측면직각충돌,안전거리미확보,건조,맑음,단일로 - 기타,승용,여,37세,상해없음,승용,남,62세,경상
2016100800100355,2016년 10월 8일 12시,토요일,부산광역시 부산진구 부전동,경상사고,0,0,3,0,차대차 - 측면충돌,안전거리미확보,건조,맑음,단일로 - 기타,승용,남,34세,상해없음,승합,남,60세,경상
2016100800100422,2016년 10월 8일 14시,토요일,부산광역시 연제구 연산동,경상사고,0,0,2,0,차대차 - 추돌,안전운전불이행,건조,맑음,교차로 - 교차로부근,화물,남,62세,상해없음,승용,남,35세,경상
2016100800100423,2016년 10월 8일 14시,토요일,부산광역시 사상구 괘법동,경상사고,0,0,1,0,차대사람 - 횡단중,보행자보호의무위반,습기,맑음,단일로 - 횡단보도상,승용,남,56세,상해없음,보행자,남,18세,경상
2016100800100492,2016년 10월 8일 16시,토요일,부산광역시 동구 초량동,경상사고,0,0,1,0,차대사람 - 기타,중앙선침범,습기,비,단일로 - 기타,승용,여,52세,상해없음,보행자,여,70세,경상
2016100800100493,2016년 10월 8일 16시,토요일,부산광역시 동구 범일동,경상사고,0,0,1,0,차대사람 - 기타,안전운전불이행,습기,비,단일로 - 기타,승용,남,54세,상해없음,보행자,여,25세,경상
2016100800100494,2016년 10월 8일 16시,토요일,부산광역시 북구 덕천동,경상사고,0,0,1,0,차대사람 - 기타,안전운전불이행,습기,비,단일로 - 기타,승용,여,48세,상해없음,보행자,남,60세,경상
2016100800100572,2016년 10월 8일 18시,토요일,부산광역시 중구 영주동,중상사고,0,1,1,0,차대차 - 기타,중앙선침범,습기,비,단일로 - 기타,화물,남,44세,상해없음,승용,남,37세,경상
2016100800100573,2016년 10월 8일 18시,토요일,부산광역시 수영구 광안동,중상사고,0,1,0,0,차대차 - 기타,안전운전불이행,건조,맑음,단일로 - 기타,승용,남,61세,상해없음,자전거,여,55세,중상
2016100800100574,2016년 10월 8일 18시,토요일,부산광역시 부산진구 전포동,경상사고,0,0,1,0,차대차 - 측면직각충돌,안전운전불이행,건조,흐림,교차로 - 교차로부근,승용,남,62세,상해없음,승용,여,26세,상해없음
2016100800100575,2016년 10월 8일 18시,토요일,부산광역시 사하구 당리동,경상사고,0,0,1,0,차대차 - 정면충돌,안전운전불이행,습기,비,교차로 - 교차로안,승용,남,28세,상해없음,승용,남,49세,경상
2016100800100627,2016년 10월 8일 19시,토요일,부산광역시 부산진구 부전동,중상사고,0,1,0,0,차대사람 - 차도통행중,안전운전불이행,건조,맑음,단일로 - 기타,이륜,남,27세,상해없음,보행자,남,62세,중상
2016100800100689,2016년 10월 8일 21시,토요일,부산광역시 동래구 안락동,중상사고,0,1,0,0,차대사람 - 차도통행중,안전운전불이행,습기,흐림,교차로 - 교차로부근,승용,남,45세,상해없음,보행자,남,49세,중상
2016100800100690,2016년 10월 8일 21시,토요일,부산광역시 금정구 구서동,경상사고,0,0,1,0,차대차 - 기타,안전운전불이행,건조,맑음,단일로 - 기타,기타불명,기타불명,기타불명,기타불명,원동기,남,57세,경상
2016100800100713,2016년 10월 8일 22시,토요일,부산광역시 부산진구 부전동,중상사고,0,1,0,0,차대사람 - 기타,안전운전불이행,건조,맑음,단일로 - 기타,화물,남,51세,상해없음,보행자,여,35세,중상
2016100800100714,2016년 10월 8일 22시,토요일,부산광역시 금정구 부곡동,중상사고,0,1,0,0,차대사람 - 길가장자리구역통행중,안전운전불이행,습기,흐림,단일로 - 기타,원동기,남,24세,상해없음,보행자,여,23세,중상
2016100800100715,2016년 10월 8일 22시,토요일,부산광역시 수영구 광안동,중상사고,0,1,0,0,차대사람 - 차도통행중,안전운전불이행,습기,흐림,단일로 - 기타,승합,남,54세,상해없음,보행자,남,51세,중상
2016100900100004,2016년 10월 9일 00시,일요일,부산광역시 남구 대연동,경상사고,0,0,1,0,차대차 - 추돌,안전운전불이행,건조,맑음,단일로 - 기타,승용,남,59세,상해없음,승용,남,36세,경상
2016100900100005,2016년 10월 9일 00시,일요일,부산광역시 연제구 연산동,중상사고,0,1,0,0,차대사람 - 횡단중,안전운전불이행,건조,맑음,단일로 - 기타,승용,남,62세,상해없음,보행자,남,54세,중상
2016100900100049,2016년 10월 9일 02시,일요일,부산광역시 중구 부평동2가,사망사고,1,0,0,0,차대사람 - 기타,중앙선침범,건조,맑음,단일로 - 기타,승용,남,59세,상해없음,보행자,남,22세,사망
2016100900100050,2016년 10월 9일 02시,일요일,부산광역시 남구 문현동,경상사고,0,0,1,0,차대사람 - 횡단중,신호위반,건조,맑음,단일로 - 횡단보도상,이륜,남,15세,상해없음,보행자,여,58세,경상
2016100900100051,2016년 10월 9일 02시,일요일,부산광역시 수영구 광안동,경상사고,0,0,2,0,차대차 - 기타,안전운전불이행,건조,맑음,단일로 - 기타,승용,남,23세,상해없음,승용,남,66세,경상
2016100900100052,2016년 10월 9일 02시,일요일,부산광역시 동래구 온천동,경상사고,0,0,1,0,차량단독 - 전도전복,안전운전불이행,건조,맑음,교차로 - 교차로부근,이륜,남,26세,경상,,,,
2016100900100075,2016년 10월 9일 03시,일요일,부산광역시 해운대구 우동,부상신고사고,0,0,0,1,차대차 - 측면직각충돌,신호위반,건조,맑음,교차로 - 교차로안,이륜,남,27세,부상신고,승용,남,46세,상해없음
2016100900100105,2016년 10월 9일 06시,일요일,부산광역시 부산진구 부암동,사망사고,1,0,0,0,차대사람 - 횡단중,안전운전불이행,건조,맑음,단일로 - 횡단보도상,승용,남,35세,상해없음,보행자,남,51세,사망
2016100900100115,2016년 10월 9일 07시,일요일,부산광역시 연제구 연산동,중상사고,0,1,0,0,차대사람 - 길가장자리구역통행중,안전운전불이행,건조,맑음,교차로 - 교차로부근,승용,남,56세,상해없음,보행자,남,50세,중상
2016100900100116,2016년 10월 9일 07시,일요일,부산광역시 기장군 장안읍,경상사고,0,0,2,0,차대차 - 측면충돌,안전운전불이행,건조,맑음,교차로 - 교차로안,화물,남,37세,상해없음,화물,남,43세,경상
2016100900100152,2016년 10월 9일 09시,일요일,부산광역시 동래구 사직동,경상사고,0,0,1,0,차대차 - 측면직각충돌,교차로운행방법위반,건조,맑음,교차로 - 교차로안,승용,여,47세,상해없음,자전거,남,79세,경상
2016100900100153,2016년 10월 9일 09시,일요일,부산광역시 금정구 구서동,경상사고,0,0,2,0,차대차 - 측면충돌,기타,건조,맑음,교차로 - 교차로안,승용,남,58세,경상,승용,여,49세,경상
2016100900100172,2016년 10월 9일 10시,일요일,부산광역시 동구 초량동,중상사고,0,1,0,0,차대사람 - 횡단중,안전운전불이행,건조,맑음,기타 - 기타,승용,남,76세,상해없음,보행자,여,67세,중상
2016100900100173,2016년 10월 9일 10시,일요일,부산광역시 동구 수정동,중상사고,0,1,0,0,차대차 - 기타,안전운전불이행,건조,맑음,교차로 - 교차로안,승용,여,56세,상해없음,이륜,남,76세,중상
2016100900100203,2016년 10월 9일 11시,일요일,부산광역시 중구 부평동3가,경상사고,0,0,1,0,차대차 - 측면충돌,신호위반,건조,맑음,교차로 - 교차로안,승용,남,50세,상해없음,승용,남,71세,상해없음
2016100900100204,2016년 10월 9일 11시,일요일,부산광역시 영도구 남항동1가,경상사고,0,0,3,0,차대차 - 측면직각충돌,불법유턴,건조,맑음,단일로 - 기타,승용,남,55세,상해없음,승용,남,27세,경상
2016100900100231,2016년 10월 9일 12시,일요일,부산광역시 사상구 괘법동,경상사고,0,0,5,0,차대차 - 추돌,안전거리미확보,건조,맑음,단일로 - 기타,승용,여,49세,경상,승용,남,38세,경상
2016100900100259,2016년 10월 9일 13시,일요일,부산광역시 영도구 동삼동,경상사고,0,0,5,0,차대차 - 측면직각충돌,교차로운행방법위반,건조,맑음,교차로 - 교차로안,승용,남,48세,상해없음,승용,남,34세,경상
2016100900100287,2016년 10월 9일 14시,일요일,부산광역시 사하구 장림동,중상사고,0,1,0,0,차대차 - 측면직각충돌,안전운전불이행,건조,맑음,단일로 - 기타,승용,남,35세,상해없음,이륜,남,16세,중상
2016100900100319,2016년 10월 9일 15시,일요일,부산광역시 부산진구 범천동,중상사고,0,1,0,0,차대차 - 측면충돌,신호위반,건조,맑음,교차로 - 교차로안,승용,남,61세,상해없음,승합,남,58세,상해없음
2016100900100359,2016년 10월 9일 16시,일요일,부산광역시 서구 충무동1가,경상사고,0,0,1,0,차대사람 - 기타,안전운전불이행,건조,맑음,단일로 - 기타,원동기,남,67세,상해없음,보행자,남,65세,경상
2016100900100360,2016년 10월 9일 16시,일요일,부산광역시 사하구 괴정동,중상사고,0,1,0,0,차대사람 - 횡단중,안전운전불이행,건조,맑음,단일로 - 기타,승용,남,43세,상해없음,보행자,여,8세,중상
2016100900100410,2016년 10월 9일 17시,일요일,부산광역시 부산진구 개금동,부상신고사고,0,0,0,1,차대차 - 기타,신호위반,건조,맑음,교차로 - 교차로부근,자전거,남,59세,부상신고,이륜,남,21세,상해없음
2016100900100411,2016년 10월 9일 17시,일요일,부산광역시 기장군 정관읍,경상사고,0,0,1,1,차대차 - 추돌,안전운전불이행,건조,맑음,단일로 - 기타,승용,남,58세,상해없음,승용,남,34세,경상
2016100900100451,2016년 10월 9일 18시,일요일,부산광역시 부산진구 개금동,중상사고,0,2,2,0,차대차 - 기타,안전거리미확보,건조,맑음,단일로 - 기타,승용,여,52세,상해없음,승용,남,65세,경상
2016100900100452,2016년 10월 9일 18시,일요일,부산광역시 사상구 감전동,중상사고,0,1,1,0,차대차 - 기타,안전운전불이행,건조,맑음,단일로 - 기타,승용,여,48세,상해없음,승합,남,35세,상해없음
2016100900100497,2016년 10월 9일 19시,일요일,부산광역시 북구 금곡동,부상신고사고,0,0,0,1,차대사람 - 기타,안전운전불이행,건조,맑음,단일로 - 기타,승용,남,29세,상해없음,보행자,남,66세,부상신고
2016100900100585,2016년 10월 9일 23시,일요일,부산광역시 동구 초량동,경상사고,0,0,2,2,차대차 - 기타,차로위반,건조,맑음,단일로 - 기타,승용,남,51세,기타불명,승용,남,35세,경상
2016100900100586,2016년 10월 9일 23시,일요일,부산광역시 해운대구 우동,경상사고,0,0,1,0,차대차 - 측면직각충돌,안전거리미확보,건조,맑음,교차로 - 교차로안,승용,남,21세,상해없음,이륜,남,40세,경상
2016101000100001,2016년 10월 10일 00시,월요일,부산광역시 금정구 부곡동,경상사고,0,0,1,0,차대사람 - 차도통행중,안전운전불이행,습기,비,단일로 - 기타,승용,기타불명,기타불명,기타불명,보행자,여,20세,경상
2016101000100025,2016년 10월 10일 04시,월요일,부산광역시 부산진구 개금동,경상사고,0,0,1,0,차대사람 - 횡단중,안전운전불이행,건조,맑음,단일로 - 횡단보도상,승용,남,47세,상해없음,보행자,남,56세,경상
2016101000100029,2016년 10월 10일 05시,월요일,부산광역시 부산진구 범천동,중상사고,0,1,0,0,차대차 - 측면직각충돌,신호위반,건조,맑음,교차로 - 교차로안,승용,남,65세,상해없음,승용,남,45세,상해없음
2016101000100065,2016년 10월 10일 07시,월요일,부산광역시 영도구 봉래동1가,경상사고,0,0,1,0,차대차 - 측면직각충돌,안전운전불이행,건조,맑음,교차로 - 교차로부근,승용,남,76세,상해없음,이륜,남,49세,경상
2016101000100095,2016년 10월 10일 08시,월요일,부산광역시 중구 부평동3가,중상사고,0,1,0,0,차대차 - 측면직각충돌,신호위반,건조,맑음,교차로 - 교차로안,이륜,남,24세,상해없음,이륜,남,58세,중상
2016101000100096,2016년 10월 10일 08시,월요일,부산광역시 부산진구 개금동,경상사고,0,0,1,0,차대차 - 추돌,안전거리미확보,건조,맑음,단일로 - 터널,화물,남,37세,상해없음,승용,남,37세,경상
2016101000100132,2016년 10월 10일 09시,월요일,부산광역시 서구 서대신동3가,중상사고,0,1,0,0,차대사람 - 차도통행중,안전운전불이행,건조,맑음,단일로 - 기타,승용,여,53세,상해없음,보행자,여,80세,중상
2016101000100133,2016년 10월 10일 09시,월요일,부산광역시 북구 구포동,경상사고,0,0,1,0,차대사람 - 기타,안전운전불이행,건조,맑음,단일로 - 기타,화물,남,64세,상해없음,보행자,여,45세,경상
2016101000100134,2016년 10월 10일 09시,월요일,부산광역시 연제구 연산동,중상사고,0,1,0,0,차대차 - 추돌,안전거리미확보,건조,맑음,단일로 - 기타,승용,남,18세,상해없음,승용,남,31세,중상
2016101000100172,2016년 10월 10일 10시,월요일,부산광역시 남구 문현동,경상사고,0,0,1,1,차대차 - 측면충돌,안전운전불이행,건조,맑음,단일로 - 터널,화물,남,36세,상해없음,승용,남,60세,상해없음
2016101000100202,2016년 10월 10일 11시,월요일,부산광역시 남구 용호동,중상사고,0,1,1,0,차대차 - 측면직각충돌,교차로운행방법위반,건조,맑음,교차로 - 교차로안,승용,남,60세,상해없음,화물,남,66세,경상
2016101000100203,2016년 10월 10일 11시,월요일,부산광역시 동래구 안락동,경상사고,0,0,2,0,차대차 - 측면직각충돌,차로위반,건조,맑음,교차로 - 교차로부근,화물,남,35세,상해없음,승용,여,36세,경상
2016101000100204,2016년 10월 10일 11시,월요일,부산광역시 사하구 신평동,경상사고,0,0,1,0,차대차 - 기타,안전운전불이행,건조,맑음,단일로 - 기타,승용,남,31세,상해없음,승용,여,31세,경상
2016101000100278,2016년 10월 10일 14시,월요일,부산광역시 부산진구 부암동,경상사고,0,0,2,2,차대차 - 측면직각충돌,안전거리미확보,건조,맑음,단일로 - 기타,승용,남,40세,상해없음,승용,남,67세,경상
2016101000100279,2016년 10월 10일 14시,월요일,부산광역시 사하구 다대동,중상사고,0,1,0,0,차량단독 - 기타,기타,건조,맑음,단일로 - 기타,승합,남,36세,상해없음,,,,
2016101000100280,2016년 10월 10일 14시,월요일,부산광역시 동구 범일동,경상사고,0,0,1,0,차대사람 - 길가장자리구역통행중,안전운전불이행,건조,맑음,단일로 - 기타,화물,남,51세,상해없음,보행자,남,54세,경상
2016101000100323,2016년 10월 10일 15시,월요일,부산광역시 중구 부평동2가,경상사고,0,0,1,0,차대사람 - 차도통행중,안전운전불이행,건조,맑음,단일로 - 기타,승용,남,60세,상해없음,보행자,남,85세,경상
2016101000100324,2016년 10월 10일 15시,월요일,부산광역시 사하구 구평동,중상사고,0,1,0,0,차대사람 - 기타,교차로운행방법위반,건조,맑음,단일로 - 기타,승용,남,57세,상해없음,보행자,여,67세,중상
2016101000100325,2016년 10월 10일 15시,월요일,부산광역시 수영구 수영동,경상사고,0,0,1,0,차대사람 - 횡단중,안전운전불이행,건조,맑음,단일로 - 기타,승용,남,63세,상해없음,보행자,여,11세,경상
2016101000100326,2016년 10월 10일 15시,월요일,부산광역시 기장군 정관읍,경상사고,0,0,1,0,차대사람 - 횡단중,보행자보호의무위반,건조,맑음,교차로 - 교차로안,승용,여,37세,상해없음,보행자,남,8세,경상
2016101000100353,2016년 10월 10일 16시,월요일,부산광역시 동래구 온천동,부상신고사고,0,0,0,1,차대차 - 측면직각충돌,안전운전불이행,건조,맑음,단일로 - 기타,승용,여,65세,상해없음,승합,여,48세,부상신고
2016101000100421,2016년 10월 10일 18시,월요일,부산광역시 해운대구 우동,경상사고,0,0,1,0,차대차 - 기타,안전운전불이행,기타,맑음,단일로 - 기타,승용,여,53세,상해없음,승용,여,64세,경상
2016101000100422,2016년 10월 10일 18시,월요일,부산광역시 사하구 괴정동,경상사고,0,0,1,0,차대사람 - 횡단중,안전운전불이행,건조,맑음,단일로 - 횡단보도상,승용,여,22세,상해없음,보행자,남,10세,경상
2016101000100467,2016년 10월 10일 19시,월요일,부산광역시 사상구 학장동,경상사고,0,0,1,0,차대사람 - 보도통행중,기타,건조,맑음,단일로 - 기타,승용,남,51세,상해없음,보행자,여,53세,경상
2016101000100565,2016년 10월 10일 22시,월요일,부산광역시 동래구 명륜동,경상사고,0,0,1,0,차대차 - 추돌,안전운전불이행,건조,맑음,단일로 - 횡단보도부근,승용,남,47세,상해없음,승용,남,42세,경상
2016101000100566,2016년 10월 10일 22시,월요일,부산광역시 해운대구 우동,부상신고사고,0,0,0,2,차대차 - 측면직각충돌,안전운전불이행,건조,맑음,교차로 - 교차로안,승용,남,62세,상해없음,승용,남,27세,부상신고
2016101100100003,2016년 10월 11일 00시,화요일,부산광역시 수영구 민락동,경상사고,0,0,1,0,차대차 - 측면충돌,안전운전불이행,건조,맑음,교차로 - 교차로안,승용,남,32세,상해없음,승용,남,65세,경상
2016101100100015,2016년 10월 11일 01시,화요일,부산광역시 연제구 연산동,중상사고,0,3,0,0,차대차 - 측면충돌,신호위반,건조,맑음,교차로 - 교차로안,승용,남,64세,중상,승용,남,49세,중상
2016101100100037,2016년 10월 11일 03시,화요일,부산광역시 동구 좌천동,중상사고,0,1,0,0,차량단독 - 기타,과속,건조,맑음,교차로 - 교차로안,승용,남,21세,상해없음,,,,
2016101100100051,2016년 10월 11일 05시,화요일,부산광역시 사하구 괴정동,중상사고,0,1,0,0,차대사람 - 기타,안전운전불이행,건조,맑음,단일로 - 기타,승용,기타불명,기타불명,기타불명,보행자,여,62세,중상
2016101100100079,2016년 10월 11일 07시,화요일,부산광역시 북구 덕천동,경상사고,0,0,1,0,차대차 - 기타,안전거리미확보,건조,맑음,단일로 - 기타,승용,남,43세,상해없음,승용,남,26세,경상