사고번호,사고일시,요일,시군구,사고내용,사망자수,중상자수,경상자수,부상신고자수,사고유형,법규위반,노면상태,기상상태,도로형태,가해운전자 차종,가해운전자 성별,가해운전자 연령,가해운전자 상해정도,피해운전자 차종,피해운전자 성별,피해운전자 연령,피해운전자 상해정도
2016101100100080,2016년 10월 11일 07시,화요일,부산광역시 부산진구 가야동,중상사고,0,2,3,0,차대차 - 추돌,안전운전불이행,건조,맑음,단일로 - 기타,승용,남,38세,상해없음,승용,남,46세,중상
2016101100100148,2016년 10월 11일 09시,화요일,부산광역시 연제구 연산동,부상신고사고,0,0,0,1,차대차 - 추돌,안전운전불이행,건조,맑음,단일로 - 터널,자전거,남,72세,부상신고,승합,남,43세,상해없음
2016101100100149,2016년 10월 11일 09시,화요일,부산광역시 기장군 철마면,경상사고,0,0,2,0,차대차 - 추돌,안전거리미확보,건조,맑음,교차로 - 교차로부근,승용,여,48세,상해없음,승용,남,53세,경상
2016101100100195,2016년 10월 11일 11시,화요일,부산광역시 부산진구 연지동,경상사고,0,0,1,0,차대차 - 기타,안전거리미확보,건조,맑음,단일로 - 기타,승용,여,43세,상해없음,승용,남,38세,경상
2016101100100221,2016년 10월 11일 12시,화요일,부산광역시 해운대구 우동,중상사고,0,1,1,0,차대차 - 측면직각충돌,안전운전불이행,건조,맑음,교차로 - 교차로안,승용,여,23세,경상,승용,남,61세,중상
2016101100100256,2016년 10월 11일 13시,화요일,부산광역시 영도구 동삼동,경상사고,0,0,1,0,차대사람 - 횡단중,불법유턴,건조,맑음,단일로 - 기타,승합,남,48세,상해없음,보행자,여,49세,경상
2016101100100257,2016년 10월 11일 13시,화요일,부산광역시 해운대구 반송동,중상사고,0,1,2,0,차대차 - 기타,안전운전불이행,건조,맑음,단일로 - 기타,승용,남,78세,중상,승용,남,61세,경상
2016101100100258,2016년 10월 11일 13시,화요일,부산광역시 강서구 구랑동,경상사고,0,0,1,0,차대차 - 추돌,안전거리미확보,건조,맑음,교차로 - 교차로부근,화물,남,47세,상해없음,승용,여,45세,경상
2016101100100289,2016년 10월 11일 14시,화요일,부산광역시 동래구 칠산동,중상사고,0,1,0,0,차대사람 - 횡단중,보행자보호의무위반,건조,흐림,단일로 - 횡단보도상,승용,여,61세,상해없음,보행자,남,7세,중상
2016101100100290,2016년 10월 11일 14시,화요일,부산광역시 사상구 덕포동,경상사고,0,0,1,0,차대차 - 추돌,안전거리미확보,건조,맑음,단일로 - 기타,승용,남,34세,경상,화물,남,22세,상해없음
2016101100100291,2016년 10월 11일 14시,화요일,부산광역시 사상구 덕포동,경상사고,0,0,1,0,차대사람 - 횡단중,안전운전불이행,건조,흐림,단일로 - 기타,기타불명,기타불명,기타불명,기타불명,보행자,여,8세,경상
2016101100100328,2016년 10월 11일 15시,화요일,부산광역시 수영구 망미동,경상사고,0,0,2,0,차대차 - 측면직각충돌,안전운전불이행,건조,맑음,교차로 - 교차로부근,승용,남,18세,상해없음,승용,남,67세,경상
2016101100100329,2016년 10월 11일 15시,화요일,부산광역시 연제구 연산동,경상사고,0,0,1,0,차대차 - 측면충돌,안전운전불이행,건조,맑음,교차로 - 교차로부근,승용,남,30세,상해없음,화물,남,27세,경상
2016101100100368,2016년 10월 11일 16시,화요일,부산광역시 수영구 광안동,중상사고,0,1,0,0,차대차 - 기타,중앙선침범,건조,맑음,단일로 - 기타,승용,여,41세,상해없음,원동기,남,26세,중상
2016101100100369,2016년 10월 11일 16시,화요일,부산광역시 부산진구 양정동,중상사고,0,1,0,0,차대사람 - 보도통행중,기타,건조,맑음,단일로 - 기타,승용,남,41세,상해없음,보행자,남,64세,중상
2016101100100370,2016년 10월 11일 16시,화요일,부산광역시 금정구 부곡동,경상사고,0,0,2,0,차대차 - 측면직각충돌,안전운전불이행,건조,맑음,교차로 - 교차로안,승용,남,70세,경상,승용,여,51세,경상
2016101100100371,2016년 10월 11일 16시,화요일,부산광역시 사하구 장림동,경상사고,0,0,1,0,차대차 - 기타,안전거리미확보,건조,맑음,단일로 - 기타,승용,여,50세,상해없음,승용,남,62세,상해없음
2016101100100372,2016년 10월 11일 16시,화요일,부산광역시 강서구 대저2동,중상사고,0,1,1,0,차대차 - 측면충돌,안전운전불이행,건조,맑음,단일로 - 교량,화물,남,60세,상해없음,화물,남,57세,중상
2016101100100410,2016년 10월 11일 17시,화요일,부산광역시 부산진구 양정동,중상사고,0,1,0,0,차대차 - 측면직각충돌,안전운전불이행,건조,맑음,교차로 - 교차로안,승용,남,34세,상해없음,원동기,남,34세,중상
2016101100100411,2016년 10월 11일 17시,화요일,부산광역시 사하구 괴정동,중상사고,0,1,0,0,차대사람 - 기타,교차로운행방법위반,건조,맑음,교차로 - 교차로안,승용,여,44세,상해없음,보행자,여,14세,중상
2016101100100412,2016년 10월 11일 17시,화요일,부산광역시 기장군 정관읍,경상사고,0,0,1,1,차대차 - 기타,신호위반,건조,맑음,교차로 - 교차로안,승합,남,37세,상해없음,승용,남,41세,상해없음
2016101100100452,2016년 10월 11일 18시,화요일,부산광역시 동래구 수안동,경상사고,0,0,3,0,차대차 - 측면직각충돌,직진우회전진행방해,건조,맑음,교차로 - 교차로안,승용,남,42세,상해없음,승용,여,38세,경상
2016101100100453,2016년 10월 11일 18시,화요일,부산광역시 동래구 명장동,경상사고,0,0,1,0,차대차 - 측면직각충돌,안전거리미확보,건조,맑음,단일로 - 기타,이륜,남,17세,기타불명,이륜,남,47세,경상
2016101100100454,2016년 10월 11일 18시,화요일,부산광역시 부산진구 당감동,경상사고,0,0,1,0,차대차 - 측면직각충돌,신호위반,건조,맑음,단일로 - 기타,승합,남,70세,상해없음,승용,여,61세,경상
2016101100100513,2016년 10월 11일 19시,화요일,부산광역시 북구 만덕동,경상사고,0,0,1,0,차대차 - 측면직각충돌,안전운전불이행,건조,맑음,교차로 - 교차로부근,원동기,남,60세,경상,승용,여,49세,상해없음
2016101100100514,2016년 10월 11일 19시,화요일,부산광역시 강서구 명지동,경상사고,0,0,1,1,차대차 - 추돌,안전거리미확보,건조,맑음,단일로 - 교량,승용,남,51세,상해없음,승용,남,36세,부상신고
2016101100100552,2016년 10월 11일 20시,화요일,부산광역시 사상구 괘법동,경상사고,0,0,1,0,차대차 - 추돌,안전거리미확보,건조,맑음,교차로 - 교차로부근,승용,남,67세,상해없음,이륜,남,18세,경상
2016101100100592,2016년 10월 11일 21시,화요일,부산광역시 중구 중앙동2가,경상사고,0,0,1,0,차대차 - 기타,교차로운행방법위반,건조,기타,교차로 - 교차로안,승용,남,63세,상해없음,승용,남,62세,경상
2016101100100593,2016년 10월 11일 21시,화요일,부산광역시 사하구 하단동,경상사고,0,0,1,0,차대사람 - 횡단중,신호위반,건조,흐림,단일로 - 횡단보도상,승용,남,43세,상해없음,보행자,남,20세,경상
2016101100100622,2016년 10월 11일 22시,화요일,부산광역시 북구 만덕동,중상사고,0,1,0,0,차대사람 - 기타,안전운전불이행,건조,맑음,교차로 - 교차로안,승용,여,41세,상해없음,보행자,남,57세,중상
2016101100100623,2016년 10월 11일 22시,화요일,부산광역시 연제구 연산동,중상사고,0,1,0,0,차대차 - 측면충돌,신호위반,건조,맑음,교차로 - 교차로안,승용,여,52세,상해없음,이륜,남,39세,중상
2016101100100624,2016년 10월 11일 22시,화요일,부산광역시 연제구 연산동,경상사고,0,0,1,0,차대사람 - 횡단중,안전운전불이행,건조,맑음,단일로 - 기타,승용,남,28세,상해없음,보행자,여,54세,경상
2016101100100653,2016년 10월 11일 23시,화요일,부산광역시 수영구 민락동,중상사고,0,1,0,0,차대사람 - 횡단중,안전운전불이행,건조,맑음,교차로 - 교차로부근,승용,남,32세,상해없음,보행자,여,59세,중상
2016101200100028,2016년 10월 12일 01시,수요일,부산광역시 사상구 덕포동,부상신고사고,0,0,0,1,차대차 - 추돌,안전운전불이행,건조,맑음,교차로 - 교차로부근,승용,남,28세,상해없음,승용,남,62세,부상신고
2016101200100044,2016년 10월 12일 03시,수요일,부산광역시 서구 암남동,중상사고,0,1,0,0,차대차 - 추돌,안전운전불이행,습기,흐림,단일로 - 기타,화물,남,44세,상해없음,화물,남,58세,중상
2016101200100045,2016년 10월 12일 03시,수요일,부산광역시 수영구 광안동,경상사고,0,0,1,0,차대차 - 기타,안전운전불이행,건조,맑음,교차로 - 교차로부근,승용,남,36세,상해없음,승용,남,65세,경상
2016101200100046,2016년 10월 12일 03시,수요일,부산광역시 부산진구 부전동,부상신고사고,0,0,0,1,차대사람 - 횡단중,안전운전불이행,건조,맑음,교차로 - 교차로부근,이륜,기타불명,기타불명,기타불명,보행자,여,23세,부상신고
2016101200100066,2016년 10월 12일 06시,수요일,부산광역시 부산진구 개금동,중상사고,0,1,0,0,차대차 - 기타,기타,건조,맑음,단일로 - 기타,승용,남,66세,상해없음,자전거,여,29세,중상
2016101200100117,2016년 10월 12일 08시,수요일,부산광역시 수영구 남천동,중상사고,0,1,0,0,차대차 - 추돌,안전거리미확보,건조,맑음,교차로 - 교차로안,승합,남,67세,상해없음,승용,여,42세,중상
2016101200100118,2016년 10월 12일 08시,수요일,부산광역시 해운대구 재송동,경상사고,0,0,1,0,차대차 - 추돌,안전운전불이행,건조,맑음,단일로 - 기타,승용,남,59세,상해없음,승용,여,47세,경상
2016101200100119,2016년 10월 12일 08시,수요일,부산광역시 사하구 당리동,중상사고,0,1,0,0,차대차 - 기타,직진우회전진행방해,건조,맑음,교차로 - 교차로안,승용,남,30세,상해없음,승용,여,55세,중상
2016101200100120,2016년 10월 12일 08시,수요일,부산광역시 연제구 연산동,경상사고,0,0,1,0,차대차 - 추돌,교차로운행방법위반,건조,맑음,교차로 - 교차로부근,승용,남,30세,상해없음,승용,남,45세,경상
2016101200100160,2016년 10월 12일 09시,수요일,부산광역시 강서구 성북동,경상사고,0,0,1,0,차대차 - 측면직각충돌,안전거리미확보,건조,맑음,단일로 - 기타,화물,남,41세,상해없음,승용,남,39세,경상
2016101200100189,2016년 10월 12일 10시,수요일,부산광역시 남구 감만동,경상사고,0,0,2,0,차대차 - 측면직각충돌,교차로운행방법위반,건조,맑음,교차로 - 교차로안,승용,여,52세,상해없음,승용,남,28세,경상
2016101200100190,2016년 10월 12일 10시,수요일,부산광역시 강서구 대저1동,중상사고,0,1,0,0,차대차 - 측면직각충돌,중앙선침범,건조,맑음,단일로 - 기타,화물,남,73세,상해없음,승용,남,46세,중상
2016101200100222,2016년 10월 12일 11시,수요일,부산광역시 중구 부평동1가,경상사고,0,0,1,0,차대사람 - 기타,안전운전불이행,건조,맑음,단일로 - 기타,승용,남,38세,기타불명,보행자,남,53세,경상
2016101200100223,2016년 10월 12일 11시,수요일,부산광역시 수영구 남천동,중상사고,0,1,0,0,차대차 - 기타,안전거리미확보,건조,맑음,교차로 - 교차로안,승용,여,27세,상해없음,원동기,남,58세,중상
2016101200100224,2016년 10월 12일 11시,수요일,부산광역시 북구 금곡동,중상사고,0,1,0,0,차대차 - 측면충돌,불법유턴,건조,맑음,교차로 - 교차로안,이륜,남,63세,중상,화물,남,25세,상해없음
2016101200100257,2016년 10월 12일 12시,수요일,부산광역시 남구 용호동,중상사고,0,2,0,0,차대사람 - 횡단중,보행자보호의무위반,건조,맑음,단일로 - 횡단보도상,승용,남,53세,상해없음,보행자,여,36세,중상
2016101200100258,2016년 10월 12일 12시,수요일,부산광역시 동래구 안락동,중상사고,0,1,0,0,차대차 - 기타,안전운전불이행,건조,맑음,기타 - 기타,승용,여,41세,상해없음,승용,여,66세,중상
2016101200100259,2016년 10월 12일 12시,수요일,부산광역시 연제구 연산동,부상신고사고,0,0,0,1,차대차 - 추돌,안전운전불이행,건조,맑음,단일로 - 기타,승용,여,58세,상해없음,승용,남,28세,부상신고
2016101200100288,2016년 10월 12일 13시,수요일,부산광역시 사하구 당리동,경상사고,0,0,1,0,차대사람 - 횡단중,안전운전불이행,건조,맑음,단일로 - 기타,승용,여,58세,상해없음,보행자,여,41세,경상
2016101200100313,2016년 10월 12일 14시,수요일,부산광역시 해운대구 우동,경상사고,0,0,1,0,차대차 - 기타,안전거리미확보,건조,맑음,단일로 - 기타,승용,여,34세,상해없음,승용,여,43세,경상
2016101200100314,2016년 10월 12일 14시,수요일,부산광역시 사하구 장림동,중상사고,0,1,0,0,차대사람 - 기타,안전운전불이행,건조,맑음,교차로 - 교차로부근,자전거,남,85세,중상,보행자,남,11세,상해없음
2016101200100381,2016년 10월 12일 16시,수요일,부산광역시 연제구 연산동,경상사고,0,0,1,0,차대사람 - 횡단중,보행자보호의무위반,건조,맑음,단일로 - 횡단보도상,승용,남,71세,상해없음,보행자,여,62세,경상
2016101200100426,2016년 10월 12일 17시,수요일,부산광역시 사하구 장림동,경상사고,0,0,1,0,차대차 - 측면충돌,안전운전불이행,건조,맑음,단일로 - 기타,승용,남,53세,상해없음,원동기,남,20세,경상
2016101200100469,2016년 10월 12일 18시,수요일,부산광역시 북구 화명동,중상사고,0,1,0,0,차대차 - 기타,안전운전불이행,건조,맑음,교차로 - 교차로안,승용,기타불명,기타불명,기타불명,자전거,남,10세,중상
2016101200100470,2016년 10월 12일 18시,수요일,부산광역시 동래구 온천동,중상사고,0,1,1,0,차대차 - 추돌,차로위반,건조,맑음,단일로 - 기타,승용,남,68세,상해없음,승합,남,39세,상해없음
2016101200100471,2016년 10월 12일 18시,수요일,부산광역시 해운대구 우동,중상사고,0,1,0,0,차대차 - 추돌,안전운전불이행,건조,맑음,단일로 - 기타,승용,남,28세,상해없음,승용,남,61세,중상
2016101200100472,2016년 10월 12일 18시,수요일,부산광역시 부산진구 부전동,중상사고,0,1,0,0,차대사람 - 기타,안전운전불이행,건조,맑음,단일로 - 기타,기타불명,기타불명,기타불명,기타불명,보행자,남,24세,중상
2016101200100473,2016년 10월 12일 18시,수요일,부산광역시 금정구 두구동,경상사고,0,0,2,0,차대차 - 추돌,기타,건조,맑음,단일로 - 기타,화물,남,33세,상해없음,승용,남,34세,경상
2016101200100474,2016년 10월 12일 18시,수요일,부산광역시 수영구 수영동,경상사고,0,0,1,0,차대사람 - 길가장자리구역통행중,안전운전불이행,건조,맑음,단일로 - 기타,화물,남,64세,상해없음,보행자,여,17세,경상
2016101200100529,2016년 10월 12일 19시,수요일,부산광역시 해운대구 송정동,경상사고,0,0,2,0,차대차 - 추돌,안전운전불이행,건조,맑음,교차로 - 교차로부근,승용,남,60세,상해없음,승용,여,44세,경상
2016101200100530,2016년 10월 12일 19시,수요일,부산광역시 금정구 부곡동,중상사고,0,1,0,0,차대차 - 측면충돌,기타,건조,맑음,교차로 - 교차로안,화물,남,41세,상해없음,이륜,남,24세,중상
2016101200100531,2016년 10월 12일 19시,수요일,부산광역시 강서구 봉림동,중상사고,0,1,0,0,차대차 - 측면직각충돌,안전거리미확보,건조,맑음,단일로 - 기타,승용,남,26세,상해없음,화물,남,56세,중상
2016101200100576,2016년 10월 12일 20시,수요일,부산광역시 서구 충무동1가,경상사고,0,0,1,0,차대사람 - 횡단중,안전운전불이행,건조,맑음,단일로 - 횡단보도상,승용,남,57세,상해없음,보행자,남,18세,경상
2016101200100577,2016년 10월 12일 20시,수요일,부산광역시 강서구 지사동,경상사고,0,0,3,0,차대차 - 추돌,안전운전불이행,건조,맑음,단일로 - 기타,승용,남,45세,상해없음,승용,여,31세,경상
2016101200100630,2016년 10월 12일 22시,수요일,부산광역시 부산진구 양정동,중상사고,0,2,0,0,차대차 - 측면직각충돌,안전운전불이행,건조,맑음,교차로 - 교차로안,승용,남,33세,상해없음,이륜,남,25세,중상
2016101300100024,2016년 10월 13일 01시,목요일,부산광역시 해운대구 송정동,중상사고,0,1,0,0,차량단독 - 공작물충돌,안전운전불이행,건조,맑음,단일로 - 터널,이륜,남,36세,중상,,,,
2016101300100039,2016년 10월 13일 03시,목요일,부산광역시 동래구 온천동,경상사고,0,0,1,0,차대차 - 추돌,안전운전불이행,건조,맑음,교차로 - 교차로부근,이륜,남,24세,경상,승합,남,49세,상해없음
2016101300100052,2016년 10월 13일 05시,목요일,부산광역시 중구 대청동1가,사망사고,1,0,0,0,차대사람 - 기타,안전운전불이행,건조,흐림,단일로 - 횡단보도상,승용,여,37세,상해없음,보행자,남,73세,사망
2016101300100053,2016년 10월 13일 05시,목요일,부산광역시 해운대구 우동,중상사고,0,3,1,0,차대차 - 측면직각충돌,신호위반,건조,맑음,교차로 - 교차로안,승용,남,63세,상해없음,원동기,남,30세,중상
2016101300100062,2016년 10월 13일 06시,목요일,부산광역시 중구 남포동5가,경상사고,0,0,1,0,차대차 - 정면충돌,중앙선침범,건조,맑음,단일로 - 기타,승용,남,64세,상해없음,이륜,남,66세,경상
2016101300100087,2016년 10월 13일 07시,목요일,부산광역시 연제구 거제동,경상사고,0,0,2,0,차대차 - 측면직각충돌,안전거리미확보,건조,맑음,교차로 - 교차로부근,승용,여,50세,상해없음,승용,남,30세,경상
2016101300100117,2016년 10월 13일 08시,목요일,부산광역시 부산진구 부전동,경상사고,0,0,1,0,차대차 - 기타,기타,건조,맑음,단일로 - 기타,승용,남,59세,상해없음,자전거,남,43세,경상
2016101300100118,2016년 10월 13일 08시,목요일,부산광역시 수영구 수영동,중상사고,0,1,0,0,차대사람 - 길가장자리구역통행중,안전운전불이행,건조,맑음,단일로 - 기타,자전거,남,23세,상해없음,보행자,여,68세,중상
2016101300100159,2016년 10월 13일 09시,목요일,부산광역시 동래구 명륜동,중상사고,0,1,0,0,차대차 - 추돌,안전운전불이행,건조,맑음,단일로 - 기타,승용,여,67세,상해없음,자전거,남,79세,중상
2016101300100193,2016년 10월 13일 10시,목요일,부산광역시 금정구 금사동,경상사고,0,0,3,0,차대차 - 측면직각충돌,교차로운행방법위반,건조,맑음,교차로 - 교차로안,승용,남,80세,경상,화물,남,74세,상해없음
2016101300100247,2016년 10월 13일 12시,목요일,부산광역시 영도구 봉래동5가,경상사고,0,0,4,0,차대차 - 추돌,안전거리미확보,건조,맑음,단일로 - 기타,승용,남,67세,상해없음,승용,남,40세,경상
2016101300100248,2016년 10월 13일 12시,목요일,부산광역시 사하구 괴정동,경상사고,0,0,3,1,차대차 - 추돌,안전운전불이행,건조,맑음,단일로 - 기타,승용,여,38세,상해없음,승용,여,47세,경상
2016101300100280,2016년 10월 13일 13시,목요일,부산광역시 동래구 온천동,중상사고,0,1,0,0,차대사람 - 횡단중,보행자보호의무위반,건조,맑음,단일로 - 횡단보도상,승용,남,76세,상해없음,보행자,여,56세,중상
2016101300100281,2016년 10월 13일 13시,목요일,부산광역시 금정구 장전동,중상사고,0,1,0,0,차대차 - 측면충돌,교차로운행방법위반,건조,맑음,교차로 - 교차로안,승용,남,66세,상해없음,이륜,남,20세,중상
2016101300100282,2016년 10월 13일 13시,목요일,부산광역시 사상구 모라동,중상사고,0,1,0,0,차대차 - 측면직각충돌,안전운전불이행,건조,맑음,단일로 - 기타,자전거,남,78세,중상,화물,남,23세,상해없음
2016101300100323,2016년 10월 13일 14시,목요일,부산광역시 남구 감만동,경상사고,0,0,1,0,차대사람 - 차도통행중,안전운전불이행,건조,맑음,단일로 - 기타,화물,남,66세,상해없음,보행자,남,7세,경상
2016101300100350,2016년 10월 13일 15시,목요일,부산광역시 금정구 남산동,경상사고,0,0,1,0,차대차 - 측면충돌,안전운전불이행,건조,맑음,단일로 - 기타,승용,기타불명,기타불명,기타불명,승용,여,39세,경상
2016101300100351,2016년 10월 13일 15시,목요일,부산광역시 연제구 연산동,경상사고,0,0,1,0,차대차 - 기타,안전운전불이행,건조,맑음,교차로 - 교차로부근,승용,남,38세,상해없음,자전거,여,41세,경상
2016101300100389,2016년 10월 13일 16시,목요일,부산광역시 북구 화명동,경상사고,0,0,1,0,차대차 - 기타,안전운전불이행,건조,맑음,단일로 - 기타,승용,남,58세,기타불명,자전거,남,8세,경상
2016101300100390,2016년 10월 13일 16시,목요일,부산광역시 해운대구 반여동,경상사고,0,0,1,0,차대사람 - 기타,안전운전불이행,건조,맑음,단일로 - 기타,승용,남,30세,상해없음,보행자,남,70세,경상
2016101300100391,2016년 10월 13일 16시,목요일,부산광역시 사하구 장림동,경상사고,0,0,1,0,차대차 - 측면충돌,신호위반,건조,맑음,교차로 - 교차로안,승용,여,56세,상해없음,이륜,남,22세,경상
2016101300100392,2016년 10월 13일 16시,목요일,부산광역시 사상구 주례동,경상사고,0,0,1,0,차대사람 - 길가장자리구역통행중,안전운전불이행,건조,흐림,단일로 - 기타,원동기,남,21세,기타불명,보행자,여,17세,경상
2016101300100416,2016년 10월 13일 17시,목요일,부산광역시 동구 범일동,중상사고,0,1,1,0,차대차 - 측면직각충돌,안전거리미확보,건조,맑음,단일로 - 기타,승용,남,65세,중상,승용,여,63세,경상
2016101300100450,2016년 10월 13일 18시,목요일,부산광역시 남구 대연동,경상사고,0,0,1,0,차대차 - 기타,기타,건조,맑음,단일로 - 기타,승용,남,53세,상해없음,이륜,남,26세,경상
2016101300100451,2016년 10월 13일 18시,목요일,부산광역시 남구 대연동,중상사고,0,1,0,0,차대사람 - 차도통행중,안전운전불이행,건조,맑음,단일로 - 기타,원동기,남,52세,상해없음,보행자,남,55세,중상
2016101300100511,2016년 10월 13일 19시,목요일,부산광역시 영도구 청학동,경상사고,0,0,1,0,차대차 - 추돌,안전운전불이행,건조,맑음,단일로 - 기타,승용,남,31세,상해없음,자전거,남,32세,경상
2016101300100561,2016년 10월 13일 20시,목요일,부산광역시 해운대구 좌동,중상사고,0,1,0,0,차대차 - 측면충돌,중앙선침범,건조,맑음,단일로 - 기타,승용,남,63세,상해없음,이륜,남,41세,중상
2016101300100617,2016년 10월 13일 22시,목요일,부산광역시 부산진구 당감동,경상사고,0,0,1,0,차대차 - 측면직각충돌,안전운전불이행,건조,맑음,교차로 - 교차로부근,승용,남,32세,상해없음,승용,남,50세,경상
2016101400100007,2016년 10월 14일 00시,금요일,부산광역시 동구 초량동,중상사고,0,1,0,0,차대차 - 기타,안전운전불이행,습기,비,단일로 - 기타,승용,남,50세,상해없음,승용,남,42세,상해없음
2016101400100036,2016년 10월 14일 02시,금요일,부산광역시 강서구 송정동,중상사고,0,1,1,0,차대차 - 추돌,안전운전불이행,건조,맑음,교차로 - 교차로안,승용,남,52세,상해없음,승용,남,44세,경상
2016101400100038,2016년 10월 14일 02시,금요일,부산광역시 사상구 주례동,경상사고,0,0,1,0,차대사람 - 기타,안전운전불이행,건조,맑음,단일로 - 기타,승용,남,29세,상해없음,보행자,남,24세,경상
2016101400100047,2016년 10월 14일 04시,금요일,부산광역시 동래구 온천동,경상사고,0,0,3,0,차대차 - 추돌,안전거리미확보,건조,맑음,교차로 - 교차로안,승용,남,30세,상해없음,승용,남,64세,경상
2016101400100167,2016년 10월 14일 09시,금요일,부산광역시 연제구 연산동,경상사고,0,0,1,0,차대차 - 측면충돌,안전거리미확보,건조,맑음,단일로 - 기타,화물,남,59세,상해없음,승용,여,69세,경상
2016101400100168,2016년 10월 14일 09시,금요일,부산광역시 강서구 성북동,경상사고,0,0,1,0,차대사람 - 보도통행중,기타,건조,맑음,단일로 - 기타,이륜,남,73세,상해없음,보행자,남,48세,경상
2016101400100169,2016년 10월 14일 09시,금요일,부산광역시 사상구 감전동,중상사고,0,3,2,1,차대차 - 측면직각충돌,안전운전불이행,건조,맑음,미분류 - 미분류,화물,남,43세,상해없음,승용,여,55세,중상
2016101400100202,2016년 10월 14일 10시,금요일,부산광역시 남구 대연동,사망사고,1,0,0,0,차대사람 - 횡단중,보행자보호의무위반,건조,맑음,단일로 - 횡단보도상,화물,남,46세,상해없음,보행자,남,76세,사망
2016101400100203,2016년 10월 14일 10시,금요일,부산광역시 해운대구 재송동,부상신고사고,0,0,0,1,차량단독 - 주차차량충돌,안전운전불이행,건조,맑음,교차로 - 교차로부근,이륜,남,24세,상해없음,,,,
2016101400100204,2016년 10월 14일 10시,금요일,부산광역시 연제구 연산동,경상사고,0,0,1,0,차대사람 - 횡단중,보행자보호의무위반,건조,맑음,교차로 - 교차로부근,승용,여,53세,상해없음,보행자,여,40세,경상
2016101400100233,2016년 10월 14일 11시,금요일,부산광역시 금정구 부곡동,경상사고,0,0,1,0,차대사람 - 기타,안전운전불이행,건조,맑음,단일로 - 기타,승용,기타불명,기타불명,기타불명,보행자,남,45세,경상
2016101400100261,2016년 10월 14일 12시,금요일,부산광역시 수영구 남천동,중상사고,0,1,0,0,차대차 - 측면충돌,차로위반,건조,맑음,단일로 - 기타,승용,남,65세,상해없음,원동기,남,26세,중상
2016101400100262,2016년 10월 14일 12시,금요일,부산광역시 수영구 남천동,경상사고,0,0,2,0,차대차 - 추돌,안전거리미확보,건조,맑음,단일로 - 기타,승용,남,42세,상해없음,승용,여,26세,경상
2016101400100263,2016년 10월 14일 12시,금요일,부산광역시 강서구 강동동,경상사고,0,0,1,0,차대차 - 추돌,직진우회전진행방해,습기,흐림,교차로 - 교차로안,화물,남,42세,상해없음,승용,남,62세,경상
2016101400100332,2016년 10월 14일 14시,금요일,부산광역시 동래구 온천동,경상사고,0,0,1,0,차대차 - 측면충돌,중앙선침범,건조,맑음,단일로 - 기타,이륜,남,26세,경상,화물,남,39세,상해없음
2016101400100333,2016년 10월 14일 14시,금요일,부산광역시 해운대구 우동,경상사고,0,0,1,0,차대차 - 측면직각충돌,기타,건조,맑음,교차로 - 교차로안,승용,남,26세,상해없음,승용,남,19세,경상
2016101400100377,2016년 10월 14일 15시,금요일,부산광역시 동구 범일동,경상사고,0,0,1,0,차대차 - 추돌,안전거리미확보,건조,맑음,단일로 - 기타,승용,남,33세,상해없음,승용,남,59세,경상
2016101400100378,2016년 10월 14일 15시,금요일,부산광역시 금정구 부곡동,경상사고,0,0,1,0,차대차 - 측면충돌,안전운전불이행,건조,맑음,교차로 - 교차로안,원동기,남,17세,상해없음,승용,남,59세,상해없음
2016101400100414,2016년 10월 14일 16시,금요일,부산광역시 동구 초량동,경상사고,0,0,1,0,차대차 - 측면직각충돌,교차로운행방법위반,건조,맑음,교차로 - 교차로안,원동기,남,15세,경상,승용,남,43세,상해없음
2016101400100415,2016년 10월 14일 16시,금요일,부산광역시 남구 대연동,경상사고,0,0,1,0,차대차 - 측면직각충돌,교차로운행방법위반,건조,맑음,교차로 - 교차로안,승용,여,47세,상해없음,자전거,남,14세,경상
2016101400100416,2016년 10월 14일 16시,금요일,부산광역시 사하구 구평동,경상사고,0,0,1,0,차량단독 - 기타,안전운전불이행,건조,맑음,단일로 - 기타,승합,남,51세,상해없음,,,,
2016101400100468,2016년 10월 14일 17시,금요일,부산광역시 중구 영주동,경상사고,0,0,1,0,차대사람 - 횡단중,중앙선침범,건조,맑음,단일로 - 기타,승용,남,60세,상해없음,보행자,남,9세,경상
2016101400100511,2016년 10월 14일 18시,금요일,부산광역시 중구 중앙동7가,경상사고,0,0,1,0,차대차 - 정면충돌,차로위반,건조,맑음,교차로 - 교차로안,승용,남,48세,상해없음,이륜,남,53세,경상
2016101400100512,2016년 10월 14일 18시,금요일,부산광역시 북구 만덕동,경상사고,0,0,1,0,차대차 - 기타,안전거리미확보,건조,맑음,교차로 - 교차로부근,건설기계,남,50세,상해없음,승용,남,31세,경상
2016101400100513,2016년 10월 14일 18시,금요일,부산광역시 영도구 청학동,중상사고,0,1,0,0,차대사람 - 횡단중,신호위반,건조,맑음,단일로 - 횡단보도상,승용,남,56세,상해없음,보행자,여,49세,중상
2016101400100514,2016년 10월 14일 18시,금요일,부산광역시 해운대구 송정동,부상신고사고,0,0,0,1,차대차 - 측면충돌,직진우회전진행방해,건조,맑음,교차로 - 교차로안,승용,남,28세,상해없음,원동기,남,40세,부상신고