사고번호,사고일시,요일,시군구,사고내용,사망자수,중상자수,경상자수,부상신고자수,사고유형,법규위반,노면상태,기상상태,도로형태,가해운전자 차종,가해운전자 성별,가해운전자 연령,가해운전자 상해정도,피해운전자 차종,피해운전자 성별,피해운전자 연령,피해운전자 상해정도
2016101400100515,2016년 10월 14일 18시,금요일,부산광역시 해운대구 좌동,중상사고,0,1,0,1,차대차 - 측면직각충돌,교차로운행방법위반,건조,맑음,교차로 - 교차로안,승용,여,55세,부상신고,승용,남,46세,중상
2016101400100572,2016년 10월 14일 19시,금요일,부산광역시 강서구 대저1동,경상사고,0,0,2,0,차대차 - 추돌,안전운전불이행,건조,맑음,단일로 - 교량,승용,남,56세,상해없음,화물,남,53세,경상
2016101400100620,2016년 10월 14일 20시,금요일,부산광역시 남구 대연동,중상사고,0,1,0,0,차대차 - 측면직각충돌,신호위반,건조,맑음,교차로 - 교차로안,원동기,남,51세,중상,승용,남,39세,상해없음
2016101400100621,2016년 10월 14일 20시,금요일,부산광역시 동래구 온천동,경상사고,0,0,1,0,차대차 - 기타,안전거리미확보,건조,맑음,단일로 - 기타,승용,여,23세,상해없음,승용,남,60세,경상
2016101400100622,2016년 10월 14일 20시,금요일,부산광역시 금정구 부곡동,중상사고,0,1,1,0,차대사람 - 차도통행중,안전운전불이행,건조,맑음,교차로 - 교차로부근,승용,여,52세,상해없음,보행자,여,18세,경상
2016101400100623,2016년 10월 14일 20시,금요일,부산광역시 기장군 기장읍,중상사고,0,1,0,0,차대사람 - 횡단중,보행자보호의무위반,건조,맑음,단일로 - 횡단보도상,승용,남,37세,상해없음,보행자,남,62세,중상
2016101400100657,2016년 10월 14일 21시,금요일,부산광역시 사상구 덕포동,중상사고,0,1,0,0,차대사람 - 보도통행중,안전운전불이행,건조,맑음,교차로 - 교차로안,화물,남,29세,상해없음,보행자,남,50세,중상
2016101400100687,2016년 10월 14일 22시,금요일,부산광역시 북구 덕천동,부상신고사고,0,0,0,1,차대사람 - 기타,안전운전불이행,건조,맑음,단일로 - 기타,승용,남,31세,상해없음,보행자,남,30세,부상신고
2016101400100717,2016년 10월 14일 23시,금요일,부산광역시 부산진구 전포동,경상사고,0,0,2,0,차대사람 - 기타,안전운전불이행,건조,맑음,단일로 - 기타,승용,남,30세,상해없음,보행자,여,31세,경상
2016101400100718,2016년 10월 14일 23시,금요일,부산광역시 사하구 하단동,중상사고,0,1,0,0,차대차 - 기타,안전운전불이행,건조,맑음,단일로 - 기타,승합,남,45세,상해없음,이륜,남,23세,중상
2016101500100003,2016년 10월 15일 00시,토요일,부산광역시 수영구 수영동,경상사고,0,0,1,0,차대차 - 측면충돌,안전거리미확보,건조,맑음,단일로 - 기타,승용,남,25세,상해없음,승용,남,64세,상해없음
2016101500100004,2016년 10월 15일 00시,토요일,부산광역시 강서구 미음동,중상사고,0,2,0,0,차량단독 - 공작물충돌,안전운전불이행,건조,맑음,단일로 - 기타,승용,남,29세,상해없음,,,,
2016101500100047,2016년 10월 15일 02시,토요일,부산광역시 사하구 신평동,중상사고,0,2,3,0,차대차 - 측면직각충돌,신호위반,건조,맑음,교차로 - 교차로안,승용,남,21세,상해없음,승용,남,52세,중상
2016101500100057,2016년 10월 15일 03시,토요일,부산광역시 북구 화명동,부상신고사고,0,0,0,1,차대차 - 추돌,안전운전불이행,건조,맑음,단일로 - 기타,원동기,남,20세,부상신고,승용,남,56세,상해없음
2016101500100078,2016년 10월 15일 05시,토요일,부산광역시 남구 대연동,중상사고,0,1,0,0,차대차 - 기타,신호위반,건조,맑음,단일로 - 기타,승용,남,58세,상해없음,자전거,남,49세,중상
2016101500100090,2016년 10월 15일 06시,토요일,부산광역시 동래구 명장동,중상사고,0,1,0,0,차대차 - 측면직각충돌,신호위반,건조,맑음,교차로 - 교차로안,승용,남,55세,기타불명,이륜,남,52세,중상
2016101500100091,2016년 10월 15일 06시,토요일,부산광역시 사하구 당리동,경상사고,0,0,1,0,차대차 - 측면직각충돌,안전운전불이행,건조,맑음,단일로 - 기타,승용,남,54세,상해없음,승합,남,56세,경상
2016101500100105,2016년 10월 15일 07시,토요일,부산광역시 동구 좌천동,경상사고,0,0,1,0,차대차 - 기타,차로위반,건조,맑음,단일로 - 기타,승용,남,34세,상해없음,승용,남,43세,경상
2016101500100126,2016년 10월 15일 08시,토요일,부산광역시 부산진구 부전동,경상사고,0,0,1,0,차대차 - 기타,안전거리미확보,건조,맑음,단일로 - 기타,승용,남,74세,상해없음,승용,남,26세,경상
2016101500100179,2016년 10월 15일 10시,토요일,부산광역시 수영구 광안동,중상사고,0,1,0,0,차대사람 - 횡단중,안전운전불이행,건조,맑음,단일로 - 기타,승용,여,59세,상해없음,보행자,여,76세,중상
2016101500100180,2016년 10월 15일 10시,토요일,부산광역시 사하구 신평동,경상사고,0,0,1,0,차대차 - 기타,차로위반,건조,맑음,단일로 - 기타,화물,남,47세,상해없음,화물,남,56세,경상
2016101500100181,2016년 10월 15일 10시,토요일,부산광역시 사상구 엄궁동,부상신고사고,0,0,0,2,차대차 - 추돌,안전운전불이행,건조,맑음,단일로 - 기타,승용,남,36세,상해없음,승용,남,41세,부상신고
2016101500100224,2016년 10월 15일 11시,토요일,부산광역시 동래구 수안동,중상사고,0,1,0,0,차대차 - 추돌,안전운전불이행,건조,맑음,단일로 - 기타,승용,남,27세,상해없음,승용,남,51세,중상
2016101500100225,2016년 10월 15일 11시,토요일,부산광역시 동래구 온천동,경상사고,0,0,2,0,차대차 - 측면직각충돌,안전거리미확보,건조,맑음,단일로 - 기타,화물,남,23세,상해없음,승용,여,37세,경상
2016101500100266,2016년 10월 15일 12시,토요일,부산광역시 해운대구 우동,경상사고,0,0,1,0,차대차 - 추돌,안전운전불이행,건조,맑음,단일로 - 기타,승용,남,66세,상해없음,이륜,남,30세,경상
2016101500100267,2016년 10월 15일 12시,토요일,부산광역시 부산진구 부전동,중상사고,0,1,0,0,차대사람 - 기타,안전운전불이행,건조,맑음,단일로 - 기타,승합,남,65세,상해없음,보행자,여,57세,중상
2016101500100302,2016년 10월 15일 13시,토요일,부산광역시 수영구 광안동,부상신고사고,0,0,0,1,차대사람 - 기타,기타,건조,맑음,단일로 - 기타,승용,남,53세,상해없음,보행자,남,57세,부상신고
2016101500100303,2016년 10월 15일 13시,토요일,부산광역시 사상구 감전동,경상사고,0,0,1,0,차대차 - 기타,안전운전불이행,건조,맑음,단일로 - 기타,특수,남,34세,상해없음,승용,남,42세,경상
2016101500100346,2016년 10월 15일 14시,토요일,부산광역시 서구 서대신동2가,중상사고,0,1,0,0,차대차 - 추돌,안전거리미확보,건조,맑음,교차로 - 교차로부근,건설기계,남,63세,상해없음,승용,남,67세,중상
2016101500100347,2016년 10월 15일 14시,토요일,부산광역시 부산진구 부암동,중상사고,0,2,0,0,차대사람 - 기타,안전운전불이행,건조,맑음,단일로 - 기타,승합,남,64세,상해없음,보행자,여,12세,중상
2016101500100383,2016년 10월 15일 15시,토요일,부산광역시 수영구 광안동,경상사고,0,0,1,0,차대사람 - 길가장자리구역통행중,안전운전불이행,건조,맑음,단일로 - 기타,승용,남,39세,상해없음,보행자,여,5세,경상
2016101500100384,2016년 10월 15일 15시,토요일,부산광역시 사하구 다대동,중상사고,0,2,2,0,차대차 - 추돌,안전운전불이행,건조,맑음,단일로 - 횡단보도부근,승합,남,50세,상해없음,승용,여,51세,경상
2016101500100419,2016년 10월 15일 16시,토요일,부산광역시 동래구 낙민동,중상사고,0,1,0,0,차대사람 - 횡단중,보행자보호의무위반,건조,맑음,단일로 - 횡단보도상,승용,남,43세,상해없음,보행자,여,82세,중상
2016101500100447,2016년 10월 15일 17시,토요일,부산광역시 금정구 남산동,부상신고사고,0,0,0,1,차대사람 - 횡단중,안전운전불이행,건조,맑음,단일로 - 기타,승용,남,55세,상해없음,보행자,남,80세,부상신고
2016101500100448,2016년 10월 15일 17시,토요일,부산광역시 사하구 하단동,경상사고,0,0,1,0,차대차 - 기타,신호위반,건조,맑음,단일로 - 기타,승용,여,42세,상해없음,자전거,남,67세,경상
2016101500100484,2016년 10월 15일 18시,토요일,부산광역시 남구 감만동,경상사고,0,0,1,0,차대차 - 측면직각충돌,안전거리미확보,건조,맑음,교차로 - 교차로부근,이륜,남,59세,경상,승용,남,60세,상해없음
2016101500100485,2016년 10월 15일 18시,토요일,부산광역시 남구 대연동,부상신고사고,0,0,0,1,차대사람 - 기타,안전운전불이행,건조,맑음,단일로 - 기타,승용,남,57세,상해없음,보행자,여,18세,부상신고
2016101500100486,2016년 10월 15일 18시,토요일,부산광역시 동래구 온천동,중상사고,0,1,0,1,차대차 - 측면직각충돌,안전운전불이행,건조,맑음,단일로 - 기타,원동기,여,53세,부상신고,원동기,남,33세,중상
2016101500100487,2016년 10월 15일 18시,토요일,부산광역시 해운대구 우동,부상신고사고,0,0,0,1,차대차 - 측면직각충돌,안전거리미확보,건조,맑음,단일로 - 기타,승용,남,62세,상해없음,승용,여,21세,부상신고
2016101500100535,2016년 10월 15일 19시,토요일,부산광역시 부산진구 개금동,중상사고,0,1,0,0,차대사람 - 횡단중,안전운전불이행,건조,맑음,단일로 - 기타,승용,남,58세,상해없음,보행자,남,62세,중상
2016101500100576,2016년 10월 15일 20시,토요일,부산광역시 동구 좌천동,중상사고,0,1,0,0,차대차 - 정면충돌,중앙선침범,건조,맑음,단일로 - 기타,승용,여,34세,상해없음,원동기,남,17세,중상
2016101500100577,2016년 10월 15일 20시,토요일,부산광역시 북구 구포동,경상사고,0,0,1,0,차대차 - 측면직각충돌,교차로운행방법위반,건조,맑음,교차로 - 교차로안,승용,남,69세,상해없음,승용,남,56세,상해없음
2016101500100578,2016년 10월 15일 20시,토요일,부산광역시 해운대구 반여동,경상사고,0,0,1,0,차대차 - 추돌,신호위반,건조,흐림,교차로 - 교차로안,승용,남,51세,상해없음,승용,남,69세,경상
2016101500100579,2016년 10월 15일 20시,토요일,부산광역시 강서구 강동동,경상사고,0,0,1,0,차대차 - 추돌,안전거리미확보,건조,맑음,단일로 - 기타,승용,남,45세,상해없음,이륜,남,18세,경상
2016101500100580,2016년 10월 15일 20시,토요일,부산광역시 사상구 학장동,경상사고,0,0,1,0,차대사람 - 차도통행중,안전운전불이행,건조,맑음,단일로 - 기타,승용,여,61세,상해없음,보행자,여,36세,경상
2016101500100617,2016년 10월 15일 21시,토요일,부산광역시 해운대구 재송동,중상사고,0,1,0,0,차대사람 - 길가장자리구역통행중,안전운전불이행,건조,맑음,단일로 - 기타,승용,남,17세,상해없음,보행자,남,17세,중상
2016101500100618,2016년 10월 15일 21시,토요일,부산광역시 해운대구 좌동,경상사고,0,0,2,0,차대차 - 기타,안전운전불이행,기타,맑음,교차로 - 교차로부근,승용,남,59세,상해없음,승용,남,59세,경상
2016101500100619,2016년 10월 15일 21시,토요일,부산광역시 강서구 녹산동,경상사고,0,0,1,0,차대차 - 정면충돌,중앙선침범,건조,맑음,단일로 - 기타,승용,남,67세,상해없음,승용,남,39세,경상
2016101500100643,2016년 10월 15일 22시,토요일,부산광역시 사하구 당리동,경상사고,0,0,1,0,차대차 - 기타,차로위반,건조,기타,교차로 - 교차로부근,승용,남,34세,상해없음,승용,남,64세,경상
2016101500100670,2016년 10월 15일 23시,토요일,부산광역시 북구 덕천동,중상사고,0,1,0,0,차대사람 - 기타,안전운전불이행,건조,맑음,단일로 - 기타,승용,남,24세,상해없음,보행자,남,56세,중상
2016101500100671,2016년 10월 15일 23시,토요일,부산광역시 동래구 명륜동,중상사고,0,1,0,0,차대차 - 측면직각충돌,신호위반,건조,맑음,교차로 - 교차로안,승용,남,25세,상해없음,이륜,남,27세,중상
2016101600100005,2016년 10월 16일 00시,일요일,부산광역시 동래구 낙민동,중상사고,0,1,0,0,차대사람 - 차도통행중,안전운전불이행,건조,맑음,단일로 - 기타,승용,남,34세,상해없음,보행자,남,49세,중상
2016101600100006,2016년 10월 16일 00시,일요일,부산광역시 사하구 하단동,경상사고,0,0,4,0,차대차 - 기타,안전운전불이행,건조,기타,단일로 - 기타,화물,남,56세,상해없음,승용,남,67세,경상
2016101600100042,2016년 10월 16일 02시,일요일,부산광역시 해운대구 우동,경상사고,0,0,2,0,차대차 - 추돌,안전운전불이행,건조,맑음,단일로 - 기타,승용,남,32세,상해없음,승용,남,29세,경상
2016101600100052,2016년 10월 16일 03시,일요일,부산광역시 해운대구 우동,중상사고,0,1,0,0,차대차 - 측면충돌,신호위반,기타,맑음,교차로 - 교차로안,승용,남,24세,상해없음,이륜,남,41세,중상
2016101600100053,2016년 10월 16일 03시,일요일,부산광역시 부산진구 범천동,경상사고,0,0,4,0,차대차 - 정면충돌,신호위반,건조,맑음,교차로 - 교차로안,승용,남,62세,상해없음,승용,남,59세,경상
2016101600100062,2016년 10월 16일 04시,일요일,부산광역시 강서구 강동동,경상사고,0,0,1,0,차대차 - 정면충돌,안전거리미확보,건조,맑음,단일로 - 기타,승용,여,59세,상해없음,승용,남,29세,경상
2016101600100077,2016년 10월 16일 05시,일요일,부산광역시 부산진구 전포동,경상사고,0,0,1,0,차대차 - 측면충돌,신호위반,건조,맑음,교차로 - 교차로안,승용,남,25세,상해없음,승용,남,51세,경상
2016101600100090,2016년 10월 16일 06시,일요일,부산광역시 남구 용호동,경상사고,0,0,2,0,차대차 - 기타,안전거리미확보,습기,흐림,교차로 - 교차로안,승용,남,69세,상해없음,승용,남,48세,경상
2016101600100091,2016년 10월 16일 06시,일요일,부산광역시 부산진구 연지동,중상사고,0,2,0,0,차대차 - 정면충돌,중앙선침범,건조,맑음,단일로 - 기타,승용,남,35세,상해없음,승용,남,50세,중상
2016101600100092,2016년 10월 16일 06시,일요일,부산광역시 사상구 감전동,중상사고,0,1,0,0,차대차 - 측면직각충돌,신호위반,건조,맑음,교차로 - 교차로부근,건설기계,남,57세,상해없음,자전거,남,42세,중상
2016101600100102,2016년 10월 16일 07시,일요일,부산광역시 남구 대연동,경상사고,0,0,1,0,차대차 - 기타,중앙선침범,습기,비,단일로 - 기타,승용,남,33세,상해없음,승합,남,37세,경상
2016101600100109,2016년 10월 16일 08시,일요일,부산광역시 동래구 안락동,경상사고,0,0,2,0,차대차 - 추돌,안전거리미확보,건조,맑음,단일로 - 기타,승합,남,28세,상해없음,승용,남,52세,경상
2016101600100125,2016년 10월 16일 09시,일요일,부산광역시 북구 덕천동,경상사고,0,0,2,0,차대차 - 정면충돌,안전운전불이행,습기,비,교차로 - 교차로안,승용,남,66세,상해없음,승용,여,66세,경상
2016101600100135,2016년 10월 16일 10시,일요일,부산광역시 사하구 신평동,경상사고,0,0,2,0,차대차 - 측면충돌,차로위반,건조,맑음,단일로 - 기타,화물,남,48세,상해없음,승용,여,36세,경상
2016101600100148,2016년 10월 16일 11시,일요일,부산광역시 서구 암남동,경상사고,0,0,1,0,차대사람 - 기타,안전운전불이행,습기,비,단일로 - 기타,승용,남,63세,상해없음,보행자,남,47세,경상
2016101600100149,2016년 10월 16일 11시,일요일,부산광역시 강서구 구랑동,경상사고,0,0,1,0,차대차 - 추돌,안전거리미확보,건조,맑음,단일로 - 기타,특수,남,55세,상해없음,승용,남,33세,경상
2016101600100237,2016년 10월 16일 14시,일요일,부산광역시 남구 문현동,중상사고,0,1,0,0,차대사람 - 차도통행중,안전운전불이행,습기,맑음,단일로 - 기타,승용,남,32세,상해없음,보행자,여,87세,중상
2016101600100238,2016년 10월 16일 14시,일요일,부산광역시 남구 문현동,경상사고,0,0,1,0,차대사람 - 길가장자리구역통행중,안전운전불이행,습기,맑음,교차로 - 교차로안,승용,남,61세,상해없음,보행자,여,54세,경상
2016101600100239,2016년 10월 16일 14시,일요일,부산광역시 부산진구 부암동,중상사고,0,1,0,0,차대차 - 정면충돌,안전운전불이행,습기,비,교차로 - 교차로안,승용,여,45세,상해없음,이륜,남,53세,중상
2016101600100309,2016년 10월 16일 16시,일요일,부산광역시 동래구 명륜동,경상사고,0,0,1,0,차대사람 - 기타,안전운전불이행,건조,맑음,단일로 - 기타,승합,남,42세,상해없음,보행자,남,24세,경상
2016101600100310,2016년 10월 16일 16시,일요일,부산광역시 부산진구 부전동,경상사고,0,0,1,0,차대사람 - 횡단중,신호위반,건조,맑음,단일로 - 횡단보도상,승용,남,25세,상해없음,보행자,여,30세,경상
2016101600100355,2016년 10월 16일 17시,일요일,부산광역시 사하구 하단동,경상사고,0,0,1,0,차대차 - 측면충돌,신호위반,습기,비,교차로 - 교차로안,이륜,남,22세,상해없음,승용,여,51세,경상
2016101600100356,2016년 10월 16일 17시,일요일,부산광역시 연제구 연산동,경상사고,0,0,1,0,차대사람 - 길가장자리구역통행중,안전운전불이행,습기,비,단일로 - 기타,승용,남,60세,상해없음,보행자,남,59세,경상
2016101600100397,2016년 10월 16일 18시,일요일,부산광역시 남구 용당동,경상사고,0,0,2,0,차대차 - 정면충돌,중앙선침범,습기,비,교차로 - 교차로부근,승용,남,58세,상해없음,승용,남,48세,경상
2016101600100398,2016년 10월 16일 18시,일요일,부산광역시 북구 덕천동,중상사고,0,1,0,0,차대차 - 기타,신호위반,습기,비,교차로 - 교차로안,승용,남,76세,상해없음,승용,여,40세,중상
2016101600100399,2016년 10월 16일 18시,일요일,부산광역시 부산진구 전포동,경상사고,0,0,3,0,차대차 - 측면직각충돌,차로위반,습기,비,단일로 - 기타,승용,남,33세,기타불명,승용,여,40세,경상
2016101600100438,2016년 10월 16일 19시,일요일,부산광역시 동구 초량동,경상사고,0,0,4,2,차대차 - 추돌,안전거리미확보,습기,비,단일로 - 기타,승용,남,46세,상해없음,승용,남,55세,경상
2016101600100439,2016년 10월 16일 19시,일요일,부산광역시 북구 화명동,경상사고,0,0,1,0,차대차 - 추돌,안전운전불이행,기타,비,단일로 - 기타,승용,남,38세,상해없음,이륜,남,19세,경상
2016101600100440,2016년 10월 16일 19시,일요일,부산광역시 영도구 동삼동,중상사고,0,1,0,0,차대차 - 기타,안전운전불이행,습기,비,단일로 - 기타,승용,남,45세,상해없음,승용,여,60세,기타불명
2016101600100496,2016년 10월 16일 20시,일요일,부산광역시 동래구 복천동,중상사고,0,1,0,0,차대사람 - 차도통행중,안전운전불이행,습기,비,단일로 - 기타,승용,여,48세,상해없음,보행자,남,69세,중상
2016101600100497,2016년 10월 16일 20시,일요일,부산광역시 해운대구 반송동,중상사고,0,1,0,0,차대차 - 정면충돌,안전운전불이행,건조,맑음,단일로 - 기타,승용,남,50세,상해없음,이륜,남,51세,중상
2016101600100498,2016년 10월 16일 20시,일요일,부산광역시 금정구 부곡동,중상사고,0,1,0,0,차대차 - 기타,안전운전불이행,습기,비,교차로 - 교차로안,원동기,남,57세,중상,승용,남,36세,상해없음
2016101600100530,2016년 10월 16일 21시,일요일,부산광역시 부산진구 전포동,중상사고,0,1,1,0,차대차 - 기타,교차로운행방법위반,습기,비,교차로 - 교차로안,승용,남,38세,기타불명,승용,남,33세,경상
2016101600100565,2016년 10월 16일 22시,일요일,부산광역시 수영구 민락동,중상사고,0,1,0,0,차대사람 - 길가장자리구역통행중,안전운전불이행,습기,비,단일로 - 횡단보도상,승용,남,50세,상해없음,보행자,남,47세,중상
2016101600100587,2016년 10월 16일 23시,일요일,부산광역시 남구 대연동,중상사고,0,1,0,0,차대차 - 정면충돌,안전운전불이행,습기,비,단일로 - 기타,원동기,남,19세,중상,승합,남,42세,상해없음
2016101600100588,2016년 10월 16일 23시,일요일,부산광역시 사하구 괴정동,경상사고,0,0,2,0,차대차 - 추돌,안전운전불이행,습기,비,단일로 - 기타,승용,남,43세,상해없음,승용,남,62세,경상
2016101700100003,2016년 10월 17일 00시,월요일,부산광역시 서구 동대신동3가,중상사고,0,1,0,0,차대사람 - 횡단중,안전운전불이행,습기,비,단일로 - 기타,승용,남,62세,상해없음,보행자,여,37세,중상
2016101700100004,2016년 10월 17일 00시,월요일,부산광역시 사하구 괴정동,경상사고,0,0,3,0,차대차 - 정면충돌,중앙선침범,습기,비,단일로 - 기타,승용,남,60세,상해없음,승용,남,39세,경상
2016101700100023,2016년 10월 17일 03시,월요일,부산광역시 동구 범일동,중상사고,0,1,1,0,차량단독 - 전도전복,안전운전불이행,습기,흐림,미분류 - 미분류,승용,남,72세,중상,,,,
2016101700100028,2016년 10월 17일 04시,월요일,부산광역시 연제구 연산동,경상사고,0,0,3,0,차대차 - 측면충돌,신호위반,건조,맑음,교차로 - 교차로안,승용,남,61세,경상,승용,남,49세,경상
2016101700100035,2016년 10월 17일 05시,월요일,부산광역시 해운대구 반여동,중상사고,0,1,0,0,차대차 - 기타,중앙선침범,습기,흐림,단일로 - 기타,화물,남,47세,상해없음,승용,여,43세,중상
2016101700100059,2016년 10월 17일 07시,월요일,부산광역시 강서구 구랑동,경상사고,0,0,1,0,차대차 - 측면충돌,신호위반,습기,흐림,교차로 - 교차로안,건설기계,남,47세,상해없음,승용,남,39세,경상
2016101700100060,2016년 10월 17일 07시,월요일,부산광역시 기장군 정관읍,경상사고,0,0,1,0,차대차 - 추돌,안전운전불이행,습기,흐림,단일로 - 기타,화물,남,55세,상해없음,승용,남,39세,상해없음
2016101700100092,2016년 10월 17일 08시,월요일,부산광역시 서구 서대신동3가,경상사고,0,0,1,0,차대차 - 추돌,안전운전불이행,건조,맑음,단일로 - 기타,승용,남,37세,상해없음,승용,남,32세,경상
2016101700100093,2016년 10월 17일 08시,월요일,부산광역시 수영구 광안동,중상사고,0,2,0,0,차대차 - 측면직각충돌,교차로운행방법위반,건조,맑음,교차로 - 교차로안,이륜,남,66세,중상,승용,남,32세,상해없음
2016101700100094,2016년 10월 17일 08시,월요일,부산광역시 부산진구 당감동,경상사고,0,0,1,0,차대차 - 추돌,안전운전불이행,건조,맑음,단일로 - 기타,승용,남,29세,상해없음,이륜,남,64세,경상
2016101700100095,2016년 10월 17일 08시,월요일,부산광역시 강서구 송정동,중상사고,0,1,0,0,차대차 - 측면충돌,신호위반,건조,맑음,교차로 - 교차로안,승용,여,37세,상해없음,승용,여,28세,중상
2016101700100135,2016년 10월 17일 09시,월요일,부산광역시 사하구 장림동,경상사고,0,0,5,0,차대차 - 측면직각충돌,안전운전불이행,건조,맑음,교차로 - 교차로부근,화물,남,62세,상해없음,승합,남,53세,경상
2016101700100174,2016년 10월 17일 10시,월요일,부산광역시 동구 수정동,중상사고,0,1,0,0,차대사람 - 횡단중,보행자보호의무위반,건조,맑음,단일로 - 기타,승용,여,44세,상해없음,보행자,여,27세,중상
2016101700100175,2016년 10월 17일 10시,월요일,부산광역시 해운대구 좌동,경상사고,0,0,2,1,차대차 - 추돌,안전운전불이행,건조,맑음,단일로 - 기타,화물,남,34세,부상신고,승용,여,61세,경상
2016101700100176,2016년 10월 17일 10시,월요일,부산광역시 사하구 하단동,부상신고사고,0,0,0,1,차대차 - 측면충돌,안전운전불이행,건조,맑음,단일로 - 기타,승용,남,57세,상해없음,자전거,남,69세,부상신고
2016101700100202,2016년 10월 17일 11시,월요일,부산광역시 동래구 낙민동,경상사고,0,0,1,0,차대차 - 측면충돌,안전운전불이행,건조,맑음,단일로 - 기타,자전거,남,31세,상해없음,자전거,남,76세,경상
2016101700100203,2016년 10월 17일 11시,월요일,부산광역시 해운대구 재송동,부상신고사고,0,0,0,1,차대차 - 측면직각충돌,안전운전불이행,건조,맑음,교차로 - 교차로안,자전거,남,25세,부상신고,승용,여,29세,상해없음
2016101700100204,2016년 10월 17일 11시,월요일,부산광역시 사하구 다대동,중상사고,0,1,0,0,차대사람 - 횡단중,안전운전불이행,건조,맑음,교차로 - 교차로안,승용,남,45세,상해없음,보행자,여,82세,중상
2016101700100244,2016년 10월 17일 12시,월요일,부산광역시 동구 좌천동,중상사고,0,1,0,0,차대차 - 측면충돌,안전거리미확보,건조,맑음,기타 - 기타,승용,남,53세,상해없음,이륜,남,36세,중상
2016101700100245,2016년 10월 17일 12시,월요일,부산광역시 동래구 낙민동,경상사고,0,0,1,0,차대사람 - 길가장자리구역통행중,안전운전불이행,건조,맑음,단일로 - 기타,승용,남,77세,상해없음,보행자,여,51세,경상
2016101700100246,2016년 10월 17일 12시,월요일,부산광역시 사상구 주례동,경상사고,0,0,1,0,차대차 - 추돌,안전운전불이행,건조,맑음,단일로 - 기타,승용,여,59세,상해없음,승용,남,33세,경상
2016101700100277,2016년 10월 17일 13시,월요일,부산광역시 수영구 남천동,중상사고,0,1,0,0,차대사람 - 횡단중,보행자보호의무위반,건조,맑음,단일로 - 기타,승용,여,57세,상해없음,보행자,여,48세,중상
2016101700100278,2016년 10월 17일 13시,월요일,부산광역시 강서구 대저1동,부상신고사고,0,0,0,1,차대차 - 측면직각충돌,안전운전불이행,건조,맑음,교차로 - 교차로안,자전거,남,59세,부상신고,승용,여,61세,상해없음
2016101700100315,2016년 10월 17일 14시,월요일,부산광역시 서구 남부민동,경상사고,0,0,1,0,차대차 - 기타,차로위반,건조,맑음,단일로 - 기타,승용,여,28세,상해없음,승용,여,30세,경상
2016101700100316,2016년 10월 17일 14시,월요일,부산광역시 북구 덕천동,경상사고,0,0,1,0,차대차 - 측면직각충돌,안전거리미확보,건조,맑음,단일로 - 기타,승용,여,41세,상해없음,승용,남,53세,경상
2016101700100317,2016년 10월 17일 14시,월요일,부산광역시 부산진구 가야동,경상사고,0,0,1,0,차대차 - 기타,안전운전불이행,건조,맑음,단일로 - 기타,승용,남,71세,상해없음,승용,남,27세,경상
2016101700100318,2016년 10월 17일 14시,월요일,부산광역시 사상구 괘법동,경상사고,0,0,1,0,차대사람 - 기타,안전운전불이행,건조,맑음,단일로 - 기타,승용,남,31세,상해없음,보행자,남,24세,경상
2016101700100355,2016년 10월 17일 15시,월요일,부산광역시 동구 범일동,경상사고,0,0,1,0,차대차 - 기타,안전운전불이행,건조,맑음,단일로 - 기타,승용,남,48세,상해없음,승합,여,50세,경상
2016101700100356,2016년 10월 17일 15시,월요일,부산광역시 남구 용호동,중상사고,0,1,0,0,차대차 - 기타,중앙선침범,건조,맑음,단일로 - 기타,승용,여,53세,상해없음,원동기,남,58세,중상
2016101700100357,2016년 10월 17일 15시,월요일,부산광역시 기장군 기장읍,경상사고,0,0,1,0,차량단독 - 기타,안전운전불이행,건조,맑음,단일로 - 기타,승합,남,52세,상해없음,,,,
2016101700100438,2016년 10월 17일 17시,월요일,부산광역시 사하구 장림동,경상사고,0,0,1,0,차대차 - 정면충돌,안전운전불이행,건조,맑음,단일로 - 기타,이륜,남,17세,경상,이륜,남,25세,상해없음
2016101700100480,2016년 10월 17일 18시,월요일,부산광역시 동구 초량동,중상사고,0,1,0,0,차대사람 - 횡단중,안전운전불이행,건조,맑음,교차로 - 교차로부근,승용,남,33세,상해없음,보행자,여,76세,중상
2016101700100481,2016년 10월 17일 18시,월요일,부산광역시 동래구 온천동,경상사고,0,0,1,0,차대사람 - 차도통행중,안전운전불이행,건조,맑음,단일로 - 기타,승합,남,65세,상해없음,보행자,여,61세,경상
2016101700100482,2016년 10월 17일 18시,월요일,부산광역시 해운대구 우동,경상사고,0,0,1,6,차대차 - 추돌,안전운전불이행,건조,맑음,단일로 - 기타,승용,여,56세,상해없음,승용,여,38세,부상신고
2016101700100524,2016년 10월 17일 19시,월요일,부산광역시 금정구 남산동,중상사고,0,1,0,0,차대사람 - 횡단중,안전운전불이행,건조,맑음,교차로 - 교차로안,승용,남,36세,상해없음,보행자,여,56세,중상