사고번호,사고일시,요일,시군구,사고내용,사망자수,중상자수,경상자수,부상신고자수,사고유형,법규위반,노면상태,기상상태,도로형태,가해운전자 차종,가해운전자 성별,가해운전자 연령,가해운전자 상해정도,피해운전자 차종,피해운전자 성별,피해운전자 연령,피해운전자 상해정도
2016101700100525,2016년 10월 17일 19시,월요일,부산광역시 강서구 구랑동,중상사고,0,1,1,0,차대차 - 추돌,안전운전불이행,건조,맑음,교차로 - 교차로부근,승용,남,61세,상해없음,승용,남,45세,중상
2016101700100573,2016년 10월 17일 20시,월요일,부산광역시 동래구 명륜동,경상사고,0,0,1,0,차대차 - 측면직각충돌,안전운전불이행,건조,맑음,단일로 - 기타,자전거,남,25세,상해없음,자전거,남,26세,경상
2016101700100575,2016년 10월 17일 20시,월요일,부산광역시 사상구 주례동,중상사고,0,1,0,0,차대사람 - 길가장자리구역통행중,안전운전불이행,건조,맑음,단일로 - 기타,원동기,남,25세,상해없음,보행자,여,61세,중상
2016101700100618,2016년 10월 17일 21시,월요일,부산광역시 남구 대연동,중상사고,0,1,0,0,차대차 - 측면충돌,안전운전불이행,건조,맑음,단일로 - 기타,승용,남,30세,상해없음,이륜,남,56세,중상
2016101700100619,2016년 10월 17일 21시,월요일,부산광역시 해운대구 좌동,경상사고,0,0,1,0,차대사람 - 기타,안전운전불이행,건조,맑음,교차로 - 교차로부근,승용,남,38세,기타불명,보행자,여,56세,경상
2016101700100643,2016년 10월 17일 22시,월요일,부산광역시 북구 만덕동,경상사고,0,0,1,0,차대차 - 측면직각충돌,안전운전불이행,건조,맑음,교차로 - 교차로안,승용,남,57세,상해없음,승용,여,55세,경상
2016101700100644,2016년 10월 17일 22시,월요일,부산광역시 동래구 안락동,경상사고,0,0,1,0,차대사람 - 기타,안전운전불이행,건조,맑음,단일로 - 기타,승용,남,59세,상해없음,보행자,남,50세,경상
2016101700100664,2016년 10월 17일 23시,월요일,부산광역시 북구 만덕동,경상사고,0,0,3,0,차대차 - 추돌,안전운전불이행,건조,맑음,교차로 - 교차로부근,승용,남,29세,상해없음,승용,남,37세,경상
2016101700100665,2016년 10월 17일 23시,월요일,부산광역시 금정구 부곡동,중상사고,0,1,0,0,차대사람 - 횡단중,안전운전불이행,건조,맑음,교차로 - 교차로안,이륜,남,26세,상해없음,보행자,남,41세,중상
2016101700100666,2016년 10월 17일 23시,월요일,부산광역시 강서구 신호동,경상사고,0,0,1,0,차대차 - 추돌,안전거리미확보,건조,맑음,단일로 - 기타,승용,남,25세,상해없음,승용,남,24세,상해없음
2016101800100025,2016년 10월 18일 02시,화요일,부산광역시 사하구 괴정동,경상사고,0,0,1,0,차대차 - 측면직각충돌,신호위반,건조,맑음,단일로 - 기타,승용,남,35세,상해없음,승용,여,45세,경상
2016101800100038,2016년 10월 18일 05시,화요일,부산광역시 연제구 거제동,부상신고사고,0,0,0,1,차대차 - 측면직각충돌,차로위반,건조,맑음,교차로 - 교차로부근,이륜,남,81세,부상신고,승용,남,48세,상해없음
2016101800100054,2016년 10월 18일 06시,화요일,부산광역시 남구 대연동,중상사고,0,1,0,0,차대사람 - 횡단중,안전운전불이행,건조,맑음,단일로 - 횡단보도상,승용,여,59세,상해없음,보행자,여,65세,중상
2016101800100055,2016년 10월 18일 06시,화요일,부산광역시 부산진구 부암동,중상사고,0,1,0,0,차대차 - 측면충돌,교차로운행방법위반,건조,맑음,교차로 - 교차로안,승용,남,65세,상해없음,자전거,남,26세,중상
2016101800100075,2016년 10월 18일 07시,화요일,부산광역시 서구 동대신동1가,경상사고,0,0,1,0,차대사람 - 길가장자리구역통행중,안전운전불이행,건조,맑음,단일로 - 기타,승용,여,34세,상해없음,보행자,여,24세,경상
2016101800100076,2016년 10월 18일 07시,화요일,부산광역시 사하구 장림동,중상사고,0,1,0,0,차대사람 - 기타,신호위반,건조,맑음,교차로 - 교차로안,승용,남,53세,상해없음,보행자,남,73세,중상
2016101800100107,2016년 10월 18일 08시,화요일,부산광역시 서구 아미동2가,경상사고,0,0,2,0,차대차 - 추돌,안전운전불이행,건조,맑음,단일로 - 기타,승용,남,45세,상해없음,승용,남,43세,경상
2016101800100108,2016년 10월 18일 08시,화요일,부산광역시 북구 덕천동,중상사고,0,1,0,0,차대차 - 측면충돌,교차로운행방법위반,건조,맑음,교차로 - 교차로안,승용,남,41세,상해없음,원동기,남,45세,중상
2016101800100109,2016년 10월 18일 08시,화요일,부산광역시 사상구 감전동,경상사고,0,0,1,0,차대차 - 측면직각충돌,직진우회전진행방해,건조,맑음,교차로 - 교차로안,승용,남,48세,상해없음,승용,여,49세,경상
2016101800100110,2016년 10월 18일 08시,화요일,부산광역시 금정구 두구동,경상사고,0,0,1,0,차대차 - 측면직각충돌,안전거리미확보,건조,맑음,단일로 - 기타,화물,남,44세,상해없음,승합,남,33세,경상
2016101800100222,2016년 10월 18일 11시,화요일,부산광역시 사하구 당리동,부상신고사고,0,0,0,1,차대차 - 측면충돌,신호위반,건조,흐림,교차로 - 교차로안,이륜,남,57세,부상신고,화물,남,68세,상해없음
2016101800100248,2016년 10월 18일 12시,화요일,부산광역시 금정구 구서동,경상사고,0,0,1,0,차대차 - 측면직각충돌,신호위반,건조,맑음,교차로 - 교차로안,승용,남,59세,상해없음,원동기,남,26세,경상
2016101800100249,2016년 10월 18일 12시,화요일,부산광역시 사상구 학장동,중상사고,0,1,0,0,차대사람 - 횡단중,안전운전불이행,건조,맑음,단일로 - 기타,화물,남,25세,상해없음,보행자,여,53세,중상
2016101800100305,2016년 10월 18일 14시,화요일,부산광역시 부산진구 부전동,경상사고,0,0,1,0,차대차 - 측면충돌,신호위반,건조,맑음,교차로 - 교차로안,원동기,남,57세,경상,승용,여,49세,상해없음
2016101800100306,2016년 10월 18일 14시,화요일,부산광역시 강서구 지사동,경상사고,0,0,1,0,차대차 - 추돌,안전운전불이행,건조,맑음,기타 - 기타,화물,남,49세,기타불명,승합,남,42세,경상
2016101800100340,2016년 10월 18일 15시,화요일,부산광역시 북구 만덕동,경상사고,0,0,2,0,차대차 - 추돌,안전운전불이행,건조,맑음,단일로 - 기타,승용,여,45세,상해없음,승용,여,51세,경상
2016101800100372,2016년 10월 18일 16시,화요일,부산광역시 영도구 동삼동,경상사고,0,0,3,0,차대차 - 기타,안전거리미확보,건조,맑음,기타 - 기타,승합,남,22세,기타불명,승용,여,48세,경상
2016101800100373,2016년 10월 18일 16시,화요일,부산광역시 수영구 망미동,중상사고,0,1,0,0,차대사람 - 횡단중,안전운전불이행,건조,맑음,단일로 - 기타,자전거,남,12세,상해없음,보행자,여,67세,중상
2016101800100405,2016년 10월 18일 17시,화요일,부산광역시 강서구 화전동,중상사고,0,1,1,0,차대차 - 측면충돌,신호위반,건조,맑음,교차로 - 교차로안,승용,여,42세,경상,화물,여,44세,중상
2016101800100439,2016년 10월 18일 18시,화요일,부산광역시 동래구 명륜동,경상사고,0,0,1,0,차대차 - 추돌,안전거리미확보,건조,맑음,교차로 - 교차로부근,원동기,남,19세,상해없음,승용,남,46세,경상
2016101800100440,2016년 10월 18일 18시,화요일,부산광역시 해운대구 송정동,경상사고,0,0,1,0,차대차 - 기타,안전운전불이행,건조,맑음,단일로 - 기타,승용,남,55세,상해없음,승용,여,34세,경상
2016101800100441,2016년 10월 18일 18시,화요일,부산광역시 기장군 정관읍,중상사고,0,1,0,0,차대차 - 측면충돌,신호위반,건조,맑음,교차로 - 교차로안,승용,여,33세,상해없음,이륜,남,40세,중상
2016101800100504,2016년 10월 18일 19시,화요일,부산광역시 해운대구 좌동,중상사고,0,1,0,0,차대차 - 추돌,안전거리미확보,건조,맑음,단일로 - 기타,승용,남,36세,상해없음,승용,여,28세,중상
2016101800100559,2016년 10월 18일 20시,화요일,부산광역시 부산진구 개금동,부상신고사고,0,0,0,3,차대사람 - 기타,안전운전불이행,건조,맑음,단일로 - 기타,승용,남,48세,상해없음,보행자,남,58세,부상신고
2016101800100609,2016년 10월 18일 22시,화요일,부산광역시 부산진구 부전동,경상사고,0,0,1,0,차대사람 - 기타,안전운전불이행,건조,맑음,단일로 - 기타,승용,남,20세,상해없음,보행자,여,28세,경상
2016101800100632,2016년 10월 18일 23시,화요일,부산광역시 동래구 안락동,중상사고,0,1,1,0,차대차 - 측면충돌,신호위반,건조,맑음,교차로 - 교차로안,승용,여,62세,경상,승용,남,54세,중상
2016101900100009,2016년 10월 19일 00시,수요일,부산광역시 남구 용호동,경상사고,0,0,1,0,차대차 - 추돌,안전운전불이행,건조,맑음,단일로 - 기타,승용,남,57세,상해없음,승용,남,54세,경상
2016101900100024,2016년 10월 19일 01시,수요일,부산광역시 사상구 괘법동,중상사고,0,3,1,0,차대차 - 측면직각충돌,신호위반,건조,맑음,교차로 - 교차로안,승용,남,55세,상해없음,승용,여,21세,중상
2016101900100042,2016년 10월 19일 04시,수요일,부산광역시 수영구 광안동,경상사고,0,0,1,0,차대차 - 추돌,안전운전불이행,건조,맑음,단일로 - 기타,승용,남,29세,상해없음,승용,남,46세,경상
2016101900100060,2016년 10월 19일 06시,수요일,부산광역시 북구 구포동,경상사고,0,0,3,0,차대차 - 추돌,안전운전불이행,건조,맑음,단일로 - 기타,승용,남,32세,상해없음,승용,여,42세,경상
2016101900100076,2016년 10월 19일 07시,수요일,부산광역시 북구 금곡동,경상사고,0,0,1,0,차대차 - 기타,안전운전불이행,건조,맑음,단일로 - 기타,승용,남,79세,상해없음,화물,기타불명,기타불명,기타불명
2016101900100077,2016년 10월 19일 07시,수요일,부산광역시 부산진구 전포동,경상사고,0,0,2,0,차대차 - 측면직각충돌,교차로운행방법위반,건조,맑음,교차로 - 교차로안,승용,남,54세,상해없음,승용,남,47세,경상
2016101900100137,2016년 10월 19일 09시,수요일,부산광역시 남구 우암동,경상사고,0,0,2,0,차대차 - 추돌,안전운전불이행,건조,맑음,기타 - 기타,화물,남,50세,상해없음,승용,남,39세,경상
2016101900100138,2016년 10월 19일 09시,수요일,부산광역시 수영구 망미동,경상사고,0,0,1,0,차대차 - 측면직각충돌,안전운전불이행,건조,맑음,단일로 - 기타,화물,남,44세,상해없음,승용,여,34세,경상
2016101900100172,2016년 10월 19일 10시,수요일,부산광역시 사하구 괴정동,경상사고,0,0,2,0,차대차 - 기타,교차로운행방법위반,건조,맑음,기타 - 기타,승용,여,43세,경상,승용,여,39세,경상
2016101900100205,2016년 10월 19일 11시,수요일,부산광역시 금정구 구서동,중상사고,0,1,0,0,차대사람 - 기타,보행자보호의무위반,건조,맑음,교차로 - 교차로안,원동기,남,45세,상해없음,보행자,여,46세,중상
2016101900100234,2016년 10월 19일 12시,수요일,부산광역시 남구 대연동,경상사고,0,0,1,0,차대차 - 측면직각충돌,안전운전불이행,건조,맑음,교차로 - 교차로안,승용,남,68세,상해없음,승용,여,46세,경상
2016101900100235,2016년 10월 19일 12시,수요일,부산광역시 금정구 금사동,경상사고,0,0,2,0,차대차 - 추돌,안전운전불이행,건조,맑음,단일로 - 기타,승용,남,76세,상해없음,승용,남,23세,경상
2016101900100236,2016년 10월 19일 12시,수요일,부산광역시 사상구 감전동,경상사고,0,0,1,0,차대사람 - 횡단중,안전운전불이행,건조,맑음,교차로 - 교차로안,승용,남,32세,상해없음,보행자,여,32세,경상
2016101900100259,2016년 10월 19일 13시,수요일,부산광역시 동래구 안락동,중상사고,0,1,0,0,차량단독 - 전도전복,안전운전불이행,건조,맑음,미분류 - 미분류,이륜,남,68세,중상,,,,
2016101900100260,2016년 10월 19일 13시,수요일,부산광역시 금정구 부곡동,부상신고사고,0,0,0,1,차대차 - 기타,안전거리미확보,건조,맑음,단일로 - 기타,승용,여,54세,상해없음,승용,남,56세,부상신고
2016101900100291,2016년 10월 19일 14시,수요일,부산광역시 사하구 구평동,경상사고,0,0,1,0,차대사람 - 기타,안전운전불이행,건조,맑음,단일로 - 기타,승용,여,40세,상해없음,보행자,남,9세,경상
2016101900100332,2016년 10월 19일 15시,수요일,부산광역시 연제구 연산동,경상사고,0,0,1,0,차대차 - 추돌,안전운전불이행,건조,맑음,단일로 - 기타,화물,남,44세,상해없음,화물,남,61세,경상
2016101900100333,2016년 10월 19일 15시,수요일,부산광역시 강서구 대저1동,경상사고,0,0,1,0,차대차 - 측면직각충돌,안전거리미확보,건조,맑음,교차로 - 교차로안,승용,남,69세,상해없음,화물,남,54세,경상
2016101900100372,2016년 10월 19일 16시,수요일,부산광역시 연제구 연산동,경상사고,0,0,1,0,차대차 - 추돌,교차로운행방법위반,건조,맑음,교차로 - 교차로안,승용,남,58세,상해없음,자전거,남,12세,경상
2016101900100406,2016년 10월 19일 17시,수요일,부산광역시 북구 금곡동,부상신고사고,0,0,0,1,차대차 - 기타,안전운전불이행,건조,맑음,단일로 - 기타,기타불명,기타불명,기타불명,기타불명,승용,남,18세,부상신고
2016101900100407,2016년 10월 19일 17시,수요일,부산광역시 연제구 연산동,중상사고,0,1,0,0,차대사람 - 횡단중,보행자보호의무위반,건조,맑음,교차로 - 교차로부근,승용,남,48세,상해없음,보행자,남,83세,중상
2016101900100408,2016년 10월 19일 17시,수요일,부산광역시 강서구 신호동,중상사고,0,1,0,0,차대사람 - 기타,보행자보호의무위반,건조,맑음,교차로 - 교차로부근,화물,남,45세,상해없음,보행자,남,65세,중상
2016101900100441,2016년 10월 19일 18시,수요일,부산광역시 금정구 부곡동,경상사고,0,0,1,0,차대차 - 기타,안전운전불이행,기타,기타,기타 - 기타,기타불명,남,26세,상해없음,자전거,여,45세,경상
2016101900100442,2016년 10월 19일 18시,수요일,부산광역시 사하구 괴정동,중상사고,0,1,0,0,차대사람 - 기타,안전운전불이행,건조,맑음,단일로 - 기타,원동기,남,64세,상해없음,보행자,여,63세,중상
2016101900100443,2016년 10월 19일 18시,수요일,부산광역시 강서구 명지동,경상사고,0,0,2,0,차대차 - 추돌,안전거리미확보,건조,맑음,단일로 - 기타,승용,남,61세,상해없음,승용,남,61세,경상
2016101900100517,2016년 10월 19일 19시,수요일,부산광역시 수영구 광안동,경상사고,0,0,1,0,차대차 - 측면직각충돌,안전운전불이행,건조,맑음,단일로 - 기타,승용,남,38세,상해없음,원동기,남,70세,경상
2016101900100518,2016년 10월 19일 19시,수요일,부산광역시 수영구 광안동,경상사고,0,0,2,0,차대차 - 추돌,안전운전불이행,건조,맑음,단일로 - 기타,승용,남,17세,기타불명,승용,여,46세,경상
2016101900100519,2016년 10월 19일 19시,수요일,부산광역시 동래구 명륜동,중상사고,0,1,0,0,차대사람 - 차도통행중,안전운전불이행,건조,맑음,단일로 - 횡단보도상,승용,남,34세,상해없음,보행자,여,40세,중상
2016101900100566,2016년 10월 19일 20시,수요일,부산광역시 강서구 신호동,경상사고,0,0,1,0,차대사람 - 차도통행중,안전운전불이행,건조,맑음,단일로 - 기타,승용,남,54세,상해없음,보행자,남,6세,경상
2016101900100604,2016년 10월 19일 21시,수요일,부산광역시 부산진구 범천동,중상사고,0,1,0,0,차대차 - 기타,중앙선침범,건조,맑음,단일로 - 기타,자전거,남,15세,상해없음,이륜,남,32세,중상
2016101900100605,2016년 10월 19일 21시,수요일,부산광역시 연제구 연산동,경상사고,0,0,1,0,차대사람 - 횡단중,신호위반,건조,맑음,단일로 - 횡단보도상,이륜,남,18세,상해없음,보행자,여,57세,경상
2016101900100633,2016년 10월 19일 22시,수요일,부산광역시 부산진구 연지동,경상사고,0,0,2,0,차대차 - 추돌,안전운전불이행,건조,맑음,단일로 - 기타,승용,남,43세,상해없음,승용,남,61세,경상
2016101900100634,2016년 10월 19일 22시,수요일,부산광역시 사상구 감전동,경상사고,0,0,1,1,차대차 - 측면직각충돌,교차로운행방법위반,건조,맑음,단일로 - 기타,승용,남,46세,부상신고,승용,남,56세,경상
2016102000100007,2016년 10월 20일 00시,목요일,부산광역시 수영구 광안동,사망사고,1,0,1,0,차대차 - 측면직각충돌,안전운전불이행,건조,맑음,교차로 - 교차로안,원동기,남,24세,사망,승용,남,55세,상해없음
2016102000100017,2016년 10월 20일 01시,목요일,부산광역시 동래구 온천동,경상사고,0,0,2,0,차대차 - 측면충돌,직진우회전진행방해,건조,맑음,교차로 - 교차로안,승용,남,61세,기타불명,승용,남,62세,경상
2016102000100029,2016년 10월 20일 02시,목요일,부산광역시 사하구 하단동,중상사고,0,2,0,0,차대차 - 측면충돌,안전운전불이행,건조,맑음,단일로 - 기타,이륜,남,17세,중상,승용,남,35세,상해없음
2016102000100038,2016년 10월 20일 03시,목요일,부산광역시 부산진구 부전동,중상사고,0,2,0,0,차대차 - 추돌,안전거리미확보,건조,맑음,단일로 - 기타,승용,남,63세,상해없음,승용,남,57세,상해없음
2016102000100047,2016년 10월 20일 05시,목요일,부산광역시 부산진구 범전동,중상사고,0,1,0,0,차대사람 - 횡단중,안전운전불이행,건조,맑음,단일로 - 횡단보도부근,승용,남,33세,상해없음,보행자,여,79세,중상
2016102000100057,2016년 10월 20일 06시,목요일,부산광역시 북구 덕천동,경상사고,0,0,1,0,차대사람 - 기타,안전운전불이행,건조,맑음,단일로 - 기타,승용,여,34세,기타불명,보행자,남,35세,경상
2016102000100073,2016년 10월 20일 07시,목요일,부산광역시 남구 대연동,경상사고,0,0,1,0,차대차 - 추돌,차로위반,건조,맑음,단일로 - 기타,승용,남,68세,기타불명,승용,남,40세,경상
2016102000100074,2016년 10월 20일 07시,목요일,부산광역시 해운대구 반여동,경상사고,0,0,1,0,차대차 - 추돌,안전운전불이행,건조,맑음,단일로 - 기타,이륜,남,17세,상해없음,승용,여,54세,경상
2016102000100075,2016년 10월 20일 07시,목요일,부산광역시 사하구 괴정동,경상사고,0,0,1,0,차대차 - 기타,교차로운행방법위반,건조,맑음,교차로 - 교차로안,승용,남,32세,상해없음,원동기,남,27세,경상
2016102000100076,2016년 10월 20일 07시,목요일,부산광역시 사상구 주례동,경상사고,0,0,1,0,차대차 - 측면직각충돌,안전거리미확보,건조,맑음,단일로 - 기타,승용,남,25세,상해없음,승용,남,49세,상해없음
2016102000100140,2016년 10월 20일 09시,목요일,부산광역시 동래구 온천동,부상신고사고,0,0,0,1,차대사람 - 기타,안전운전불이행,건조,맑음,단일로 - 기타,승용,여,45세,상해없음,보행자,남,76세,부상신고
2016102000100176,2016년 10월 20일 10시,목요일,부산광역시 동래구 안락동,경상사고,0,0,2,0,차대차 - 추돌,차로위반,건조,맑음,단일로 - 기타,승용,여,49세,경상,승용,여,32세,경상
2016102000100177,2016년 10월 20일 10시,목요일,부산광역시 영도구 봉래동3가,부상신고사고,0,0,0,1,차대차 - 측면직각충돌,안전운전불이행,건조,맑음,교차로 - 교차로안,자전거,남,77세,부상신고,승용,남,34세,상해없음
2016102000100178,2016년 10월 20일 10시,목요일,부산광역시 금정구 회동동,중상사고,0,2,0,0,차대차 - 기타,기타,건조,맑음,교차로 - 교차로안,승용,남,56세,상해없음,화물,남,57세,중상
2016102000100209,2016년 10월 20일 11시,목요일,부산광역시 북구 화명동,중상사고,0,1,0,0,차대사람 - 기타,신호위반,건조,맑음,교차로 - 교차로안,승용,여,41세,상해없음,보행자,여,62세,중상
2016102000100232,2016년 10월 20일 12시,목요일,부산광역시 서구 동대신동1가,경상사고,0,0,1,0,차대차 - 기타,안전운전불이행,건조,맑음,단일로 - 기타,승용,여,53세,상해없음,화물,남,52세,경상
2016102000100253,2016년 10월 20일 13시,목요일,부산광역시 서구 암남동,중상사고,0,1,0,0,차대차 - 측면충돌,안전운전불이행,건조,맑음,단일로 - 기타,승용,남,67세,상해없음,이륜,남,33세,중상
2016102000100254,2016년 10월 20일 13시,목요일,부산광역시 남구 대연동,중상사고,0,1,1,0,차대차 - 추돌,안전운전불이행,건조,맑음,교차로 - 교차로부근,화물,남,57세,상해없음,화물,남,69세,중상
2016102000100279,2016년 10월 20일 14시,목요일,부산광역시 북구 덕천동,경상사고,0,0,1,0,차대차 - 기타,신호위반,건조,맑음,교차로 - 교차로안,승용,여,58세,상해없음,승용,남,60세,경상
2016102000100339,2016년 10월 20일 16시,목요일,부산광역시 북구 금곡동,중상사고,0,1,0,0,차대사람 - 기타,안전운전불이행,건조,맑음,단일로 - 기타,자전거,남,48세,상해없음,보행자,남,70세,중상
2016102000100340,2016년 10월 20일 16시,목요일,부산광역시 강서구 신호동,중상사고,0,1,0,0,차대차 - 측면충돌,안전운전불이행,건조,맑음,단일로 - 기타,승용,남,25세,상해없음,자전거,남,12세,중상
2016102000100369,2016년 10월 20일 17시,목요일,부산광역시 사상구 덕포동,부상신고사고,0,0,0,3,차대차 - 기타,안전운전불이행,건조,맑음,교차로 - 교차로부근,이륜,남,20세,상해없음,승용,남,62세,부상신고
2016102000100370,2016년 10월 20일 17시,목요일,부산광역시 기장군 정관읍,경상사고,0,0,1,0,차대차 - 측면직각충돌,직진우회전진행방해,건조,맑음,교차로 - 교차로안,승용,남,39세,상해없음,승용,여,34세,경상
2016102000100410,2016년 10월 20일 18시,목요일,부산광역시 중구 부평동2가,중상사고,0,1,0,0,차대차 - 측면직각충돌,차로위반,건조,맑음,단일로 - 기타,승용,남,67세,상해없음,이륜,남,62세,중상
2016102000100411,2016년 10월 20일 18시,목요일,부산광역시 북구 덕천동,중상사고,0,1,0,0,차대차 - 측면직각충돌,안전운전불이행,건조,맑음,단일로 - 기타,승용,여,56세,상해없음,자전거,여,36세,중상
2016102000100412,2016년 10월 20일 18시,목요일,부산광역시 영도구 동삼동,경상사고,0,0,1,0,차대차 - 추돌,안전운전불이행,건조,맑음,교차로 - 교차로부근,승합,남,76세,상해없음,승용,남,63세,상해없음
2016102000100413,2016년 10월 20일 18시,목요일,부산광역시 사하구 다대동,경상사고,0,0,1,0,차대차 - 기타,차로위반,건조,맑음,단일로 - 기타,승용,남,39세,상해없음,이륜,남,27세,경상
2016102000100414,2016년 10월 20일 18시,목요일,부산광역시 강서구 대저2동,중상사고,0,1,0,0,차대차 - 측면충돌,중앙선침범,건조,맑음,교차로 - 교차로부근,승용,남,60세,상해없음,이륜,남,45세,중상
2016102000100415,2016년 10월 20일 18시,목요일,부산광역시 사상구 주례동,경상사고,0,0,1,1,차대차 - 측면직각충돌,안전운전불이행,건조,맑음,교차로 - 교차로안,이륜,남,21세,부상신고,승용,여,39세,경상
2016102000100474,2016년 10월 20일 19시,목요일,부산광역시 부산진구 부전동,경상사고,0,0,1,0,차대사람 - 기타,안전운전불이행,건조,맑음,단일로 - 기타,승용,남,36세,상해없음,보행자,남,65세,경상
2016102000100506,2016년 10월 20일 20시,목요일,부산광역시 연제구 연산동,경상사고,0,0,2,0,차대차 - 기타,안전운전불이행,건조,맑음,단일로 - 기타,승용,여,51세,기타불명,승용,남,30세,경상
2016102000100507,2016년 10월 20일 20시,목요일,부산광역시 사상구 덕포동,중상사고,0,1,0,0,차대사람 - 횡단중,안전운전불이행,건조,맑음,단일로 - 기타,원동기,남,20세,상해없음,보행자,여,57세,중상
2016102000100550,2016년 10월 20일 21시,목요일,부산광역시 강서구 대저1동,중상사고,0,1,1,0,차대차 - 측면직각충돌,신호위반,건조,맑음,교차로 - 교차로안,승용,남,41세,상해없음,승용,남,61세,중상
2016102000100551,2016년 10월 20일 21시,목요일,부산광역시 사상구 괘법동,경상사고,0,0,1,0,차대사람 - 기타,안전운전불이행,건조,맑음,단일로 - 기타,기타불명,기타불명,기타불명,기타불명,보행자,남,62세,경상
2016102000100583,2016년 10월 20일 22시,목요일,부산광역시 동구 초량동,경상사고,0,0,1,0,차대차 - 측면직각충돌,교차로운행방법위반,건조,맑음,교차로 - 교차로안,원동기,남,20세,경상,승용,남,54세,상해없음
2016102000100584,2016년 10월 20일 22시,목요일,부산광역시 해운대구 재송동,중상사고,0,1,0,0,차대사람 - 횡단중,안전운전불이행,건조,맑음,단일로 - 기타,승용,남,57세,상해없음,보행자,여,44세,중상
2016102000100610,2016년 10월 20일 23시,목요일,부산광역시 해운대구 우동,경상사고,0,0,1,0,차대차 - 기타,신호위반,건조,맑음,교차로 - 교차로안,승용,남,56세,상해없음,승용,남,26세,경상
2016102100100054,2016년 10월 21일 03시,금요일,부산광역시 연제구 연산동,경상사고,0,0,1,0,차대차 - 측면충돌,신호위반,건조,맑음,교차로 - 교차로안,승용,남,28세,상해없음,승용,남,65세,경상
2016102100100068,2016년 10월 21일 05시,금요일,부산광역시 수영구 남천동,경상사고,0,0,1,0,차대차 - 추돌,안전운전불이행,건조,맑음,단일로 - 기타,승용,남,37세,상해없음,승용,여,44세,경상
2016102100100087,2016년 10월 21일 06시,금요일,부산광역시 동구 수정동,중상사고,0,1,0,0,차대차 - 기타,신호위반,건조,맑음,교차로 - 교차로안,승용,남,32세,상해없음,승용,여,42세,중상
2016102100100088,2016년 10월 21일 06시,금요일,부산광역시 연제구 연산동,중상사고,0,1,0,0,차대사람 - 횡단중,보행자보호의무위반,건조,맑음,단일로 - 횡단보도상,승용,남,66세,상해없음,보행자,남,37세,중상
2016102100100089,2016년 10월 21일 06시,금요일,부산광역시 기장군 기장읍,경상사고,0,0,1,0,차대차 - 측면직각충돌,안전운전불이행,건조,맑음,단일로 - 기타,승용,남,49세,상해없음,승용,남,61세,경상
2016102100100104,2016년 10월 21일 07시,금요일,부산광역시 사하구 하단동,경상사고,0,0,1,0,차대차 - 측면충돌,안전운전불이행,건조,맑음,교차로 - 교차로안,자전거,남,35세,경상,화물,남,53세,상해없음
2016102100100129,2016년 10월 21일 08시,금요일,부산광역시 동래구 명장동,경상사고,0,0,1,0,차대사람 - 차도통행중,안전운전불이행,건조,맑음,단일로 - 횡단보도부근,승용,여,56세,상해없음,보행자,남,16세,경상
2016102100100130,2016년 10월 21일 08시,금요일,부산광역시 동래구 온천동,경상사고,0,0,1,0,차대차 - 기타,안전운전불이행,건조,맑음,교차로 - 교차로안,승합,남,63세,상해없음,승용,여,56세,경상
2016102100100131,2016년 10월 21일 08시,금요일,부산광역시 기장군 장안읍,경상사고,0,0,2,0,차대차 - 측면충돌,신호위반,건조,맑음,교차로 - 교차로안,승용,남,45세,상해없음,승용,여,52세,경상
2016102100100186,2016년 10월 21일 09시,금요일,부산광역시 영도구 청학동,부상신고사고,0,0,0,1,차대사람 - 기타,안전운전불이행,건조,맑음,단일로 - 기타,기타불명,기타불명,기타불명,기타불명,보행자,여,70세,부상신고
2016102100100265,2016년 10월 21일 12시,금요일,부산광역시 북구 구포동,경상사고,0,0,1,0,차대사람 - 기타,안전운전불이행,건조,맑음,단일로 - 기타,화물,남,57세,상해없음,보행자,여,66세,경상
2016102100100333,2016년 10월 21일 14시,금요일,부산광역시 남구 대연동,경상사고,0,0,1,0,차대차 - 기타,기타,건조,맑음,단일로 - 기타,승용,남,46세,상해없음,건설기계,남,48세,경상
2016102100100364,2016년 10월 21일 15시,금요일,부산광역시 기장군 정관읍,경상사고,0,0,1,0,차대차 - 기타,안전운전불이행,건조,맑음,교차로 - 교차로안,이륜,남,18세,경상,승용,남,27세,상해없음
2016102100100405,2016년 10월 21일 16시,금요일,부산광역시 동래구 사직동,경상사고,0,0,1,0,차대사람 - 기타,안전운전불이행,건조,맑음,단일로 - 기타,승용,남,30세,기타불명,보행자,남,14세,경상
2016102100100406,2016년 10월 21일 16시,금요일,부산광역시 금정구 장전동,중상사고,0,1,0,0,차대사람 - 횡단중,보행자보호의무위반,건조,맑음,교차로 - 교차로안,화물,남,70세,상해없음,보행자,남,70세,중상
2016102100100407,2016년 10월 21일 16시,금요일,부산광역시 사하구 구평동,경상사고,0,0,1,0,차대차 - 기타,안전운전불이행,건조,맑음,기타 - 기타,승용,여,29세,경상,화물,남,62세,상해없음
2016102100100483,2016년 10월 21일 18시,금요일,부산광역시 동구 초량동,중상사고,0,1,0,0,차대사람 - 기타,안전운전불이행,건조,맑음,기타 - 기타,승용,남,33세,상해없음,보행자,남,80세,중상