사고번호,사고일시,요일,시군구,사고내용,사망자수,중상자수,경상자수,부상신고자수,사고유형,법규위반,노면상태,기상상태,도로형태,가해운전자 차종,가해운전자 성별,가해운전자 연령,가해운전자 상해정도,피해운전자 차종,피해운전자 성별,피해운전자 연령,피해운전자 상해정도
2016102100100484,2016년 10월 21일 18시,금요일,부산광역시 기장군 정관읍,경상사고,0,0,1,0,차대차 - 기타,안전운전불이행,건조,맑음,단일로 - 기타,화물,남,58세,상해없음,승용,남,36세,경상
2016102100100615,2016년 10월 21일 20시,금요일,부산광역시 북구 구포동,경상사고,0,0,2,0,차대차 - 측면직각충돌,교차로운행방법위반,건조,맑음,교차로 - 교차로안,승용,여,48세,상해없음,승용,남,36세,경상
2016102100100616,2016년 10월 21일 20시,금요일,부산광역시 해운대구 반여동,경상사고,0,0,2,0,차대차 - 측면직각충돌,안전운전불이행,건조,흐림,교차로 - 교차로안,승용,남,36세,상해없음,승용,남,64세,경상
2016102100100674,2016년 10월 21일 21시,금요일,부산광역시 중구 보수동1가,부상신고사고,0,0,0,1,차대차 - 측면직각충돌,신호위반,건조,맑음,단일로 - 기타,승용,남,56세,상해없음,이륜,남,16세,부상신고
2016102100100675,2016년 10월 21일 21시,금요일,부산광역시 수영구 망미동,중상사고,0,1,0,0,차대차 - 측면직각충돌,중앙선침범,건조,맑음,단일로 - 횡단보도상,자전거,남,82세,중상,승용,여,61세,상해없음
2016102100100676,2016년 10월 21일 21시,금요일,부산광역시 기장군 정관읍,중상사고,0,1,0,0,차대차 - 기타,신호위반,건조,맑음,교차로 - 교차로안,승용,남,42세,상해없음,승용,여,42세,중상
2016102100100749,2016년 10월 21일 23시,금요일,부산광역시 동구 좌천동,중상사고,0,1,1,0,차대차 - 기타,안전운전불이행,건조,맑음,단일로 - 기타,이륜,남,23세,상해없음,이륜,남,21세,중상
2016102100100750,2016년 10월 21일 23시,금요일,부산광역시 사하구 감천동,사망사고,1,1,0,0,차대차 - 기타,안전운전불이행,건조,맑음,단일로 - 기타,이륜,남,26세,사망,화물,남,47세,기타불명
2016102200100021,2016년 10월 22일 01시,토요일,부산광역시 남구 대연동,경상사고,0,0,1,0,차대사람 - 기타,안전운전불이행,건조,기타,단일로 - 횡단보도상,승용,남,64세,상해없음,보행자,남,29세,경상
2016102200100022,2016년 10월 22일 01시,토요일,부산광역시 부산진구 당감동,경상사고,0,0,3,0,차대차 - 측면충돌,안전운전불이행,건조,맑음,교차로 - 교차로부근,승용,남,57세,상해없음,승용,남,56세,경상
2016102200100052,2016년 10월 22일 03시,토요일,부산광역시 북구 덕천동,경상사고,0,0,1,0,차대차 - 추돌,안전운전불이행,습기,비,단일로 - 기타,승용,남,59세,상해없음,이륜,남,16세,경상
2016102200100053,2016년 10월 22일 03시,토요일,부산광역시 해운대구 반여동,중상사고,0,2,0,0,차대차 - 정면충돌,중앙선침범,건조,맑음,단일로 - 기타,이륜,남,21세,중상,승용,남,57세,상해없음
2016102200100054,2016년 10월 22일 03시,토요일,부산광역시 해운대구 좌동,경상사고,0,0,1,0,차대사람 - 기타,안전운전불이행,건조,맑음,단일로 - 기타,기타불명,기타불명,기타불명,기타불명,보행자,남,23세,경상
2016102200100072,2016년 10월 22일 05시,토요일,부산광역시 해운대구 중동,중상사고,0,1,0,0,차대사람 - 횡단중,안전운전불이행,건조,맑음,교차로 - 교차로부근,승용,남,67세,상해없음,보행자,남,36세,중상
2016102200100087,2016년 10월 22일 06시,토요일,부산광역시 수영구 망미동,중상사고,0,1,0,0,차대사람 - 횡단중,보행자보호의무위반,건조,맑음,단일로 - 횡단보도상,승용,여,60세,상해없음,보행자,여,74세,중상
2016102200100101,2016년 10월 22일 07시,토요일,부산광역시 기장군 정관읍,경상사고,0,0,1,0,차대차 - 측면충돌,신호위반,건조,흐림,교차로 - 교차로안,화물,남,60세,상해없음,화물,남,48세,경상
2016102200100114,2016년 10월 22일 08시,토요일,부산광역시 중구 남포동1가,경상사고,0,0,1,0,차대차 - 기타,안전운전불이행,건조,맑음,단일로 - 기타,화물,남,64세,상해없음,승용,남,63세,경상
2016102200100136,2016년 10월 22일 09시,토요일,부산광역시 해운대구 우동,경상사고,0,0,1,0,차대차 - 측면직각충돌,안전운전불이행,건조,맑음,교차로 - 교차로안,승용,남,46세,상해없음,이륜,남,19세,경상
2016102200100164,2016년 10월 22일 10시,토요일,부산광역시 북구 화명동,경상사고,0,0,1,0,차대차 - 측면직각충돌,교차로운행방법위반,건조,맑음,교차로 - 교차로안,승용,남,79세,상해없음,승용,남,33세,경상
2016102200100165,2016년 10월 22일 10시,토요일,부산광역시 영도구 영선동1가,중상사고,0,1,0,0,차대사람 - 횡단중,보행자보호의무위반,건조,맑음,교차로 - 교차로안,승합,남,58세,상해없음,보행자,남,56세,중상
2016102200100195,2016년 10월 22일 11시,토요일,부산광역시 서구 서대신동3가,경상사고,0,0,1,0,차대차 - 측면충돌,교차로운행방법위반,건조,맑음,교차로 - 교차로안,승용,남,79세,상해없음,승용,남,63세,상해없음
2016102200100229,2016년 10월 22일 12시,토요일,부산광역시 금정구 노포동,경상사고,0,0,1,0,차대차 - 기타,안전운전불이행,건조,맑음,단일로 - 기타,승용,남,59세,기타불명,승용,여,49세,경상
2016102200100263,2016년 10월 22일 13시,토요일,부산광역시 사하구 하단동,경상사고,0,0,1,0,차량단독 - 기타,안전거리미확보,건조,흐림,교차로 - 교차로안,승합,남,43세,상해없음,,,,
2016102200100339,2016년 10월 22일 15시,토요일,부산광역시 동래구 사직동,중상사고,0,1,0,0,차대사람 - 횡단중,신호위반,건조,맑음,교차로 - 교차로부근,화물,남,59세,상해없음,보행자,남,80세,중상
2016102200100340,2016년 10월 22일 15시,토요일,부산광역시 부산진구 당감동,중상사고,0,1,0,0,차대차 - 기타,안전운전불이행,건조,맑음,단일로 - 기타,자전거,남,71세,중상,승용,여,47세,상해없음
2016102200100341,2016년 10월 22일 15시,토요일,부산광역시 사상구 학장동,부상신고사고,0,0,0,1,차대차 - 측면직각충돌,직진우회전진행방해,건조,맑음,교차로 - 교차로안,이륜,남,34세,부상신고,승용,남,47세,상해없음
2016102200100342,2016년 10월 22일 15시,토요일,부산광역시 기장군 기장읍,중상사고,0,1,0,0,차대사람 - 횡단중,보행자보호의무위반,건조,맑음,단일로 - 횡단보도상,승용,남,67세,상해없음,보행자,여,60세,중상
2016102200100381,2016년 10월 22일 16시,토요일,부산광역시 북구 덕천동,경상사고,0,0,2,0,차대차 - 기타,신호위반,건조,맑음,단일로 - 기타,승용,남,57세,상해없음,승용,남,65세,경상
2016102200100415,2016년 10월 22일 17시,토요일,부산광역시 북구 금곡동,중상사고,0,3,4,0,차대차 - 측면충돌,안전운전불이행,건조,맑음,단일로 - 기타,화물,남,69세,상해없음,화물,남,44세,상해없음
2016102200100450,2016년 10월 22일 18시,토요일,부산광역시 수영구 남천동,중상사고,0,1,0,0,차대사람 - 기타,신호위반,건조,맑음,단일로 - 기타,승용,남,25세,상해없음,보행자,여,51세,중상
2016102200100451,2016년 10월 22일 18시,토요일,부산광역시 부산진구 당감동,중상사고,0,1,0,0,차대차 - 측면충돌,신호위반,건조,맑음,교차로 - 교차로안,이륜,남,18세,상해없음,이륜,남,53세,중상
2016102200100452,2016년 10월 22일 18시,토요일,부산광역시 연제구 연산동,중상사고,0,1,0,0,차대사람 - 길가장자리구역통행중,안전운전불이행,건조,맑음,단일로 - 기타,승용,여,39세,상해없음,보행자,남,54세,중상
2016102200100453,2016년 10월 22일 18시,토요일,부산광역시 사상구 주례동,경상사고,0,0,2,0,차대차 - 측면직각충돌,안전거리미확보,건조,맑음,교차로 - 교차로부근,화물,남,56세,경상,승용,남,34세,경상
2016102200100516,2016년 10월 22일 19시,토요일,부산광역시 기장군 정관읍,중상사고,0,1,1,0,차대사람 - 횡단중,신호위반,건조,맑음,단일로 - 기타,원동기,남,55세,중상,보행자,남,16세,경상
2016102200100552,2016년 10월 22일 20시,토요일,부산광역시 해운대구 재송동,중상사고,0,1,0,0,차대사람 - 보도통행중,보행자보호의무위반,건조,맑음,교차로 - 교차로부근,승용,여,35세,상해없음,보행자,남,39세,중상
2016102200100553,2016년 10월 22일 20시,토요일,부산광역시 사하구 다대동,중상사고,0,1,0,0,차대차 - 측면직각충돌,안전운전불이행,건조,맑음,교차로 - 교차로부근,승용,남,36세,상해없음,승용,남,26세,중상
2016102200100575,2016년 10월 22일 21시,토요일,부산광역시 남구 대연동,중상사고,0,1,0,0,차대차 - 측면직각충돌,안전운전불이행,건조,맑음,단일로 - 기타,승용,남,52세,상해없음,이륜,남,51세,중상
2016102200100603,2016년 10월 22일 22시,토요일,부산광역시 중구 대청동1가,경상사고,0,0,1,0,차대사람 - 기타,보행자보호의무위반,건조,맑음,단일로 - 기타,승용,남,37세,상해없음,보행자,남,34세,경상
2016102200100604,2016년 10월 22일 22시,토요일,부산광역시 북구 금곡동,경상사고,0,0,2,0,차대차 - 추돌,안전거리미확보,건조,맑음,단일로 - 기타,승용,여,43세,상해없음,승용,남,56세,경상
2016102200100605,2016년 10월 22일 22시,토요일,부산광역시 사상구 괘법동,중상사고,0,1,0,1,차대차 - 측면직각충돌,안전운전불이행,건조,맑음,단일로 - 기타,승용,남,28세,부상신고,승용,여,48세,중상
2016102200100627,2016년 10월 22일 23시,토요일,부산광역시 금정구 서동,경상사고,0,0,1,0,차대차 - 측면충돌,안전운전불이행,건조,맑음,교차로 - 교차로부근,이륜,남,43세,상해없음,이륜,남,57세,경상
2016102300100045,2016년 10월 23일 02시,일요일,부산광역시 수영구 남천동,경상사고,0,0,1,0,차대차 - 측면직각충돌,안전운전불이행,건조,맑음,교차로 - 교차로부근,승용,남,32세,상해없음,승용,여,44세,경상
2016102300100071,2016년 10월 23일 05시,일요일,부산광역시 사하구 구평동,중상사고,0,1,0,0,차대차 - 정면충돌,신호위반,건조,맑음,교차로 - 교차로안,이륜,남,59세,중상,화물,남,69세,상해없음
2016102300100082,2016년 10월 23일 06시,일요일,부산광역시 남구 문현동,경상사고,0,0,1,0,차대차 - 추돌,안전운전불이행,건조,맑음,단일로 - 기타,승용,남,33세,상해없음,승용,남,59세,경상
2016102300100112,2016년 10월 23일 08시,일요일,부산광역시 동구 초량동,중상사고,0,1,0,0,차대차 - 측면충돌,교차로운행방법위반,건조,맑음,교차로 - 교차로안,승용,여,48세,상해없음,원동기,남,63세,중상
2016102300100113,2016년 10월 23일 08시,일요일,부산광역시 동래구 온천동,경상사고,0,0,1,0,차대차 - 측면직각충돌,안전운전불이행,건조,맑음,교차로 - 교차로안,승용,남,21세,상해없음,원동기,남,67세,경상
2016102300100149,2016년 10월 23일 10시,일요일,부산광역시 동구 범일동,경상사고,0,0,1,0,차대차 - 기타,안전운전불이행,건조,맑음,교차로 - 교차로부근,승용,남,18세,상해없음,승용,남,74세,상해없음
2016102300100172,2016년 10월 23일 11시,일요일,부산광역시 해운대구 중동,중상사고,0,4,0,0,차대차 - 기타,신호위반,습기,흐림,교차로 - 교차로안,승용,남,54세,중상,승용,남,31세,중상
2016102300100193,2016년 10월 23일 12시,일요일,부산광역시 북구 만덕동,경상사고,0,0,3,0,차대차 - 추돌,안전운전불이행,건조,맑음,교차로 - 교차로안,건설기계,남,56세,상해없음,승용,여,40세,경상
2016102300100194,2016년 10월 23일 12시,일요일,부산광역시 금정구 구서동,중상사고,0,1,0,0,차대차 - 측면충돌,안전운전불이행,건조,맑음,교차로 - 교차로안,승용,여,36세,상해없음,원동기,남,21세,중상
2016102300100234,2016년 10월 23일 14시,일요일,부산광역시 중구 중앙동3가,부상신고사고,0,0,0,1,차대차 - 측면직각충돌,차로위반,건조,맑음,단일로 - 기타,이륜,남,47세,부상신고,승용,여,35세,상해없음
2016102300100235,2016년 10월 23일 14시,일요일,부산광역시 부산진구 부전동,경상사고,0,0,1,0,차대사람 - 횡단중,보행자보호의무위반,건조,맑음,단일로 - 기타,승용,남,37세,상해없음,보행자,여,48세,경상
2016102300100236,2016년 10월 23일 14시,일요일,부산광역시 금정구 금성동,중상사고,0,1,0,0,차대사람 - 차도통행중,안전운전불이행,건조,맑음,단일로 - 기타,승용,남,43세,상해없음,보행자,여,48세,중상
2016102300100290,2016년 10월 23일 16시,일요일,부산광역시 해운대구 좌동,중상사고,0,1,1,0,차대차 - 측면직각충돌,안전거리미확보,건조,맑음,단일로 - 기타,승용,여,58세,상해없음,화물,남,51세,경상
2016102300100329,2016년 10월 23일 17시,일요일,부산광역시 연제구 거제동,경상사고,0,0,1,0,차대차 - 측면직각충돌,안전거리미확보,건조,맑음,단일로 - 기타,승용,남,38세,상해없음,이륜,남,47세,경상
2016102300100371,2016년 10월 23일 18시,일요일,부산광역시 북구 구포동,경상사고,0,0,1,0,차대사람 - 기타,안전운전불이행,건조,맑음,단일로 - 기타,기타불명,기타불명,기타불명,기타불명,보행자,여,16세,경상
2016102300100373,2016년 10월 23일 18시,일요일,부산광역시 동래구 안락동,경상사고,0,0,1,0,차대차 - 측면충돌,안전운전불이행,건조,맑음,교차로 - 교차로안,승용,남,64세,상해없음,원동기,남,21세,경상
2016102300100374,2016년 10월 23일 18시,일요일,부산광역시 해운대구 반송동,경상사고,0,0,2,0,차대차 - 추돌,안전거리미확보,건조,맑음,교차로 - 교차로부근,승용,남,57세,상해없음,승용,여,46세,경상
2016102300100375,2016년 10월 23일 18시,일요일,부산광역시 부산진구 개금동,중상사고,0,1,0,0,차대차 - 측면직각충돌,안전거리미확보,건조,맑음,단일로 - 기타,승용,남,35세,상해없음,이륜,남,20세,중상
2016102300100376,2016년 10월 23일 18시,일요일,부산광역시 부산진구 부암동,부상신고사고,0,0,0,1,차대차 - 측면직각충돌,안전운전불이행,건조,맑음,단일로 - 기타,이륜,남,29세,부상신고,승용,남,33세,상해없음
2016102300100436,2016년 10월 23일 19시,일요일,부산광역시 기장군 기장읍,경상사고,0,0,2,0,차대사람 - 횡단중,보행자보호의무위반,건조,맑음,교차로 - 교차로안,승용,여,50세,상해없음,보행자,여,43세,경상
2016102300100437,2016년 10월 23일 19시,일요일,부산광역시 기장군 정관읍,경상사고,0,0,1,0,차대차 - 측면직각충돌,안전운전불이행,건조,맑음,교차로 - 교차로안,승용,남,62세,상해없음,원동기,남,18세,경상
2016102300100511,2016년 10월 23일 21시,일요일,부산광역시 중구 보수동1가,중상사고,0,1,0,0,차대사람 - 보도통행중,보행자보호의무위반,건조,맑음,단일로 - 횡단보도상,승용,남,65세,상해없음,보행자,남,32세,중상
2016102300100512,2016년 10월 23일 21시,일요일,부산광역시 해운대구 우동,경상사고,0,0,1,0,차대차 - 정면충돌,중앙선침범,건조,맑음,교차로 - 교차로부근,승용,남,19세,상해없음,승용,남,49세,경상
2016102300100513,2016년 10월 23일 21시,일요일,부산광역시 해운대구 재송동,경상사고,0,0,1,0,차대차 - 추돌,안전거리미확보,건조,맑음,단일로 - 기타,승용,남,56세,상해없음,승용,여,30세,경상
2016102300100514,2016년 10월 23일 21시,일요일,부산광역시 연제구 연산동,경상사고,0,0,1,0,차대차 - 측면충돌,안전거리미확보,건조,맑음,단일로 - 기타,원동기,남,16세,경상,승용,남,47세,상해없음
2016102300100547,2016년 10월 23일 22시,일요일,부산광역시 수영구 남천동,경상사고,0,0,1,1,차대차 - 정면충돌,안전운전불이행,건조,맑음,단일로 - 교량,승용,남,42세,상해없음,승용,남,26세,상해없음
2016102300100558,2016년 10월 23일 23시,일요일,부산광역시 부산진구 양정동,경상사고,0,0,1,0,차대차 - 정면충돌,중앙선침범,건조,맑음,단일로 - 기타,승용,남,45세,상해없음,승용,남,69세,경상
2016102400100026,2016년 10월 24일 04시,월요일,부산광역시 사하구 감천동,경상사고,0,0,1,0,차대차 - 기타,안전운전불이행,건조,기타,단일로 - 기타,승용,남,29세,경상,승용,남,46세,기타불명
2016102400100070,2016년 10월 24일 07시,월요일,부산광역시 동래구 안락동,중상사고,0,1,0,0,차대차 - 측면직각충돌,신호위반,건조,맑음,교차로 - 교차로안,화물,남,33세,상해없음,승용,남,35세,중상
2016102400100071,2016년 10월 24일 07시,월요일,부산광역시 강서구 명지동,중상사고,0,2,1,0,차대차 - 측면충돌,신호위반,건조,맑음,교차로 - 교차로안,승용,남,65세,상해없음,승용,남,42세,경상
2016102400100108,2016년 10월 24일 08시,월요일,부산광역시 연제구 연산동,경상사고,0,0,1,0,차대사람 - 차도통행중,안전운전불이행,건조,맑음,단일로 - 기타,승용,남,64세,상해없음,보행자,남,76세,경상
2016102400100109,2016년 10월 24일 08시,월요일,부산광역시 사상구 학장동,경상사고,0,0,3,0,차대차 - 측면직각충돌,안전거리미확보,건조,맑음,단일로 - 기타,승용,남,45세,상해없음,승용,여,54세,경상
2016102400100233,2016년 10월 24일 11시,월요일,부산광역시 남구 감만동,중상사고,0,1,0,0,차대사람 - 횡단중,보행자보호의무위반,건조,맑음,단일로 - 횡단보도상,승용,남,42세,상해없음,보행자,여,78세,중상
2016102400100234,2016년 10월 24일 11시,월요일,부산광역시 수영구 광안동,경상사고,0,0,1,0,차대차 - 추돌,교차로운행방법위반,건조,맑음,교차로 - 교차로안,승용,여,34세,상해없음,승용,여,44세,경상
2016102400100235,2016년 10월 24일 11시,월요일,부산광역시 동래구 사직동,중상사고,0,1,0,0,차대사람 - 차도통행중,안전운전불이행,건조,맑음,단일로 - 기타,승용,여,45세,상해없음,보행자,여,78세,중상
2016102400100236,2016년 10월 24일 11시,월요일,부산광역시 금정구 부곡동,중상사고,0,1,0,0,차대사람 - 횡단중,신호위반,건조,맑음,단일로 - 기타,승용,남,45세,상해없음,보행자,여,56세,중상
2016102400100237,2016년 10월 24일 11시,월요일,부산광역시 사상구 괘법동,중상사고,0,2,0,0,차대차 - 추돌,안전운전불이행,건조,맑음,교차로 - 교차로부근,화물,남,51세,상해없음,승용,여,58세,중상
2016102400100267,2016년 10월 24일 12시,월요일,부산광역시 수영구 광안동,중상사고,0,1,0,0,차대사람 - 기타,안전운전불이행,건조,맑음,단일로 - 기타,건설기계,남,30세,상해없음,보행자,여,77세,중상
2016102400100268,2016년 10월 24일 12시,월요일,부산광역시 해운대구 중동,경상사고,0,0,2,1,차대차 - 측면충돌,신호위반,기타,맑음,교차로 - 교차로안,이륜,남,32세,부상신고,승용,여,26세,경상
2016102400100269,2016년 10월 24일 12시,월요일,부산광역시 연제구 거제동,경상사고,0,0,1,0,차대차 - 측면직각충돌,신호위반,건조,맑음,단일로 - 횡단보도상,특수,남,28세,상해없음,자전거,남,79세,경상
2016102400100295,2016년 10월 24일 13시,월요일,부산광역시 부산진구 양정동,경상사고,0,0,2,0,차대차 - 측면직각충돌,차로위반,건조,맑음,교차로 - 교차로부근,승용,여,49세,상해없음,원동기,남,69세,경상
2016102400100334,2016년 10월 24일 14시,월요일,부산광역시 해운대구 우동,경상사고,0,0,1,0,차대차 - 정면충돌,교차로운행방법위반,건조,맑음,교차로 - 교차로안,승용,남,52세,상해없음,승용,여,59세,경상
2016102400100418,2016년 10월 24일 16시,월요일,부산광역시 부산진구 당감동,중상사고,0,4,1,0,차대차 - 측면직각충돌,신호위반,건조,맑음,교차로 - 교차로안,승용,남,32세,상해없음,승용,여,34세,중상
2016102400100419,2016년 10월 24일 16시,월요일,부산광역시 사하구 하단동,중상사고,0,1,0,0,차대차 - 측면직각충돌,안전운전불이행,건조,맑음,단일로 - 기타,승용,여,42세,상해없음,승용,여,57세,중상
2016102400100420,2016년 10월 24일 16시,월요일,부산광역시 수영구 망미동,중상사고,0,1,0,0,차대차 - 추돌,신호위반,건조,맑음,교차로 - 교차로안,승용,남,77세,중상,화물,남,63세,상해없음
2016102400100468,2016년 10월 24일 17시,월요일,부산광역시 동래구 명장동,경상사고,0,0,1,0,차대사람 - 보도통행중,보행자보호의무위반,건조,맑음,교차로 - 교차로안,승용,남,72세,상해없음,보행자,남,77세,경상
2016102400100469,2016년 10월 24일 17시,월요일,부산광역시 금정구 남산동,사망사고,1,0,0,0,차대사람 - 보도통행중,기타,건조,맑음,단일로 - 기타,승용,남,77세,상해없음,보행자,여,85세,사망
2016102400100470,2016년 10월 24일 17시,월요일,부산광역시 연제구 연산동,경상사고,0,0,1,0,차대차 - 측면충돌,안전운전불이행,건조,맑음,교차로 - 교차로안,승용,여,48세,상해없음,승용,남,47세,경상
2016102400100514,2016년 10월 24일 18시,월요일,부산광역시 수영구 민락동,경상사고,0,0,1,0,차대사람 - 횡단중,안전운전불이행,건조,맑음,교차로 - 교차로안,승용,여,46세,상해없음,보행자,여,44세,경상
2016102400100515,2016년 10월 24일 18시,월요일,부산광역시 금정구 남산동,중상사고,0,1,0,0,차대사람 - 횡단중,기타,건조,맑음,단일로 - 기타,승용,남,63세,상해없음,보행자,여,59세,중상
2016102400100516,2016년 10월 24일 18시,월요일,부산광역시 금정구 장전동,중상사고,0,1,0,0,차대차 - 측면충돌,중앙선침범,건조,맑음,단일로 - 기타,원동기,남,50세,상해없음,원동기,남,24세,중상
2016102400100585,2016년 10월 24일 19시,월요일,부산광역시 기장군 정관읍,경상사고,0,0,1,0,차대차 - 측면직각충돌,안전거리미확보,건조,맑음,단일로 - 기타,승용,여,35세,상해없음,이륜,남,44세,경상
2016102400100672,2016년 10월 24일 22시,월요일,부산광역시 북구 덕천동,경상사고,0,0,1,1,차대차 - 기타,안전거리미확보,건조,맑음,단일로 - 기타,원동기,남,23세,부상신고,승용,남,31세,경상
2016102400100674,2016년 10월 24일 22시,월요일,부산광역시 부산진구 가야동,경상사고,0,0,1,0,차대차 - 기타,중앙선침범,건조,맑음,단일로 - 기타,화물,남,62세,상해없음,승용,남,56세,기타불명
2016102500100003,2016년 10월 25일 00시,화요일,부산광역시 동래구 온천동,경상사고,0,0,1,0,차대차 - 측면직각충돌,안전운전불이행,건조,맑음,교차로 - 교차로안,승용,남,39세,상해없음,승용,남,40세,경상
2016102500100018,2016년 10월 25일 01시,화요일,부산광역시 부산진구 부전동,경상사고,0,0,1,0,차대사람 - 길가장자리구역통행중,안전운전불이행,건조,맑음,단일로 - 기타,승용,남,19세,상해없음,보행자,남,22세,경상
2016102500100019,2016년 10월 25일 01시,화요일,부산광역시 연제구 연산동,경상사고,0,0,1,0,차대사람 - 횡단중,기타,건조,맑음,단일로 - 기타,화물,남,52세,상해없음,보행자,남,46세,경상
2016102500100092,2016년 10월 25일 06시,화요일,부산광역시 동구 좌천동,부상신고사고,0,0,0,1,차대차 - 측면직각충돌,차로위반,건조,맑음,교차로 - 교차로부근,승용,남,53세,상해없음,승용,남,27세,부상신고
2016102500100112,2016년 10월 25일 07시,화요일,부산광역시 사하구 장림동,경상사고,0,0,1,0,차대차 - 측면직각충돌,직진우회전진행방해,건조,맑음,교차로 - 교차로안,화물,남,53세,상해없음,화물,남,42세,경상
2016102500100146,2016년 10월 25일 08시,화요일,부산광역시 중구 중앙동1가,경상사고,0,0,1,0,차대차 - 추돌,안전운전불이행,건조,맑음,단일로 - 교량,화물,남,58세,상해없음,승용,여,33세,경상
2016102500100147,2016년 10월 25일 08시,화요일,부산광역시 남구 문현동,중상사고,0,2,0,0,차대차 - 측면직각충돌,안전운전불이행,건조,기타,단일로 - 기타,승용,남,69세,상해없음,승용,여,49세,중상
2016102500100148,2016년 10월 25일 08시,화요일,부산광역시 북구 금곡동,경상사고,0,0,1,1,차대차 - 측면직각충돌,신호위반,건조,맑음,교차로 - 교차로안,승용,여,42세,상해없음,승합,남,30세,경상
2016102500100149,2016년 10월 25일 08시,화요일,부산광역시 연제구 연산동,경상사고,0,0,1,0,차대차 - 추돌,안전운전불이행,건조,맑음,교차로 - 교차로안,승용,여,27세,상해없음,원동기,남,28세,경상
2016102500100198,2016년 10월 25일 09시,화요일,부산광역시 사상구 덕포동,중상사고,0,1,0,1,차량단독 - 전도전복,안전운전불이행,건조,맑음,단일로 - 기타,이륜,남,16세,부상신고,,,,
2016102500100303,2016년 10월 25일 12시,화요일,부산광역시 수영구 남천동,경상사고,0,0,1,0,차대사람 - 보도통행중,보행자보호의무위반,건조,맑음,단일로 - 횡단보도상,승용,여,66세,상해없음,보행자,여,60세,경상
2016102500100304,2016년 10월 25일 12시,화요일,부산광역시 동래구 안락동,중상사고,0,1,0,0,차대사람 - 차도통행중,안전운전불이행,습기,비,단일로 - 기타,원동기,남,28세,상해없음,보행자,여,58세,중상
2016102500100332,2016년 10월 25일 13시,화요일,부산광역시 동래구 안락동,중상사고,0,1,0,0,차량단독 - 기타,기타,건조,맑음,단일로 - 기타,승합,남,58세,상해없음,,,,
2016102500100333,2016년 10월 25일 13시,화요일,부산광역시 연제구 거제동,중상사고,0,1,0,0,차대차 - 측면충돌,중앙선침범,건조,맑음,단일로 - 기타,승용,여,46세,상해없음,승용,여,52세,중상
2016102500100334,2016년 10월 25일 13시,화요일,부산광역시 수영구 망미동,경상사고,0,0,2,0,차대차 - 추돌,안전거리미확보,건조,맑음,단일로 - 기타,화물,남,65세,상해없음,화물,남,52세,경상
2016102500100335,2016년 10월 25일 13시,화요일,부산광역시 사상구 모라동,경상사고,0,0,1,0,차대차 - 기타,안전운전불이행,습기,비,교차로 - 교차로안,승용,남,53세,상해없음,원동기,남,46세,경상
2016102500100368,2016년 10월 25일 14시,화요일,부산광역시 북구 만덕동,중상사고,0,1,1,0,차대차 - 추돌,차로위반,건조,맑음,단일로 - 기타,승용,남,34세,상해없음,승용,남,30세,중상
2016102500100369,2016년 10월 25일 14시,화요일,부산광역시 금정구 서동,중상사고,0,1,0,0,차대사람 - 횡단중,보행자보호의무위반,습기,흐림,교차로 - 교차로안,화물,남,37세,상해없음,보행자,남,26세,중상
2016102500100395,2016년 10월 25일 15시,화요일,부산광역시 동래구 사직동,경상사고,0,0,4,1,차대차 - 측면충돌,중앙선침범,건조,맑음,단일로 - 기타,승용,남,30세,상해없음,승합,남,56세,경상
2016102500100396,2016년 10월 25일 15시,화요일,부산광역시 강서구 명지동,사망사고,1,0,0,0,차대사람 - 횡단중,신호위반,건조,맑음,단일로 - 횡단보도상,승합,남,30세,상해없음,보행자,남,6세,사망
2016102500100416,2016년 10월 25일 16시,화요일,부산광역시 동래구 사직동,중상사고,0,1,0,0,차대사람 - 길가장자리구역통행중,안전운전불이행,건조,맑음,단일로 - 기타,화물,남,60세,상해없음,보행자,여,74세,중상
2016102500100418,2016년 10월 25일 16시,화요일,부산광역시 부산진구 당감동,경상사고,0,0,1,0,차대차 - 정면충돌,중앙선침범,건조,맑음,단일로 - 기타,승용,여,58세,상해없음,이륜,남,36세,경상
2016102500100517,2016년 10월 25일 18시,화요일,부산광역시 수영구 민락동,경상사고,0,0,1,0,차대차 - 추돌,안전운전불이행,건조,맑음,단일로 - 기타,승용,남,53세,상해없음,승용,여,63세,경상
2016102500100518,2016년 10월 25일 18시,화요일,부산광역시 해운대구 반여동,중상사고,0,1,0,0,차대사람 - 횡단중,신호위반,건조,맑음,단일로 - 횡단보도상,승용,여,46세,상해없음,보행자,여,20세,중상
2016102500100520,2016년 10월 25일 18시,화요일,부산광역시 부산진구 부전동,경상사고,0,0,2,0,차대차 - 기타,안전운전불이행,건조,맑음,단일로 - 기타,특수,남,65세,상해없음,승용,남,32세,경상
2016102500100521,2016년 10월 25일 18시,화요일,부산광역시 사하구 하단동,중상사고,0,1,0,0,차대사람 - 횡단중,보행자보호의무위반,건조,맑음,단일로 - 횡단보도상,승용,남,51세,상해없음,보행자,여,29세,중상