사고번호,사고일시,요일,시군구,사고내용,사망자수,중상자수,경상자수,부상신고자수,사고유형,법규위반,노면상태,기상상태,도로형태,가해운전자 차종,가해운전자 성별,가해운전자 연령,가해운전자 상해정도,피해운전자 차종,피해운전자 성별,피해운전자 연령,피해운전자 상해정도
2016110600100203,2016년 11월 6일 13시,일요일,부산광역시 남구 문현동,경상사고,0,0,1,0,차대차 - 추돌,안전운전불이행,건조,기타,기타 - 기타,승용,남,35세,상해없음,승용,남,40세,경상
2016110600100204,2016년 11월 6일 13시,일요일,부산광역시 동래구 안락동,경상사고,0,0,1,0,차대차 - 추돌,안전거리미확보,건조,맑음,단일로 - 기타,승용,남,55세,상해없음,승용,남,40세,경상
2016110600100205,2016년 11월 6일 13시,일요일,부산광역시 사하구 하단동,경상사고,0,0,1,0,차량단독 - 공작물충돌,안전운전불이행,건조,맑음,교차로 - 교차로부근,승용,남,57세,상해없음,,,,
2016110600100258,2016년 11월 6일 15시,일요일,부산광역시 서구 토성동5가,경상사고,0,0,1,0,차대차 - 측면충돌,안전운전불이행,건조,맑음,교차로 - 교차로안,이륜,남,29세,경상,승용,여,60세,상해없음
2016110600100259,2016년 11월 6일 15시,일요일,부산광역시 수영구 광안동,중상사고,0,1,0,0,차량단독 - 기타,안전운전불이행,건조,맑음,단일로 - 기타,승합,남,47세,상해없음,,,,
2016110600100260,2016년 11월 6일 15시,일요일,부산광역시 남구 용호동,경상사고,0,0,1,0,차대사람 - 차도통행중,안전운전불이행,습기,기타,교차로 - 교차로부근,승용,여,48세,상해없음,보행자,여,45세,경상
2016110600100261,2016년 11월 6일 15시,일요일,부산광역시 북구 구포동,경상사고,0,0,1,0,차량단독 - 전도전복,안전운전불이행,건조,맑음,단일로 - 기타,이륜,남,58세,경상,,,,
2016110600100296,2016년 11월 6일 16시,일요일,부산광역시 기장군 기장읍,경상사고,0,0,1,0,차대사람 - 횡단중,안전운전불이행,습기,비,교차로 - 교차로부근,승용,남,48세,상해없음,보행자,여,48세,경상
2016110600100353,2016년 11월 6일 18시,일요일,부산광역시 동래구 낙민동,중상사고,0,1,0,0,차대차 - 측면충돌,안전운전불이행,건조,맑음,단일로 - 기타,자전거,남,12세,상해없음,자전거,남,72세,중상
2016110600100354,2016년 11월 6일 18시,일요일,부산광역시 기장군 정관읍,경상사고,0,0,1,0,차량단독 - 기타,안전운전불이행,건조,맑음,교차로 - 교차로부근,승합,남,38세,상해없음,,,,
2016110600100403,2016년 11월 6일 19시,일요일,부산광역시 남구 대연동,경상사고,0,0,1,0,차대사람 - 기타,안전운전불이행,건조,맑음,교차로 - 교차로부근,이륜,남,61세,상해없음,보행자,남,25세,경상
2016110600100428,2016년 11월 6일 20시,일요일,부산광역시 남구 용호동,경상사고,0,0,1,0,차대차 - 측면직각충돌,안전운전불이행,습기,비,단일로 - 기타,승용,남,47세,기타불명,승용,여,43세,경상
2016110600100429,2016년 11월 6일 20시,일요일,부산광역시 사하구 구평동,중상사고,0,1,0,2,차대차 - 기타,안전운전불이행,건조,맑음,단일로 - 기타,승용,남,30세,부상신고,특수,남,45세,기타불명
2016110600100458,2016년 11월 6일 21시,일요일,부산광역시 해운대구 반여동,경상사고,0,0,1,0,차대차 - 기타,안전운전불이행,습기,비,교차로 - 교차로안,승용,남,50세,상해없음,이륜,남,69세,경상
2016110600100459,2016년 11월 6일 21시,일요일,부산광역시 사상구 괘법동,중상사고,0,1,0,0,차대차 - 추돌,안전거리미확보,건조,맑음,단일로 - 기타,이륜,남,47세,중상,승용,남,23세,상해없음
2016110700100012,2016년 11월 7일 01시,월요일,부산광역시 중구 영주동,경상사고,0,0,2,0,차대차 - 기타,중앙선침범,습기,비,단일로 - 교량,승용,남,46세,상해없음,승용,남,32세,경상
2016110700100013,2016년 11월 7일 01시,월요일,부산광역시 남구 문현동,경상사고,0,0,1,0,차대차 - 추돌,안전운전불이행,건조,맑음,단일로 - 기타,화물,남,40세,상해없음,승용,남,62세,경상
2016110700100030,2016년 11월 7일 04시,월요일,부산광역시 부산진구 부전동,중상사고,0,1,0,0,차대사람 - 기타,안전운전불이행,기타,맑음,단일로 - 기타,승용,남,59세,상해없음,보행자,여,65세,중상
2016110700100055,2016년 11월 7일 06시,월요일,부산광역시 해운대구 송정동,중상사고,0,1,1,1,차대차 - 측면직각충돌,안전거리미확보,건조,맑음,단일로 - 기타,승용,남,19세,상해없음,승용,여,30세,경상
2016110700100144,2016년 11월 7일 09시,월요일,부산광역시 해운대구 중동,중상사고,0,1,0,0,차대차 - 측면충돌,안전거리미확보,건조,맑음,단일로 - 기타,승용,남,36세,상해없음,이륜,남,54세,중상
2016110700100145,2016년 11월 7일 09시,월요일,부산광역시 기장군 장안읍,중상사고,0,1,0,0,차대차 - 기타,기타,습기,흐림,교차로 - 교차로안,승용,남,23세,상해없음,승용,남,30세,중상
2016110700100181,2016년 11월 7일 10시,월요일,부산광역시 북구 만덕동,경상사고,0,0,1,0,차대사람 - 기타,안전운전불이행,건조,맑음,단일로 - 기타,화물,남,46세,상해없음,보행자,여,75세,경상
2016110700100182,2016년 11월 7일 10시,월요일,부산광역시 부산진구 가야동,중상사고,0,1,1,0,차대차 - 측면충돌,신호위반,건조,맑음,교차로 - 교차로안,승용,여,47세,상해없음,승용,남,74세,중상
2016110700100208,2016년 11월 7일 11시,월요일,부산광역시 해운대구 우동,경상사고,0,0,1,0,차대사람 - 기타,보행자보호의무위반,건조,맑음,기타 - 기타,기타불명,기타불명,기타불명,기타불명,보행자,여,20세,경상
2016110700100209,2016년 11월 7일 11시,월요일,부산광역시 사상구 괘법동,경상사고,0,0,2,0,차대차 - 추돌,신호위반,건조,맑음,단일로 - 기타,화물,남,56세,상해없음,승용,남,58세,경상
2016110700100266,2016년 11월 7일 13시,월요일,부산광역시 강서구 구랑동,경상사고,0,0,1,0,차대차 - 추돌,안전거리미확보,건조,맑음,교차로 - 교차로부근,승용,남,30세,상해없음,화물,남,47세,경상
2016110700100267,2016년 11월 7일 13시,월요일,부산광역시 사상구 엄궁동,경상사고,0,0,1,0,차대차 - 측면직각충돌,안전운전불이행,건조,맑음,단일로 - 기타,승용,여,43세,상해없음,승용,남,33세,상해없음
2016110700100295,2016년 11월 7일 14시,월요일,부산광역시 연제구 연산동,경상사고,0,0,1,0,차대차 - 측면직각충돌,안전거리미확보,건조,맑음,단일로 - 기타,승용,여,49세,상해없음,승용,남,59세,경상
2016110700100325,2016년 11월 7일 15시,월요일,부산광역시 중구 남포동4가,중상사고,0,1,0,0,차대사람 - 차도통행중,안전운전불이행,건조,맑음,단일로 - 기타,승용,여,62세,상해없음,보행자,여,50세,중상
2016110700100326,2016년 11월 7일 15시,월요일,부산광역시 연제구 연산동,중상사고,0,2,1,0,차대차 - 추돌,안전운전불이행,건조,맑음,단일로 - 기타,승용,여,63세,상해없음,승용,여,43세,중상
2016110700100357,2016년 11월 7일 16시,월요일,부산광역시 영도구 봉래동4가,중상사고,0,1,0,0,차대사람 - 횡단중,보행자보호의무위반,건조,맑음,단일로 - 횡단보도상,승용,남,48세,상해없음,보행자,남,41세,중상
2016110700100358,2016년 11월 7일 16시,월요일,부산광역시 부산진구 개금동,부상신고사고,0,0,0,1,차대차 - 측면직각충돌,차로위반,건조,맑음,단일로 - 기타,승용,남,54세,상해없음,원동기,남,20세,부상신고
2016110700100359,2016년 11월 7일 16시,월요일,부산광역시 연제구 연산동,중상사고,0,1,0,0,차대차 - 측면충돌,안전운전불이행,건조,맑음,교차로 - 교차로부근,승용,남,44세,상해없음,이륜,남,65세,중상
2016110700100394,2016년 11월 7일 17시,월요일,부산광역시 금정구 금사동,경상사고,0,0,1,0,차대사람 - 횡단중,보행자보호의무위반,건조,맑음,교차로 - 교차로안,승용,여,61세,상해없음,보행자,여,66세,경상
2016110700100447,2016년 11월 7일 18시,월요일,부산광역시 수영구 민락동,중상사고,0,1,0,0,차대사람 - 차도통행중,안전운전불이행,건조,맑음,단일로 - 기타,자전거,여,47세,상해없음,보행자,여,75세,중상
2016110700100448,2016년 11월 7일 18시,월요일,부산광역시 금정구 구서동,사망사고,1,0,0,0,차대사람 - 횡단중,신호위반,건조,맑음,단일로 - 횡단보도상,자전거,남,24세,상해없음,보행자,여,52세,사망
2016110700100449,2016년 11월 7일 18시,월요일,부산광역시 금정구 부곡동,경상사고,0,0,1,0,차대차 - 기타,직진우회전진행방해,건조,맑음,교차로 - 교차로안,승용,남,43세,상해없음,자전거,남,10세,경상
2016110700100450,2016년 11월 7일 18시,월요일,부산광역시 강서구 대저1동,중상사고,0,1,0,0,차대차 - 기타,안전운전불이행,건조,맑음,단일로 - 기타,자전거,여,61세,중상,이륜,남,69세,상해없음
2016110700100530,2016년 11월 7일 19시,월요일,부산광역시 동구 좌천동,경상사고,0,0,1,0,차대차 - 측면직각충돌,안전거리미확보,건조,맑음,단일로 - 기타,승용,남,59세,상해없음,이륜,남,29세,경상
2016110700100531,2016년 11월 7일 19시,월요일,부산광역시 서구 암남동,경상사고,0,0,1,0,차대차 - 기타,안전운전불이행,건조,맑음,단일로 - 기타,이륜,남,27세,경상,승용,여,24세,상해없음
2016110700100532,2016년 11월 7일 19시,월요일,부산광역시 동래구 명장동,중상사고,0,1,0,0,차대사람 - 차도통행중,안전운전불이행,건조,맑음,단일로 - 기타,승용,남,48세,상해없음,보행자,남,57세,중상
2016110700100533,2016년 11월 7일 19시,월요일,부산광역시 해운대구 우동,경상사고,0,0,2,0,차대차 - 측면직각충돌,안전운전불이행,건조,맑음,교차로 - 교차로안,승용,여,56세,상해없음,승용,남,63세,경상
2016110700100534,2016년 11월 7일 19시,월요일,부산광역시 부산진구 범천동,경상사고,0,0,1,1,차대차 - 측면직각충돌,신호위반,건조,맑음,교차로 - 교차로안,승용,남,28세,상해없음,승용,남,58세,경상
2016110700100569,2016년 11월 7일 20시,월요일,부산광역시 부산진구 양정동,경상사고,0,0,1,0,차대차 - 기타,중앙선침범,건조,맑음,단일로 - 기타,승용,남,54세,상해없음,승용,남,57세,경상
2016110700100645,2016년 11월 7일 22시,월요일,부산광역시 동래구 낙민동,중상사고,0,1,0,0,차대차 - 정면충돌,중앙선침범,건조,맑음,단일로 - 기타,승용,여,53세,상해없음,승용,여,41세,중상
2016110700100646,2016년 11월 7일 22시,월요일,부산광역시 부산진구 부전동,경상사고,0,0,1,0,차대사람 - 기타,안전운전불이행,건조,맑음,교차로 - 교차로부근,승용,남,21세,상해없음,보행자,남,27세,경상
2016110700100684,2016년 11월 7일 23시,월요일,부산광역시 수영구 남천동,경상사고,0,0,2,0,차대차 - 측면직각충돌,안전운전불이행,건조,맑음,단일로 - 기타,승용,남,54세,상해없음,승용,여,54세,경상
2016110700100685,2016년 11월 7일 23시,월요일,부산광역시 금정구 남산동,중상사고,0,3,1,0,차대차 - 추돌,안전운전불이행,건조,맑음,단일로 - 기타,승용,남,64세,상해없음,승용,남,23세,중상
2016110800100008,2016년 11월 8일 00시,화요일,부산광역시 남구 대연동,경상사고,0,0,1,0,차대차 - 기타,안전운전불이행,건조,맑음,단일로 - 기타,승용,남,48세,상해없음,승용,남,52세,경상
2016110800100025,2016년 11월 8일 01시,화요일,부산광역시 수영구 남천동,경상사고,0,0,2,0,차대차 - 측면직각충돌,안전거리미확보,건조,맑음,단일로 - 기타,승용,남,54세,상해없음,승용,남,52세,경상
2016110800100049,2016년 11월 8일 03시,화요일,부산광역시 남구 용호동,중상사고,0,1,0,0,차대차 - 기타,안전운전불이행,건조,맑음,단일로 - 기타,화물,남,55세,상해없음,자전거,남,22세,중상
2016110800100057,2016년 11월 8일 05시,화요일,부산광역시 강서구 강동동,경상사고,0,0,1,0,차대차 - 추돌,안전운전불이행,건조,맑음,단일로 - 기타,화물,남,50세,상해없음,승용,남,66세,경상
2016110800100064,2016년 11월 8일 06시,화요일,부산광역시 금정구 서동,경상사고,0,0,1,0,차대사람 - 횡단중,보행자보호의무위반,건조,맑음,교차로 - 교차로부근,승합,남,71세,상해없음,보행자,남,70세,경상
2016110800100082,2016년 11월 8일 07시,화요일,부산광역시 사하구 신평동,중상사고,0,3,3,0,차대차 - 기타,안전거리미확보,습기,비,단일로 - 기타,승용,남,43세,상해없음,승용,남,33세,중상
2016110800100083,2016년 11월 8일 07시,화요일,부산광역시 사하구 신평동,경상사고,0,0,1,0,차대차 - 측면직각충돌,안전운전불이행,습기,비,교차로 - 교차로안,화물,남,53세,상해없음,승용,남,71세,경상
2016110800100104,2016년 11월 8일 08시,화요일,부산광역시 중구 남포동4가,중상사고,0,2,1,0,차대차 - 기타,중앙선침범,습기,비,단일로 - 기타,화물,남,49세,중상,승용,남,65세,경상
2016110800100105,2016년 11월 8일 08시,화요일,부산광역시 영도구 동삼동,중상사고,0,1,0,0,차대차 - 추돌,안전운전불이행,건조,맑음,단일로 - 기타,건설기계,남,45세,상해없음,원동기,남,30세,중상
2016110800100106,2016년 11월 8일 08시,화요일,부산광역시 해운대구 우동,중상사고,0,1,0,0,차대사람 - 기타,교차로운행방법위반,건조,맑음,교차로 - 교차로부근,승용,여,61세,상해없음,보행자,여,13세,중상
2016110800100137,2016년 11월 8일 09시,화요일,부산광역시 북구 구포동,경상사고,0,0,1,0,차대차 - 추돌,안전거리미확보,건조,맑음,단일로 - 기타,승용,여,37세,상해없음,승용,남,72세,경상
2016110800100138,2016년 11월 8일 09시,화요일,부산광역시 영도구 청학동,경상사고,0,0,2,0,차대차 - 측면직각충돌,신호위반,습기,흐림,교차로 - 교차로안,승용,여,23세,상해없음,승용,남,39세,경상
2016110800100139,2016년 11월 8일 09시,화요일,부산광역시 사상구 모라동,경상사고,0,0,2,0,차대차 - 측면충돌,교차로운행방법위반,건조,흐림,교차로 - 교차로안,승용,남,53세,상해없음,승용,남,49세,경상
2016110800100216,2016년 11월 8일 12시,화요일,부산광역시 부산진구 전포동,경상사고,0,0,1,0,차대차 - 추돌,안전운전불이행,건조,맑음,단일로 - 기타,화물,남,34세,상해없음,화물,남,56세,경상
2016110800100284,2016년 11월 8일 14시,화요일,부산광역시 북구 덕천동,경상사고,0,0,1,0,차대차 - 기타,안전거리미확보,건조,맑음,단일로 - 기타,승용,여,28세,상해없음,원동기,남,50세,경상
2016110800100317,2016년 11월 8일 15시,화요일,부산광역시 북구 덕천동,중상사고,0,1,0,0,차대차 - 추돌,차로위반,건조,맑음,단일로 - 기타,승용,여,44세,상해없음,승용,남,37세,상해없음
2016110800100318,2016년 11월 8일 15시,화요일,부산광역시 사하구 괴정동,부상신고사고,0,0,0,3,차대차 - 추돌,안전운전불이행,건조,맑음,교차로 - 교차로부근,승용,남,54세,상해없음,승용,남,59세,상해없음
2016110800100348,2016년 11월 8일 16시,화요일,부산광역시 북구 금곡동,중상사고,0,1,0,0,차대사람 - 횡단중,안전운전불이행,건조,맑음,교차로 - 교차로안,승용,여,49세,상해없음,보행자,남,25세,중상
2016110800100349,2016년 11월 8일 16시,화요일,부산광역시 해운대구 중동,경상사고,0,0,1,0,차대차 - 측면직각충돌,신호위반,건조,맑음,교차로 - 교차로부근,승용,여,55세,상해없음,승용,남,56세,상해없음
2016110800100350,2016년 11월 8일 16시,화요일,부산광역시 해운대구 반송동,경상사고,0,0,2,0,차대차 - 측면직각충돌,안전거리미확보,건조,맑음,교차로 - 교차로안,승용,여,55세,상해없음,승용,여,57세,경상
2016110800100351,2016년 11월 8일 16시,화요일,부산광역시 사하구 하단동,경상사고,0,0,6,0,차대차 - 측면직각충돌,신호위반,건조,맑음,교차로 - 교차로안,승용,남,62세,상해없음,승합,남,56세,경상
2016110800100389,2016년 11월 8일 17시,화요일,부산광역시 서구 암남동,중상사고,0,1,0,0,차대사람 - 횡단중,안전운전불이행,건조,맑음,교차로 - 교차로부근,승용,여,38세,상해없음,보행자,남,78세,중상
2016110800100390,2016년 11월 8일 17시,화요일,부산광역시 해운대구 반송동,중상사고,0,1,0,0,차대사람 - 횡단중,안전운전불이행,건조,맑음,교차로 - 교차로부근,승용,여,48세,상해없음,보행자,여,75세,중상
2016110800100391,2016년 11월 8일 17시,화요일,부산광역시 부산진구 양정동,부상신고사고,0,0,0,1,차대차 - 추돌,안전운전불이행,건조,맑음,단일로 - 기타,이륜,남,72세,부상신고,승합,남,53세,상해없음
2016110800100392,2016년 11월 8일 17시,화요일,부산광역시 연제구 거제동,경상사고,0,0,1,0,차대차 - 측면직각충돌,안전거리미확보,건조,맑음,단일로 - 기타,승용,여,37세,기타불명,승용,남,27세,경상
2016110800100435,2016년 11월 8일 18시,화요일,부산광역시 해운대구 재송동,중상사고,0,1,0,0,차대사람 - 횡단중,안전운전불이행,기타,맑음,단일로 - 기타,승합,여,47세,상해없음,보행자,남,64세,중상
2016110800100436,2016년 11월 8일 18시,화요일,부산광역시 연제구 연산동,중상사고,0,1,0,0,차대사람 - 길가장자리구역통행중,안전운전불이행,건조,맑음,단일로 - 기타,승용,여,50세,상해없음,보행자,남,65세,상해없음
2016110800100437,2016년 11월 8일 18시,화요일,부산광역시 연제구 연산동,중상사고,0,1,0,0,차대사람 - 횡단중,안전운전불이행,건조,맑음,단일로 - 기타,이륜,남,25세,상해없음,보행자,남,42세,중상
2016110800100501,2016년 11월 8일 19시,화요일,부산광역시 동구 좌천동,경상사고,0,0,1,0,차대차 - 측면직각충돌,안전운전불이행,건조,맑음,교차로 - 교차로안,승용,여,29세,상해없음,승용,남,60세,상해없음
2016110800100502,2016년 11월 8일 19시,화요일,부산광역시 부산진구 가야동,중상사고,0,1,0,0,차대사람 - 기타,안전운전불이행,건조,맑음,교차로 - 교차로안,승용,남,50세,상해없음,보행자,남,62세,중상
2016110800100503,2016년 11월 8일 19시,화요일,부산광역시 금정구 서동,경상사고,0,0,1,0,차대사람 - 차도통행중,안전운전불이행,건조,맑음,교차로 - 교차로부근,승용,남,81세,상해없음,보행자,여,65세,경상
2016110800100528,2016년 11월 8일 20시,화요일,부산광역시 동구 범일동,경상사고,0,0,1,0,차대차 - 측면직각충돌,안전거리미확보,건조,맑음,교차로 - 교차로안,원동기,남,23세,상해없음,승용,남,55세,경상
2016110800100529,2016년 11월 8일 20시,화요일,부산광역시 사상구 엄궁동,중상사고,0,1,0,0,차대사람 - 길가장자리구역통행중,안전운전불이행,건조,맑음,단일로 - 기타,원동기,기타불명,기타불명,기타불명,보행자,여,72세,중상
2016110800100597,2016년 11월 8일 22시,화요일,부산광역시 동구 초량동,경상사고,0,0,1,0,차대차 - 측면직각충돌,안전운전불이행,건조,맑음,단일로 - 기타,승용,남,47세,상해없음,승용,남,63세,경상
2016110800100619,2016년 11월 8일 23시,화요일,부산광역시 북구 만덕동,부상신고사고,0,0,0,1,차대차 - 추돌,안전운전불이행,건조,맑음,교차로 - 교차로안,승용,남,58세,상해없음,승용,남,36세,부상신고
2016110800100620,2016년 11월 8일 23시,화요일,부산광역시 부산진구 전포동,경상사고,0,0,1,0,차대차 - 측면직각충돌,안전거리미확보,건조,맑음,교차로 - 교차로부근,승용,남,60세,상해없음,승용,남,55세,경상
2016110900100003,2016년 11월 9일 00시,수요일,부산광역시 수영구 광안동,경상사고,0,0,1,0,차대차 - 기타,교차로운행방법위반,건조,맑음,교차로 - 교차로안,승용,남,38세,상해없음,승용,남,61세,상해없음
2016110900100014,2016년 11월 9일 01시,수요일,부산광역시 중구 대청동1가,경상사고,0,0,1,0,차대차 - 측면직각충돌,안전운전불이행,건조,맑음,단일로 - 기타,승용,여,38세,상해없음,승용,남,50세,경상
2016110900100015,2016년 11월 9일 01시,수요일,부산광역시 영도구 청학동,경상사고,0,0,1,0,차대차 - 측면직각충돌,교차로운행방법위반,건조,맑음,교차로 - 교차로안,승용,남,45세,상해없음,승용,남,66세,경상
2016110900100026,2016년 11월 9일 02시,수요일,부산광역시 동래구 사직동,부상신고사고,0,0,0,1,차량단독 - 공작물충돌,안전운전불이행,건조,맑음,단일로 - 기타,승용,남,42세,부상신고,,,,
2016110900100030,2016년 11월 9일 03시,수요일,부산광역시 해운대구 좌동,경상사고,0,0,1,0,차대차 - 기타,안전운전불이행,건조,맑음,교차로 - 교차로부근,승용,남,29세,기타불명,승용,남,30세,경상
2016110900100036,2016년 11월 9일 04시,수요일,부산광역시 중구 중앙동3가,경상사고,0,0,2,0,차대차 - 추돌,안전운전불이행,건조,맑음,단일로 - 기타,승용,남,39세,상해없음,승용,남,65세,경상
2016110900100037,2016년 11월 9일 04시,수요일,부산광역시 금정구 노포동,경상사고,0,0,1,0,차대차 - 측면직각충돌,신호위반,건조,맑음,교차로 - 교차로안,승용,여,49세,상해없음,승용,남,59세,경상
2016110900100038,2016년 11월 9일 04시,수요일,부산광역시 사상구 감전동,사망사고,1,1,1,0,차대차 - 측면직각충돌,신호위반,건조,맑음,교차로 - 교차로안,승용,남,63세,사망,승용,남,42세,경상
2016110900100045,2016년 11월 9일 05시,수요일,부산광역시 사하구 구평동,중상사고,0,1,0,0,차대차 - 정면충돌,신호위반,건조,맑음,교차로 - 교차로안,승용,남,62세,상해없음,이륜,남,68세,중상
2016110900100046,2016년 11월 9일 05시,수요일,부산광역시 연제구 연산동,경상사고,0,0,1,0,차대차 - 추돌,안전운전불이행,건조,맑음,단일로 - 기타,승용,남,45세,상해없음,승용,남,61세,경상
2016110900100047,2016년 11월 9일 05시,수요일,부산광역시 강서구 명지동,중상사고,0,1,0,0,차대차 - 측면충돌,안전운전불이행,건조,맑음,단일로 - 기타,이륜,남,32세,중상,건설기계,남,54세,상해없음
2016110900100059,2016년 11월 9일 06시,수요일,부산광역시 수영구 광안동,중상사고,0,1,1,0,차대차 - 추돌,안전거리미확보,건조,맑음,단일로 - 교량,건설기계,남,40세,상해없음,화물,남,54세,중상
2016110900100060,2016년 11월 9일 06시,수요일,부산광역시 해운대구 반여동,중상사고,0,1,0,0,차대사람 - 횡단중,보행자보호의무위반,건조,맑음,단일로 - 횡단보도상,승용,남,35세,상해없음,보행자,남,60세,중상
2016110900100061,2016년 11월 9일 06시,수요일,부산광역시 해운대구 반여동,경상사고,0,0,2,0,차대차 - 추돌,안전거리미확보,건조,맑음,교차로 - 교차로안,승용,남,37세,상해없음,승용,남,41세,경상
2016110900100062,2016년 11월 9일 06시,수요일,부산광역시 강서구 대저2동,중상사고,0,1,0,0,차대사람 - 길가장자리구역통행중,안전운전불이행,건조,맑음,단일로 - 기타,승용,남,39세,상해없음,보행자,남,70세,중상
2016110900100080,2016년 11월 9일 07시,수요일,부산광역시 동구 초량동,중상사고,0,1,0,0,차량단독 - 기타,안전운전불이행,건조,맑음,단일로 - 기타,승합,남,53세,상해없음,,,,
2016110900100081,2016년 11월 9일 07시,수요일,부산광역시 금정구 부곡동,경상사고,0,0,2,0,차대차 - 측면직각충돌,직진우회전진행방해,건조,맑음,교차로 - 교차로안,승용,여,55세,경상,승용,여,37세,경상
2016110900100110,2016년 11월 9일 08시,수요일,부산광역시 해운대구 반여동,중상사고,0,1,1,0,차대사람 - 횡단중,안전운전불이행,건조,맑음,단일로 - 기타,원동기,남,17세,상해없음,보행자,남,44세,중상
2016110900100111,2016년 11월 9일 08시,수요일,부산광역시 사하구 감천동,경상사고,0,0,1,0,차대차 - 기타,안전운전불이행,건조,맑음,교차로 - 교차로부근,이륜,남,72세,경상,화물,남,50세,상해없음
2016110900100163,2016년 11월 9일 09시,수요일,부산광역시 동래구 사직동,경상사고,0,0,1,0,차대차 - 추돌,안전운전불이행,건조,맑음,단일로 - 기타,화물,남,26세,상해없음,승용,남,43세,경상
2016110900100164,2016년 11월 9일 09시,수요일,부산광역시 연제구 연산동,부상신고사고,0,0,0,1,차대차 - 측면충돌,신호위반,건조,맑음,교차로 - 교차로안,승용,남,63세,상해없음,이륜,남,36세,부상신고
2016110900100165,2016년 11월 9일 09시,수요일,부산광역시 수영구 망미동,경상사고,0,0,1,0,차대차 - 추돌,안전거리미확보,건조,맑음,단일로 - 기타,승용,남,46세,상해없음,승용,남,51세,경상
2016110900100199,2016년 11월 9일 10시,수요일,부산광역시 부산진구 전포동,경상사고,0,0,2,0,차대차 - 측면직각충돌,신호위반,건조,맑음,교차로 - 교차로안,승용,남,63세,상해없음,승용,여,31세,경상
2016110900100200,2016년 11월 9일 10시,수요일,부산광역시 금정구 부곡동,부상신고사고,0,0,0,1,차대차 - 측면충돌,교차로운행방법위반,건조,맑음,교차로 - 교차로안,이륜,남,47세,부상신고,승용,여,57세,상해없음
2016110900100201,2016년 11월 9일 10시,수요일,부산광역시 금정구 두구동,중상사고,0,1,1,12,차대차 - 추돌,안전거리미확보,건조,맑음,교차로 - 교차로부근,승용,남,31세,상해없음,승합,남,39세,중상
2016110900100241,2016년 11월 9일 11시,수요일,부산광역시 북구 구포동,부상신고사고,0,0,0,1,차대차 - 정면충돌,안전운전불이행,건조,맑음,단일로 - 기타,원동기,남,41세,부상신고,승용,남,57세,상해없음
2016110900100278,2016년 11월 9일 12시,수요일,부산광역시 부산진구 부전동,경상사고,0,0,1,0,차대사람 - 기타,안전운전불이행,기타,맑음,단일로 - 기타,승용,기타불명,기타불명,기타불명,보행자,여,16세,경상
2016110900100315,2016년 11월 9일 13시,수요일,부산광역시 부산진구 범천동,부상신고사고,0,0,0,1,차대사람 - 횡단중,안전운전불이행,건조,맑음,단일로 - 기타,화물,남,28세,상해없음,보행자,남,69세,부상신고
2016110900100371,2016년 11월 9일 15시,수요일,부산광역시 해운대구 송정동,경상사고,0,0,1,0,차대사람 - 횡단중,안전운전불이행,건조,맑음,교차로 - 교차로안,화물,남,25세,상해없음,보행자,남,74세,경상
2016110900100372,2016년 11월 9일 15시,수요일,부산광역시 사하구 장림동,중상사고,0,1,0,0,차대사람 - 횡단중,안전운전불이행,건조,맑음,단일로 - 기타,승용,여,42세,상해없음,보행자,여,73세,중상
2016110900100373,2016년 11월 9일 15시,수요일,부산광역시 연제구 연산동,경상사고,0,0,1,0,차대사람 - 차도통행중,안전운전불이행,건조,맑음,단일로 - 횡단보도부근,승용,남,41세,상해없음,보행자,남,23세,경상
2016110900100374,2016년 11월 9일 15시,수요일,부산광역시 연제구 연산동,중상사고,0,1,1,0,차대차 - 측면충돌,기타,건조,맑음,단일로 - 기타,화물,남,58세,상해없음,이륜,남,61세,중상
2016110900100375,2016년 11월 9일 15시,수요일,부산광역시 사상구 모라동,중상사고,0,1,0,0,차대사람 - 횡단중,보행자보호의무위반,건조,맑음,단일로 - 기타,화물,남,62세,상해없음,보행자,여,33세,중상
2016110900100412,2016년 11월 9일 16시,수요일,부산광역시 서구 서대신동3가,중상사고,0,1,0,0,차대차 - 측면직각충돌,안전운전불이행,건조,맑음,단일로 - 기타,화물,남,56세,상해없음,이륜,여,47세,중상
2016110900100413,2016년 11월 9일 16시,수요일,부산광역시 수영구 수영동,중상사고,0,1,0,0,차대사람 - 길가장자리구역통행중,안전운전불이행,건조,맑음,교차로 - 교차로부근,화물,남,50세,상해없음,보행자,여,81세,중상
2016110900100474,2016년 11월 9일 18시,수요일,부산광역시 동래구 낙민동,경상사고,0,0,1,0,차대차 - 측면직각충돌,직진우회전진행방해,건조,맑음,교차로 - 교차로안,승용,남,30세,상해없음,승용,남,58세,경상
2016110900100475,2016년 11월 9일 18시,수요일,부산광역시 사상구 학장동,중상사고,0,1,0,0,차대차 - 추돌,안전거리미확보,건조,맑음,단일로 - 기타,승용,여,28세,중상,승용,남,59세,상해없음
2016110900100476,2016년 11월 9일 18시,수요일,부산광역시 강서구 대저2동,중상사고,0,1,2,1,차대차 - 추돌,안전운전불이행,건조,맑음,단일로 - 기타,승용,남,63세,상해없음,승용,남,54세,중상
2016110900100535,2016년 11월 9일 19시,수요일,부산광역시 동구 범일동,경상사고,0,0,1,0,차량단독 - 기타,기타,건조,맑음,단일로 - 기타,승합,남,63세,상해없음,,,,