사고번호,사고일시,요일,시군구,사고내용,사망자수,중상자수,경상자수,부상신고자수,사고유형,법규위반,노면상태,기상상태,도로형태,가해운전자 차종,가해운전자 성별,가해운전자 연령,가해운전자 상해정도,피해운전자 차종,피해운전자 성별,피해운전자 연령,피해운전자 상해정도
2016111300100146,2016년 11월 13일 10시,일요일,부산광역시 동구 초량동,중상사고,0,1,0,0,차대차 - 측면직각충돌,안전거리미확보,습기,비,교차로 - 교차로부근,승용,남,43세,상해없음,이륜,남,35세,중상
2016111300100147,2016년 11월 13일 10시,일요일,부산광역시 서구 서대신동1가,경상사고,0,0,1,0,차대사람 - 길가장자리구역통행중,안전운전불이행,건조,맑음,단일로 - 기타,원동기,남,27세,상해없음,보행자,여,21세,경상
2016111300100179,2016년 11월 13일 11시,일요일,부산광역시 해운대구 좌동,경상사고,0,0,2,0,차대차 - 추돌,안전운전불이행,습기,비,단일로 - 기타,승용,남,27세,상해없음,승용,남,24세,경상
2016111300100202,2016년 11월 13일 12시,일요일,부산광역시 북구 구포동,부상신고사고,0,0,0,1,차대차 - 측면충돌,기타,건조,맑음,교차로 - 교차로안,원동기,남,17세,부상신고,승용,남,61세,상해없음
2016111300100203,2016년 11월 13일 12시,일요일,부산광역시 강서구 녹산동,경상사고,0,0,2,0,차대차 - 추돌,안전운전불이행,건조,맑음,단일로 - 기타,승용,남,37세,상해없음,승용,남,43세,경상
2016111300100242,2016년 11월 13일 14시,일요일,부산광역시 동래구 명장동,경상사고,0,0,1,0,차대차 - 측면충돌,안전운전불이행,건조,맑음,교차로 - 교차로안,승용,남,24세,상해없음,이륜,남,28세,경상
2016111300100243,2016년 11월 13일 14시,일요일,부산광역시 해운대구 좌동,경상사고,0,0,1,0,차대차 - 측면충돌,차로위반,기타,맑음,단일로 - 기타,기타불명,기타불명,기타불명,기타불명,승용,여,64세,경상
2016111300100272,2016년 11월 13일 15시,일요일,부산광역시 해운대구 송정동,경상사고,0,0,1,0,차대차 - 측면직각충돌,안전운전불이행,건조,맑음,단일로 - 기타,승용,남,61세,상해없음,승용,남,29세,경상
2016111300100299,2016년 11월 13일 16시,일요일,부산광역시 동래구 온천동,중상사고,0,1,0,0,차대차 - 측면충돌,안전운전불이행,건조,맑음,교차로 - 교차로안,승용,남,27세,상해없음,자전거,남,67세,중상
2016111300100327,2016년 11월 13일 17시,일요일,부산광역시 사상구 삼락동,부상신고사고,0,0,0,1,차대차 - 기타,안전운전불이행,건조,맑음,단일로 - 기타,승용,여,24세,상해없음,이륜,남,25세,부상신고
2016111300100328,2016년 11월 13일 17시,일요일,부산광역시 기장군 정관읍,중상사고,0,2,0,0,차대차 - 측면직각충돌,신호위반,건조,맑음,교차로 - 교차로안,승용,남,29세,상해없음,승용,남,46세,중상
2016111300100454,2016년 11월 13일 20시,일요일,부산광역시 동구 범일동,중상사고,0,2,0,0,차대차 - 측면충돌,신호위반,건조,맑음,교차로 - 교차로안,승용,남,68세,상해없음,승용,남,62세,중상
2016111300100455,2016년 11월 13일 20시,일요일,부산광역시 동래구 사직동,부상신고사고,0,0,0,1,차대차 - 측면직각충돌,안전운전불이행,건조,맑음,교차로 - 교차로안,승용,남,49세,상해없음,이륜,남,23세,부상신고
2016111300100537,2016년 11월 13일 23시,일요일,부산광역시 동래구 온천동,중상사고,0,1,0,0,차대차 - 측면직각충돌,교차로운행방법위반,건조,맑음,교차로 - 교차로안,화물,남,52세,상해없음,이륜,남,19세,중상
2016111400100005,2016년 11월 14일 00시,월요일,부산광역시 수영구 민락동,중상사고,0,3,0,0,차대차 - 측면직각충돌,신호위반,건조,흐림,교차로 - 교차로안,승용,남,48세,상해없음,승용,남,45세,중상
2016111400100017,2016년 11월 14일 02시,월요일,부산광역시 동래구 온천동,중상사고,0,1,0,0,차대사람 - 차도통행중,안전운전불이행,습기,비,교차로 - 교차로안,승용,남,41세,상해없음,보행자,여,40세,중상
2016111400100023,2016년 11월 14일 03시,월요일,부산광역시 영도구 남항동3가,경상사고,0,0,2,1,차대차 - 측면직각충돌,안전운전불이행,습기,비,교차로 - 교차로안,승용,여,25세,부상신고,승용,남,54세,경상
2016111400100029,2016년 11월 14일 04시,월요일,부산광역시 강서구 녹산동,중상사고,0,1,0,0,차대차 - 기타,안전거리미확보,건조,맑음,단일로 - 기타,건설기계,남,43세,상해없음,건설기계,남,36세,중상
2016111400100035,2016년 11월 14일 05시,월요일,부산광역시 해운대구 재송동,중상사고,0,1,0,0,차대차 - 측면직각충돌,신호위반,건조,맑음,교차로 - 교차로안,승용,남,32세,상해없음,승합,남,57세,중상
2016111400100045,2016년 11월 14일 06시,월요일,부산광역시 동래구 명륜동,경상사고,0,0,1,0,차대사람 - 횡단중,신호위반,습기,비,교차로 - 교차로안,승용,여,52세,상해없음,보행자,남,27세,경상
2016111400100046,2016년 11월 14일 06시,월요일,부산광역시 부산진구 초읍동,중상사고,0,1,0,0,차대사람 - 횡단중,안전운전불이행,습기,비,교차로 - 교차로부근,원동기,남,48세,상해없음,보행자,여,62세,중상
2016111400100047,2016년 11월 14일 06시,월요일,부산광역시 금정구 구서동,경상사고,0,0,2,0,차대차 - 추돌,안전거리미확보,건조,맑음,단일로 - 기타,화물,남,36세,경상,승합,남,42세,상해없음
2016111400100048,2016년 11월 14일 06시,월요일,부산광역시 연제구 연산동,중상사고,0,2,0,0,차대사람 - 횡단중,신호위반,습기,비,단일로 - 횡단보도상,화물,남,61세,상해없음,보행자,여,19세,중상
2016111400100070,2016년 11월 14일 07시,월요일,부산광역시 동구 범일동,경상사고,0,0,1,0,차대차 - 측면직각충돌,안전거리미확보,습기,흐림,교차로 - 교차로안,화물,남,60세,상해없음,승용,남,47세,경상
2016111400100071,2016년 11월 14일 07시,월요일,부산광역시 동래구 수안동,경상사고,0,0,1,0,차대사람 - 차도통행중,안전운전불이행,습기,맑음,단일로 - 기타,승용,남,53세,상해없음,보행자,남,33세,경상
2016111400100072,2016년 11월 14일 07시,월요일,부산광역시 해운대구 좌동,경상사고,0,0,1,0,차대차 - 추돌,안전거리미확보,건조,맑음,단일로 - 기타,승용,남,28세,상해없음,승용,남,45세,경상
2016111400100073,2016년 11월 14일 07시,월요일,부산광역시 부산진구 가야동,경상사고,0,0,1,0,차대차 - 측면충돌,신호위반,습기,비,교차로 - 교차로안,승용,남,50세,상해없음,승용,여,60세,경상
2016111400100109,2016년 11월 14일 08시,월요일,부산광역시 금정구 남산동,경상사고,0,0,2,0,차대차 - 측면충돌,신호위반,건조,맑음,단일로 - 기타,승용,남,38세,상해없음,승용,남,41세,경상
2016111400100110,2016년 11월 14일 08시,월요일,부산광역시 사하구 감천동,부상신고사고,0,0,0,1,차대차 - 기타,안전운전불이행,건조,맑음,단일로 - 기타,승합,남,37세,상해없음,승용,남,30세,부상신고
2016111400100111,2016년 11월 14일 08시,월요일,부산광역시 강서구 죽림동,중상사고,0,1,2,0,차대차 - 측면충돌,신호위반,습기,비,교차로 - 교차로안,화물,남,60세,상해없음,승용,남,60세,상해없음
2016111400100171,2016년 11월 14일 09시,월요일,부산광역시 남구 감만동,경상사고,0,0,1,0,차대차 - 추돌,안전운전불이행,습기,비,단일로 - 터널,화물,남,45세,경상,승용,남,49세,상해없음
2016111400100172,2016년 11월 14일 09시,월요일,부산광역시 동래구 온천동,중상사고,0,1,0,0,차대사람 - 차도통행중,안전운전불이행,건조,맑음,단일로 - 기타,승용,여,38세,상해없음,보행자,여,85세,중상
2016111400100202,2016년 11월 14일 10시,월요일,부산광역시 동구 범일동,경상사고,0,0,1,0,차대사람 - 기타,안전운전불이행,습기,비,단일로 - 기타,승용,남,66세,상해없음,보행자,여,35세,경상
2016111400100203,2016년 11월 14일 10시,월요일,부산광역시 부산진구 개금동,경상사고,0,0,1,0,차대차 - 측면직각충돌,안전운전불이행,건조,맑음,교차로 - 교차로부근,화물,남,55세,상해없음,화물,남,22세,경상
2016111400100227,2016년 11월 14일 11시,월요일,부산광역시 기장군 장안읍,중상사고,0,1,1,0,차대차 - 측면충돌,안전운전불이행,건조,맑음,교차로 - 교차로안,화물,남,86세,경상,건설기계,남,53세,상해없음
2016111400100264,2016년 11월 14일 12시,월요일,부산광역시 동구 범일동,경상사고,0,0,1,0,차대차 - 기타,안전운전불이행,건조,맑음,교차로 - 교차로부근,승용,여,59세,상해없음,이륜,남,56세,경상
2016111400100265,2016년 11월 14일 12시,월요일,부산광역시 북구 구포동,중상사고,0,1,0,0,차대차 - 추돌,차로위반,건조,맑음,단일로 - 기타,화물,남,64세,기타불명,이륜,남,29세,중상
2016111400100293,2016년 11월 14일 13시,월요일,부산광역시 사하구 장림동,경상사고,0,0,1,0,차대차 - 측면충돌,안전운전불이행,건조,맑음,단일로 - 기타,건설기계,남,40세,상해없음,이륜,남,78세,경상
2016111400100323,2016년 11월 14일 14시,월요일,부산광역시 부산진구 가야동,경상사고,0,0,2,0,차대차 - 측면충돌,교차로운행방법위반,건조,맑음,교차로 - 교차로안,승용,여,34세,상해없음,승용,여,48세,경상
2016111400100348,2016년 11월 14일 15시,월요일,부산광역시 부산진구 가야동,중상사고,0,1,0,0,차대사람 - 횡단중,안전운전불이행,건조,맑음,교차로 - 교차로안,승용,남,44세,상해없음,보행자,여,77세,중상
2016111400100377,2016년 11월 14일 16시,월요일,부산광역시 부산진구 범전동,경상사고,0,0,2,0,차대차 - 추돌,안전운전불이행,건조,맑음,단일로 - 기타,승용,여,55세,상해없음,승합,남,42세,상해없음
2016111400100422,2016년 11월 14일 17시,월요일,부산광역시 수영구 남천동,경상사고,0,0,1,0,차대사람 - 횡단중,보행자보호의무위반,건조,맑음,교차로 - 교차로부근,화물,남,63세,상해없음,보행자,남,9세,경상
2016111400100423,2016년 11월 14일 17시,월요일,부산광역시 북구 구포동,중상사고,0,1,0,0,차대차 - 추돌,안전운전불이행,건조,맑음,단일로 - 기타,승용,남,70세,상해없음,원동기,남,62세,중상
2016111400100475,2016년 11월 14일 18시,월요일,부산광역시 서구 서대신동1가,경상사고,0,0,1,0,차대차 - 추돌,교차로운행방법위반,건조,맑음,교차로 - 교차로부근,승용,여,45세,상해없음,승합,남,52세,상해없음
2016111400100476,2016년 11월 14일 18시,월요일,부산광역시 북구 만덕동,경상사고,0,0,1,0,차대차 - 측면충돌,안전운전불이행,습기,흐림,단일로 - 기타,승합,남,54세,상해없음,이륜,남,21세,경상
2016111400100477,2016년 11월 14일 18시,월요일,부산광역시 부산진구 개금동,경상사고,0,0,1,0,차대사람 - 길가장자리구역통행중,안전운전불이행,건조,맑음,단일로 - 기타,승용,여,57세,기타불명,보행자,여,6세,경상
2016111400100539,2016년 11월 14일 19시,월요일,부산광역시 서구 충무동1가,경상사고,0,0,2,0,차대차 - 측면직각충돌,교차로운행방법위반,건조,맑음,교차로 - 교차로안,승용,남,59세,상해없음,승용,남,55세,경상
2016111400100540,2016년 11월 14일 19시,월요일,부산광역시 부산진구 범천동,중상사고,0,1,0,0,차대사람 - 기타,안전운전불이행,건조,맑음,단일로 - 기타,승용,남,31세,기타불명,보행자,남,83세,중상
2016111400100577,2016년 11월 14일 20시,월요일,부산광역시 해운대구 좌동,중상사고,0,1,1,0,차대차 - 기타,안전운전불이행,기타,맑음,단일로 - 기타,승용,남,43세,상해없음,이륜,남,18세,기타불명
2016111400100578,2016년 11월 14일 20시,월요일,부산광역시 금정구 구서동,중상사고,0,1,0,0,차대차 - 기타,신호위반,건조,맑음,교차로 - 교차로안,승용,남,51세,상해없음,이륜,남,21세,중상
2016111400100614,2016년 11월 14일 21시,월요일,부산광역시 사상구 삼락동,경상사고,0,0,1,0,차대사람 - 길가장자리구역통행중,안전운전불이행,건조,맑음,단일로 - 기타,기타불명,기타불명,기타불명,기타불명,보행자,남,15세,경상
2016111400100644,2016년 11월 14일 22시,월요일,부산광역시 동래구 온천동,경상사고,0,0,1,0,차대차 - 측면직각충돌,차로위반,건조,맑음,기타 - 기타,승용,남,36세,상해없음,승용,여,42세,경상
2016111400100662,2016년 11월 14일 23시,월요일,부산광역시 사하구 다대동,경상사고,0,0,1,0,차대사람 - 횡단중,교차로운행방법위반,건조,맑음,교차로 - 교차로안,승합,남,55세,상해없음,보행자,남,51세,경상
2016111400100663,2016년 11월 14일 23시,월요일,부산광역시 기장군 정관읍,중상사고,0,1,0,0,차대사람 - 횡단중,보행자보호의무위반,건조,맑음,교차로 - 교차로부근,승용,남,54세,상해없음,보행자,여,58세,중상
2016111500100003,2016년 11월 15일 00시,화요일,부산광역시 동구 범일동,경상사고,0,0,1,0,차대사람 - 기타,안전운전불이행,기타,맑음,단일로 - 기타,승용,남,53세,상해없음,보행자,남,45세,경상
2016111500100004,2016년 11월 15일 00시,화요일,부산광역시 해운대구 우동,중상사고,0,1,0,0,차대사람 - 횡단중,신호위반,건조,맑음,단일로 - 횡단보도상,승용,남,29세,상해없음,보행자,남,36세,중상
2016111500100005,2016년 11월 15일 00시,화요일,부산광역시 부산진구 범전동,경상사고,0,0,1,0,차대차 - 추돌,안전운전불이행,건조,맑음,단일로 - 기타,승용,남,48세,상해없음,승용,남,58세,경상
2016111500100027,2016년 11월 15일 01시,화요일,부산광역시 사하구 하단동,부상신고사고,0,0,0,1,차대차 - 기타,안전운전불이행,건조,맑음,단일로 - 기타,승용,남,23세,상해없음,이륜,남,21세,부상신고
2016111500100040,2016년 11월 15일 03시,화요일,부산광역시 부산진구 부전동,중상사고,0,1,0,0,차대사람 - 기타,안전운전불이행,건조,맑음,교차로 - 교차로안,승용,남,69세,상해없음,보행자,남,21세,중상
2016111500100041,2016년 11월 15일 03시,화요일,부산광역시 연제구 거제동,경상사고,0,0,1,0,차대차 - 측면충돌,안전운전불이행,건조,맑음,교차로 - 교차로부근,이륜,남,19세,상해없음,승용,남,59세,경상
2016111500100046,2016년 11월 15일 04시,화요일,부산광역시 사하구 하단동,경상사고,0,0,1,0,차대사람 - 횡단중,불법유턴,건조,맑음,교차로 - 교차로안,화물,남,42세,상해없음,보행자,남,29세,경상
2016111500100066,2016년 11월 15일 06시,화요일,부산광역시 북구 구포동,중상사고,0,1,0,0,차대사람 - 횡단중,보행자보호의무위반,건조,맑음,단일로 - 기타,승용,남,68세,상해없음,보행자,여,57세,중상
2016111500100107,2016년 11월 15일 08시,화요일,부산광역시 동구 범일동,경상사고,0,0,1,0,차대사람 - 기타,안전운전불이행,건조,맑음,단일로 - 기타,승용,남,52세,상해없음,보행자,남,55세,경상
2016111500100146,2016년 11월 15일 09시,화요일,부산광역시 부산진구 부전동,중상사고,0,1,0,0,차대사람 - 횡단중,안전운전불이행,건조,맑음,단일로 - 기타,승용,남,54세,상해없음,보행자,여,74세,중상
2016111500100147,2016년 11월 15일 09시,화요일,부산광역시 사하구 하단동,경상사고,0,0,2,0,차대차 - 추돌,안전거리미확보,건조,맑음,단일로 - 기타,승용,남,54세,상해없음,승용,여,33세,경상
2016111500100148,2016년 11월 15일 09시,화요일,부산광역시 강서구 대저1동,경상사고,0,0,1,0,차대차 - 추돌,안전운전불이행,건조,맑음,교차로 - 교차로부근,승용,여,49세,상해없음,승용,남,41세,경상
2016111500100149,2016년 11월 15일 09시,화요일,부산광역시 사상구 주례동,중상사고,0,1,0,0,차대차 - 측면직각충돌,차로위반,건조,맑음,단일로 - 기타,특수,남,64세,상해없음,이륜,여,52세,중상
2016111500100231,2016년 11월 15일 11시,화요일,부산광역시 영도구 청학동,경상사고,0,0,1,0,차대차 - 기타,안전운전불이행,건조,맑음,단일로 - 기타,승용,남,74세,상해없음,승합,남,45세,경상
2016111500100232,2016년 11월 15일 11시,화요일,부산광역시 연제구 연산동,경상사고,0,0,1,0,차대사람 - 기타,안전운전불이행,건조,맑음,단일로 - 기타,승용,남,52세,상해없음,보행자,남,24세,경상
2016111500100233,2016년 11월 15일 11시,화요일,부산광역시 연제구 거제동,경상사고,0,0,1,0,차대차 - 측면충돌,안전운전불이행,건조,맑음,단일로 - 기타,승용,남,69세,상해없음,승용,남,47세,경상
2016111500100292,2016년 11월 15일 13시,화요일,부산광역시 동구 수정동,경상사고,0,0,1,0,차대사람 - 횡단중,안전운전불이행,건조,맑음,교차로 - 교차로안,승용,여,50세,상해없음,보행자,여,17세,경상
2016111500100294,2016년 11월 15일 13시,화요일,부산광역시 해운대구 우동,경상사고,0,0,1,0,차대차 - 기타,안전거리미확보,건조,맑음,단일로 - 기타,승용,남,58세,상해없음,이륜,남,55세,경상
2016111500100295,2016년 11월 15일 13시,화요일,부산광역시 부산진구 개금동,경상사고,0,0,1,0,차대사람 - 횡단중,안전운전불이행,건조,맑음,단일로 - 횡단보도부근,승용,남,56세,상해없음,보행자,남,8세,경상
2016111500100330,2016년 11월 15일 14시,화요일,부산광역시 강서구 강동동,중상사고,0,1,0,0,차대차 - 측면충돌,안전거리미확보,건조,맑음,단일로 - 기타,승용,남,52세,상해없음,화물,여,51세,중상
2016111500100362,2016년 11월 15일 15시,화요일,부산광역시 동구 초량동,중상사고,0,1,0,0,차대사람 - 횡단중,신호위반,건조,맑음,단일로 - 기타,원동기,남,16세,상해없음,보행자,남,67세,중상
2016111500100363,2016년 11월 15일 15시,화요일,부산광역시 해운대구 좌동,중상사고,0,1,0,0,차량단독 - 기타,안전운전불이행,건조,맑음,단일로 - 기타,승합,남,59세,상해없음,,,,
2016111500100364,2016년 11월 15일 15시,화요일,부산광역시 부산진구 양정동,경상사고,0,0,3,0,차대차 - 기타,안전거리미확보,건조,맑음,단일로 - 기타,승용,남,55세,상해없음,승용,남,20세,경상
2016111500100365,2016년 11월 15일 15시,화요일,부산광역시 강서구 대저2동,중상사고,0,1,0,0,차대차 - 추돌,안전운전불이행,건조,맑음,단일로 - 기타,화물,남,29세,상해없음,승용,여,34세,중상
2016111500100410,2016년 11월 15일 16시,화요일,부산광역시 해운대구 중동,경상사고,0,0,1,0,차대차 - 측면직각충돌,안전운전불이행,건조,맑음,단일로 - 기타,승용,남,64세,기타불명,승용,여,49세,경상
2016111500100463,2016년 11월 15일 17시,화요일,부산광역시 부산진구 당감동,중상사고,0,1,0,0,차대사람 - 기타,보행자보호의무위반,건조,맑음,단일로 - 횡단보도상,승용,여,51세,상해없음,보행자,여,80세,중상
2016111500100502,2016년 11월 15일 18시,화요일,부산광역시 동구 초량동,경상사고,0,0,3,0,차대차 - 측면직각충돌,안전거리미확보,건조,맑음,단일로 - 기타,승용,남,64세,경상,승용,남,45세,경상
2016111500100503,2016년 11월 15일 18시,화요일,부산광역시 해운대구 반송동,경상사고,0,0,1,0,차대차 - 추돌,안전운전불이행,건조,맑음,교차로 - 교차로부근,승용,여,54세,기타불명,승용,남,51세,경상
2016111500100504,2016년 11월 15일 18시,화요일,부산광역시 강서구 대저2동,부상신고사고,0,0,0,1,차대사람 - 길가장자리구역통행중,안전운전불이행,건조,맑음,단일로 - 기타,기타불명,기타불명,기타불명,기타불명,보행자,여,66세,부상신고
2016111500100572,2016년 11월 15일 19시,화요일,부산광역시 금정구 금사동,경상사고,0,0,1,0,차대차 - 추돌,안전운전불이행,건조,맑음,단일로 - 교량,승용,남,35세,상해없음,승용,남,39세,경상
2016111500100645,2016년 11월 15일 21시,화요일,부산광역시 동구 초량동,경상사고,0,0,1,0,차대차 - 기타,불법유턴,건조,맑음,기타 - 기타,승용,남,58세,상해없음,승용,여,29세,경상
2016111500100646,2016년 11월 15일 21시,화요일,부산광역시 북구 덕천동,경상사고,0,0,2,0,차대차 - 추돌,안전운전불이행,건조,맑음,교차로 - 교차로부근,승용,여,42세,상해없음,승용,여,34세,경상
2016111500100647,2016년 11월 15일 21시,화요일,부산광역시 해운대구 송정동,경상사고,0,0,2,0,차대차 - 기타,안전운전불이행,건조,맑음,교차로 - 교차로안,승용,여,34세,상해없음,승용,여,45세,경상
2016111500100648,2016년 11월 15일 21시,화요일,부산광역시 부산진구 개금동,경상사고,0,0,1,0,차대차 - 측면직각충돌,교차로운행방법위반,건조,맑음,교차로 - 교차로안,승용,남,69세,상해없음,승용,남,47세,경상
2016111500100649,2016년 11월 15일 21시,화요일,부산광역시 사하구 괴정동,부상신고사고,0,0,0,1,차대차 - 기타,불법유턴,건조,맑음,단일로 - 기타,승용,남,58세,상해없음,승용,남,66세,부상신고
2016111500100650,2016년 11월 15일 21시,화요일,부산광역시 강서구 신호동,경상사고,0,0,1,0,차대차 - 추돌,안전운전불이행,건조,맑음,단일로 - 기타,승용,남,70세,상해없음,승용,남,53세,기타불명
2016111500100651,2016년 11월 15일 21시,화요일,부산광역시 사상구 괘법동,중상사고,0,1,1,0,차대차 - 측면직각충돌,안전거리미확보,건조,맑음,교차로 - 교차로안,승용,남,27세,기타불명,승용,남,33세,경상
2016111500100652,2016년 11월 15일 21시,화요일,부산광역시 사상구 감전동,부상신고사고,0,0,0,1,차대사람 - 횡단중,안전운전불이행,건조,맑음,단일로 - 기타,승용,여,48세,상해없음,보행자,남,76세,부상신고
2016111500100711,2016년 11월 15일 23시,화요일,부산광역시 남구 대연동,경상사고,0,0,1,1,차대차 - 기타,신호위반,건조,맑음,교차로 - 교차로부근,원동기,남,16세,부상신고,승용,남,62세,상해없음
2016111600100008,2016년 11월 16일 00시,수요일,부산광역시 서구 충무동1가,중상사고,0,1,4,0,차대차 - 측면직각충돌,신호위반,건조,맑음,교차로 - 교차로안,승용,남,64세,상해없음,승용,남,25세,경상
2016111600100009,2016년 11월 16일 00시,수요일,부산광역시 해운대구 반여동,경상사고,0,0,1,0,차대차 - 측면직각충돌,교차로운행방법위반,건조,맑음,단일로 - 기타,승용,남,23세,상해없음,승용,남,26세,상해없음
2016111600100051,2016년 11월 16일 05시,수요일,부산광역시 수영구 광안동,경상사고,0,0,1,0,차대차 - 기타,교차로운행방법위반,건조,맑음,교차로 - 교차로안,원동기,남,21세,경상,승용,여,68세,상해없음
2016111600100052,2016년 11월 16일 05시,수요일,부산광역시 사하구 장림동,중상사고,0,1,0,0,차대차 - 정면충돌,신호위반,건조,맑음,교차로 - 교차로안,승용,여,52세,상해없음,승용,남,59세,중상
2016111600100089,2016년 11월 16일 07시,수요일,부산광역시 연제구 연산동,중상사고,0,1,0,0,차대사람 - 횡단중,보행자보호의무위반,건조,맑음,단일로 - 횡단보도상,화물,남,29세,상해없음,보행자,여,32세,중상
2016111600100176,2016년 11월 16일 09시,수요일,부산광역시 해운대구 좌동,경상사고,0,0,1,0,차대차 - 기타,안전운전불이행,건조,맑음,교차로 - 교차로안,승용,여,58세,상해없음,이륜,남,43세,경상
2016111600100177,2016년 11월 16일 09시,수요일,부산광역시 해운대구 우동,경상사고,0,0,2,0,차대차 - 측면직각충돌,안전거리미확보,건조,맑음,교차로 - 교차로부근,화물,남,30세,상해없음,승용,남,64세,상해없음
2016111600100178,2016년 11월 16일 09시,수요일,부산광역시 사하구 괴정동,중상사고,0,1,0,0,차대사람 - 횡단중,안전운전불이행,건조,맑음,단일로 - 기타,승용,여,39세,상해없음,보행자,여,67세,중상
2016111600100250,2016년 11월 16일 11시,수요일,부산광역시 동래구 온천동,경상사고,0,0,2,0,차대차 - 추돌,안전운전불이행,건조,맑음,교차로 - 교차로부근,건설기계,남,55세,상해없음,승용,여,62세,경상
2016111600100251,2016년 11월 16일 11시,수요일,부산광역시 사하구 장림동,경상사고,0,0,4,0,차대차 - 추돌,안전운전불이행,건조,맑음,단일로 - 기타,승용,남,59세,상해없음,승합,남,60세,경상
2016111600100288,2016년 11월 16일 12시,수요일,부산광역시 해운대구 재송동,경상사고,0,0,1,1,차대차 - 기타,안전운전불이행,건조,맑음,단일로 - 기타,건설기계,남,68세,상해없음,이륜,남,17세,부상신고
2016111600100289,2016년 11월 16일 12시,수요일,부산광역시 부산진구 가야동,경상사고,0,0,1,0,차대사람 - 기타,안전운전불이행,건조,맑음,단일로 - 기타,승용,남,72세,상해없음,보행자,여,22세,경상
2016111600100290,2016년 11월 16일 12시,수요일,부산광역시 사하구 신평동,경상사고,0,0,1,0,차대차 - 측면충돌,안전운전불이행,건조,맑음,교차로 - 교차로안,승용,남,27세,상해없음,자전거,남,45세,경상
2016111600100291,2016년 11월 16일 12시,수요일,부산광역시 수영구 망미동,중상사고,0,1,0,0,차대사람 - 차도통행중,안전운전불이행,건조,맑음,교차로 - 교차로안,승용,남,28세,상해없음,보행자,여,81세,중상
2016111600100326,2016년 11월 16일 13시,수요일,부산광역시 동구 범일동,부상신고사고,0,0,0,1,차량단독 - 기타,안전운전불이행,건조,맑음,단일로 - 기타,승용,남,56세,상해없음,,,,
2016111600100327,2016년 11월 16일 13시,수요일,부산광역시 사하구 하단동,경상사고,0,0,1,0,차대사람 - 기타,안전운전불이행,건조,맑음,단일로 - 기타,승용,남,47세,상해없음,보행자,여,21세,경상
2016111600100328,2016년 11월 16일 13시,수요일,부산광역시 사하구 하단동,경상사고,0,0,1,0,차대차 - 측면충돌,신호위반,건조,맑음,교차로 - 교차로안,승용,여,53세,상해없음,자전거,남,61세,경상
2016111600100389,2016년 11월 16일 15시,수요일,부산광역시 기장군 장안읍,경상사고,0,0,1,0,차대차 - 기타,안전운전불이행,건조,맑음,단일로 - 기타,승용,남,52세,상해없음,승용,여,22세,경상
2016111600100421,2016년 11월 16일 16시,수요일,부산광역시 부산진구 전포동,경상사고,0,0,1,0,차대차 - 기타,차로위반,건조,맑음,교차로 - 교차로부근,승용,남,61세,상해없음,화물,남,36세,상해없음
2016111600100463,2016년 11월 16일 17시,수요일,부산광역시 수영구 광안동,중상사고,0,1,0,0,차대차 - 기타,불법유턴,건조,맑음,교차로 - 교차로부근,자전거,남,79세,중상,승용,남,56세,상해없음
2016111600100464,2016년 11월 16일 17시,수요일,부산광역시 동래구 온천동,중상사고,0,1,0,0,차대차 - 측면직각충돌,교차로운행방법위반,건조,맑음,교차로 - 교차로안,자전거,남,12세,중상,승용,여,30세,상해없음
2016111600100465,2016년 11월 16일 17시,수요일,부산광역시 수영구 수영동,경상사고,0,0,1,0,차대사람 - 길가장자리구역통행중,안전운전불이행,건조,맑음,교차로 - 교차로안,승용,여,64세,상해없음,보행자,여,57세,경상
2016111600100503,2016년 11월 16일 18시,수요일,부산광역시 남구 용호동,부상신고사고,0,0,0,1,차대차 - 측면충돌,안전거리미확보,건조,맑음,단일로 - 기타,승용,남,62세,상해없음,이륜,남,19세,부상신고
2016111600100504,2016년 11월 16일 18시,수요일,부산광역시 영도구 동삼동,경상사고,0,0,1,0,차대사람 - 횡단중,안전운전불이행,건조,맑음,단일로 - 기타,승용,남,45세,상해없음,보행자,여,84세,경상
2016111600100505,2016년 11월 16일 18시,수요일,부산광역시 해운대구 좌동,경상사고,0,0,1,0,차대차 - 추돌,안전운전불이행,건조,맑음,단일로 - 기타,승용,남,32세,상해없음,승용,여,52세,경상
2016111600100560,2016년 11월 16일 19시,수요일,부산광역시 중구 부평동2가,중상사고,0,1,0,0,차대차 - 측면직각충돌,차로위반,건조,맑음,단일로 - 기타,승용,남,25세,상해없음,이륜,남,16세,중상
2016111600100561,2016년 11월 16일 19시,수요일,부산광역시 수영구 광안동,경상사고,0,0,1,0,차대차 - 추돌,교차로운행방법위반,건조,맑음,교차로 - 교차로안,원동기,남,60세,경상,승용,여,44세,상해없음
2016111600100562,2016년 11월 16일 19시,수요일,부산광역시 동래구 명장동,중상사고,0,1,1,0,차대차 - 정면충돌,신호위반,건조,맑음,교차로 - 교차로안,승용,남,69세,상해없음,승용,남,71세,경상
2016111600100675,2016년 11월 16일 23시,수요일,부산광역시 영도구 남항동1가,경상사고,0,0,1,0,차대차 - 기타,직진우회전진행방해,건조,맑음,교차로 - 교차로안,승용,남,72세,상해없음,원동기,남,44세,경상