사고번호,사고일시,요일,시군구,사고내용,사망자수,중상자수,경상자수,부상신고자수,사고유형,법규위반,노면상태,기상상태,도로형태,가해운전자 차종,가해운전자 성별,가해운전자 연령,가해운전자 상해정도,피해운전자 차종,피해운전자 성별,피해운전자 연령,피해운전자 상해정도
2016111900100583,2016년 11월 19일 19시,토요일,부산광역시 부산진구 개금동,경상사고,0,0,1,0,차대차 - 정면충돌,신호위반,건조,맑음,교차로 - 교차로안,승용,남,52세,상해없음,승용,여,47세,경상
2016111900100584,2016년 11월 19일 19시,토요일,부산광역시 수영구 수영동,경상사고,0,0,2,0,차대차 - 측면직각충돌,안전거리미확보,건조,맑음,단일로 - 기타,화물,남,77세,상해없음,승용,남,26세,경상
2016111900100630,2016년 11월 19일 20시,토요일,부산광역시 해운대구 우동,중상사고,0,1,0,0,차대차 - 측면충돌,안전운전불이행,건조,맑음,교차로 - 교차로부근,승용,남,31세,상해없음,승용,남,63세,상해없음
2016111900100631,2016년 11월 19일 20시,토요일,부산광역시 부산진구 전포동,중상사고,0,1,2,1,차대차 - 측면충돌,신호위반,건조,흐림,교차로 - 교차로부근,승용,남,24세,상해없음,승용,남,65세,경상
2016111900100632,2016년 11월 19일 20시,토요일,부산광역시 부산진구 부전동,경상사고,0,0,2,0,차대차 - 기타,안전운전불이행,건조,맑음,단일로 - 기타,승용,남,28세,상해없음,승용,남,26세,경상
2016111900100665,2016년 11월 19일 21시,토요일,부산광역시 동래구 낙민동,경상사고,0,0,2,0,차대차 - 측면직각충돌,안전운전불이행,건조,맑음,단일로 - 기타,승용,남,38세,상해없음,승용,남,40세,경상
2016111900100666,2016년 11월 19일 21시,토요일,부산광역시 부산진구 당감동,중상사고,0,1,0,0,차대차 - 측면직각충돌,중앙선침범,건조,맑음,단일로 - 기타,승용,남,74세,상해없음,원동기,남,24세,중상
2016111900100667,2016년 11월 19일 21시,토요일,부산광역시 사상구 학장동,경상사고,0,0,1,0,차대차 - 측면직각충돌,안전운전불이행,건조,맑음,단일로 - 기타,이륜,남,17세,경상,승용,여,38세,상해없음
2016111900100694,2016년 11월 19일 22시,토요일,부산광역시 중구 중앙동2가,경상사고,0,0,2,0,차대차 - 추돌,안전거리미확보,건조,맑음,단일로 - 기타,승용,남,24세,상해없음,승용,남,25세,경상
2016111900100695,2016년 11월 19일 22시,토요일,부산광역시 수영구 수영동,경상사고,0,0,1,0,차대차 - 측면직각충돌,차로위반,건조,맑음,단일로 - 기타,승용,여,60세,상해없음,승용,남,31세,경상
2016111900100722,2016년 11월 19일 23시,토요일,부산광역시 수영구 민락동,경상사고,0,0,1,0,차대차 - 기타,안전운전불이행,건조,맑음,교차로 - 교차로안,승용,남,22세,상해없음,이륜,남,33세,경상
2016112000100005,2016년 11월 20일 00시,일요일,부산광역시 사하구 구평동,경상사고,0,0,2,0,차대차 - 측면직각충돌,신호위반,건조,맑음,교차로 - 교차로안,화물,남,30세,상해없음,승용,남,52세,경상
2016112000100018,2016년 11월 20일 01시,일요일,부산광역시 연제구 연산동,중상사고,0,1,0,0,차대사람 - 차도통행중,안전운전불이행,건조,맑음,단일로 - 기타,승용,남,54세,상해없음,보행자,여,55세,중상
2016112000100054,2016년 11월 20일 03시,일요일,부산광역시 해운대구 송정동,경상사고,0,0,1,0,차대차 - 기타,안전운전불이행,건조,맑음,단일로 - 기타,승용,남,62세,상해없음,승용,남,29세,상해없음
2016112000100077,2016년 11월 20일 05시,일요일,부산광역시 북구 화명동,경상사고,0,0,1,0,차대차 - 측면충돌,중앙선침범,건조,맑음,단일로 - 기타,승용,남,22세,상해없음,승용,남,35세,경상
2016112000100078,2016년 11월 20일 05시,일요일,부산광역시 연제구 연산동,경상사고,0,0,3,0,차대차 - 측면충돌,신호위반,건조,맑음,교차로 - 교차로안,승용,남,46세,상해없음,승용,남,52세,경상
2016112000100087,2016년 11월 20일 06시,일요일,부산광역시 수영구 광안동,경상사고,0,0,1,0,차대차 - 측면충돌,안전운전불이행,건조,맑음,단일로 - 횡단보도부근,승용,남,18세,상해없음,원동기,남,67세,경상
2016112000100088,2016년 11월 20일 06시,일요일,부산광역시 기장군 기장읍,중상사고,0,1,3,0,차대차 - 추돌,안전운전불이행,건조,맑음,단일로 - 기타,화물,남,62세,상해없음,승용,여,48세,경상
2016112000100106,2016년 11월 20일 07시,일요일,부산광역시 강서구 대저1동,중상사고,0,1,0,0,차량단독 - 전도전복,안전운전불이행,습기,안개,단일로 - 기타,원동기,남,20세,중상,,,,
2016112000100111,2016년 11월 20일 08시,일요일,부산광역시 북구 만덕동,경상사고,0,0,1,0,차대차 - 추돌,안전운전불이행,건조,맑음,단일로 - 기타,승용,남,66세,상해없음,승용,남,56세,경상
2016112000100120,2016년 11월 20일 09시,일요일,부산광역시 동래구 사직동,경상사고,0,0,6,0,차대차 - 추돌,안전운전불이행,건조,맑음,단일로 - 기타,승용,남,33세,경상,승용,남,52세,경상
2016112000100139,2016년 11월 20일 10시,일요일,부산광역시 동래구 온천동,경상사고,0,0,1,0,차대사람 - 기타,안전운전불이행,건조,맑음,단일로 - 기타,이륜,남,63세,상해없음,보행자,여,2세,경상
2016112000100140,2016년 11월 20일 10시,일요일,부산광역시 해운대구 우동,경상사고,0,0,1,0,차대차 - 기타,안전운전불이행,건조,맑음,단일로 - 기타,승용,남,55세,상해없음,승용,남,29세,경상
2016112000100169,2016년 11월 20일 11시,일요일,부산광역시 서구 암남동,경상사고,0,0,2,0,차대차 - 측면직각충돌,안전거리미확보,건조,맑음,단일로 - 기타,승용,여,30세,상해없음,승용,남,45세,상해없음
2016112000100198,2016년 11월 20일 12시,일요일,부산광역시 남구 문현동,사망사고,1,0,0,0,차대사람 - 차도통행중,안전운전불이행,건조,맑음,단일로 - 기타,화물,여,48세,상해없음,보행자,남,73세,사망
2016112000100225,2016년 11월 20일 13시,일요일,부산광역시 북구 덕천동,경상사고,0,0,1,0,차대사람 - 기타,안전운전불이행,건조,맑음,단일로 - 기타,기타불명,기타불명,기타불명,기타불명,보행자,여,14세,경상
2016112000100226,2016년 11월 20일 13시,일요일,부산광역시 해운대구 중동,경상사고,0,0,1,0,차대차 - 기타,안전거리미확보,건조,맑음,단일로 - 기타,승용,남,65세,상해없음,이륜,남,43세,경상
2016112000100227,2016년 11월 20일 13시,일요일,부산광역시 연제구 연산동,경상사고,0,0,1,0,차대차 - 추돌,안전거리미확보,건조,맑음,단일로 - 기타,승용,남,51세,상해없음,승용,여,26세,경상
2016112000100264,2016년 11월 20일 14시,일요일,부산광역시 금정구 부곡동,경상사고,0,0,1,0,차대차 - 추돌,안전운전불이행,건조,맑음,단일로 - 기타,승용,여,59세,상해없음,승용,여,44세,경상
2016112000100265,2016년 11월 20일 14시,일요일,부산광역시 강서구 녹산동,중상사고,0,2,0,0,차대차 - 추돌,안전운전불이행,건조,맑음,교차로 - 교차로부근,승용,남,23세,상해없음,승용,남,24세,중상
2016112000100294,2016년 11월 20일 15시,일요일,부산광역시 동구 초량동,경상사고,0,0,1,0,차대차 - 측면직각충돌,과속,건조,맑음,교차로 - 교차로안,승용,남,22세,상해없음,승용,남,63세,경상
2016112000100324,2016년 11월 20일 16시,일요일,부산광역시 수영구 남천동,경상사고,0,0,1,0,차대차 - 추돌,안전운전불이행,건조,맑음,단일로 - 기타,승용,남,44세,상해없음,승용,남,43세,경상
2016112000100325,2016년 11월 20일 16시,일요일,부산광역시 해운대구 좌동,경상사고,0,0,1,0,차대차 - 기타,중앙선침범,건조,맑음,교차로 - 교차로부근,승용,여,36세,상해없음,이륜,남,45세,경상
2016112000100360,2016년 11월 20일 17시,일요일,부산광역시 동래구 사직동,중상사고,0,1,0,0,차대차 - 측면충돌,안전운전불이행,건조,맑음,교차로 - 교차로안,승용,남,24세,상해없음,원동기,남,57세,중상
2016112000100400,2016년 11월 20일 18시,일요일,부산광역시 북구 화명동,중상사고,0,1,0,0,차대사람 - 횡단중,안전운전불이행,건조,맑음,단일로 - 횡단보도부근,승용,여,51세,상해없음,보행자,여,62세,중상
2016112000100401,2016년 11월 20일 18시,일요일,부산광역시 부산진구 부전동,중상사고,0,1,2,0,차대차 - 추돌,안전운전불이행,건조,맑음,단일로 - 기타,승용,남,32세,상해없음,승용,여,31세,중상
2016112000100402,2016년 11월 20일 18시,일요일,부산광역시 사상구 괘법동,경상사고,0,0,1,0,차대차 - 측면충돌,안전운전불이행,건조,맑음,단일로 - 기타,승용,남,23세,상해없음,원동기,남,25세,경상
2016112000100441,2016년 11월 20일 19시,일요일,부산광역시 금정구 장전동,중상사고,0,1,0,0,차대사람 - 보도통행중,보행자보호의무위반,건조,맑음,단일로 - 기타,승용,남,42세,상해없음,보행자,남,22세,중상
2016112000100466,2016년 11월 20일 20시,일요일,부산광역시 중구 남포동2가,경상사고,0,0,1,0,차대사람 - 기타,안전운전불이행,건조,맑음,기타 - 기타,화물,남,39세,상해없음,보행자,남,50세,경상
2016112000100491,2016년 11월 20일 21시,일요일,부산광역시 부산진구 양정동,부상신고사고,0,0,0,2,차대차 - 추돌,안전운전불이행,건조,맑음,단일로 - 기타,화물,남,60세,상해없음,승용,여,24세,부상신고
2016112000100508,2016년 11월 20일 22시,일요일,부산광역시 해운대구 재송동,경상사고,0,0,1,0,차대차 - 측면직각충돌,안전운전불이행,건조,맑음,단일로 - 기타,화물,남,56세,상해없음,이륜,남,17세,경상
2016112000100510,2016년 11월 20일 22시,일요일,부산광역시 사하구 감천동,중상사고,0,1,0,0,차량단독 - 공작물충돌,안전운전불이행,건조,기타,단일로 - 기타,이륜,남,29세,중상,,,,
2016112000100542,2016년 11월 20일 23시,일요일,부산광역시 북구 덕천동,중상사고,0,2,0,0,차대차 - 측면충돌,신호위반,건조,맑음,단일로 - 기타,승용,남,47세,상해없음,승용,여,40세,중상
2016112100100003,2016년 11월 21일 00시,월요일,부산광역시 해운대구 반여동,경상사고,0,0,1,0,차량단독 - 전도전복,안전운전불이행,건조,맑음,단일로 - 기타,원동기,남,23세,경상,,,,
2016112100100004,2016년 11월 21일 00시,월요일,부산광역시 사하구 당리동,중상사고,0,2,0,0,차대사람 - 횡단중,안전운전불이행,건조,기타,단일로 - 기타,승용,남,24세,상해없음,보행자,여,54세,중상
2016112100100022,2016년 11월 21일 02시,월요일,부산광역시 해운대구 재송동,중상사고,0,1,0,0,차대사람 - 횡단중,안전운전불이행,건조,맑음,교차로 - 교차로안,승용,남,52세,상해없음,보행자,여,51세,중상
2016112100100023,2016년 11월 21일 02시,월요일,부산광역시 해운대구 좌동,중상사고,0,1,0,0,차대차 - 기타,안전운전불이행,건조,맑음,단일로 - 기타,승용,남,25세,상해없음,승용,남,36세,중상
2016112100100045,2016년 11월 21일 06시,월요일,부산광역시 해운대구 우동,경상사고,0,0,2,0,차대차 - 정면충돌,안전운전불이행,건조,맑음,단일로 - 기타,승용,남,21세,경상,건설기계,남,57세,경상
2016112100100067,2016년 11월 21일 07시,월요일,부산광역시 동래구 안락동,경상사고,0,0,1,0,차대차 - 기타,안전운전불이행,건조,맑음,단일로 - 기타,승용,남,34세,상해없음,승용,남,56세,경상
2016112100100068,2016년 11월 21일 07시,월요일,부산광역시 부산진구 부암동,경상사고,0,0,3,0,차대차 - 측면충돌,신호위반,건조,맑음,교차로 - 교차로안,화물,남,60세,상해없음,승용,남,54세,경상
2016112100100069,2016년 11월 21일 07시,월요일,부산광역시 연제구 거제동,경상사고,0,0,1,0,차대차 - 측면충돌,안전운전불이행,건조,맑음,단일로 - 기타,승용,남,50세,상해없음,이륜,남,25세,경상
2016112100100135,2016년 11월 21일 09시,월요일,부산광역시 수영구 남천동,경상사고,0,0,1,0,차대차 - 기타,안전운전불이행,건조,맑음,단일로 - 기타,승용,여,47세,상해없음,승용,여,33세,경상
2016112100100136,2016년 11월 21일 09시,월요일,부산광역시 해운대구 석대동,경상사고,0,0,1,0,차대차 - 추돌,차로위반,건조,맑음,교차로 - 교차로부근,승용,여,31세,상해없음,승용,여,58세,경상
2016112100100137,2016년 11월 21일 09시,월요일,부산광역시 부산진구 범천동,경상사고,0,0,2,0,차대차 - 측면직각충돌,신호위반,건조,맑음,교차로 - 교차로안,승용,여,52세,상해없음,승용,남,66세,경상
2016112100100138,2016년 11월 21일 09시,월요일,부산광역시 강서구 송정동,경상사고,0,0,2,0,차대차 - 추돌,안전거리미확보,건조,맑음,단일로 - 기타,특수,남,37세,상해없음,화물,남,45세,상해없음
2016112100100179,2016년 11월 21일 10시,월요일,부산광역시 북구 구포동,경상사고,0,0,1,0,차대사람 - 기타,안전운전불이행,건조,맑음,교차로 - 교차로부근,화물,남,50세,상해없음,보행자,남,65세,경상
2016112100100180,2016년 11월 21일 10시,월요일,부산광역시 영도구 봉래동3가,경상사고,0,0,1,0,차대차 - 기타,안전거리미확보,건조,맑음,단일로 - 기타,승합,남,77세,상해없음,승용,여,53세,상해없음
2016112100100181,2016년 11월 21일 10시,월요일,부산광역시 사상구 주례동,부상신고사고,0,0,0,1,차대차 - 측면직각충돌,안전운전불이행,건조,맑음,교차로 - 교차로안,원동기,남,21세,부상신고,승용,남,37세,상해없음
2016112100100215,2016년 11월 21일 11시,월요일,부산광역시 중구 영주동,경상사고,0,0,1,0,차대차 - 정면충돌,중앙선침범,건조,맑음,단일로 - 기타,승용,남,60세,상해없음,화물,남,50세,경상
2016112100100216,2016년 11월 21일 11시,월요일,부산광역시 해운대구 좌동,부상신고사고,0,0,0,1,차대차 - 추돌,안전운전불이행,건조,맑음,단일로 - 기타,화물,남,51세,상해없음,승용,여,52세,부상신고
2016112100100269,2016년 11월 21일 13시,월요일,부산광역시 중구 부평동1가,경상사고,0,0,1,0,차대사람 - 기타,안전운전불이행,건조,맑음,단일로 - 기타,승용,남,61세,상해없음,보행자,여,78세,경상
2016112100100270,2016년 11월 21일 13시,월요일,부산광역시 동래구 온천동,중상사고,0,1,0,0,차대사람 - 횡단중,신호위반,건조,맑음,단일로 - 기타,원동기,남,46세,기타불명,보행자,여,53세,중상
2016112100100298,2016년 11월 21일 14시,월요일,부산광역시 수영구 남천동,경상사고,0,0,1,0,차대차 - 추돌,차로위반,건조,맑음,교차로 - 교차로부근,화물,남,50세,상해없음,승용,남,28세,경상
2016112100100331,2016년 11월 21일 15시,월요일,부산광역시 동구 범일동,부상신고사고,0,0,0,1,차대차 - 측면충돌,신호위반,건조,맑음,교차로 - 교차로부근,원동기,남,82세,부상신고,승용,남,69세,상해없음
2016112100100372,2016년 11월 21일 16시,월요일,부산광역시 서구 부민동2가,경상사고,0,0,1,0,차대차 - 측면직각충돌,기타,건조,맑음,교차로 - 교차로부근,승용,남,50세,상해없음,원동기,남,64세,경상
2016112100100373,2016년 11월 21일 16시,월요일,부산광역시 연제구 연산동,중상사고,0,1,0,0,차대사람 - 횡단중,보행자보호의무위반,건조,맑음,단일로 - 횡단보도상,승용,여,34세,상해없음,보행자,여,16세,중상
2016112100100413,2016년 11월 21일 17시,월요일,부산광역시 사상구 감전동,중상사고,0,1,0,0,차대사람 - 차도통행중,안전운전불이행,건조,맑음,교차로 - 교차로안,화물,남,48세,상해없음,보행자,여,70세,중상
2016112100100464,2016년 11월 21일 18시,월요일,부산광역시 동구 초량동,중상사고,0,1,0,0,차대사람 - 횡단중,안전운전불이행,건조,맑음,단일로 - 기타,승용,남,65세,상해없음,보행자,남,59세,중상
2016112100100465,2016년 11월 21일 18시,월요일,부산광역시 남구 대연동,중상사고,0,1,1,0,차대차 - 추돌,안전거리미확보,건조,맑음,기타 - 기타,화물,남,48세,상해없음,승용,여,23세,중상
2016112100100514,2016년 11월 21일 19시,월요일,부산광역시 수영구 남천동,경상사고,0,0,1,0,차대사람 - 길가장자리구역통행중,안전운전불이행,건조,맑음,단일로 - 기타,기타불명,기타불명,기타불명,기타불명,보행자,여,32세,경상
2016112100100515,2016년 11월 21일 19시,월요일,부산광역시 기장군 정관읍,경상사고,0,0,1,0,차대차 - 측면충돌,안전운전불이행,건조,맑음,단일로 - 기타,승용,여,45세,상해없음,이륜,남,37세,경상
2016112100100552,2016년 11월 21일 20시,월요일,부산광역시 남구 용호동,중상사고,0,1,0,0,차대차 - 측면충돌,차로위반,건조,맑음,단일로 - 기타,승용,남,44세,상해없음,이륜,남,32세,중상
2016112100100553,2016년 11월 21일 20시,월요일,부산광역시 사하구 다대동,경상사고,0,0,1,0,차대차 - 기타,안전운전불이행,건조,맑음,단일로 - 기타,화물,남,53세,상해없음,승용,남,38세,경상
2016112100100604,2016년 11월 21일 22시,월요일,부산광역시 동래구 온천동,중상사고,0,2,0,0,차대차 - 측면직각충돌,신호위반,건조,맑음,교차로 - 교차로안,승용,남,60세,상해없음,승용,남,20세,중상
2016112100100605,2016년 11월 21일 22시,월요일,부산광역시 동래구 사직동,중상사고,0,1,0,0,차대사람 - 길가장자리구역통행중,안전운전불이행,건조,맑음,단일로 - 기타,승용,남,37세,상해없음,보행자,여,55세,중상
2016112100100606,2016년 11월 21일 22시,월요일,부산광역시 동래구 온천동,경상사고,0,0,1,0,차대차 - 기타,안전운전불이행,건조,맑음,교차로 - 교차로안,승용,남,52세,상해없음,이륜,남,24세,경상
2016112100100626,2016년 11월 21일 23시,월요일,부산광역시 중구 남포동5가,중상사고,0,1,2,0,차대차 - 정면충돌,신호위반,건조,맑음,교차로 - 교차로안,승용,남,24세,상해없음,승용,남,56세,상해없음
2016112200100008,2016년 11월 22일 00시,화요일,부산광역시 서구 충무동1가,중상사고,0,1,0,0,차대차 - 기타,안전운전불이행,건조,맑음,교차로 - 교차로부근,승용,남,59세,기타불명,승용,남,58세,중상
2016112200100027,2016년 11월 22일 02시,화요일,부산광역시 강서구 대저1동,부상신고사고,0,0,0,1,차대차 - 추돌,안전운전불이행,건조,맑음,단일로 - 기타,승용,남,36세,상해없음,승용,남,43세,부상신고
2016112200100033,2016년 11월 22일 03시,화요일,부산광역시 사상구 주례동,경상사고,0,0,2,0,차대차 - 정면충돌,안전운전불이행,건조,맑음,교차로 - 교차로부근,승용,여,32세,상해없음,승용,남,61세,경상
2016112200100046,2016년 11월 22일 05시,화요일,부산광역시 부산진구 전포동,중상사고,0,1,0,0,차대차 - 정면충돌,신호위반,건조,맑음,교차로 - 교차로안,화물,남,40세,상해없음,화물,남,34세,중상
2016112200100073,2016년 11월 22일 07시,화요일,부산광역시 동구 범일동,경상사고,0,0,1,0,차대차 - 추돌,안전거리미확보,건조,맑음,단일로 - 기타,승용,남,65세,상해없음,이륜,남,28세,경상
2016112200100092,2016년 11월 22일 08시,화요일,부산광역시 부산진구 가야동,경상사고,0,0,1,0,차대사람 - 기타,안전운전불이행,건조,맑음,단일로 - 기타,승용,남,61세,상해없음,보행자,남,46세,경상
2016112200100093,2016년 11월 22일 08시,화요일,부산광역시 사상구 감전동,중상사고,0,1,0,0,차량단독 - 기타,안전운전불이행,건조,맑음,교차로 - 교차로안,승합,남,48세,상해없음,,,,
2016112200100125,2016년 11월 22일 09시,화요일,부산광역시 해운대구 반여동,경상사고,0,0,3,0,차대차 - 추돌,안전운전불이행,건조,맑음,단일로 - 기타,승합,남,57세,상해없음,승합,남,57세,상해없음
2016112200100126,2016년 11월 22일 09시,화요일,부산광역시 사상구 엄궁동,중상사고,0,1,4,0,차대사람 - 보도통행중,기타,건조,맑음,단일로 - 기타,승용,여,42세,상해없음,보행자,여,43세,경상
2016112200100149,2016년 11월 22일 10시,화요일,부산광역시 기장군 기장읍,중상사고,0,1,0,0,차대사람 - 기타,안전운전불이행,건조,흐림,교차로 - 교차로부근,화물,남,33세,상해없음,보행자,남,53세,중상
2016112200100175,2016년 11월 22일 11시,화요일,부산광역시 서구 암남동,중상사고,0,1,1,0,차대차 - 측면직각충돌,안전운전불이행,건조,맑음,단일로 - 기타,건설기계,남,32세,경상,화물,남,55세,중상
2016112200100176,2016년 11월 22일 11시,화요일,부산광역시 동래구 사직동,경상사고,0,0,1,0,차대사람 - 횡단중,보행자보호의무위반,건조,흐림,단일로 - 횡단보도상,화물,남,41세,상해없음,보행자,여,71세,경상
2016112200100177,2016년 11월 22일 11시,화요일,부산광역시 해운대구 우동,경상사고,0,0,1,0,차대차 - 기타,안전운전불이행,건조,맑음,단일로 - 기타,화물,남,56세,상해없음,승용,남,30세,경상
2016112200100178,2016년 11월 22일 11시,화요일,부산광역시 금정구 부곡동,경상사고,0,0,1,0,차대사람 - 횡단중,안전운전불이행,건조,맑음,단일로 - 횡단보도부근,승용,남,53세,상해없음,보행자,남,68세,경상
2016112200100227,2016년 11월 22일 13시,화요일,부산광역시 서구 서대신동3가,중상사고,0,1,3,0,차대차 - 추돌,안전운전불이행,건조,맑음,단일로 - 기타,승합,남,58세,상해없음,승용,남,61세,경상
2016112200100258,2016년 11월 22일 14시,화요일,부산광역시 부산진구 전포동,경상사고,0,0,2,0,차대차 - 추돌,안전거리미확보,건조,맑음,단일로 - 기타,승용,여,49세,상해없음,승용,여,31세,경상
2016112200100308,2016년 11월 22일 16시,화요일,부산광역시 사하구 괴정동,중상사고,0,1,0,0,차대차 - 측면충돌,직진우회전진행방해,건조,맑음,교차로 - 교차로안,이륜,남,59세,중상,승용,남,67세,상해없음
2016112200100309,2016년 11월 22일 16시,화요일,부산광역시 연제구 거제동,중상사고,0,1,0,0,차대사람 - 차도통행중,기타,건조,맑음,교차로 - 교차로안,승용,여,46세,상해없음,보행자,여,4세,중상
2016112200100344,2016년 11월 22일 17시,화요일,부산광역시 사상구 모라동,중상사고,0,1,0,0,차대사람 - 기타,안전운전불이행,건조,맑음,단일로 - 기타,승용,여,55세,상해없음,보행자,여,85세,중상
2016112200100394,2016년 11월 22일 18시,화요일,부산광역시 영도구 동삼동,중상사고,0,1,0,0,차대차 - 기타,안전거리미확보,건조,맑음,단일로 - 기타,승용,남,22세,상해없음,승합,여,50세,상해없음
2016112200100395,2016년 11월 22일 18시,화요일,부산광역시 기장군 기장읍,사망사고,1,0,0,0,차대사람 - 기타,안전운전불이행,건조,맑음,단일로 - 기타,승용,여,57세,상해없음,보행자,여,75세,사망
2016112200100448,2016년 11월 22일 19시,화요일,부산광역시 중구 남포동6가,경상사고,0,0,1,0,차대차 - 정면충돌,안전운전불이행,건조,맑음,단일로 - 기타,승용,남,61세,상해없음,이륜,남,33세,경상
2016112200100450,2016년 11월 22일 19시,화요일,부산광역시 사상구 학장동,경상사고,0,0,1,3,차대차 - 측면직각충돌,교차로운행방법위반,건조,맑음,교차로 - 교차로안,승용,남,57세,상해없음,승용,남,63세,부상신고
2016112200100451,2016년 11월 22일 19시,화요일,부산광역시 강서구 대저1동,경상사고,0,0,3,0,차대차 - 추돌,안전거리미확보,건조,맑음,단일로 - 기타,승용,남,32세,상해없음,승용,남,33세,경상
2016112200100518,2016년 11월 22일 21시,화요일,부산광역시 남구 용호동,중상사고,0,1,0,0,차대차 - 기타,안전거리미확보,건조,맑음,단일로 - 기타,기타불명,기타불명,기타불명,기타불명,원동기,남,27세,중상
2016112200100547,2016년 11월 22일 22시,화요일,부산광역시 사하구 하단동,경상사고,0,0,1,0,차대차 - 기타,교차로운행방법위반,건조,맑음,기타 - 기타,승용,남,54세,상해없음,원동기,남,39세,경상
2016112200100569,2016년 11월 22일 23시,화요일,부산광역시 동구 수정동,경상사고,0,0,2,0,차대차 - 측면직각충돌,과속,건조,맑음,단일로 - 기타,승용,남,21세,상해없음,승용,남,58세,경상
2016112200100570,2016년 11월 22일 23시,화요일,부산광역시 수영구 민락동,경상사고,0,0,2,0,차대차 - 측면직각충돌,교차로운행방법위반,건조,맑음,단일로 - 기타,이륜,남,24세,경상,승용,남,67세,경상
2016112300100088,2016년 11월 23일 07시,수요일,부산광역시 금정구 노포동,중상사고,0,1,0,0,차대차 - 측면충돌,신호위반,건조,맑음,교차로 - 교차로안,승용,남,54세,상해없음,승용,여,54세,중상
2016112300100118,2016년 11월 23일 08시,수요일,부산광역시 강서구 대저1동,중상사고,0,2,3,0,차대차 - 추돌,안전운전불이행,건조,맑음,단일로 - 기타,화물,남,60세,상해없음,승용,여,37세,경상
2016112300100159,2016년 11월 23일 09시,수요일,부산광역시 북구 덕천동,경상사고,0,0,1,0,차대차 - 추돌,안전거리미확보,건조,맑음,단일로 - 기타,승용,여,30세,상해없음,승용,남,34세,경상
2016112300100193,2016년 11월 23일 10시,수요일,부산광역시 수영구 민락동,중상사고,0,1,0,0,차대차 - 추돌,안전운전불이행,건조,맑음,교차로 - 교차로안,화물,남,36세,상해없음,이륜,남,24세,중상
2016112300100230,2016년 11월 23일 11시,수요일,부산광역시 동구 범일동,중상사고,0,2,0,0,차대차 - 기타,중앙선침범,건조,맑음,교차로 - 교차로부근,승합,남,35세,상해없음,승합,남,58세,상해없음
2016112300100231,2016년 11월 23일 11시,수요일,부산광역시 부산진구 전포동,중상사고,0,1,0,0,차대차 - 기타,안전운전불이행,건조,맑음,단일로 - 기타,이륜,남,28세,상해없음,이륜,남,26세,중상
2016112300100275,2016년 11월 23일 13시,수요일,부산광역시 동래구 온천동,부상신고사고,0,0,0,1,차대차 - 측면충돌,중앙선침범,건조,맑음,단일로 - 기타,이륜,남,16세,부상신고,승용,여,49세,상해없음
2016112300100276,2016년 11월 23일 13시,수요일,부산광역시 부산진구 전포동,중상사고,0,1,0,0,차대사람 - 기타,안전운전불이행,건조,맑음,교차로 - 교차로안,승용,남,43세,상해없음,보행자,여,39세,중상
2016112300100300,2016년 11월 23일 14시,수요일,부산광역시 남구 대연동,중상사고,0,2,0,0,차대차 - 측면충돌,안전운전불이행,건조,맑음,단일로 - 교량,화물,남,55세,상해없음,승용,여,45세,중상
2016112300100301,2016년 11월 23일 14시,수요일,부산광역시 수영구 수영동,경상사고,0,0,1,0,차대차 - 기타,중앙선침범,건조,맑음,단일로 - 기타,승용,여,53세,상해없음,자전거,남,18세,경상
2016112300100302,2016년 11월 23일 14시,수요일,부산광역시 사상구 감전동,경상사고,0,0,1,0,차대사람 - 횡단중,안전운전불이행,건조,맑음,교차로 - 교차로안,화물,남,50세,상해없음,보행자,남,58세,경상
2016112300100325,2016년 11월 23일 15시,수요일,부산광역시 동구 수정동,중상사고,0,1,0,0,차량단독 - 기타,기타,건조,맑음,단일로 - 기타,승합,남,41세,상해없음,,,,
2016112300100326,2016년 11월 23일 15시,수요일,부산광역시 부산진구 부전동,경상사고,0,0,1,0,차대차 - 측면충돌,신호위반,건조,맑음,교차로 - 교차로안,승용,여,76세,상해없음,승용,남,59세,경상
2016112300100368,2016년 11월 23일 16시,수요일,부산광역시 사하구 하단동,중상사고,0,1,0,0,차대차 - 기타,안전운전불이행,건조,맑음,기타 - 기타,자전거,남,59세,상해없음,자전거,남,72세,중상
2016112300100397,2016년 11월 23일 17시,수요일,부산광역시 동래구 안락동,중상사고,0,1,0,0,차대차 - 측면직각충돌,신호위반,건조,맑음,교차로 - 교차로안,승용,남,67세,상해없음,원동기,남,60세,중상
2016112300100398,2016년 11월 23일 17시,수요일,부산광역시 기장군 정관읍,중상사고,0,1,0,0,차대차 - 측면충돌,중앙선침범,건조,맑음,기타 - 기타,승용,남,34세,상해없음,자전거,남,13세,중상
2016112300100442,2016년 11월 23일 18시,수요일,부산광역시 동래구 낙민동,경상사고,0,0,1,0,차대차 - 측면직각충돌,안전거리미확보,건조,맑음,단일로 - 기타,승용,남,25세,상해없음,승용,남,43세,경상
2016112300100443,2016년 11월 23일 18시,수요일,부산광역시 해운대구 반송동,중상사고,0,1,0,0,차대사람 - 횡단중,보행자보호의무위반,건조,맑음,단일로 - 횡단보도상,승합,남,61세,상해없음,보행자,여,75세,중상