사고번호,사고일시,요일,시군구,사고내용,사망자수,중상자수,경상자수,부상신고자수,사고유형,법규위반,노면상태,기상상태,도로형태,가해운전자 차종,가해운전자 성별,가해운전자 연령,가해운전자 상해정도,피해운전자 차종,피해운전자 성별,피해운전자 연령,피해운전자 상해정도
2016112600100450,2016년 11월 26일 18시,토요일,부산광역시 사하구 장림동,경상사고,0,0,2,0,차대차 - 측면충돌,교차로운행방법위반,건조,맑음,교차로 - 교차로안,승용,여,55세,상해없음,승용,남,32세,경상
2016112600100539,2016년 11월 26일 19시,토요일,부산광역시 사상구 괘법동,경상사고,0,0,1,0,차대사람 - 횡단중,보행자보호의무위반,습기,비,교차로 - 교차로안,승용,남,34세,상해없음,보행자,남,42세,경상
2016112600100540,2016년 11월 26일 19시,토요일,부산광역시 사상구 학장동,경상사고,0,0,1,0,차대차 - 측면충돌,안전거리미확보,습기,비,단일로 - 기타,승합,남,41세,상해없음,승용,여,41세,경상
2016112600100541,2016년 11월 26일 19시,토요일,부산광역시 기장군 일광면,경상사고,0,0,1,0,차대사람 - 횡단중,신호위반,적설,비,단일로 - 횡단보도상,이륜,남,18세,상해없음,보행자,여,19세,경상
2016112600100600,2016년 11월 26일 20시,토요일,부산광역시 동구 초량동,경상사고,0,0,3,0,차대차 - 기타,안전운전불이행,건조,맑음,교차로 - 교차로부근,화물,남,57세,상해없음,승용,남,52세,경상
2016112600100601,2016년 11월 26일 20시,토요일,부산광역시 남구 대연동,중상사고,0,1,0,0,차대차 - 기타,교차로운행방법위반,습기,비,교차로 - 교차로안,승용,남,62세,상해없음,이륜,남,32세,중상
2016112600100602,2016년 11월 26일 20시,토요일,부산광역시 북구 덕천동,중상사고,0,1,0,0,차대사람 - 기타,기타,건조,맑음,단일로 - 기타,승합,남,37세,상해없음,보행자,남,72세,중상
2016112600100603,2016년 11월 26일 20시,토요일,부산광역시 동래구 안락동,경상사고,0,0,1,0,차대차 - 기타,중앙선침범,습기,비,단일로 - 기타,승용,남,55세,상해없음,원동기,남,55세,경상
2016112600100604,2016년 11월 26일 20시,토요일,부산광역시 사하구 당리동,경상사고,0,0,1,0,차대차 - 기타,차로위반,습기,비,단일로 - 기타,승합,남,62세,기타불명,이륜,남,28세,경상
2016112600100649,2016년 11월 26일 21시,토요일,부산광역시 사하구 장림동,경상사고,0,0,1,0,차대사람 - 기타,안전운전불이행,건조,맑음,단일로 - 기타,승용,남,52세,상해없음,보행자,여,35세,경상
2016112600100680,2016년 11월 26일 22시,토요일,부산광역시 중구 부평동4가,중상사고,0,1,0,0,차대차 - 측면직각충돌,불법유턴,습기,비,단일로 - 기타,승용,남,50세,상해없음,이륜,남,19세,중상
2016112600100681,2016년 11월 26일 22시,토요일,부산광역시 해운대구 재송동,경상사고,0,0,1,0,차대차 - 기타,안전운전불이행,습기,흐림,단일로 - 기타,승용,여,35세,상해없음,이륜,남,25세,경상
2016112600100682,2016년 11월 26일 22시,토요일,부산광역시 해운대구 반송동,사망사고,1,0,0,0,차대사람 - 횡단중,신호위반,습기,흐림,단일로 - 기타,승용,남,35세,상해없음,보행자,남,51세,사망
2016112600100712,2016년 11월 26일 23시,토요일,부산광역시 수영구 광안동,경상사고,0,0,1,0,차대사람 - 횡단중,보행자보호의무위반,건조,맑음,단일로 - 횡단보도상,승용,여,43세,상해없음,보행자,남,57세,경상
2016112600100713,2016년 11월 26일 23시,토요일,부산광역시 부산진구 부전동,부상신고사고,0,0,0,1,차대차 - 추돌,안전운전불이행,건조,맑음,교차로 - 교차로부근,승용,남,48세,상해없음,자전거,남,22세,부상신고
2016112700100007,2016년 11월 27일 00시,일요일,부산광역시 사상구 감전동,중상사고,0,1,1,0,차대차 - 추돌,안전운전불이행,습기,비,단일로 - 기타,승용,남,33세,상해없음,승용,남,41세,경상
2016112700100082,2016년 11월 27일 05시,일요일,부산광역시 해운대구 중동,경상사고,0,0,1,0,차대사람 - 횡단중,안전운전불이행,습기,흐림,단일로 - 기타,승용,남,22세,상해없음,보행자,남,53세,경상
2016112700100083,2016년 11월 27일 05시,일요일,부산광역시 해운대구 송정동,경상사고,0,0,3,0,차대차 - 추돌,안전운전불이행,습기,흐림,단일로 - 기타,승용,남,52세,상해없음,승용,남,68세,경상
2016112700100091,2016년 11월 27일 06시,일요일,부산광역시 영도구 신선동1가,경상사고,0,0,2,0,차대차 - 기타,안전운전불이행,건조,맑음,기타 - 기타,승용,여,36세,상해없음,승용,여,50세,경상
2016112700100110,2016년 11월 27일 07시,일요일,부산광역시 해운대구 우동,경상사고,0,0,3,0,차대차 - 측면직각충돌,안전거리미확보,건조,맑음,단일로 - 기타,승용,여,20세,상해없음,승용,남,42세,경상
2016112700100233,2016년 11월 27일 14시,일요일,부산광역시 중구 대청동4가,중상사고,0,1,0,0,차대차 - 측면직각충돌,신호위반,건조,맑음,단일로 - 기타,승용,남,54세,상해없음,이륜,남,39세,중상
2016112700100234,2016년 11월 27일 14시,일요일,부산광역시 해운대구 우동,경상사고,0,0,2,0,차대차 - 추돌,안전거리미확보,건조,맑음,교차로 - 교차로부근,승용,남,35세,상해없음,승용,남,39세,경상
2016112700100235,2016년 11월 27일 14시,일요일,부산광역시 사하구 괴정동,중상사고,0,1,0,0,차대차 - 기타,안전운전불이행,건조,맑음,단일로 - 기타,승용,여,54세,상해없음,원동기,남,16세,중상
2016112700100269,2016년 11월 27일 15시,일요일,부산광역시 부산진구 가야동,경상사고,0,0,1,0,차대차 - 추돌,안전거리미확보,건조,맑음,단일로 - 기타,승용,남,21세,상해없음,승용,남,24세,경상
2016112700100325,2016년 11월 27일 17시,일요일,부산광역시 북구 금곡동,중상사고,0,1,0,0,차량단독 - 기타,안전운전불이행,건조,맑음,단일로 - 기타,승합,남,53세,상해없음,,,,
2016112700100326,2016년 11월 27일 17시,일요일,부산광역시 부산진구 양정동,경상사고,0,0,1,0,차대차 - 추돌,안전거리미확보,건조,맑음,단일로 - 기타,승용,남,65세,상해없음,승용,여,48세,경상
2016112700100364,2016년 11월 27일 18시,일요일,부산광역시 북구 화명동,경상사고,0,0,3,0,차대차 - 기타,안전운전불이행,건조,맑음,단일로 - 기타,승용,여,51세,상해없음,승용,여,60세,경상
2016112700100365,2016년 11월 27일 18시,일요일,부산광역시 연제구 거제동,중상사고,0,1,0,0,차대사람 - 길가장자리구역통행중,안전운전불이행,건조,맑음,교차로 - 교차로부근,승용,남,34세,상해없음,보행자,여,62세,중상
2016112700100366,2016년 11월 27일 18시,일요일,부산광역시 연제구 연산동,경상사고,0,0,1,0,차대차 - 측면충돌,안전운전불이행,건조,맑음,단일로 - 기타,승용,남,25세,상해없음,승용,남,63세,상해없음
2016112700100456,2016년 11월 27일 21시,일요일,부산광역시 동래구 수안동,경상사고,0,0,1,0,차대차 - 추돌,안전거리미확보,건조,맑음,단일로 - 기타,원동기,남,18세,경상,승용,남,55세,상해없음
2016112700100457,2016년 11월 27일 21시,일요일,부산광역시 부산진구 연지동,경상사고,0,0,1,0,차대차 - 기타,신호위반,건조,맑음,교차로 - 교차로안,승용,남,51세,상해없음,이륜,남,24세,경상
2016112700100472,2016년 11월 27일 22시,일요일,부산광역시 해운대구 우동,부상신고사고,0,0,0,1,차대차 - 측면직각충돌,교차로운행방법위반,건조,맑음,교차로 - 교차로안,승용,여,32세,부상신고,화물,남,58세,상해없음
2016112700100473,2016년 11월 27일 22시,일요일,부산광역시 사상구 덕포동,부상신고사고,0,0,0,1,차대차 - 추돌,안전운전불이행,건조,맑음,단일로 - 기타,승용,남,27세,상해없음,원동기,남,19세,부상신고
2016112700100491,2016년 11월 27일 23시,일요일,부산광역시 해운대구 우동,중상사고,0,2,1,0,차대차 - 기타,안전운전불이행,건조,맑음,단일로 - 기타,승용,남,40세,상해없음,승용,남,30세,경상
2016112800100002,2016년 11월 28일 00시,월요일,부산광역시 동구 범일동,경상사고,0,0,1,0,차대차 - 추돌,안전운전불이행,건조,맑음,단일로 - 기타,승용,남,51세,상해없음,승용,남,46세,경상
2016112800100003,2016년 11월 28일 00시,월요일,부산광역시 북구 구포동,중상사고,0,1,0,0,차대사람 - 횡단중,안전운전불이행,건조,맑음,교차로 - 교차로부근,승용,남,65세,상해없음,보행자,남,51세,중상
2016112800100009,2016년 11월 28일 01시,월요일,부산광역시 북구 구포동,중상사고,0,2,0,0,차대사람 - 횡단중,안전운전불이행,건조,맑음,단일로 - 기타,승용,남,61세,상해없음,보행자,남,60세,중상
2016112800100075,2016년 11월 28일 07시,월요일,부산광역시 동구 초량동,경상사고,0,0,1,0,차대차 - 측면직각충돌,차로위반,건조,맑음,단일로 - 기타,화물,남,42세,상해없음,승용,여,68세,경상
2016112800100076,2016년 11월 28일 07시,월요일,부산광역시 남구 문현동,경상사고,0,0,1,0,차대차 - 추돌,안전운전불이행,건조,맑음,단일로 - 기타,승용,남,47세,상해없음,원동기,남,22세,경상
2016112800100105,2016년 11월 28일 08시,월요일,부산광역시 북구 구포동,경상사고,0,0,1,1,차대차 - 기타,안전운전불이행,건조,맑음,단일로 - 기타,승용,남,30세,부상신고,승용,남,74세,경상
2016112800100106,2016년 11월 28일 08시,월요일,부산광역시 해운대구 중동,경상사고,0,0,1,0,차대차 - 측면직각충돌,안전운전불이행,건조,흐림,단일로 - 기타,승용,여,45세,상해없음,자전거,남,15세,경상
2016112800100107,2016년 11월 28일 08시,월요일,부산광역시 사하구 괴정동,경상사고,0,0,1,0,차대사람 - 횡단중,보행자보호의무위반,건조,맑음,단일로 - 기타,이륜,남,40세,상해없음,보행자,여,23세,경상
2016112800100108,2016년 11월 28일 08시,월요일,부산광역시 연제구 연산동,중상사고,0,1,0,0,차대차 - 측면충돌,신호위반,건조,맑음,교차로 - 교차로안,승용,남,65세,상해없음,자전거,여,25세,중상
2016112800100109,2016년 11월 28일 08시,월요일,부산광역시 사상구 모라동,경상사고,0,0,1,0,차대사람 - 기타,안전운전불이행,건조,맑음,교차로 - 교차로부근,승합,남,66세,상해없음,보행자,여,17세,경상
2016112800100161,2016년 11월 28일 09시,월요일,부산광역시 부산진구 연지동,중상사고,0,1,0,0,차대사람 - 횡단중,안전운전불이행,건조,맑음,교차로 - 교차로안,승용,남,77세,상해없음,보행자,여,74세,중상
2016112800100197,2016년 11월 28일 10시,월요일,부산광역시 서구 토성동5가,중상사고,0,1,0,0,차대사람 - 횡단중,신호위반,건조,맑음,교차로 - 교차로부근,화물,남,54세,상해없음,보행자,여,81세,중상
2016112800100198,2016년 11월 28일 10시,월요일,부산광역시 사하구 하단동,중상사고,0,1,0,0,차대차 - 기타,불법유턴,건조,맑음,교차로 - 교차로부근,자전거,남,65세,중상,화물,남,36세,상해없음
2016112800100199,2016년 11월 28일 10시,월요일,부산광역시 사상구 감전동,중상사고,0,1,0,0,차대사람 - 횡단중,안전운전불이행,건조,맑음,교차로 - 교차로부근,화물,남,56세,상해없음,보행자,여,60세,중상
2016112800100234,2016년 11월 28일 11시,월요일,부산광역시 해운대구 반여동,경상사고,0,0,1,0,차대차 - 측면충돌,안전운전불이행,건조,맑음,단일로 - 기타,원동기,남,17세,경상,승용,남,68세,상해없음
2016112800100235,2016년 11월 28일 11시,월요일,부산광역시 사상구 모라동,경상사고,0,0,1,0,차대차 - 추돌,안전운전불이행,건조,맑음,교차로 - 교차로부근,승용,남,56세,기타불명,승용,남,48세,경상
2016112800100236,2016년 11월 28일 11시,월요일,부산광역시 기장군 정관읍,중상사고,0,1,0,0,차대사람 - 기타,보행자보호의무위반,건조,맑음,교차로 - 교차로안,승용,남,67세,상해없음,보행자,남,66세,중상
2016112800100266,2016년 11월 28일 12시,월요일,부산광역시 서구 남부민동,경상사고,0,0,1,0,차대차 - 측면충돌,신호위반,건조,맑음,단일로 - 기타,승용,여,32세,상해없음,이륜,남,51세,경상
2016112800100267,2016년 11월 28일 12시,월요일,부산광역시 북구 화명동,중상사고,0,1,1,0,차량단독 - 공작물충돌,안전운전불이행,건조,맑음,단일로 - 기타,승용,여,59세,경상,,,,
2016112800100296,2016년 11월 28일 13시,월요일,부산광역시 동구 초량동,경상사고,0,0,1,0,차대사람 - 기타,보행자보호의무위반,건조,맑음,단일로 - 기타,승용,남,46세,상해없음,보행자,여,74세,경상
2016112800100333,2016년 11월 28일 14시,월요일,부산광역시 남구 대연동,중상사고,0,1,0,0,차대차 - 정면충돌,신호위반,건조,맑음,교차로 - 교차로안,원동기,남,54세,중상,화물,남,45세,상해없음
2016112800100334,2016년 11월 28일 14시,월요일,부산광역시 북구 덕천동,경상사고,0,0,1,0,차대차 - 기타,안전운전불이행,건조,맑음,단일로 - 기타,승합,남,47세,상해없음,승용,여,42세,상해없음
2016112800100373,2016년 11월 28일 15시,월요일,부산광역시 북구 덕천동,부상신고사고,0,0,0,1,차대사람 - 기타,안전운전불이행,건조,맑음,교차로 - 교차로안,기타불명,기타불명,기타불명,기타불명,보행자,여,51세,부상신고
2016112800100402,2016년 11월 28일 16시,월요일,부산광역시 수영구 남천동,경상사고,0,0,1,0,차대차 - 기타,차로위반,건조,맑음,단일로 - 기타,승용,여,27세,상해없음,승용,여,49세,경상
2016112800100403,2016년 11월 28일 16시,월요일,부산광역시 남구 대연동,중상사고,0,1,0,0,차대차 - 기타,교차로운행방법위반,건조,맑음,교차로 - 교차로부근,승용,남,72세,상해없음,승합,남,45세,상해없음
2016112800100404,2016년 11월 28일 16시,월요일,부산광역시 동래구 명장동,경상사고,0,0,1,0,차대사람 - 차도통행중,보행자보호의무위반,건조,맑음,단일로 - 기타,승합,여,45세,상해없음,보행자,여,10세,경상
2016112800100405,2016년 11월 28일 16시,월요일,부산광역시 부산진구 부전동,부상신고사고,0,0,0,1,차량단독 - 기타,안전운전불이행,건조,맑음,단일로 - 기타,승합,남,53세,기타불명,,,,
2016112800100406,2016년 11월 28일 16시,월요일,부산광역시 사상구 주례동,경상사고,0,0,1,1,차대차 - 측면직각충돌,교차로운행방법위반,건조,맑음,단일로 - 기타,승용,여,40세,부상신고,승용,남,71세,경상
2016112800100445,2016년 11월 28일 17시,월요일,부산광역시 서구 남부민동,경상사고,0,0,1,0,차대사람 - 횡단중,안전운전불이행,건조,맑음,교차로 - 교차로안,승용,남,38세,상해없음,보행자,여,69세,경상
2016112800100446,2016년 11월 28일 17시,월요일,부산광역시 남구 우암동,중상사고,0,1,3,0,차대차 - 정면충돌,중앙선침범,건조,맑음,교차로 - 교차로부근,승용,남,67세,상해없음,승합,남,58세,경상
2016112800100447,2016년 11월 28일 17시,월요일,부산광역시 부산진구 당감동,중상사고,0,1,0,1,차대사람 - 횡단중,안전운전불이행,건조,맑음,단일로 - 기타,이륜,남,31세,부상신고,보행자,남,68세,중상
2016112800100448,2016년 11월 28일 17시,월요일,부산광역시 금정구 회동동,중상사고,0,2,0,0,차대차 - 기타,안전거리미확보,건조,맑음,단일로 - 기타,화물,남,71세,상해없음,승용,남,46세,중상
2016112800100498,2016년 11월 28일 18시,월요일,부산광역시 부산진구 부전동,부상신고사고,0,0,0,1,차대차 - 측면충돌,직진우회전진행방해,건조,맑음,교차로 - 교차로안,이륜,남,57세,부상신고,승용,남,23세,상해없음
2016112800100499,2016년 11월 28일 18시,월요일,부산광역시 금정구 두구동,경상사고,0,0,1,0,차대차 - 정면충돌,중앙선침범,건조,맑음,단일로 - 기타,승용,남,61세,상해없음,승용,여,40세,경상
2016112800100500,2016년 11월 28일 18시,월요일,부산광역시 강서구 대저2동,경상사고,0,0,1,0,차대사람 - 차도통행중,안전운전불이행,건조,맑음,교차로 - 교차로안,승용,여,45세,상해없음,보행자,남,21세,경상
2016112800100551,2016년 11월 28일 19시,월요일,부산광역시 영도구 영선동3가,중상사고,0,1,0,0,차대사람 - 횡단중,보행자보호의무위반,건조,맑음,단일로 - 횡단보도상,화물,남,47세,상해없음,보행자,남,20세,중상
2016112800100552,2016년 11월 28일 19시,월요일,부산광역시 해운대구 중동,중상사고,0,1,1,0,차대차 - 정면충돌,신호위반,건조,맑음,교차로 - 교차로안,이륜,남,16세,중상,승용,남,33세,경상
2016112800100553,2016년 11월 28일 19시,월요일,부산광역시 부산진구 범천동,경상사고,0,0,1,0,차대차 - 측면직각충돌,안전운전불이행,건조,맑음,단일로 - 기타,승용,여,34세,경상,건설기계,남,27세,상해없음
2016112800100592,2016년 11월 28일 20시,월요일,부산광역시 북구 만덕동,중상사고,0,1,0,0,차대사람 - 기타,보행자보호의무위반,건조,맑음,단일로 - 기타,승용,남,66세,상해없음,보행자,여,66세,중상
2016112800100593,2016년 11월 28일 20시,월요일,부산광역시 연제구 연산동,중상사고,0,1,0,0,차대차 - 정면충돌,안전운전불이행,건조,맑음,단일로 - 기타,승용,여,45세,상해없음,원동기,남,25세,중상
2016112800100594,2016년 11월 28일 20시,월요일,부산광역시 사상구 주례동,경상사고,0,0,1,0,차대차 - 추돌,안전운전불이행,건조,맑음,교차로 - 교차로안,기타불명,기타불명,기타불명,기타불명,승용,남,28세,경상
2016112800100595,2016년 11월 28일 20시,월요일,부산광역시 기장군 정관읍,경상사고,0,0,1,0,차대차 - 측면직각충돌,안전운전불이행,건조,맑음,단일로 - 기타,승용,남,31세,기타불명,승용,여,49세,경상
2016112800100647,2016년 11월 28일 22시,월요일,부산광역시 연제구 연산동,경상사고,0,0,2,0,차대차 - 측면직각충돌,안전운전불이행,건조,맑음,단일로 - 기타,화물,남,40세,상해없음,승용,여,40세,경상
2016112900100003,2016년 11월 29일 00시,화요일,부산광역시 해운대구 좌동,경상사고,0,0,1,0,차대사람 - 횡단중,안전운전불이행,건조,맑음,교차로 - 교차로부근,승용,남,26세,상해없음,보행자,여,47세,경상
2016112900100012,2016년 11월 29일 01시,화요일,부산광역시 부산진구 연지동,중상사고,0,1,0,0,차대차 - 기타,안전운전불이행,건조,맑음,단일로 - 기타,승용,남,51세,상해없음,승용,남,50세,상해없음
2016112900100020,2016년 11월 29일 02시,화요일,부산광역시 해운대구 반여동,중상사고,0,1,0,0,차대차 - 정면충돌,중앙선침범,건조,맑음,단일로 - 기타,승용,남,40세,상해없음,이륜,남,24세,중상
2016112900100055,2016년 11월 29일 06시,화요일,부산광역시 금정구 부곡동,중상사고,0,2,2,0,차대차 - 추돌,안전거리미확보,건조,맑음,단일로 - 기타,건설기계,남,56세,상해없음,화물,남,51세,경상
2016112900100070,2016년 11월 29일 07시,화요일,부산광역시 수영구 남천동,경상사고,0,0,1,0,차대차 - 기타,차로위반,건조,맑음,교차로 - 교차로부근,승용,기타불명,기타불명,기타불명,승용,여,45세,경상
2016112900100071,2016년 11월 29일 07시,화요일,부산광역시 북구 구포동,중상사고,0,1,0,0,차대차 - 측면충돌,안전운전불이행,건조,맑음,교차로 - 교차로안,승용,남,54세,상해없음,이륜,남,23세,중상
2016112900100104,2016년 11월 29일 08시,화요일,부산광역시 동래구 칠산동,중상사고,0,1,0,0,차대사람 - 보도통행중,보행자보호의무위반,건조,맑음,교차로 - 교차로안,승용,여,35세,상해없음,보행자,여,58세,중상
2016112900100105,2016년 11월 29일 08시,화요일,부산광역시 동래구 안락동,중상사고,0,1,0,0,차대사람 - 기타,신호위반,건조,맑음,단일로 - 기타,승용,여,53세,상해없음,보행자,여,12세,중상
2016112900100106,2016년 11월 29일 08시,화요일,부산광역시 해운대구 우동,경상사고,0,0,1,0,차대사람 - 횡단중,보행자보호의무위반,건조,맑음,교차로 - 교차로부근,승용,남,48세,상해없음,보행자,남,10세,경상
2016112900100107,2016년 11월 29일 08시,화요일,부산광역시 부산진구 부암동,경상사고,0,0,1,0,차대차 - 측면충돌,안전운전불이행,건조,맑음,단일로 - 기타,승용,남,40세,상해없음,자전거,남,72세,경상
2016112900100108,2016년 11월 29일 08시,화요일,부산광역시 금정구 부곡동,중상사고,0,1,0,0,차대차 - 측면충돌,직진우회전진행방해,건조,맑음,교차로 - 교차로안,원동기,남,24세,중상,승용,여,57세,상해없음
2016112900100109,2016년 11월 29일 08시,화요일,부산광역시 강서구 지사동,경상사고,0,0,1,0,차대차 - 측면직각충돌,신호위반,건조,맑음,교차로 - 교차로안,건설기계,남,46세,상해없음,승용,여,29세,경상
2016112900100156,2016년 11월 29일 09시,화요일,부산광역시 남구 대연동,중상사고,0,1,0,0,차대차 - 측면충돌,교차로운행방법위반,건조,맑음,교차로 - 교차로안,승용,여,64세,상해없음,원동기,남,60세,중상
2016112900100157,2016년 11월 29일 09시,화요일,부산광역시 금정구 남산동,중상사고,0,2,1,0,차대차 - 추돌,안전운전불이행,건조,맑음,단일로 - 기타,승용,남,35세,기타불명,승용,여,40세,경상
2016112900100193,2016년 11월 29일 10시,화요일,부산광역시 중구 광복동1가,경상사고,0,0,2,0,차대차 - 측면직각충돌,신호위반,건조,맑음,교차로 - 교차로부근,승용,여,33세,상해없음,승용,남,57세,경상
2016112900100194,2016년 11월 29일 10시,화요일,부산광역시 북구 구포동,경상사고,0,0,2,0,차대차 - 측면충돌,중앙선침범,건조,맑음,교차로 - 교차로부근,승용,여,58세,경상,승용,남,68세,경상
2016112900100195,2016년 11월 29일 10시,화요일,부산광역시 사하구 하단동,중상사고,0,1,0,0,차대사람 - 기타,기타,건조,맑음,기타 - 기타,화물,남,56세,상해없음,보행자,남,85세,중상
2016112900100221,2016년 11월 29일 11시,화요일,부산광역시 남구 문현동,부상신고사고,0,0,0,1,차대차 - 측면충돌,안전운전불이행,건조,맑음,단일로 - 기타,승용,남,32세,상해없음,자전거,남,61세,부상신고
2016112900100222,2016년 11월 29일 11시,화요일,부산광역시 사상구 덕포동,경상사고,0,0,1,0,차대차 - 추돌,안전운전불이행,건조,맑음,단일로 - 기타,승용,남,30세,상해없음,승용,남,24세,경상
2016112900100254,2016년 11월 29일 12시,화요일,부산광역시 기장군 기장읍,경상사고,0,0,1,0,차대차 - 측면직각충돌,안전운전불이행,건조,맑음,교차로 - 교차로안,승용,남,49세,상해없음,승용,남,23세,경상
2016112900100279,2016년 11월 29일 13시,화요일,부산광역시 부산진구 양정동,중상사고,0,1,0,0,차대사람 - 횡단중,신호위반,건조,맑음,단일로 - 횡단보도상,원동기,남,33세,상해없음,보행자,여,79세,중상
2016112900100280,2016년 11월 29일 13시,화요일,부산광역시 부산진구 양정동,중상사고,0,1,0,0,차대차 - 측면충돌,차로위반,건조,맑음,단일로 - 기타,자전거,남,60세,중상,승합,남,44세,상해없음
2016112900100281,2016년 11월 29일 13시,화요일,부산광역시 연제구 거제동,경상사고,0,0,1,0,차대사람 - 차도통행중,안전운전불이행,건조,맑음,단일로 - 기타,화물,남,53세,상해없음,보행자,남,44세,경상
2016112900100310,2016년 11월 29일 14시,화요일,부산광역시 사상구 학장동,경상사고,0,0,2,0,차대차 - 측면직각충돌,교차로운행방법위반,습기,맑음,교차로 - 교차로부근,화물,남,53세,상해없음,승용,남,24세,경상
2016112900100347,2016년 11월 29일 15시,화요일,부산광역시 남구 용호동,중상사고,0,1,0,0,차대차 - 측면직각충돌,안전거리미확보,건조,맑음,교차로 - 교차로부근,승용,남,24세,상해없음,이륜,남,23세,중상
2016112900100348,2016년 11월 29일 15시,화요일,부산광역시 수영구 민락동,부상신고사고,0,0,0,1,차대차 - 측면직각충돌,안전운전불이행,건조,맑음,단일로 - 기타,화물,남,53세,상해없음,승합,남,60세,상해없음
2016112900100380,2016년 11월 29일 16시,화요일,부산광역시 중구 보수동1가,경상사고,0,0,1,0,차대차 - 기타,안전운전불이행,건조,맑음,단일로 - 기타,승용,남,60세,상해없음,승용,남,27세,경상
2016112900100419,2016년 11월 29일 17시,화요일,부산광역시 금정구 장전동,경상사고,0,0,1,0,차대차 - 측면충돌,안전운전불이행,건조,맑음,단일로 - 기타,승용,여,45세,상해없음,이륜,남,22세,경상
2016112900100420,2016년 11월 29일 17시,화요일,부산광역시 연제구 연산동,중상사고,0,1,0,0,차대사람 - 차도통행중,안전운전불이행,건조,맑음,단일로 - 교량,승용,남,43세,상해없음,보행자,남,73세,중상
2016112900100471,2016년 11월 29일 18시,화요일,부산광역시 해운대구 중동,경상사고,0,0,1,0,차대차 - 측면직각충돌,안전거리미확보,건조,맑음,단일로 - 기타,승용,남,66세,상해없음,승합,남,46세,경상
2016112900100472,2016년 11월 29일 18시,화요일,부산광역시 연제구 연산동,중상사고,0,1,0,0,차대사람 - 횡단중,보행자보호의무위반,건조,맑음,단일로 - 횡단보도상,이륜,남,72세,상해없음,보행자,여,61세,중상
2016112900100521,2016년 11월 29일 19시,화요일,부산광역시 부산진구 부전동,경상사고,0,0,1,0,차대차 - 측면충돌,안전운전불이행,건조,맑음,단일로 - 기타,승용,남,47세,상해없음,원동기,남,30세,경상
2016112900100563,2016년 11월 29일 20시,화요일,부산광역시 수영구 민락동,중상사고,0,1,0,0,차대차 - 기타,안전운전불이행,건조,흐림,단일로 - 기타,승합,남,19세,상해없음,원동기,남,24세,중상
2016112900100585,2016년 11월 29일 21시,화요일,부산광역시 강서구 대저2동,경상사고,0,0,2,0,차대차 - 추돌,안전거리미확보,건조,맑음,단일로 - 기타,화물,남,60세,상해없음,승용,남,59세,경상
2016112900100615,2016년 11월 29일 22시,화요일,부산광역시 수영구 망미동,경상사고,0,0,1,0,차대차 - 측면직각충돌,안전거리미확보,건조,맑음,단일로 - 기타,승용,여,41세,기타불명,승용,남,53세,경상
2016112900100639,2016년 11월 29일 23시,화요일,부산광역시 수영구 광안동,부상신고사고,0,0,0,1,차대차 - 기타,불법유턴,건조,맑음,단일로 - 기타,승용,남,56세,상해없음,승용,남,39세,부상신고
2016112900100640,2016년 11월 29일 23시,화요일,부산광역시 기장군 일광면,경상사고,0,0,3,0,차대차 - 추돌,안전운전불이행,건조,흐림,단일로 - 기타,승합,남,59세,상해없음,화물,남,61세,상해없음
2016113000100005,2016년 11월 30일 00시,수요일,부산광역시 동래구 수안동,중상사고,0,1,0,0,차대차 - 추돌,안전운전불이행,건조,흐림,단일로 - 기타,승합,남,42세,상해없음,승용,남,39세,중상
2016113000100006,2016년 11월 30일 00시,수요일,부산광역시 사하구 신평동,중상사고,0,1,0,0,차대사람 - 기타,안전운전불이행,건조,맑음,기타 - 기타,승용,기타불명,기타불명,기타불명,보행자,남,59세,중상
2016113000100029,2016년 11월 30일 02시,수요일,부산광역시 수영구 광안동,중상사고,0,1,0,0,차대사람 - 횡단중,안전운전불이행,습기,비,단일로 - 기타,승용,남,32세,상해없음,보행자,남,37세,중상
2016113000100030,2016년 11월 30일 02시,수요일,부산광역시 금정구 남산동,부상신고사고,0,0,0,1,차대사람 - 횡단중,안전운전불이행,습기,비,단일로 - 기타,원동기,남,22세,상해없음,보행자,남,43세,부상신고
2016113000100031,2016년 11월 30일 02시,수요일,부산광역시 사상구 학장동,중상사고,0,1,0,0,차대사람 - 횡단중,안전운전불이행,습기,비,교차로 - 교차로부근,승용,남,46세,상해없음,보행자,남,47세,중상
2016113000100038,2016년 11월 30일 03시,수요일,부산광역시 수영구 광안동,경상사고,0,0,2,0,차대차 - 추돌,안전운전불이행,건조,맑음,교차로 - 교차로부근,승용,남,18세,상해없음,승용,남,43세,경상
2016113000100045,2016년 11월 30일 04시,수요일,부산광역시 사상구 주례동,중상사고,0,1,0,0,차대차 - 추돌,안전운전불이행,습기,비,단일로 - 기타,이륜,남,20세,중상,승합,남,46세,기타불명
2016113000100059,2016년 11월 30일 06시,수요일,부산광역시 동래구 명륜동,경상사고,0,0,1,0,차대사람 - 차도통행중,안전운전불이행,습기,비,단일로 - 횡단보도부근,승용,여,54세,상해없음,보행자,남,54세,경상
2016113000100060,2016년 11월 30일 06시,수요일,부산광역시 사상구 모라동,경상사고,0,0,1,0,차대사람 - 기타,보행자보호의무위반,습기,비,단일로 - 기타,승용,남,59세,상해없음,보행자,남,62세,경상