사고번호,사고일시,요일,시군구,사고내용,사망자수,중상자수,경상자수,부상신고자수,사고유형,법규위반,노면상태,기상상태,도로형태,가해운전자 차종,가해운전자 성별,가해운전자 연령,가해운전자 상해정도,피해운전자 차종,피해운전자 성별,피해운전자 연령,피해운전자 상해정도
2016113000100107,2016년 11월 30일 08시,수요일,부산광역시 강서구 송정동,경상사고,0,0,1,0,차대사람 - 차도통행중,안전운전불이행,습기,흐림,단일로 - 기타,화물,남,48세,상해없음,보행자,남,26세,경상
2016113000100138,2016년 11월 30일 09시,수요일,부산광역시 남구 대연동,경상사고,0,0,1,0,차량단독 - 기타,기타,건조,맑음,단일로 - 기타,승합,남,59세,상해없음,,,,
2016113000100164,2016년 11월 30일 10시,수요일,부산광역시 남구 감만동,경상사고,0,0,1,0,차대사람 - 길가장자리구역통행중,안전운전불이행,습기,비,단일로 - 기타,기타불명,기타불명,기타불명,기타불명,보행자,여,57세,경상
2016113000100193,2016년 11월 30일 11시,수요일,부산광역시 남구 용호동,부상신고사고,0,0,0,1,차대차 - 측면직각충돌,안전운전불이행,습기,비,교차로 - 교차로안,승용,남,35세,상해없음,이륜,남,50세,부상신고
2016113000100212,2016년 11월 30일 12시,수요일,부산광역시 금정구 서동,중상사고,0,1,0,0,차대차 - 측면충돌,교차로운행방법위반,습기,비,교차로 - 교차로안,원동기,남,18세,중상,화물,남,53세,상해없음
2016113000100226,2016년 11월 30일 13시,수요일,부산광역시 수영구 민락동,중상사고,0,1,0,0,차대차 - 측면직각충돌,교차로운행방법위반,건조,맑음,교차로 - 교차로안,승용,남,61세,상해없음,자전거,여,76세,중상
2016113000100257,2016년 11월 30일 14시,수요일,부산광역시 사하구 괴정동,중상사고,0,1,1,0,차대차 - 측면직각충돌,신호위반,건조,맑음,단일로 - 횡단보도상,승용,여,54세,상해없음,이륜,남,53세,중상
2016113000100258,2016년 11월 30일 14시,수요일,부산광역시 사상구 감전동,중상사고,0,1,0,0,차대차 - 추돌,안전거리미확보,건조,맑음,단일로 - 기타,화물,남,66세,상해없음,화물,남,67세,중상
2016113000100325,2016년 11월 30일 16시,수요일,부산광역시 동구 좌천동,경상사고,0,0,2,0,차대차 - 기타,안전운전불이행,습기,맑음,단일로 - 기타,승용,남,60세,경상,승용,남,27세,경상
2016113000100327,2016년 11월 30일 16시,수요일,부산광역시 해운대구 반여동,경상사고,0,0,3,0,차대차 - 측면직각충돌,안전운전불이행,건조,맑음,단일로 - 기타,승용,여,49세,경상,승용,남,33세,경상
2016113000100328,2016년 11월 30일 16시,수요일,부산광역시 금정구 서동,중상사고,0,1,0,0,차대사람 - 차도통행중,기타,건조,맑음,단일로 - 기타,화물,남,59세,상해없음,보행자,여,75세,중상
2016113000100401,2016년 11월 30일 18시,수요일,부산광역시 동래구 명륜동,중상사고,0,1,0,0,차대차 - 측면직각충돌,안전운전불이행,건조,맑음,교차로 - 교차로안,승용,남,74세,상해없음,원동기,남,55세,중상
2016113000100402,2016년 11월 30일 18시,수요일,부산광역시 해운대구 중동,경상사고,0,0,1,0,차대사람 - 횡단중,안전운전불이행,건조,맑음,단일로 - 기타,승용,남,29세,상해없음,보행자,여,56세,경상
2016113000100404,2016년 11월 30일 18시,수요일,부산광역시 부산진구 가야동,부상신고사고,0,0,0,1,차대차 - 기타,안전운전불이행,습기,비,단일로 - 기타,승용,남,50세,상해없음,승용,여,36세,부상신고
2016113000100405,2016년 11월 30일 18시,수요일,부산광역시 사하구 신평동,경상사고,0,0,1,0,차대차 - 기타,안전운전불이행,습기,비,단일로 - 기타,승용,남,58세,상해없음,승용,남,35세,경상
2016113000100406,2016년 11월 30일 18시,수요일,부산광역시 사하구 감천동,중상사고,0,1,0,0,차대차 - 기타,안전운전불이행,건조,맑음,단일로 - 기타,승용,남,64세,상해없음,승용,남,71세,중상
2016113000100458,2016년 11월 30일 19시,수요일,부산광역시 사하구 괴정동,경상사고,0,0,1,0,차대차 - 추돌,안전운전불이행,습기,비,단일로 - 기타,승용,남,58세,상해없음,승용,여,26세,경상
2016113000100459,2016년 11월 30일 19시,수요일,부산광역시 연제구 연산동,중상사고,0,1,0,0,차대사람 - 차도통행중,안전운전불이행,습기,비,단일로 - 기타,화물,남,63세,상해없음,보행자,남,53세,중상
2016113000100460,2016년 11월 30일 19시,수요일,부산광역시 사상구 모라동,중상사고,0,1,0,0,차대사람 - 기타,보행자보호의무위반,건조,맑음,교차로 - 교차로부근,승용,남,53세,상해없음,보행자,여,62세,중상
2016113000100461,2016년 11월 30일 19시,수요일,부산광역시 기장군 기장읍,부상신고사고,0,0,0,1,차대차 - 기타,안전운전불이행,습기,비,교차로 - 교차로부근,승용,남,27세,부상신고,승용,남,69세,상해없음
2016113000100495,2016년 11월 30일 20시,수요일,부산광역시 사상구 덕포동,경상사고,0,0,5,0,차대차 - 추돌,안전운전불이행,습기,흐림,교차로 - 교차로부근,승용,남,62세,상해없음,승용,여,40세,경상
2016113000100539,2016년 11월 30일 21시,수요일,부산광역시 강서구 대저1동,경상사고,0,0,1,0,차대차 - 측면직각충돌,안전거리미확보,건조,맑음,단일로 - 기타,승용,여,47세,상해없음,승용,남,56세,경상
2016113000100567,2016년 11월 30일 22시,수요일,부산광역시 중구 영주동,중상사고,0,1,1,0,차대차 - 측면충돌,안전운전불이행,건조,맑음,단일로 - 기타,승용,남,37세,상해없음,승용,남,38세,중상
2016113000100568,2016년 11월 30일 22시,수요일,부산광역시 사하구 괴정동,중상사고,0,1,0,0,차대차 - 기타,신호위반,건조,맑음,단일로 - 기타,승용,여,50세,상해없음,승용,남,21세,중상
2016113000100610,2016년 11월 30일 23시,수요일,부산광역시 영도구 영선동1가,경상사고,0,0,1,0,차대차 - 측면직각충돌,안전운전불이행,습기,흐림,교차로 - 교차로안,승합,남,55세,상해없음,이륜,남,58세,경상
2016113000100611,2016년 11월 30일 23시,수요일,부산광역시 금정구 구서동,경상사고,0,0,1,0,차대사람 - 횡단중,보행자보호의무위반,건조,맑음,교차로 - 교차로부근,승용,여,49세,상해없음,보행자,여,29세,경상
2016120100100044,2016년 12월 1일 02시,목요일,부산광역시 부산진구 부전동,중상사고,0,1,0,0,차대차 - 측면충돌,안전운전불이행,건조,맑음,단일로 - 기타,승용,남,28세,상해없음,원동기,남,19세,중상
2016120100100126,2016년 12월 1일 08시,목요일,부산광역시 동구 수정동,경상사고,0,0,1,0,차대차 - 기타,안전운전불이행,건조,맑음,기타 - 기타,승용,남,60세,상해없음,승합,남,45세,경상
2016120100100127,2016년 12월 1일 08시,목요일,부산광역시 영도구 청학동,경상사고,0,0,1,0,차대차 - 추돌,안전운전불이행,건조,맑음,단일로 - 기타,승용,남,31세,상해없음,승용,남,40세,경상
2016120100100128,2016년 12월 1일 08시,목요일,부산광역시 해운대구 송정동,경상사고,0,0,1,0,차대차 - 기타,안전운전불이행,건조,맑음,단일로 - 기타,승합,남,53세,상해없음,승용,여,33세,경상
2016120100100129,2016년 12월 1일 08시,목요일,부산광역시 강서구 대저2동,경상사고,0,0,1,0,차대차 - 측면직각충돌,안전운전불이행,건조,맑음,단일로 - 기타,승용,남,46세,상해없음,승용,남,53세,경상
2016120100100173,2016년 12월 1일 09시,목요일,부산광역시 남구 대연동,중상사고,0,1,3,0,차대차 - 측면직각충돌,중앙선침범,건조,맑음,단일로 - 기타,승용,남,63세,상해없음,승용,남,44세,경상
2016120100100208,2016년 12월 1일 10시,목요일,부산광역시 사하구 신평동,중상사고,0,1,0,0,차대사람 - 횡단중,안전운전불이행,건조,맑음,단일로 - 기타,특수,남,71세,상해없음,보행자,여,65세,중상
2016120100100237,2016년 12월 1일 11시,목요일,부산광역시 동래구 명장동,부상신고사고,0,0,0,1,차대차 - 측면직각충돌,안전운전불이행,건조,맑음,교차로 - 교차로부근,이륜,남,49세,부상신고,화물,남,38세,상해없음
2016120100100238,2016년 12월 1일 11시,목요일,부산광역시 금정구 장전동,경상사고,0,0,1,0,차대차 - 측면직각충돌,안전운전불이행,건조,맑음,교차로 - 교차로안,건설기계,남,51세,상해없음,승용,남,31세,경상
2016120100100239,2016년 12월 1일 11시,목요일,부산광역시 연제구 연산동,경상사고,0,0,1,0,차대차 - 측면충돌,신호위반,건조,맑음,교차로 - 교차로안,승용,남,59세,상해없음,자전거,남,56세,경상
2016120100100240,2016년 12월 1일 11시,목요일,부산광역시 사상구 괘법동,중상사고,0,1,0,0,차대차 - 측면직각충돌,신호위반,건조,맑음,단일로 - 기타,화물,남,68세,상해없음,원동기,남,18세,중상
2016120100100259,2016년 12월 1일 12시,목요일,부산광역시 부산진구 양정동,경상사고,0,0,1,0,차대사람 - 횡단중,안전운전불이행,건조,맑음,교차로 - 교차로안,승용,남,58세,상해없음,보행자,남,36세,경상
2016120100100290,2016년 12월 1일 13시,목요일,부산광역시 중구 중앙동4가,중상사고,0,1,0,0,차대차 - 추돌,안전거리미확보,건조,맑음,교차로 - 교차로안,승용,남,51세,상해없음,승용,남,45세,중상
2016120100100291,2016년 12월 1일 13시,목요일,부산광역시 강서구 강동동,중상사고,0,1,0,0,차대차 - 측면충돌,직진우회전진행방해,건조,맑음,교차로 - 교차로부근,승용,남,47세,상해없음,승용,남,44세,중상
2016120100100354,2016년 12월 1일 15시,목요일,부산광역시 동래구 온천동,부상신고사고,0,0,0,1,차대차 - 추돌,안전거리미확보,건조,맑음,단일로 - 기타,승용,남,43세,상해없음,승용,여,65세,부상신고
2016120100100355,2016년 12월 1일 15시,목요일,부산광역시 해운대구 우동,경상사고,0,0,1,0,차대차 - 추돌,안전운전불이행,건조,맑음,교차로 - 교차로부근,승합,여,22세,상해없음,승용,남,40세,경상
2016120100100356,2016년 12월 1일 15시,목요일,부산광역시 사하구 신평동,경상사고,0,0,4,0,차대차 - 추돌,안전운전불이행,건조,맑음,단일로 - 기타,화물,남,61세,상해없음,화물,남,33세,경상
2016120100100357,2016년 12월 1일 15시,목요일,부산광역시 사상구 주례동,경상사고,0,0,1,0,차대차 - 추돌,교차로운행방법위반,건조,맑음,교차로 - 교차로안,승용,남,40세,상해없음,이륜,남,70세,경상
2016120100100382,2016년 12월 1일 16시,목요일,부산광역시 수영구 민락동,부상신고사고,0,0,0,4,차대차 - 추돌,안전운전불이행,건조,맑음,단일로 - 기타,승용,남,46세,상해없음,승용,남,57세,부상신고
2016120100100383,2016년 12월 1일 16시,목요일,부산광역시 동래구 명장동,경상사고,0,0,1,0,차대차 - 측면직각충돌,안전거리미확보,건조,맑음,단일로 - 기타,화물,남,34세,상해없음,승용,남,30세,경상
2016120100100384,2016년 12월 1일 16시,목요일,부산광역시 해운대구 반여동,경상사고,0,0,1,0,차대차 - 추돌,안전거리미확보,건조,맑음,단일로 - 기타,승용,여,52세,상해없음,승용,남,34세,경상
2016120100100423,2016년 12월 1일 17시,목요일,부산광역시 동구 초량동,경상사고,0,0,1,0,차대차 - 측면직각충돌,교차로운행방법위반,건조,맑음,교차로 - 교차로안,승용,남,67세,상해없음,승용,남,34세,경상
2016120100100424,2016년 12월 1일 17시,목요일,부산광역시 강서구 신호동,사망사고,1,0,0,0,차대차 - 측면충돌,교차로운행방법위반,건조,흐림,교차로 - 교차로안,승용,남,59세,상해없음,이륜,남,32세,사망
2016120100100528,2016년 12월 1일 19시,목요일,부산광역시 부산진구 당감동,중상사고,0,1,0,0,차대차 - 기타,신호위반,건조,맑음,교차로 - 교차로안,승용,남,47세,상해없음,이륜,남,68세,중상
2016120100100565,2016년 12월 1일 20시,목요일,부산광역시 부산진구 부전동,경상사고,0,0,1,0,차대차 - 기타,교차로운행방법위반,건조,맑음,교차로 - 교차로안,이륜,남,21세,상해없음,이륜,남,34세,경상
2016120100100589,2016년 12월 1일 21시,목요일,부산광역시 북구 구포동,경상사고,0,0,1,0,차대차 - 기타,안전운전불이행,건조,맑음,교차로 - 교차로안,승용,남,48세,상해없음,이륜,남,18세,경상
2016120100100590,2016년 12월 1일 21시,목요일,부산광역시 해운대구 중동,경상사고,0,0,1,0,차대사람 - 기타,안전운전불이행,건조,맑음,단일로 - 기타,승용,남,61세,상해없음,보행자,남,55세,경상
2016120100100591,2016년 12월 1일 21시,목요일,부산광역시 해운대구 우동,경상사고,0,0,1,0,차대차 - 측면충돌,신호위반,건조,맑음,교차로 - 교차로안,승용,남,56세,상해없음,승용,남,45세,경상
2016120100100592,2016년 12월 1일 21시,목요일,부산광역시 부산진구 부전동,중상사고,0,1,0,0,차대사람 - 횡단중,신호위반,건조,맑음,교차로 - 교차로안,승용,여,31세,상해없음,보행자,여,27세,중상
2016120100100625,2016년 12월 1일 22시,목요일,부산광역시 중구 대청동1가,중상사고,0,1,0,0,차대차 - 정면충돌,안전운전불이행,건조,맑음,단일로 - 횡단보도부근,승용,남,29세,상해없음,이륜,남,22세,중상
2016120100100626,2016년 12월 1일 22시,목요일,부산광역시 해운대구 우동,경상사고,0,0,2,0,차대차 - 추돌,안전운전불이행,건조,맑음,교차로 - 교차로안,승용,남,48세,상해없음,승용,여,42세,경상
2016120100100627,2016년 12월 1일 22시,목요일,부산광역시 연제구 연산동,중상사고,0,1,1,0,차대차 - 측면직각충돌,교차로운행방법위반,건조,맑음,교차로 - 교차로안,승용,남,23세,상해없음,승용,남,54세,중상
2016120100100651,2016년 12월 1일 23시,목요일,부산광역시 사상구 주례동,경상사고,0,0,1,0,차대차 - 추돌,안전운전불이행,건조,맑음,교차로 - 교차로부근,승용,남,46세,기타불명,승용,여,45세,경상
2016120200100021,2016년 12월 2일 01시,금요일,부산광역시 수영구 광안동,중상사고,0,1,1,0,차대차 - 측면직각충돌,교차로운행방법위반,건조,맑음,교차로 - 교차로안,승용,남,60세,상해없음,승용,남,54세,상해없음
2016120200100022,2016년 12월 2일 01시,금요일,부산광역시 사상구 감전동,중상사고,0,4,0,0,차대차 - 측면직각충돌,신호위반,건조,맑음,교차로 - 교차로안,승용,남,51세,상해없음,승용,남,24세,중상
2016120200100035,2016년 12월 2일 02시,금요일,부산광역시 북구 만덕동,경상사고,0,0,1,0,차대사람 - 길가장자리구역통행중,안전운전불이행,건조,맑음,단일로 - 기타,승용,남,45세,상해없음,보행자,남,61세,경상
2016120200100070,2016년 12월 2일 06시,금요일,부산광역시 남구 용호동,중상사고,0,1,0,0,차대사람 - 횡단중,안전운전불이행,건조,맑음,단일로 - 횡단보도상,원동기,남,36세,기타불명,보행자,여,69세,중상
2016120200100071,2016년 12월 2일 06시,금요일,부산광역시 해운대구 반송동,중상사고,0,1,2,0,차대차 - 기타,신호위반,건조,맑음,교차로 - 교차로안,승용,남,55세,상해없음,승용,남,28세,경상
2016120200100072,2016년 12월 2일 06시,금요일,부산광역시 부산진구 범천동,중상사고,0,1,0,0,차대차 - 측면충돌,신호위반,건조,맑음,교차로 - 교차로안,화물,남,71세,상해없음,승용,남,60세,중상
2016120200100094,2016년 12월 2일 07시,금요일,부산광역시 북구 덕천동,중상사고,0,1,2,0,차대차 - 기타,신호위반,건조,맑음,교차로 - 교차로안,승용,여,44세,상해없음,승용,남,53세,경상
2016120200100095,2016년 12월 2일 07시,금요일,부산광역시 북구 화명동,중상사고,0,1,0,0,차대사람 - 횡단중,보행자보호의무위반,건조,맑음,단일로 - 횡단보도상,승합,남,43세,상해없음,보행자,여,56세,중상
2016120200100096,2016년 12월 2일 07시,금요일,부산광역시 강서구 구랑동,사망사고,1,0,0,0,차량단독 - 전도전복,신호위반,건조,맑음,교차로 - 교차로부근,화물,남,48세,사망,,,,
2016120200100097,2016년 12월 2일 07시,금요일,부산광역시 강서구 명지동,중상사고,0,1,0,0,차대차 - 측면직각충돌,안전운전불이행,건조,맑음,교차로 - 교차로부근,건설기계,남,57세,상해없음,승합,남,44세,상해없음
2016120200100168,2016년 12월 2일 09시,금요일,부산광역시 동래구 명장동,경상사고,0,0,1,0,차대차 - 기타,안전운전불이행,건조,맑음,단일로 - 기타,승용,남,59세,상해없음,이륜,남,34세,경상
2016120200100169,2016년 12월 2일 09시,금요일,부산광역시 부산진구 개금동,중상사고,0,1,0,0,차대사람 - 횡단중,보행자보호의무위반,건조,맑음,단일로 - 횡단보도상,승용,남,48세,상해없음,보행자,여,74세,중상
2016120200100170,2016년 12월 2일 09시,금요일,부산광역시 사상구 엄궁동,경상사고,0,0,1,0,차대차 - 측면직각충돌,안전운전불이행,건조,맑음,단일로 - 기타,이륜,남,37세,경상,승용,남,59세,상해없음
2016120200100201,2016년 12월 2일 10시,금요일,부산광역시 사상구 괘법동,경상사고,0,0,1,0,차대차 - 추돌,신호위반,건조,맑음,단일로 - 기타,승용,남,66세,기타불명,자전거,남,71세,경상
2016120200100225,2016년 12월 2일 11시,금요일,부산광역시 동구 초량동,경상사고,0,0,1,0,차대차 - 추돌,안전거리미확보,건조,맑음,단일로 - 기타,승용,남,33세,상해없음,승용,남,41세,경상
2016120200100226,2016년 12월 2일 11시,금요일,부산광역시 부산진구 초읍동,경상사고,0,0,1,0,차대차 - 측면직각충돌,안전거리미확보,건조,맑음,단일로 - 기타,원동기,남,63세,경상,승용,남,58세,상해없음
2016120200100264,2016년 12월 2일 12시,금요일,부산광역시 강서구 강동동,중상사고,0,1,0,0,차대사람 - 길가장자리구역통행중,안전운전불이행,건조,맑음,교차로 - 교차로안,건설기계,남,48세,상해없음,보행자,여,83세,중상
2016120200100290,2016년 12월 2일 13시,금요일,부산광역시 금정구 서동,중상사고,0,1,0,0,차대사람 - 차도통행중,안전운전불이행,건조,맑음,단일로 - 기타,승용,여,58세,상해없음,보행자,여,71세,중상
2016120200100291,2016년 12월 2일 13시,금요일,부산광역시 사상구 주례동,중상사고,0,1,0,0,차대차 - 측면직각충돌,안전운전불이행,건조,맑음,단일로 - 기타,화물,기타불명,기타불명,기타불명,원동기,남,61세,중상
2016120200100336,2016년 12월 2일 14시,금요일,부산광역시 동구 좌천동,중상사고,0,1,1,0,차대차 - 기타,안전거리미확보,건조,맑음,단일로 - 기타,승용,여,29세,상해없음,승용,남,39세,경상
2016120200100369,2016년 12월 2일 15시,금요일,부산광역시 북구 만덕동,경상사고,0,0,1,0,차대사람 - 기타,안전운전불이행,건조,맑음,단일로 - 기타,승용,남,71세,상해없음,보행자,여,15세,경상
2016120200100370,2016년 12월 2일 15시,금요일,부산광역시 금정구 부곡동,경상사고,0,0,1,0,차대차 - 측면직각충돌,직진우회전진행방해,건조,맑음,교차로 - 교차로안,화물,남,64세,상해없음,승용,여,38세,상해없음
2016120200100457,2016년 12월 2일 17시,금요일,부산광역시 북구 구포동,경상사고,0,0,1,0,차대사람 - 횡단중,보행자보호의무위반,건조,맑음,단일로 - 횡단보도상,승용,여,58세,상해없음,보행자,남,44세,경상
2016120200100458,2016년 12월 2일 17시,금요일,부산광역시 해운대구 반송동,중상사고,0,1,0,0,차대사람 - 횡단중,안전운전불이행,건조,맑음,단일로 - 기타,승합,남,25세,상해없음,보행자,여,90세 이상,중상
2016120200100459,2016년 12월 2일 17시,금요일,부산광역시 연제구 연산동,경상사고,0,0,1,0,차대차 - 추돌,안전거리미확보,건조,맑음,단일로 - 기타,건설기계,남,56세,상해없음,승용,남,65세,경상
2016120200100510,2016년 12월 2일 18시,금요일,부산광역시 사하구 괴정동,중상사고,0,1,0,0,차대사람 - 횡단중,안전운전불이행,건조,맑음,단일로 - 기타,승용,여,26세,상해없음,보행자,여,49세,중상
2016120200100570,2016년 12월 2일 19시,금요일,부산광역시 수영구 민락동,경상사고,0,0,1,0,차대차 - 측면직각충돌,안전운전불이행,건조,맑음,단일로 - 기타,승용,남,61세,상해없음,승용,남,68세,경상
2016120200100571,2016년 12월 2일 19시,금요일,부산광역시 금정구 금사동,중상사고,0,3,2,0,차대차 - 측면직각충돌,직진우회전진행방해,건조,맑음,교차로 - 교차로안,승용,남,52세,상해없음,승용,남,43세,경상
2016120200100613,2016년 12월 2일 20시,금요일,부산광역시 수영구 광안동,부상신고사고,0,0,0,2,차대차 - 추돌,안전운전불이행,건조,맑음,단일로 - 기타,승용,남,56세,상해없음,승용,여,51세,상해없음
2016120200100614,2016년 12월 2일 20시,금요일,부산광역시 강서구 녹산동,사망사고,1,0,0,0,차대사람 - 차도통행중,안전운전불이행,건조,맑음,단일로 - 기타,승용,여,44세,상해없음,보행자,여,80세,사망
2016120200100615,2016년 12월 2일 20시,금요일,부산광역시 기장군 기장읍,경상사고,0,0,1,0,차대차 - 측면충돌,안전운전불이행,건조,맑음,기타 - 기타,승용,남,49세,상해없음,이륜,남,24세,경상
2016120200100642,2016년 12월 2일 21시,금요일,부산광역시 수영구 광안동,부상신고사고,0,0,0,1,차대사람 - 기타,안전운전불이행,건조,맑음,단일로 - 기타,승용,남,28세,상해없음,보행자,남,45세,부상신고
2016120200100643,2016년 12월 2일 21시,금요일,부산광역시 동래구 안락동,중상사고,0,1,0,0,차대사람 - 차도통행중,안전운전불이행,건조,맑음,교차로 - 교차로안,승용,남,69세,상해없음,보행자,여,41세,중상
2016120200100668,2016년 12월 2일 22시,금요일,부산광역시 금정구 부곡동,중상사고,0,1,0,1,차대차 - 측면직각충돌,신호위반,건조,맑음,단일로 - 기타,승용,여,56세,부상신고,원동기,남,49세,중상
2016120200100698,2016년 12월 2일 23시,금요일,부산광역시 수영구 민락동,경상사고,0,0,1,0,차대사람 - 기타,안전운전불이행,건조,맑음,단일로 - 기타,승용,남,28세,상해없음,보행자,남,59세,경상
2016120200100699,2016년 12월 2일 23시,금요일,부산광역시 금정구 장전동,경상사고,0,0,2,0,차대차 - 측면직각충돌,안전거리미확보,건조,맑음,단일로 - 기타,승용,여,35세,상해없음,승용,남,62세,상해없음
2016120300100009,2016년 12월 3일 00시,토요일,부산광역시 사하구 하단동,경상사고,0,0,2,0,차대차 - 추돌,안전운전불이행,건조,기타,교차로 - 교차로부근,승용,남,55세,상해없음,승용,남,47세,경상
2016120300100074,2016년 12월 3일 03시,토요일,부산광역시 연제구 연산동,중상사고,0,1,1,0,차대사람 - 길가장자리구역통행중,안전운전불이행,건조,맑음,단일로 - 기타,승용,남,27세,상해없음,보행자,남,36세,경상
2016120300100152,2016년 12월 3일 08시,토요일,부산광역시 부산진구 범천동,중상사고,0,1,0,0,차대사람 - 횡단중,안전운전불이행,건조,맑음,단일로 - 기타,승용,여,51세,상해없음,보행자,남,72세,중상
2016120300100153,2016년 12월 3일 08시,토요일,부산광역시 사상구 덕포동,경상사고,0,0,1,0,차대차 - 추돌,안전운전불이행,건조,맑음,단일로 - 기타,화물,남,62세,상해없음,승용,여,29세,경상
2016120300100174,2016년 12월 3일 09시,토요일,부산광역시 북구 덕천동,경상사고,0,0,1,0,차대차 - 추돌,안전거리미확보,건조,맑음,단일로 - 기타,승용,여,47세,상해없음,화물,남,34세,경상
2016120300100175,2016년 12월 3일 09시,토요일,부산광역시 기장군 정관읍,경상사고,0,0,1,0,차대차 - 추돌,교차로운행방법위반,건조,맑음,교차로 - 교차로안,승용,남,29세,상해없음,이륜,남,39세,경상
2016120300100196,2016년 12월 3일 10시,토요일,부산광역시 동래구 안락동,경상사고,0,0,1,0,차대차 - 측면충돌,교차로운행방법위반,건조,맑음,단일로 - 기타,승합,남,60세,상해없음,원동기,남,43세,경상
2016120300100222,2016년 12월 3일 11시,토요일,부산광역시 남구 용호동,중상사고,0,1,0,0,차대사람 - 횡단중,안전운전불이행,건조,맑음,교차로 - 교차로부근,승용,여,50세,상해없음,보행자,여,28세,중상
2016120300100255,2016년 12월 3일 12시,토요일,부산광역시 남구 용당동,경상사고,0,0,1,0,차대차 - 기타,안전운전불이행,건조,맑음,기타 - 기타,승용,여,46세,기타불명,건설기계,남,44세,경상
2016120300100256,2016년 12월 3일 12시,토요일,부산광역시 동래구 명륜동,경상사고,0,0,1,0,차대사람 - 기타,안전운전불이행,건조,맑음,교차로 - 교차로안,승용,남,61세,상해없음,보행자,여,65세,경상
2016120300100305,2016년 12월 3일 13시,토요일,부산광역시 남구 감만동,경상사고,0,0,1,0,차대차 - 측면직각충돌,안전운전불이행,건조,맑음,교차로 - 교차로안,특수,남,61세,상해없음,승용,여,36세,경상
2016120300100306,2016년 12월 3일 13시,토요일,부산광역시 남구 대연동,부상신고사고,0,0,0,1,차대사람 - 기타,안전운전불이행,건조,맑음,단일로 - 기타,승합,남,36세,상해없음,보행자,여,64세,부상신고
2016120300100307,2016년 12월 3일 13시,토요일,부산광역시 금정구 남산동,경상사고,0,0,1,0,차대차 - 측면직각충돌,안전운전불이행,건조,맑음,단일로 - 기타,승용,여,47세,상해없음,원동기,남,44세,경상
2016120300100308,2016년 12월 3일 13시,토요일,부산광역시 연제구 연산동,중상사고,0,1,0,0,차대차 - 측면직각충돌,교차로운행방법위반,건조,맑음,교차로 - 교차로안,승용,여,45세,상해없음,이륜,남,52세,중상
2016120300100341,2016년 12월 3일 14시,토요일,부산광역시 수영구 남천동,중상사고,0,1,0,0,차대사람 - 기타,안전운전불이행,건조,맑음,단일로 - 기타,승용,여,44세,상해없음,보행자,여,32세,중상
2016120300100366,2016년 12월 3일 15시,토요일,부산광역시 동래구 안락동,경상사고,0,0,1,0,차대차 - 추돌,안전거리미확보,건조,맑음,단일로 - 기타,승용,남,27세,상해없음,승용,남,38세,경상
2016120300100367,2016년 12월 3일 15시,토요일,부산광역시 부산진구 부전동,중상사고,0,1,0,0,차대차 - 측면충돌,기타,건조,맑음,단일로 - 기타,승용,남,32세,상해없음,이륜,여,53세,중상
2016120300100368,2016년 12월 3일 15시,토요일,부산광역시 기장군 정관읍,경상사고,0,0,1,0,차대사람 - 횡단중,보행자보호의무위반,건조,맑음,교차로 - 교차로안,승용,여,49세,상해없음,보행자,여,75세,경상
2016120300100396,2016년 12월 3일 16시,토요일,부산광역시 중구 영주동,경상사고,0,0,2,0,차대차 - 추돌,안전운전불이행,건조,맑음,단일로 - 기타,승용,남,33세,상해없음,승용,남,37세,경상
2016120300100397,2016년 12월 3일 16시,토요일,부산광역시 남구 감만동,경상사고,0,0,1,0,차대차 - 추돌,기타,건조,맑음,단일로 - 기타,승용,남,62세,경상,승용,남,55세,상해없음
2016120300100398,2016년 12월 3일 16시,토요일,부산광역시 동래구 온천동,경상사고,0,0,1,0,차대차 - 측면충돌,중앙선침범,건조,맑음,단일로 - 기타,승용,남,65세,상해없음,자전거,남,21세,경상
2016120300100399,2016년 12월 3일 16시,토요일,부산광역시 사하구 하단동,경상사고,0,0,2,1,차대차 - 기타,신호위반,건조,맑음,교차로 - 교차로안,승용,남,52세,상해없음,승용,여,46세,경상
2016120300100515,2016년 12월 3일 19시,토요일,부산광역시 부산진구 부전동,경상사고,0,0,1,0,차대사람 - 기타,보행자보호의무위반,건조,맑음,단일로 - 횡단보도상,승용,여,53세,상해없음,보행자,여,57세,경상
2016120300100552,2016년 12월 3일 20시,토요일,부산광역시 북구 만덕동,부상신고사고,0,0,0,1,차대차 - 측면직각충돌,신호위반,건조,맑음,교차로 - 교차로안,원동기,남,17세,부상신고,승용,남,61세,상해없음
2016120300100553,2016년 12월 3일 20시,토요일,부산광역시 북구 화명동,경상사고,0,0,3,0,차대차 - 추돌,안전운전불이행,건조,맑음,단일로 - 기타,승용,남,51세,상해없음,승용,남,37세,경상
2016120300100554,2016년 12월 3일 20시,토요일,부산광역시 연제구 거제동,경상사고,0,0,2,0,차대차 - 측면충돌,안전운전불이행,건조,맑음,단일로 - 기타,승용,남,56세,상해없음,승용,남,65세,경상
2016120300100590,2016년 12월 3일 21시,토요일,부산광역시 부산진구 전포동,중상사고,0,3,3,0,차대차 - 측면충돌,신호위반,건조,맑음,교차로 - 교차로안,승용,남,69세,상해없음,승용,남,49세,경상