사고번호,사고일시,요일,시군구,사고내용,사망자수,중상자수,경상자수,부상신고자수,사고유형,법규위반,노면상태,기상상태,도로형태,가해운전자 차종,가해운전자 성별,가해운전자 연령,가해운전자 상해정도,피해운전자 차종,피해운전자 성별,피해운전자 연령,피해운전자 상해정도
2016120300100617,2016년 12월 3일 22시,토요일,부산광역시 남구 우암동,중상사고,0,1,0,0,차대사람 - 횡단중,안전운전불이행,건조,맑음,단일로 - 기타,승용,남,59세,상해없음,보행자,남,72세,중상
2016120300100618,2016년 12월 3일 22시,토요일,부산광역시 북구 만덕동,부상신고사고,0,0,0,1,차대차 - 측면충돌,안전거리미확보,건조,맑음,단일로 - 기타,승용,남,36세,상해없음,원동기,남,21세,부상신고
2016120300100619,2016년 12월 3일 22시,토요일,부산광역시 사하구 신평동,중상사고,0,1,0,0,차대차 - 측면충돌,불법유턴,건조,맑음,단일로 - 기타,승용,남,38세,상해없음,이륜,여,30세,중상
2016120300100641,2016년 12월 3일 23시,토요일,부산광역시 북구 덕천동,경상사고,0,0,1,0,차대사람 - 기타,안전운전불이행,건조,맑음,단일로 - 기타,승용,남,46세,상해없음,보행자,남,25세,경상
2016120400100007,2016년 12월 4일 00시,일요일,부산광역시 동래구 수안동,중상사고,0,1,0,0,차대사람 - 차도통행중,안전운전불이행,건조,맑음,단일로 - 기타,승용,남,64세,상해없음,보행자,남,53세,중상
2016120400100053,2016년 12월 4일 03시,일요일,부산광역시 동래구 온천동,중상사고,0,1,4,0,차대차 - 추돌,안전운전불이행,건조,맑음,교차로 - 교차로부근,승용,남,43세,상해없음,승용,남,52세,중상
2016120400100059,2016년 12월 4일 04시,일요일,부산광역시 강서구 녹산동,경상사고,0,0,1,0,차대차 - 기타,안전운전불이행,건조,맑음,교차로 - 교차로안,승용,남,28세,상해없음,승용,남,39세,상해없음
2016120400100074,2016년 12월 4일 06시,일요일,부산광역시 부산진구 범천동,중상사고,0,1,2,0,차대차 - 측면직각충돌,신호위반,건조,맑음,교차로 - 교차로안,화물,남,35세,상해없음,승용,남,56세,경상
2016120400100099,2016년 12월 4일 08시,일요일,부산광역시 기장군 장안읍,경상사고,0,0,3,0,차대차 - 측면충돌,중앙선침범,건조,맑음,교차로 - 교차로부근,승용,남,20세,경상,승용,남,52세,경상
2016120400100111,2016년 12월 4일 09시,일요일,부산광역시 수영구 광안동,경상사고,0,0,1,0,차대차 - 측면충돌,안전운전불이행,건조,맑음,교차로 - 교차로안,이륜,남,30세,경상,승용,여,58세,상해없음
2016120400100112,2016년 12월 4일 09시,일요일,부산광역시 기장군 기장읍,경상사고,0,0,1,0,차대차 - 정면충돌,중앙선침범,건조,맑음,단일로 - 기타,화물,남,42세,상해없음,승용,남,42세,경상
2016120400100136,2016년 12월 4일 11시,일요일,부산광역시 해운대구 반송동,중상사고,0,3,1,0,차대차 - 추돌,안전운전불이행,건조,맑음,단일로 - 기타,승용,남,37세,중상,승용,남,63세,중상
2016120400100154,2016년 12월 4일 12시,일요일,부산광역시 서구 동대신동2가,경상사고,0,0,1,0,차대차 - 기타,차로위반,건조,맑음,단일로 - 기타,승용,남,26세,상해없음,승용,남,63세,상해없음
2016120400100155,2016년 12월 4일 12시,일요일,부산광역시 사상구 괘법동,경상사고,0,0,1,0,차대차 - 측면직각충돌,교차로운행방법위반,건조,맑음,교차로 - 교차로안,승용,남,58세,상해없음,원동기,남,29세,경상
2016120400100218,2016년 12월 4일 15시,일요일,부산광역시 사상구 엄궁동,중상사고,0,1,1,0,차대차 - 추돌,안전운전불이행,건조,맑음,단일로 - 횡단보도부근,이륜,남,18세,상해없음,이륜,남,35세,중상
2016120400100245,2016년 12월 4일 16시,일요일,부산광역시 북구 구포동,경상사고,0,0,1,0,차대차 - 기타,안전운전불이행,건조,맑음,기타 - 기타,자전거,남,51세,상해없음,자전거,여,52세,경상
2016120400100270,2016년 12월 4일 17시,일요일,부산광역시 수영구 남천동,경상사고,0,0,1,0,차대사람 - 횡단중,안전운전불이행,건조,맑음,교차로 - 교차로안,승용,남,59세,상해없음,보행자,여,23세,경상
2016120400100271,2016년 12월 4일 17시,일요일,부산광역시 해운대구 우동,경상사고,0,0,1,0,차대차 - 측면직각충돌,안전운전불이행,건조,맑음,교차로 - 교차로안,승용,여,63세,상해없음,화물,남,56세,경상
2016120400100272,2016년 12월 4일 17시,일요일,부산광역시 부산진구 당감동,중상사고,0,1,0,0,차대사람 - 기타,안전운전불이행,건조,맑음,단일로 - 기타,승용,여,51세,상해없음,보행자,여,85세,중상
2016120400100300,2016년 12월 4일 18시,일요일,부산광역시 북구 만덕동,중상사고,0,1,0,0,차대사람 - 횡단중,안전운전불이행,건조,맑음,단일로 - 기타,승용,남,47세,상해없음,보행자,남,66세,중상
2016120400100301,2016년 12월 4일 18시,일요일,부산광역시 강서구 송정동,경상사고,0,0,1,0,차대차 - 기타,안전운전불이행,건조,맑음,단일로 - 기타,승용,여,58세,상해없음,승용,남,52세,경상
2016120400100302,2016년 12월 4일 18시,일요일,부산광역시 사상구 주례동,경상사고,0,0,3,0,차대차 - 추돌,안전거리미확보,건조,맑음,단일로 - 기타,화물,여,42세,경상,승용,남,60세,경상
2016120400100303,2016년 12월 4일 18시,일요일,부산광역시 기장군 장안읍,중상사고,0,1,1,0,차대차 - 추돌,안전운전불이행,건조,맑음,단일로 - 기타,승용,남,36세,상해없음,승용,여,39세,중상
2016120400100344,2016년 12월 4일 19시,일요일,부산광역시 부산진구 부전동,경상사고,0,0,1,0,차대차 - 측면충돌,신호위반,건조,맑음,교차로 - 교차로안,승용,남,23세,상해없음,원동기,남,25세,경상
2016120400100363,2016년 12월 4일 20시,일요일,부산광역시 영도구 남항동3가,경상사고,0,0,1,0,차대차 - 측면충돌,안전운전불이행,건조,맑음,교차로 - 교차로안,승용,남,33세,상해없음,승용,남,52세,상해없음
2016120400100385,2016년 12월 4일 21시,일요일,부산광역시 부산진구 전포동,경상사고,0,0,1,0,차대사람 - 횡단중,보행자보호의무위반,건조,맑음,단일로 - 횡단보도상,승용,남,32세,상해없음,보행자,여,72세,경상
2016120400100386,2016년 12월 4일 21시,일요일,부산광역시 수영구 수영동,경상사고,0,0,1,0,차대차 - 측면충돌,교차로운행방법위반,건조,맑음,교차로 - 교차로안,승용,남,39세,상해없음,이륜,남,17세,경상
2016120400100402,2016년 12월 4일 22시,일요일,부산광역시 남구 대연동,중상사고,0,1,0,0,차대사람 - 횡단중,안전운전불이행,건조,맑음,교차로 - 교차로부근,승용,여,44세,상해없음,보행자,남,37세,중상
2016120400100403,2016년 12월 4일 22시,일요일,부산광역시 금정구 부곡동,중상사고,0,1,0,0,차대차 - 측면충돌,안전운전불이행,건조,맑음,단일로 - 기타,승용,남,58세,상해없음,이륜,남,23세,중상
2016120500100025,2016년 12월 5일 02시,월요일,부산광역시 동구 좌천동,경상사고,0,0,2,0,차대차 - 측면충돌,안전운전불이행,건조,맑음,단일로 - 기타,승용,남,59세,경상,승용,남,44세,경상
2016120500100036,2016년 12월 5일 05시,월요일,부산광역시 기장군 기장읍,중상사고,0,1,0,0,차대사람 - 횡단중,신호위반,건조,맑음,교차로 - 교차로안,화물,남,63세,상해없음,보행자,남,52세,중상
2016120500100049,2016년 12월 5일 06시,월요일,부산광역시 사하구 하단동,중상사고,0,1,1,1,차대차 - 추돌,안전거리미확보,건조,맑음,단일로 - 기타,승용,남,40세,상해없음,승용,남,42세,경상
2016120500100074,2016년 12월 5일 07시,월요일,부산광역시 사하구 장림동,경상사고,0,0,1,0,차대사람 - 길가장자리구역통행중,안전운전불이행,건조,맑음,단일로 - 기타,승용,남,63세,상해없음,보행자,남,26세,경상
2016120500100105,2016년 12월 5일 08시,월요일,부산광역시 해운대구 재송동,중상사고,0,1,0,0,차대차 - 기타,안전운전불이행,건조,맑음,교차로 - 교차로부근,승용,남,44세,상해없음,자전거,남,42세,중상
2016120500100106,2016년 12월 5일 08시,월요일,부산광역시 부산진구 가야동,경상사고,0,0,1,0,차대차 - 추돌,안전거리미확보,건조,맑음,단일로 - 기타,승용,여,51세,상해없음,승용,여,55세,경상
2016120500100169,2016년 12월 5일 10시,월요일,부산광역시 영도구 영선동4가,경상사고,0,0,1,0,차대사람 - 횡단중,중앙선침범,건조,맑음,단일로 - 기타,자전거,남,67세,상해없음,보행자,여,71세,경상
2016120500100170,2016년 12월 5일 10시,월요일,부산광역시 금정구 부곡동,경상사고,0,0,1,0,차대차 - 측면충돌,신호위반,건조,맑음,단일로 - 횡단보도상,화물,남,55세,상해없음,원동기,남,30세,경상
2016120500100200,2016년 12월 5일 11시,월요일,부산광역시 부산진구 가야동,경상사고,0,0,1,0,차대사람 - 횡단중,보행자보호의무위반,건조,맑음,단일로 - 횡단보도상,승합,남,56세,상해없음,보행자,여,45세,경상
2016120500100201,2016년 12월 5일 11시,월요일,부산광역시 사상구 감전동,경상사고,0,0,1,0,차대차 - 추돌,안전거리미확보,건조,맑음,단일로 - 기타,승용,남,59세,상해없음,승용,남,27세,경상
2016120500100235,2016년 12월 5일 12시,월요일,부산광역시 강서구 범방동,경상사고,0,0,1,0,차대차 - 측면직각충돌,안전운전불이행,건조,맑음,단일로 - 기타,승합,남,59세,상해없음,승용,남,49세,경상
2016120500100258,2016년 12월 5일 13시,월요일,부산광역시 남구 감만동,경상사고,0,0,1,0,차대차 - 추돌,안전운전불이행,건조,맑음,단일로 - 기타,특수,남,63세,상해없음,승용,남,70세,경상
2016120500100259,2016년 12월 5일 13시,월요일,부산광역시 부산진구 개금동,중상사고,0,1,0,0,차대차 - 측면충돌,안전운전불이행,건조,맑음,단일로 - 기타,승용,남,41세,상해없음,승용,여,46세,중상
2016120500100260,2016년 12월 5일 13시,월요일,부산광역시 금정구 금사동,경상사고,0,0,1,0,차대사람 - 횡단중,안전운전불이행,건조,맑음,단일로 - 기타,승용,여,63세,상해없음,보행자,남,63세,경상
2016120500100282,2016년 12월 5일 14시,월요일,부산광역시 남구 대연동,경상사고,0,0,2,0,차대차 - 측면직각충돌,안전운전불이행,건조,맑음,교차로 - 교차로부근,특수,남,45세,상해없음,승용,남,36세,경상
2016120500100344,2016년 12월 5일 17시,월요일,부산광역시 북구 구포동,사망사고,1,0,0,0,차대사람 - 횡단중,보행자보호의무위반,건조,맑음,단일로 - 횡단보도상,승용,남,31세,상해없음,보행자,여,50세,사망
2016120500100345,2016년 12월 5일 17시,월요일,부산광역시 동래구 온천동,경상사고,0,0,1,1,차대차 - 측면직각충돌,교차로운행방법위반,건조,맑음,교차로 - 교차로안,원동기,남,16세,경상,승용,남,64세,상해없음
2016120500100346,2016년 12월 5일 17시,월요일,부산광역시 동래구 명륜동,중상사고,0,1,0,0,차대사람 - 차도통행중,안전운전불이행,건조,맑음,단일로 - 기타,원동기,남,78세,상해없음,보행자,남,12세,중상
2016120500100347,2016년 12월 5일 17시,월요일,부산광역시 부산진구 부전동,경상사고,0,0,1,0,차대차 - 기타,교차로운행방법위반,건조,맑음,교차로 - 교차로안,승용,남,22세,상해없음,승용,남,54세,경상
2016120500100349,2016년 12월 5일 17시,월요일,부산광역시 사하구 다대동,경상사고,0,0,1,0,차대차 - 추돌,안전운전불이행,건조,맑음,단일로 - 기타,화물,남,54세,상해없음,이륜,남,55세,경상
2016120500100350,2016년 12월 5일 17시,월요일,부산광역시 연제구 연산동,중상사고,0,1,0,0,차대사람 - 횡단중,안전운전불이행,건조,맑음,단일로 - 기타,화물,남,58세,상해없음,보행자,여,76세,중상
2016120500100391,2016년 12월 5일 18시,월요일,부산광역시 동구 초량동,경상사고,0,0,1,0,차대사람 - 기타,안전운전불이행,건조,맑음,교차로 - 교차로안,승용,남,40세,상해없음,보행자,여,64세,경상
2016120500100392,2016년 12월 5일 18시,월요일,부산광역시 동구 초량동,경상사고,0,0,1,0,차대차 - 추돌,안전운전불이행,건조,맑음,단일로 - 기타,승용,남,69세,상해없음,승용,남,62세,경상
2016120500100393,2016년 12월 5일 18시,월요일,부산광역시 수영구 광안동,중상사고,0,1,0,0,차대사람 - 횡단중,안전운전불이행,건조,맑음,단일로 - 횡단보도상,승용,남,71세,상해없음,보행자,남,56세,중상
2016120500100394,2016년 12월 5일 18시,월요일,부산광역시 금정구 남산동,중상사고,0,1,0,0,차대사람 - 횡단중,안전운전불이행,건조,맑음,단일로 - 기타,승용,남,46세,상해없음,보행자,여,69세,중상
2016120500100462,2016년 12월 5일 19시,월요일,부산광역시 기장군 기장읍,부상신고사고,0,0,0,1,차대차 - 추돌,안전운전불이행,건조,맑음,교차로 - 교차로안,승용,남,56세,상해없음,승용,남,31세,상해없음
2016120500100502,2016년 12월 5일 20시,월요일,부산광역시 사하구 하단동,경상사고,0,0,1,0,차대차 - 측면직각충돌,신호위반,건조,맑음,교차로 - 교차로안,승용,여,51세,상해없음,이륜,남,24세,경상
2016120500100535,2016년 12월 5일 21시,월요일,부산광역시 사상구 감전동,중상사고,0,1,0,0,차대차 - 측면직각충돌,교차로운행방법위반,건조,맑음,교차로 - 교차로안,승용,남,28세,상해없음,원동기,남,23세,중상
2016120500100560,2016년 12월 5일 22시,월요일,부산광역시 수영구 광안동,중상사고,0,2,0,0,차대차 - 측면충돌,안전운전불이행,건조,맑음,단일로 - 기타,승용,남,55세,상해없음,승용,남,39세,중상
2016120500100561,2016년 12월 5일 22시,월요일,부산광역시 수영구 민락동,경상사고,0,0,1,0,차대차 - 측면직각충돌,신호위반,건조,맑음,단일로 - 기타,이륜,남,18세,경상,승합,남,49세,상해없음
2016120500100588,2016년 12월 5일 23시,월요일,부산광역시 남구 용호동,중상사고,0,1,1,0,차량단독 - 전도전복,안전운전불이행,건조,맑음,단일로 - 기타,이륜,남,22세,중상,,,,
2016120500100589,2016년 12월 5일 23시,월요일,부산광역시 해운대구 좌동,경상사고,0,0,1,0,차대차 - 측면직각충돌,신호위반,건조,흐림,교차로 - 교차로안,승용,여,25세,상해없음,원동기,남,34세,경상
2016120500100590,2016년 12월 5일 23시,월요일,부산광역시 연제구 연산동,경상사고,0,0,1,0,차대사람 - 길가장자리구역통행중,안전운전불이행,건조,맑음,단일로 - 기타,승용,남,48세,상해없음,보행자,남,26세,경상
2016120500100591,2016년 12월 5일 23시,월요일,부산광역시 사상구 삼락동,경상사고,0,0,2,0,차대차 - 측면직각충돌,교차로운행방법위반,건조,맑음,교차로 - 교차로안,원동기,남,21세,경상,자전거,남,22세,경상
2016120600100005,2016년 12월 6일 00시,화요일,부산광역시 해운대구 송정동,중상사고,0,2,0,0,차대차 - 정면충돌,중앙선침범,건조,맑음,단일로 - 기타,원동기,남,21세,상해없음,승용,남,43세,중상
2016120600100013,2016년 12월 6일 01시,화요일,부산광역시 사상구 학장동,중상사고,0,2,0,0,차대차 - 측면직각충돌,안전운전불이행,건조,맑음,단일로 - 기타,승용,남,59세,상해없음,원동기,남,22세,중상
2016120600100014,2016년 12월 6일 01시,화요일,부산광역시 사상구 주례동,경상사고,0,0,2,0,차대차 - 측면직각충돌,교차로운행방법위반,건조,맑음,교차로 - 교차로안,승용,남,61세,경상,이륜,남,24세,경상
2016120600100040,2016년 12월 6일 04시,화요일,부산광역시 북구 덕천동,중상사고,0,1,2,0,차대차 - 측면충돌,안전운전불이행,건조,맑음,교차로 - 교차로안,승용,남,23세,상해없음,승용,남,53세,중상
2016120600100049,2016년 12월 6일 06시,화요일,부산광역시 부산진구 부전동,부상신고사고,0,0,0,1,차대차 - 기타,안전거리미확보,건조,맑음,단일로 - 기타,자전거,남,57세,부상신고,승용,남,53세,상해없음
2016120600100071,2016년 12월 6일 07시,화요일,부산광역시 남구 용호동,경상사고,0,0,2,0,차대차 - 추돌,안전운전불이행,건조,맑음,단일로 - 기타,건설기계,남,60세,상해없음,화물,남,48세,경상
2016120600100095,2016년 12월 6일 08시,화요일,부산광역시 동래구 사직동,경상사고,0,0,1,0,차대차 - 측면직각충돌,안전운전불이행,건조,맑음,교차로 - 교차로안,승용,여,59세,상해없음,화물,남,62세,상해없음
2016120600100127,2016년 12월 6일 09시,화요일,부산광역시 수영구 남천동,중상사고,0,1,0,0,차대차 - 측면직각충돌,신호위반,건조,맑음,단일로 - 횡단보도상,승용,여,52세,상해없음,원동기,남,66세,중상
2016120600100154,2016년 12월 6일 10시,화요일,부산광역시 연제구 거제동,중상사고,0,1,0,0,차대차 - 측면직각충돌,교차로운행방법위반,건조,맑음,교차로 - 교차로안,자전거,여,26세,중상,승용,여,49세,상해없음
2016120600100180,2016년 12월 6일 11시,화요일,부산광역시 동래구 낙민동,중상사고,0,1,0,0,차대사람 - 기타,안전운전불이행,건조,맑음,단일로 - 기타,화물,남,50세,상해없음,보행자,여,82세,중상
2016120600100232,2016년 12월 6일 13시,화요일,부산광역시 동구 초량동,중상사고,0,1,0,0,차대차 - 측면충돌,차로위반,건조,맑음,단일로 - 기타,승용,남,60세,상해없음,이륜,남,34세,중상
2016120600100233,2016년 12월 6일 13시,화요일,부산광역시 강서구 명지동,중상사고,0,1,0,0,차대차 - 측면직각충돌,안전운전불이행,건조,맑음,단일로 - 기타,승용,여,33세,상해없음,자전거,남,61세,중상
2016120600100234,2016년 12월 6일 13시,화요일,부산광역시 사상구 괘법동,경상사고,0,0,1,0,차대사람 - 기타,안전운전불이행,건조,맑음,단일로 - 기타,화물,남,67세,상해없음,보행자,여,22세,경상
2016120600100286,2016년 12월 6일 15시,화요일,부산광역시 사상구 엄궁동,중상사고,0,1,0,0,차대차 - 측면직각충돌,신호위반,건조,맑음,단일로 - 횡단보도상,승용,남,71세,상해없음,자전거,남,75세,중상
2016120600100323,2016년 12월 6일 16시,화요일,부산광역시 북구 구포동,경상사고,0,0,1,0,차대차 - 추돌,차로위반,건조,맑음,단일로 - 기타,건설기계,남,41세,상해없음,승용,남,59세,경상
2016120600100324,2016년 12월 6일 16시,화요일,부산광역시 부산진구 부암동,경상사고,0,0,1,0,차대사람 - 기타,안전운전불이행,건조,맑음,단일로 - 기타,승합,남,56세,상해없음,보행자,여,29세,경상
2016120600100325,2016년 12월 6일 16시,화요일,부산광역시 사하구 다대동,경상사고,0,0,1,0,차대사람 - 기타,보행자보호의무위반,건조,맑음,기타 - 기타,원동기,남,24세,기타불명,보행자,여,42세,경상
2016120600100356,2016년 12월 6일 17시,화요일,부산광역시 사하구 다대동,경상사고,0,0,1,0,차대차 - 정면충돌,중앙선침범,건조,맑음,교차로 - 교차로안,승용,여,53세,상해없음,원동기,남,47세,경상
2016120600100357,2016년 12월 6일 17시,화요일,부산광역시 사하구 장림동,경상사고,0,0,1,0,차대차 - 기타,안전운전불이행,건조,맑음,교차로 - 교차로안,이륜,남,45세,상해없음,승용,남,32세,경상
2016120600100410,2016년 12월 6일 18시,화요일,부산광역시 북구 화명동,경상사고,0,0,1,0,차대사람 - 횡단중,안전운전불이행,건조,맑음,교차로 - 교차로부근,승용,남,22세,상해없음,보행자,여,48세,경상
2016120600100411,2016년 12월 6일 18시,화요일,부산광역시 영도구 대교동1가,중상사고,0,1,3,0,차대차 - 추돌,안전운전불이행,건조,맑음,단일로 - 교량,승용,남,34세,상해없음,승용,여,46세,경상
2016120600100412,2016년 12월 6일 18시,화요일,부산광역시 금정구 구서동,경상사고,0,0,1,0,차대차 - 추돌,안전거리미확보,건조,맑음,단일로 - 기타,승용,남,34세,상해없음,승용,남,38세,경상
2016120600100455,2016년 12월 6일 19시,화요일,부산광역시 사상구 주례동,경상사고,0,0,1,0,차량단독 - 기타,안전운전불이행,건조,맑음,단일로 - 기타,승용,남,56세,상해없음,,,,
2016120600100487,2016년 12월 6일 20시,화요일,부산광역시 강서구 식만동,중상사고,0,1,0,0,차대차 - 측면충돌,안전거리미확보,건조,맑음,단일로 - 기타,승용,여,47세,상해없음,승용,남,44세,중상
2016120600100506,2016년 12월 6일 21시,화요일,부산광역시 사하구 괴정동,중상사고,0,1,0,0,차대차 - 측면직각충돌,안전운전불이행,건조,맑음,교차로 - 교차로부근,승용,남,49세,상해없음,승용,여,48세,중상
2016120600100537,2016년 12월 6일 22시,화요일,부산광역시 부산진구 부전동,경상사고,0,0,1,0,차대차 - 측면직각충돌,안전거리미확보,건조,맑음,단일로 - 기타,승용,남,36세,상해없음,이륜,남,19세,경상
2016120600100538,2016년 12월 6일 22시,화요일,부산광역시 사상구 학장동,경상사고,0,0,3,0,차대차 - 추돌,안전운전불이행,건조,맑음,단일로 - 기타,화물,남,54세,상해없음,승용,남,32세,경상
2016120700100019,2016년 12월 7일 01시,수요일,부산광역시 부산진구 부전동,중상사고,0,1,0,0,차대차 - 측면충돌,안전거리미확보,건조,맑음,단일로 - 기타,승용,남,64세,상해없음,이륜,남,23세,중상
2016120700100035,2016년 12월 7일 02시,수요일,부산광역시 동래구 칠산동,중상사고,0,1,0,0,차대차 - 측면직각충돌,교차로운행방법위반,건조,맑음,교차로 - 교차로안,승용,남,53세,상해없음,이륜,남,29세,중상
2016120700100047,2016년 12월 7일 04시,수요일,부산광역시 남구 문현동,중상사고,0,1,0,0,차대차 - 정면충돌,중앙선침범,건조,맑음,단일로 - 기타,승용,남,60세,상해없음,이륜,남,63세,중상
2016120700100048,2016년 12월 7일 04시,수요일,부산광역시 금정구 구서동,경상사고,0,0,1,0,차대차 - 측면직각충돌,신호위반,건조,맑음,교차로 - 교차로안,승용,남,46세,상해없음,승용,여,57세,경상
2016120700100049,2016년 12월 7일 04시,수요일,부산광역시 사하구 다대동,경상사고,0,0,4,0,차대차 - 추돌,안전운전불이행,건조,맑음,단일로 - 기타,화물,남,46세,상해없음,승용,남,22세,경상
2016120700100050,2016년 12월 7일 04시,수요일,부산광역시 사상구 엄궁동,경상사고,0,0,1,0,차대사람 - 기타,안전운전불이행,건조,맑음,단일로 - 기타,승용,남,58세,상해없음,보행자,남,36세,경상
2016120700100062,2016년 12월 7일 06시,수요일,부산광역시 동래구 온천동,중상사고,0,1,0,0,차대차 - 측면직각충돌,안전거리미확보,건조,맑음,단일로 - 기타,화물,남,58세,상해없음,승용,남,41세,중상
2016120700100084,2016년 12월 7일 07시,수요일,부산광역시 동구 초량동,경상사고,0,0,1,0,차대차 - 측면직각충돌,신호위반,건조,맑음,교차로 - 교차로안,승용,남,58세,상해없음,승용,남,40세,상해없음
2016120700100086,2016년 12월 7일 07시,수요일,부산광역시 사상구 엄궁동,경상사고,0,0,1,0,차량단독 - 기타,기타,건조,맑음,단일로 - 기타,승합,남,55세,상해없음,,,,
2016120700100087,2016년 12월 7일 07시,수요일,부산광역시 기장군 정관읍,경상사고,0,0,1,1,차대차 - 측면충돌,안전운전불이행,건조,맑음,단일로 - 기타,승용,남,56세,상해없음,건설기계,남,53세,부상신고
2016120700100113,2016년 12월 7일 08시,수요일,부산광역시 남구 대연동,경상사고,0,0,1,0,차대사람 - 횡단중,기타,건조,맑음,단일로 - 기타,승용,남,35세,상해없음,보행자,여,72세,경상
2016120700100114,2016년 12월 7일 08시,수요일,부산광역시 연제구 거제동,중상사고,0,1,0,0,차대사람 - 횡단중,안전운전불이행,건조,맑음,교차로 - 교차로안,승합,남,59세,상해없음,보행자,남,9세,중상
2016120700100115,2016년 12월 7일 08시,수요일,부산광역시 사상구 감전동,중상사고,0,1,0,0,차대차 - 측면직각충돌,안전운전불이행,건조,맑음,교차로 - 교차로안,자전거,남,57세,중상,승용,여,44세,상해없음
2016120700100186,2016년 12월 7일 10시,수요일,부산광역시 해운대구 송정동,경상사고,0,0,1,0,차대차 - 기타,안전거리미확보,건조,맑음,단일로 - 기타,승합,남,52세,상해없음,승용,남,29세,상해없음
2016120700100187,2016년 12월 7일 10시,수요일,부산광역시 사하구 하단동,경상사고,0,0,1,0,차대차 - 기타,안전운전불이행,건조,맑음,단일로 - 기타,특수,남,46세,상해없음,승용,남,75세,경상
2016120700100188,2016년 12월 7일 10시,수요일,부산광역시 사하구 괴정동,중상사고,0,1,0,0,차대차 - 기타,안전운전불이행,건조,맑음,교차로 - 교차로안,승용,남,63세,상해없음,자전거,남,78세,중상
2016120700100213,2016년 12월 7일 11시,수요일,부산광역시 수영구 광안동,경상사고,0,0,1,0,차대사람 - 차도통행중,안전운전불이행,건조,맑음,단일로 - 기타,승용,남,51세,상해없음,보행자,여,26세,경상
2016120700100214,2016년 12월 7일 11시,수요일,부산광역시 영도구 신선동1가,중상사고,0,1,0,0,차대사람 - 횡단중,안전운전불이행,건조,맑음,단일로 - 기타,승용,남,51세,상해없음,보행자,남,71세,중상
2016120700100215,2016년 12월 7일 11시,수요일,부산광역시 해운대구 우동,경상사고,0,0,1,0,차대차 - 측면직각충돌,안전운전불이행,건조,맑음,교차로 - 교차로안,승용,여,56세,상해없음,자전거,남,18세,경상
2016120700100216,2016년 12월 7일 11시,수요일,부산광역시 기장군 기장읍,중상사고,0,1,0,0,차대차 - 추돌,안전거리미확보,건조,맑음,단일로 - 기타,화물,남,59세,상해없음,이륜,남,23세,중상
2016120700100239,2016년 12월 7일 12시,수요일,부산광역시 수영구 망미동,경상사고,0,0,2,0,차대차 - 측면충돌,안전거리미확보,건조,맑음,단일로 - 기타,승용,남,51세,상해없음,승용,남,36세,경상
2016120700100272,2016년 12월 7일 13시,수요일,부산광역시 사상구 괘법동,중상사고,0,1,0,0,차대차 - 측면직각충돌,중앙선침범,건조,맑음,단일로 - 기타,승용,남,76세,상해없음,이륜,남,40세,중상
2016120700100273,2016년 12월 7일 13시,수요일,부산광역시 기장군 정관읍,경상사고,0,0,1,0,차대차 - 측면충돌,교차로운행방법위반,건조,맑음,교차로 - 교차로안,승용,여,32세,상해없음,이륜,남,24세,경상
2016120700100292,2016년 12월 7일 14시,수요일,부산광역시 부산진구 부암동,중상사고,0,2,0,0,차대차 - 측면직각충돌,신호위반,건조,맑음,교차로 - 교차로안,승용,여,55세,상해없음,승용,남,57세,중상
2016120700100348,2016년 12월 7일 16시,수요일,부산광역시 남구 용호동,중상사고,0,1,0,0,차대차 - 기타,차로위반,건조,맑음,기타 - 기타,승용,남,62세,상해없음,이륜,남,37세,중상
2016120700100349,2016년 12월 7일 16시,수요일,부산광역시 해운대구 중동,중상사고,0,1,0,0,차대차 - 기타,기타,건조,맑음,단일로 - 기타,승용,여,51세,상해없음,이륜,남,33세,중상
2016120700100350,2016년 12월 7일 16시,수요일,부산광역시 부산진구 범천동,경상사고,0,0,1,0,차대차 - 기타,안전운전불이행,건조,맑음,단일로 - 기타,승용,남,58세,상해없음,이륜,남,42세,경상
2016120700100351,2016년 12월 7일 16시,수요일,부산광역시 연제구 연산동,중상사고,0,2,4,1,차대차 - 측면충돌,안전운전불이행,건조,맑음,단일로 - 횡단보도부근,승용,남,30세,상해없음,승합,남,59세,경상
2016120700100352,2016년 12월 7일 16시,수요일,부산광역시 연제구 거제동,경상사고,0,0,1,0,차대차 - 측면직각충돌,안전운전불이행,건조,맑음,교차로 - 교차로부근,승용,여,25세,상해없음,승용,여,48세,경상
2016120700100353,2016년 12월 7일 16시,수요일,부산광역시 사상구 모라동,경상사고,0,0,1,0,차대사람 - 길가장자리구역통행중,안전운전불이행,건조,맑음,단일로 - 기타,승용,남,56세,상해없음,보행자,남,69세,경상
2016120700100379,2016년 12월 7일 17시,수요일,부산광역시 남구 문현동,중상사고,0,1,0,0,차대사람 - 기타,보행자보호의무위반,건조,맑음,단일로 - 횡단보도상,승용,남,74세,상해없음,보행자,남,72세,중상
2016120700100380,2016년 12월 7일 17시,수요일,부산광역시 기장군 철마면,중상사고,0,1,0,0,차대차 - 기타,안전운전불이행,건조,맑음,교차로 - 교차로부근,승용,남,47세,상해없음,자전거,남,66세,중상
2016120700100420,2016년 12월 7일 18시,수요일,부산광역시 북구 덕천동,중상사고,0,1,0,0,차대사람 - 횡단중,신호위반,건조,맑음,단일로 - 기타,원동기,남,23세,상해없음,보행자,남,28세,중상