사고번호,사고일시,요일,시군구,사고내용,사망자수,중상자수,경상자수,부상신고자수,사고유형,법규위반,노면상태,기상상태,도로형태,가해운전자 차종,가해운전자 성별,가해운전자 연령,가해운전자 상해정도,피해운전자 차종,피해운전자 성별,피해운전자 연령,피해운전자 상해정도
2016120700100421,2016년 12월 7일 18시,수요일,부산광역시 북구 덕천동,중상사고,0,3,0,0,차대차 - 추돌,안전운전불이행,건조,맑음,단일로 - 기타,화물,남,67세,상해없음,원동기,남,23세,상해없음
2016120700100422,2016년 12월 7일 18시,수요일,부산광역시 동래구 명장동,경상사고,0,0,1,0,차대사람 - 길가장자리구역통행중,안전운전불이행,건조,맑음,단일로 - 기타,승용,여,30세,상해없음,보행자,남,16세,경상
2016120700100423,2016년 12월 7일 18시,수요일,부산광역시 사상구 학장동,중상사고,0,2,1,0,차대차 - 측면직각충돌,직진우회전진행방해,건조,맑음,교차로 - 교차로안,승용,남,61세,상해없음,승용,남,48세,중상
2016120700100516,2016년 12월 7일 20시,수요일,부산광역시 북구 금곡동,사망사고,1,1,0,0,차대차 - 기타,안전거리미확보,건조,맑음,단일로 - 기타,이륜,남,18세,중상,승용,남,32세,상해없음
2016120700100517,2016년 12월 7일 20시,수요일,부산광역시 해운대구 반송동,중상사고,0,1,0,0,차대사람 - 횡단중,신호위반,건조,맑음,단일로 - 횡단보도상,승용,남,62세,상해없음,보행자,여,52세,중상
2016120700100518,2016년 12월 7일 20시,수요일,부산광역시 부산진구 개금동,경상사고,0,0,1,0,차대차 - 측면충돌,안전운전불이행,건조,맑음,단일로 - 기타,승용,남,66세,상해없음,원동기,남,59세,경상
2016120700100519,2016년 12월 7일 20시,수요일,부산광역시 사하구 당리동,중상사고,0,1,0,0,차대사람 - 횡단중,보행자보호의무위반,건조,맑음,교차로 - 교차로안,승용,남,44세,상해없음,보행자,여,24세,중상
2016120700100552,2016년 12월 7일 21시,수요일,부산광역시 서구 동대신동1가,중상사고,0,1,1,0,차대차 - 측면직각충돌,안전운전불이행,건조,맑음,단일로 - 터널,승용,남,64세,상해없음,승용,남,39세,경상
2016120700100553,2016년 12월 7일 21시,수요일,부산광역시 부산진구 가야동,사망사고,1,0,0,0,차대사람 - 횡단중,안전운전불이행,건조,맑음,단일로 - 기타,승용,남,49세,상해없음,보행자,남,63세,사망
2016120700100581,2016년 12월 7일 22시,수요일,부산광역시 연제구 연산동,중상사고,0,1,0,0,차대사람 - 길가장자리구역통행중,안전운전불이행,건조,맑음,단일로 - 기타,승용,여,36세,상해없음,보행자,남,58세,중상
2016120700100601,2016년 12월 7일 23시,수요일,부산광역시 수영구 수영동,경상사고,0,0,2,0,차대차 - 추돌,안전거리미확보,건조,맑음,교차로 - 교차로부근,승용,남,43세,상해없음,승용,남,48세,경상
2016120800100024,2016년 12월 8일 01시,목요일,부산광역시 금정구 장전동,경상사고,0,0,2,0,차대차 - 측면직각충돌,기타,건조,맑음,교차로 - 교차로안,승용,여,24세,경상,승용,남,41세,경상
2016120800100043,2016년 12월 8일 02시,목요일,부산광역시 해운대구 좌동,중상사고,0,1,0,0,차대차 - 측면직각충돌,신호위반,건조,맑음,교차로 - 교차로안,승용,남,52세,상해없음,이륜,남,18세,중상
2016120800100068,2016년 12월 8일 05시,목요일,부산광역시 북구 화명동,경상사고,0,0,1,0,차대차 - 측면충돌,교차로운행방법위반,건조,맑음,교차로 - 교차로안,승합,남,42세,상해없음,이륜,남,19세,경상
2016120800100069,2016년 12월 8일 05시,목요일,부산광역시 부산진구 개금동,중상사고,0,1,0,0,차대차 - 측면충돌,교차로운행방법위반,건조,맑음,교차로 - 교차로부근,승용,남,54세,상해없음,자전거,남,62세,중상
2016120800100070,2016년 12월 8일 05시,목요일,부산광역시 사하구 신평동,중상사고,0,1,0,0,차대사람 - 횡단중,보행자보호의무위반,건조,맑음,교차로 - 교차로안,화물,남,41세,상해없음,보행자,남,63세,중상
2016120800100154,2016년 12월 8일 08시,목요일,부산광역시 사하구 장림동,중상사고,0,1,0,0,차대차 - 기타,안전운전불이행,건조,맑음,단일로 - 기타,화물,남,54세,기타불명,승합,남,61세,상해없음
2016120800100155,2016년 12월 8일 08시,목요일,부산광역시 강서구 강동동,중상사고,0,1,0,0,차대차 - 추돌,안전운전불이행,건조,맑음,교차로 - 교차로안,건설기계,남,55세,상해없음,승용,남,62세,중상
2016120800100230,2016년 12월 8일 10시,목요일,부산광역시 동구 좌천동,경상사고,0,0,3,0,차대차 - 추돌,안전거리미확보,건조,맑음,단일로 - 기타,승용,남,40세,경상,승용,남,51세,상해없음
2016120800100231,2016년 12월 8일 10시,목요일,부산광역시 사상구 덕포동,중상사고,0,1,1,0,차대차 - 측면직각충돌,신호위반,건조,맑음,단일로 - 기타,이륜,남,23세,중상,화물,여,62세,상해없음
2016120800100293,2016년 12월 8일 12시,목요일,부산광역시 수영구 남천동,부상신고사고,0,0,0,1,차대사람 - 기타,안전운전불이행,건조,맑음,단일로 - 기타,승용,여,37세,상해없음,보행자,여,53세,부상신고
2016120800100294,2016년 12월 8일 12시,목요일,부산광역시 북구 구포동,경상사고,0,0,2,1,차대사람 - 기타,안전운전불이행,건조,맑음,단일로 - 기타,특수,남,19세,상해없음,보행자,남,70세,경상
2016120800100295,2016년 12월 8일 12시,목요일,부산광역시 해운대구 반여동,경상사고,0,0,1,0,차대차 - 추돌,안전운전불이행,건조,맑음,교차로 - 교차로부근,건설기계,남,46세,상해없음,승용,여,54세,경상
2016120800100296,2016년 12월 8일 12시,목요일,부산광역시 금정구 회동동,중상사고,0,1,1,0,차대차 - 추돌,안전운전불이행,건조,맑음,단일로 - 기타,건설기계,남,54세,상해없음,화물,남,37세,중상
2016120800100297,2016년 12월 8일 12시,목요일,부산광역시 사하구 신평동,경상사고,0,0,3,0,차대차 - 기타,안전운전불이행,건조,맑음,교차로 - 교차로부근,원동기,남,15세,경상,승용,남,38세,경상
2016120800100323,2016년 12월 8일 13시,목요일,부산광역시 부산진구 초읍동,중상사고,0,1,0,0,차대차 - 기타,안전운전불이행,건조,맑음,단일로 - 기타,승용,남,57세,상해없음,자전거,남,80세,중상
2016120800100324,2016년 12월 8일 13시,목요일,부산광역시 사하구 장림동,경상사고,0,0,1,0,차대차 - 측면직각충돌,안전운전불이행,건조,맑음,교차로 - 교차로안,화물,남,42세,상해없음,승용,남,38세,경상
2016120800100347,2016년 12월 8일 14시,목요일,부산광역시 동래구 온천동,경상사고,0,0,1,0,차대차 - 측면직각충돌,신호위반,건조,맑음,교차로 - 교차로안,승용,여,57세,상해없음,화물,남,54세,경상
2016120800100348,2016년 12월 8일 14시,목요일,부산광역시 사하구 하단동,경상사고,0,0,1,0,차대차 - 측면직각충돌,안전운전불이행,건조,맑음,단일로 - 기타,승용,여,30세,상해없음,화물,남,37세,경상
2016120800100385,2016년 12월 8일 15시,목요일,부산광역시 동래구 낙민동,중상사고,0,1,0,0,차대차 - 측면직각충돌,안전거리미확보,건조,맑음,단일로 - 기타,승용,여,38세,상해없음,승용,남,30세,중상
2016120800100386,2016년 12월 8일 15시,목요일,부산광역시 사하구 장림동,경상사고,0,0,2,0,차대차 - 측면직각충돌,안전운전불이행,건조,맑음,단일로 - 기타,승용,남,33세,상해없음,승용,여,50세,경상
2016120800100415,2016년 12월 8일 16시,목요일,부산광역시 동래구 명장동,경상사고,0,0,2,0,차대차 - 추돌,안전운전불이행,건조,맑음,교차로 - 교차로안,건설기계,남,30세,경상,승합,남,52세,경상
2016120800100416,2016년 12월 8일 16시,목요일,부산광역시 사하구 감천동,경상사고,0,0,1,0,차대차 - 측면충돌,안전운전불이행,건조,맑음,기타 - 기타,승용,남,73세,상해없음,승용,남,27세,상해없음
2016120800100417,2016년 12월 8일 16시,목요일,부산광역시 사하구 괴정동,경상사고,0,0,1,0,차대차 - 기타,안전운전불이행,건조,맑음,교차로 - 교차로안,승용,남,52세,상해없음,승용,남,48세,경상
2016120800100494,2016년 12월 8일 18시,목요일,부산광역시 금정구 노포동,중상사고,0,1,0,0,차대사람 - 기타,안전운전불이행,건조,맑음,기타 - 기타,승용,남,50세,상해없음,보행자,남,42세,중상
2016120800100495,2016년 12월 8일 18시,목요일,부산광역시 사하구 다대동,경상사고,0,0,1,0,차대차 - 기타,안전운전불이행,건조,맑음,교차로 - 교차로부근,승용,여,35세,상해없음,승용,남,34세,경상
2016120800100496,2016년 12월 8일 18시,목요일,부산광역시 사상구 감전동,중상사고,0,1,0,0,차대사람 - 기타,안전운전불이행,건조,맑음,단일로 - 기타,화물,남,61세,상해없음,보행자,남,77세,중상
2016120800100546,2016년 12월 8일 19시,목요일,부산광역시 해운대구 우동,경상사고,0,0,1,0,차대사람 - 기타,안전운전불이행,건조,맑음,단일로 - 기타,기타불명,기타불명,기타불명,기타불명,보행자,남,65세,경상
2016120800100547,2016년 12월 8일 19시,목요일,부산광역시 금정구 부곡동,경상사고,0,0,1,0,차대사람 - 횡단중,안전운전불이행,건조,맑음,단일로 - 기타,승용,여,54세,상해없음,보행자,남,57세,경상
2016120800100548,2016년 12월 8일 19시,목요일,부산광역시 기장군 정관읍,중상사고,0,1,0,0,차대차 - 측면충돌,신호위반,건조,맑음,교차로 - 교차로안,승용,남,53세,상해없음,승용,남,58세,중상
2016120800100593,2016년 12월 8일 20시,목요일,부산광역시 해운대구 중동,경상사고,0,0,1,0,차대차 - 정면충돌,중앙선침범,건조,맑음,단일로 - 기타,승용,여,21세,상해없음,승용,남,36세,경상
2016120800100594,2016년 12월 8일 20시,목요일,부산광역시 사상구 괘법동,경상사고,0,0,1,0,차대차 - 측면충돌,안전운전불이행,건조,맑음,교차로 - 교차로부근,승용,남,36세,상해없음,이륜,남,59세,경상
2016120800100682,2016년 12월 8일 22시,목요일,부산광역시 부산진구 가야동,경상사고,0,0,2,0,차대차 - 측면충돌,중앙선침범,건조,맑음,단일로 - 기타,승합,남,24세,상해없음,승용,남,62세,상해없음
2016120800100683,2016년 12월 8일 22시,목요일,부산광역시 연제구 연산동,경상사고,0,0,1,0,차대차 - 추돌,안전운전불이행,건조,맑음,교차로 - 교차로안,승용,남,67세,기타불명,승합,남,29세,상해없음
2016120900100156,2016년 12월 9일 08시,금요일,부산광역시 사상구 학장동,부상신고사고,0,0,0,2,차대차 - 측면직각충돌,차로위반,건조,맑음,단일로 - 기타,승용,여,31세,부상신고,이륜,남,20세,부상신고
2016120900100181,2016년 12월 9일 09시,금요일,부산광역시 금정구 장전동,경상사고,0,0,1,0,차대차 - 측면직각충돌,신호위반,건조,맑음,교차로 - 교차로부근,승용,남,59세,상해없음,승용,여,47세,경상
2016120900100182,2016년 12월 9일 09시,금요일,부산광역시 기장군 기장읍,중상사고,0,1,0,0,차대차 - 추돌,안전운전불이행,건조,맑음,기타 - 기타,승합,남,26세,상해없음,승용,여,33세,중상
2016120900100204,2016년 12월 9일 10시,금요일,부산광역시 남구 감만동,경상사고,0,0,1,0,차대차 - 기타,안전거리미확보,건조,맑음,단일로 - 교량,특수,남,54세,상해없음,승용,여,36세,경상
2016120900100205,2016년 12월 9일 10시,금요일,부산광역시 부산진구 부암동,중상사고,0,2,0,0,차대차 - 측면충돌,안전운전불이행,건조,맑음,단일로 - 기타,원동기,남,22세,중상,승용,남,67세,중상
2016120900100206,2016년 12월 9일 10시,금요일,부산광역시 수영구 망미동,중상사고,0,1,0,0,차대사람 - 차도통행중,보행자보호의무위반,건조,맑음,교차로 - 교차로부근,승용,여,32세,상해없음,보행자,남,47세,중상
2016120900100228,2016년 12월 9일 11시,금요일,부산광역시 동래구 온천동,경상사고,0,0,1,0,차대차 - 추돌,안전거리미확보,건조,맑음,단일로 - 기타,승용,여,42세,상해없음,이륜,남,27세,경상
2016120900100229,2016년 12월 9일 11시,금요일,부산광역시 사하구 당리동,경상사고,0,0,1,0,차대사람 - 기타,안전운전불이행,건조,맑음,단일로 - 기타,승용,여,75세,상해없음,보행자,여,44세,경상
2016120900100230,2016년 12월 9일 11시,금요일,부산광역시 사상구 감전동,중상사고,0,1,0,0,차대차 - 기타,안전운전불이행,건조,맑음,단일로 - 기타,이륜,남,61세,중상,승용,남,64세,상해없음
2016120900100260,2016년 12월 9일 12시,금요일,부산광역시 수영구 광안동,경상사고,0,0,1,0,차대차 - 측면직각충돌,안전운전불이행,건조,맑음,교차로 - 교차로부근,이륜,남,36세,경상,승용,남,43세,상해없음
2016120900100287,2016년 12월 9일 13시,금요일,부산광역시 북구 구포동,경상사고,0,0,1,0,차대사람 - 기타,안전운전불이행,건조,맑음,단일로 - 기타,승용,여,48세,상해없음,보행자,남,46세,경상
2016120900100288,2016년 12월 9일 13시,금요일,부산광역시 동래구 안락동,중상사고,0,2,1,0,차대차 - 측면직각충돌,교차로운행방법위반,건조,맑음,교차로 - 교차로안,이륜,남,17세,중상,승용,남,67세,상해없음
2016120900100322,2016년 12월 9일 14시,금요일,부산광역시 사하구 하단동,중상사고,0,1,2,0,차대차 - 추돌,안전운전불이행,건조,맑음,단일로 - 기타,건설기계,남,67세,상해없음,화물,남,31세,경상
2016120900100323,2016년 12월 9일 14시,금요일,부산광역시 수영구 망미동,중상사고,0,2,0,0,차대차 - 측면직각충돌,안전운전불이행,건조,맑음,단일로 - 기타,화물,남,59세,상해없음,승용,남,58세,상해없음
2016120900100324,2016년 12월 9일 14시,금요일,부산광역시 사상구 엄궁동,경상사고,0,0,1,0,차대차 - 측면직각충돌,안전거리미확보,건조,맑음,교차로 - 교차로부근,승용,여,52세,상해없음,승용,남,33세,경상
2016120900100350,2016년 12월 9일 15시,금요일,부산광역시 동구 초량동,경상사고,0,0,1,0,차대사람 - 보도통행중,기타,건조,맑음,기타 - 기타,승용,여,31세,상해없음,보행자,남,64세,경상
2016120900100351,2016년 12월 9일 15시,금요일,부산광역시 강서구 대저2동,경상사고,0,0,1,0,차대차 - 측면직각충돌,신호위반,건조,맑음,교차로 - 교차로안,화물,남,24세,상해없음,화물,남,36세,경상
2016120900100413,2016년 12월 9일 17시,금요일,부산광역시 해운대구 중동,중상사고,0,1,0,0,차대사람 - 기타,안전운전불이행,건조,맑음,단일로 - 기타,승용,남,66세,상해없음,보행자,여,26세,중상
2016120900100452,2016년 12월 9일 18시,금요일,부산광역시 사하구 장림동,경상사고,0,0,1,0,차대차 - 기타,교차로운행방법위반,건조,맑음,교차로 - 교차로안,승용,남,53세,상해없음,승용,남,59세,경상
2016120900100514,2016년 12월 9일 19시,금요일,부산광역시 서구 동대신동2가,중상사고,0,1,0,0,차대사람 - 길가장자리구역통행중,안전운전불이행,건조,맑음,단일로 - 기타,이륜,남,18세,상해없음,보행자,여,12세,중상
2016120900100515,2016년 12월 9일 19시,금요일,부산광역시 남구 대연동,경상사고,0,0,1,0,차대사람 - 기타,안전운전불이행,건조,맑음,교차로 - 교차로부근,승용,기타불명,기타불명,기타불명,보행자,남,31세,경상
2016120900100516,2016년 12월 9일 19시,금요일,부산광역시 기장군 정관읍,경상사고,0,0,1,0,차대차 - 기타,안전운전불이행,건조,맑음,교차로 - 교차로부근,승용,남,36세,상해없음,원동기,남,34세,경상
2016120900100554,2016년 12월 9일 20시,금요일,부산광역시 중구 중앙동1가,중상사고,0,1,0,0,차대사람 - 횡단중,안전운전불이행,건조,맑음,단일로 - 기타,승용,남,39세,상해없음,보행자,남,61세,중상
2016120900100555,2016년 12월 9일 20시,금요일,부산광역시 동구 범일동,중상사고,0,1,0,0,차대차 - 기타,교차로운행방법위반,건조,맑음,교차로 - 교차로안,특수,남,49세,상해없음,승용,남,47세,중상
2016120900100556,2016년 12월 9일 20시,금요일,부산광역시 수영구 망미동,중상사고,0,1,0,0,차대차 - 측면충돌,안전운전불이행,건조,맑음,교차로 - 교차로안,승용,남,64세,상해없음,이륜,남,49세,중상
2016120900100590,2016년 12월 9일 21시,금요일,부산광역시 해운대구 중동,경상사고,0,0,1,0,차대차 - 측면직각충돌,안전운전불이행,건조,맑음,교차로 - 교차로부근,승용,남,58세,상해없음,원동기,남,25세,경상
2016120900100659,2016년 12월 9일 23시,금요일,부산광역시 남구 대연동,중상사고,0,2,2,0,차대차 - 정면충돌,신호위반,건조,맑음,교차로 - 교차로부근,승용,남,65세,중상,승용,남,23세,중상
2016120900100660,2016년 12월 9일 23시,금요일,부산광역시 남구 용호동,경상사고,0,0,1,0,차대차 - 측면충돌,안전운전불이행,건조,맑음,단일로 - 기타,원동기,남,31세,상해없음,자전거,남,46세,경상
2016120900100661,2016년 12월 9일 23시,금요일,부산광역시 사하구 괴정동,경상사고,0,0,1,0,차대사람 - 기타,안전운전불이행,건조,맑음,단일로 - 기타,승용,남,58세,상해없음,보행자,남,56세,경상
2016121000100024,2016년 12월 10일 01시,토요일,부산광역시 북구 만덕동,부상신고사고,0,0,0,1,차량단독 - 공작물충돌,안전운전불이행,건조,맑음,교차로 - 교차로부근,승용,남,45세,부상신고,,,,
2016121000100025,2016년 12월 10일 01시,토요일,부산광역시 동래구 온천동,중상사고,0,1,0,0,차대차 - 추돌,안전운전불이행,건조,맑음,단일로 - 기타,승용,남,30세,상해없음,원동기,남,21세,중상
2016121000100026,2016년 12월 10일 01시,토요일,부산광역시 해운대구 반여동,경상사고,0,0,1,0,차대사람 - 기타,안전운전불이행,건조,맑음,단일로 - 기타,승용,남,55세,상해없음,보행자,남,32세,경상
2016121000100027,2016년 12월 10일 01시,토요일,부산광역시 사상구 학장동,부상신고사고,0,0,0,1,차량단독 - 전도전복,안전운전불이행,건조,맑음,교차로 - 교차로안,승용,남,49세,부상신고,,,,
2016121000100045,2016년 12월 10일 02시,토요일,부산광역시 사상구 주례동,경상사고,0,0,1,0,차대차 - 측면충돌,안전운전불이행,건조,맑음,교차로 - 교차로안,승용,남,66세,상해없음,이륜,남,26세,경상
2016121000100057,2016년 12월 10일 03시,토요일,부산광역시 부산진구 부전동,경상사고,0,0,1,1,차대차 - 정면충돌,신호위반,건조,맑음,교차로 - 교차로안,승용,남,35세,상해없음,승용,남,52세,부상신고
2016121000100058,2016년 12월 10일 03시,토요일,부산광역시 부산진구 부전동,경상사고,0,0,2,0,차대차 - 기타,안전운전불이행,건조,맑음,단일로 - 기타,승용,남,42세,상해없음,승용,남,37세,경상
2016121000100086,2016년 12월 10일 06시,토요일,부산광역시 영도구 청학동,경상사고,0,0,1,0,차대차 - 추돌,중앙선침범,건조,맑음,단일로 - 기타,승용,여,48세,상해없음,원동기,남,42세,경상
2016121000100114,2016년 12월 10일 07시,토요일,부산광역시 해운대구 반여동,중상사고,0,1,0,0,차대차 - 측면직각충돌,기타,건조,맑음,교차로 - 교차로안,이륜,여,57세,중상,화물,남,63세,상해없음
2016121000100129,2016년 12월 10일 08시,토요일,부산광역시 사하구 감천동,경상사고,0,0,1,0,차대차 - 정면충돌,안전운전불이행,건조,맑음,단일로 - 기타,승용,남,22세,상해없음,승용,남,38세,경상
2016121000100130,2016년 12월 10일 08시,토요일,부산광역시 사상구 덕포동,부상신고사고,0,0,0,1,차대차 - 측면직각충돌,안전운전불이행,건조,맑음,교차로 - 교차로안,이륜,여,27세,부상신고,화물,남,40세,상해없음
2016121000100151,2016년 12월 10일 09시,토요일,부산광역시 해운대구 반송동,경상사고,0,0,3,1,차대차 - 측면직각충돌,안전운전불이행,건조,맑음,단일로 - 기타,승용,여,59세,부상신고,승용,남,72세,경상
2016121000100152,2016년 12월 10일 09시,토요일,부산광역시 부산진구 부전동,중상사고,0,1,0,0,차대차 - 기타,안전운전불이행,기타,맑음,단일로 - 기타,승용,기타불명,기타불명,기타불명,원동기,남,57세,중상
2016121000100153,2016년 12월 10일 09시,토요일,부산광역시 수영구 수영동,중상사고,0,1,0,0,차대차 - 측면충돌,안전운전불이행,건조,맑음,교차로 - 교차로안,자전거,남,74세,중상,승용,여,36세,상해없음
2016121000100179,2016년 12월 10일 10시,토요일,부산광역시 동래구 온천동,경상사고,0,0,2,0,차대차 - 추돌,안전거리미확보,건조,맑음,단일로 - 기타,건설기계,남,51세,기타불명,승용,남,28세,경상
2016121000100180,2016년 12월 10일 10시,토요일,부산광역시 연제구 연산동,중상사고,0,1,0,0,차대사람 - 횡단중,안전운전불이행,건조,맑음,단일로 - 횡단보도상,자전거,남,12세,상해없음,보행자,여,52세,중상
2016121000100214,2016년 12월 10일 11시,토요일,부산광역시 북구 만덕동,경상사고,0,0,2,0,차대차 - 추돌,안전운전불이행,건조,맑음,단일로 - 기타,승용,남,36세,상해없음,승용,여,33세,경상
2016121000100215,2016년 12월 10일 11시,토요일,부산광역시 연제구 거제동,중상사고,0,1,2,0,차대차 - 추돌,신호위반,건조,맑음,교차로 - 교차로안,승용,남,49세,상해없음,승용,남,26세,경상
2016121000100238,2016년 12월 10일 12시,토요일,부산광역시 사상구 모라동,경상사고,0,0,2,0,차대차 - 측면직각충돌,안전운전불이행,건조,맑음,교차로 - 교차로부근,이륜,남,25세,경상,화물,남,52세,경상
2016121000100271,2016년 12월 10일 13시,토요일,부산광역시 수영구 광안동,경상사고,0,0,1,0,차대차 - 추돌,안전거리미확보,건조,맑음,단일로 - 기타,승용,여,25세,상해없음,승용,남,47세,경상
2016121000100272,2016년 12월 10일 13시,토요일,부산광역시 금정구 남산동,경상사고,0,0,1,0,차대차 - 추돌,안전거리미확보,건조,맑음,교차로 - 교차로안,승용,여,45세,상해없음,원동기,남,25세,경상
2016121000100306,2016년 12월 10일 14시,토요일,부산광역시 북구 구포동,중상사고,0,1,0,0,차대사람 - 기타,안전운전불이행,건조,맑음,단일로 - 기타,자전거,남,25세,상해없음,보행자,여,66세,중상
2016121000100307,2016년 12월 10일 14시,토요일,부산광역시 북구 덕천동,경상사고,0,0,2,0,차대차 - 기타,안전거리미확보,건조,맑음,단일로 - 기타,승용,남,29세,상해없음,승용,남,30세,경상
2016121000100345,2016년 12월 10일 15시,토요일,부산광역시 해운대구 우동,부상신고사고,0,0,0,1,차대차 - 측면직각충돌,안전운전불이행,건조,맑음,단일로 - 기타,건설기계,남,65세,상해없음,승용,남,32세,부상신고
2016121000100346,2016년 12월 10일 15시,토요일,부산광역시 부산진구 양정동,부상신고사고,0,0,0,1,차대사람 - 횡단중,안전운전불이행,건조,맑음,단일로 - 기타,승용,여,53세,상해없음,보행자,여,63세,부상신고
2016121000100347,2016년 12월 10일 15시,토요일,부산광역시 강서구 녹산동,경상사고,0,0,2,0,차대차 - 추돌,안전운전불이행,건조,맑음,단일로 - 기타,화물,남,53세,상해없음,승용,남,63세,경상
2016121000100377,2016년 12월 10일 16시,토요일,부산광역시 북구 만덕동,경상사고,0,0,1,0,차대차 - 추돌,안전운전불이행,건조,맑음,교차로 - 교차로부근,건설기계,남,51세,상해없음,승용,여,62세,경상
2016121000100447,2016년 12월 10일 18시,토요일,부산광역시 중구 창선동1가,경상사고,0,0,1,0,차대사람 - 기타,안전운전불이행,건조,맑음,단일로 - 기타,승용,남,53세,상해없음,보행자,남,33세,경상
2016121000100448,2016년 12월 10일 18시,토요일,부산광역시 서구 충무동1가,경상사고,0,0,1,0,차대사람 - 횡단중,안전운전불이행,건조,맑음,단일로 - 횡단보도상,승용,남,59세,상해없음,보행자,남,74세,경상
2016121000100449,2016년 12월 10일 18시,토요일,부산광역시 해운대구 좌동,경상사고,0,0,1,0,차대차 - 추돌,안전거리미확보,건조,맑음,교차로 - 교차로부근,승용,여,53세,상해없음,승용,여,52세,경상
2016121000100450,2016년 12월 10일 18시,토요일,부산광역시 사하구 장림동,부상신고사고,0,0,0,1,차대사람 - 횡단중,안전운전불이행,건조,맑음,교차로 - 교차로안,원동기,남,60세,부상신고,보행자,남,42세,상해없음
2016121000100451,2016년 12월 10일 18시,토요일,부산광역시 강서구 명지동,중상사고,0,1,0,0,차대차 - 측면충돌,신호위반,건조,맑음,교차로 - 교차로안,승용,여,54세,상해없음,이륜,남,18세,중상
2016121000100497,2016년 12월 10일 19시,토요일,부산광역시 북구 구포동,경상사고,0,0,2,0,차대차 - 추돌,안전운전불이행,건조,맑음,단일로 - 기타,승용,남,20세,상해없음,화물,남,32세,경상
2016121000100535,2016년 12월 10일 20시,토요일,부산광역시 동래구 복천동,경상사고,0,0,1,0,차대차 - 측면충돌,중앙선침범,건조,맑음,단일로 - 기타,승용,여,46세,상해없음,원동기,남,27세,경상
2016121000100536,2016년 12월 10일 20시,토요일,부산광역시 해운대구 우동,경상사고,0,0,1,0,차대차 - 정면충돌,중앙선침범,건조,맑음,단일로 - 기타,승용,남,23세,상해없음,승용,남,56세,경상
2016121000100562,2016년 12월 10일 21시,토요일,부산광역시 해운대구 우동,경상사고,0,0,1,0,차대사람 - 횡단중,안전운전불이행,건조,맑음,단일로 - 기타,승용,남,64세,상해없음,보행자,여,59세,경상
2016121000100563,2016년 12월 10일 21시,토요일,부산광역시 사상구 덕포동,중상사고,0,1,0,0,차대차 - 측면직각충돌,차로위반,건조,맑음,단일로 - 기타,승용,남,66세,상해없음,이륜,남,20세,중상
2016121000100594,2016년 12월 10일 22시,토요일,부산광역시 사하구 괴정동,부상신고사고,0,0,0,1,차대사람 - 횡단중,안전운전불이행,건조,맑음,교차로 - 교차로부근,승용,여,38세,상해없음,보행자,남,53세,부상신고
2016121100100004,2016년 12월 11일 00시,일요일,부산광역시 부산진구 범천동,중상사고,0,1,1,0,차대차 - 기타,차로위반,건조,맑음,단일로 - 기타,승용,남,34세,상해없음,승용,남,57세,경상
2016121100100063,2016년 12월 11일 03시,일요일,부산광역시 해운대구 우동,부상신고사고,0,0,0,1,차대차 - 정면충돌,안전운전불이행,건조,맑음,단일로 - 기타,승용,남,40세,상해없음,승용,남,40세,부상신고
2016121100100074,2016년 12월 11일 04시,일요일,부산광역시 동구 범일동,경상사고,0,0,1,0,차대차 - 기타,안전운전불이행,건조,맑음,교차로 - 교차로안,승용,남,51세,상해없음,승용,남,50세,경상
2016121100100075,2016년 12월 11일 04시,일요일,부산광역시 금정구 부곡동,중상사고,0,1,0,0,차대사람 - 횡단중,보행자보호의무위반,건조,맑음,단일로 - 기타,승용,남,74세,상해없음,보행자,남,25세,중상
2016121100100092,2016년 12월 11일 06시,일요일,부산광역시 금정구 서동,경상사고,0,0,1,0,차대차 - 측면직각충돌,신호위반,건조,맑음,교차로 - 교차로안,승용,남,56세,상해없음,원동기,남,69세,경상
2016121100100103,2016년 12월 11일 07시,일요일,부산광역시 사하구 장림동,경상사고,0,0,1,0,차대차 - 기타,교차로운행방법위반,건조,맑음,단일로 - 기타,승용,여,24세,상해없음,승용,남,62세,경상
2016121100100146,2016년 12월 11일 10시,일요일,부산광역시 동구 좌천동,경상사고,0,0,1,0,차대차 - 측면충돌,교차로운행방법위반,건조,맑음,교차로 - 교차로안,승용,남,44세,상해없음,원동기,남,40세,경상
2016121100100174,2016년 12월 11일 11시,일요일,부산광역시 금정구 장전동,경상사고,0,0,1,0,차대차 - 기타,차로위반,건조,맑음,교차로 - 교차로부근,승용,남,60세,경상,승용,여,40세,상해없음
2016121100100198,2016년 12월 11일 12시,일요일,부산광역시 중구 보수동3가,중상사고,0,1,0,0,차대사람 - 보도통행중,보행자보호의무위반,건조,맑음,단일로 - 횡단보도상,화물,남,54세,상해없음,보행자,남,79세,중상
2016121100100200,2016년 12월 11일 12시,일요일,부산광역시 해운대구 중동,중상사고,0,1,0,0,차대차 - 측면직각충돌,안전거리미확보,건조,맑음,단일로 - 기타,승합,남,54세,상해없음,자전거,남,73세,중상
2016121100100201,2016년 12월 11일 12시,일요일,부산광역시 금정구 부곡동,중상사고,0,1,0,0,차대사람 - 횡단중,안전운전불이행,건조,맑음,교차로 - 교차로안,승용,남,46세,상해없음,보행자,남,36세,중상
2016121100100202,2016년 12월 11일 12시,일요일,부산광역시 기장군 기장읍,경상사고,0,0,3,0,차대차 - 기타,안전거리미확보,건조,맑음,단일로 - 기타,승합,남,57세,상해없음,승용,남,34세,경상