사고번호,사고일시,요일,시군구,사고내용,사망자수,중상자수,경상자수,부상신고자수,사고유형,법규위반,노면상태,기상상태,도로형태,가해운전자 차종,가해운전자 성별,가해운전자 연령,가해운전자 상해정도,피해운전자 차종,피해운전자 성별,피해운전자 연령,피해운전자 상해정도
2016121800100444,2016년 12월 18일 22시,일요일,부산광역시 동래구 안락동,경상사고,0,0,1,0,차대차 - 측면직각충돌,안전운전불이행,건조,맑음,교차로 - 교차로안,승용,남,38세,상해없음,승용,남,30세,경상
2016121800100445,2016년 12월 18일 22시,일요일,부산광역시 부산진구 당감동,경상사고,0,0,1,0,차대차 - 추돌,안전운전불이행,건조,맑음,단일로 - 기타,승용,남,33세,상해없음,승용,남,50세,경상
2016121800100446,2016년 12월 18일 22시,일요일,부산광역시 사상구 괘법동,경상사고,0,0,2,0,차대차 - 측면직각충돌,신호위반,건조,맑음,교차로 - 교차로안,승용,남,22세,상해없음,승용,남,40세,경상
2016121800100447,2016년 12월 18일 22시,일요일,부산광역시 북구 구포동,경상사고,0,0,2,0,차대차 - 추돌,안전운전불이행,건조,맑음,단일로 - 기타,승용,남,41세,상해없음,승용,남,30세,경상
2016121800100469,2016년 12월 18일 23시,일요일,부산광역시 사하구 하단동,경상사고,0,0,1,0,차대차 - 측면직각충돌,기타,건조,기타,교차로 - 교차로안,승용,남,24세,상해없음,이륜,남,26세,경상
2016121900100004,2016년 12월 19일 00시,월요일,부산광역시 부산진구 양정동,중상사고,0,1,0,0,차대차 - 측면충돌,안전거리미확보,건조,맑음,단일로 - 기타,승용,남,52세,상해없음,원동기,남,22세,중상
2016121900100022,2016년 12월 19일 02시,월요일,부산광역시 동래구 온천동,경상사고,0,0,1,0,차대차 - 추돌,안전운전불이행,건조,맑음,단일로 - 기타,승용,남,28세,상해없음,승용,여,60세,경상
2016121900100049,2016년 12월 19일 05시,월요일,부산광역시 해운대구 반여동,경상사고,0,0,1,0,차대사람 - 기타,안전운전불이행,습기,비,단일로 - 기타,승용,여,58세,상해없음,보행자,남,44세,경상
2016121900100071,2016년 12월 19일 06시,월요일,부산광역시 중구 영주동,경상사고,0,0,2,0,차대차 - 측면직각충돌,중앙선침범,습기,비,미분류 - 미분류,화물,남,26세,상해없음,승용,남,65세,경상
2016121900100072,2016년 12월 19일 06시,월요일,부산광역시 수영구 광안동,경상사고,0,0,1,0,차대사람 - 차도통행중,안전운전불이행,습기,비,교차로 - 교차로부근,승용,남,51세,상해없음,보행자,여,54세,경상
2016121900100128,2016년 12월 19일 08시,월요일,부산광역시 서구 남부민동,경상사고,0,0,2,0,차대차 - 측면직각충돌,중앙선침범,습기,비,단일로 - 기타,승용,남,23세,상해없음,승합,남,55세,경상
2016121900100129,2016년 12월 19일 08시,월요일,부산광역시 북구 만덕동,중상사고,0,1,0,0,차대사람 - 횡단중,안전운전불이행,건조,맑음,단일로 - 기타,승용,남,35세,상해없음,보행자,남,13세,중상
2016121900100130,2016년 12월 19일 08시,월요일,부산광역시 영도구 동삼동,경상사고,0,0,1,0,차량단독 - 공작물충돌,안전운전불이행,습기,흐림,단일로 - 기타,승용,남,56세,상해없음,,,,
2016121900100131,2016년 12월 19일 08시,월요일,부산광역시 연제구 연산동,경상사고,0,0,2,0,차대차 - 추돌,안전운전불이행,건조,맑음,단일로 - 기타,승용,남,48세,상해없음,화물,남,62세,경상
2016121900100167,2016년 12월 19일 09시,월요일,부산광역시 부산진구 양정동,중상사고,0,1,0,0,차대차 - 기타,안전운전불이행,건조,맑음,단일로 - 기타,이륜,남,54세,중상,화물,남,58세,상해없음
2016121900100219,2016년 12월 19일 11시,월요일,부산광역시 사상구 감전동,경상사고,0,0,2,0,차대차 - 측면충돌,안전거리미확보,건조,맑음,단일로 - 기타,승용,남,24세,상해없음,승합,남,61세,경상
2016121900100243,2016년 12월 19일 12시,월요일,부산광역시 부산진구 가야동,중상사고,0,1,0,0,차대차 - 측면직각충돌,교차로운행방법위반,습기,비,교차로 - 교차로안,화물,남,50세,상해없음,원동기,남,33세,중상
2016121900100269,2016년 12월 19일 13시,월요일,부산광역시 연제구 연산동,경상사고,0,0,1,0,차대사람 - 차도통행중,안전운전불이행,건조,맑음,단일로 - 기타,승용,남,63세,상해없음,보행자,남,56세,경상
2016121900100295,2016년 12월 19일 14시,월요일,부산광역시 동구 초량동,경상사고,0,0,1,0,차대사람 - 기타,안전운전불이행,습기,비,단일로 - 기타,화물,남,40세,상해없음,보행자,남,66세,경상
2016121900100296,2016년 12월 19일 14시,월요일,부산광역시 부산진구 개금동,경상사고,0,0,1,0,차대사람 - 기타,안전운전불이행,건조,맑음,단일로 - 기타,승용,남,61세,상해없음,보행자,남,61세,경상
2016121900100297,2016년 12월 19일 14시,월요일,부산광역시 연제구 거제동,중상사고,0,1,0,0,차대사람 - 횡단중,보행자보호의무위반,건조,맑음,교차로 - 교차로부근,화물,남,48세,상해없음,보행자,여,77세,중상
2016121900100328,2016년 12월 19일 15시,월요일,부산광역시 중구 영주동,경상사고,0,0,1,0,차대차 - 측면직각충돌,중앙선침범,습기,비,미분류 - 미분류,승용,남,46세,상해없음,승용,여,50세,경상
2016121900100329,2016년 12월 19일 15시,월요일,부산광역시 동래구 수안동,경상사고,0,0,1,0,차대차 - 추돌,안전거리미확보,습기,비,단일로 - 기타,승용,남,57세,상해없음,승용,여,53세,경상
2016121900100330,2016년 12월 19일 15시,월요일,부산광역시 부산진구 부전동,경상사고,0,0,1,0,차대사람 - 길가장자리구역통행중,안전운전불이행,습기,비,단일로 - 기타,승용,남,31세,상해없음,보행자,남,72세,경상
2016121900100331,2016년 12월 19일 15시,월요일,부산광역시 금정구 서동,중상사고,0,1,0,0,차대사람 - 횡단중,안전운전불이행,건조,맑음,단일로 - 기타,화물,남,52세,상해없음,보행자,여,46세,중상
2016121900100332,2016년 12월 19일 15시,월요일,부산광역시 사상구 괘법동,경상사고,0,0,3,0,차대차 - 측면직각충돌,교차로운행방법위반,습기,비,교차로 - 교차로안,승용,남,61세,상해없음,승용,남,64세,상해없음
2016121900100358,2016년 12월 19일 16시,월요일,부산광역시 동구 초량동,경상사고,0,0,1,0,차대사람 - 기타,안전운전불이행,습기,비,교차로 - 교차로부근,승용,여,46세,상해없음,보행자,여,47세,경상
2016121900100359,2016년 12월 19일 16시,월요일,부산광역시 영도구 동삼동,중상사고,0,1,0,0,차대차 - 측면직각충돌,중앙선침범,습기,비,단일로 - 기타,승용,남,58세,상해없음,승용,남,64세,중상
2016121900100360,2016년 12월 19일 16시,월요일,부산광역시 영도구 남항동1가,중상사고,0,2,0,0,차대차 - 기타,중앙선침범,습기,비,단일로 - 기타,승용,남,53세,상해없음,승용,남,57세,중상
2016121900100361,2016년 12월 19일 16시,월요일,부산광역시 사하구 다대동,경상사고,0,0,4,0,차대차 - 기타,신호위반,건조,맑음,교차로 - 교차로안,화물,남,59세,상해없음,승용,남,33세,경상
2016121900100362,2016년 12월 19일 16시,월요일,부산광역시 강서구 송정동,중상사고,0,1,0,0,차대차 - 기타,안전거리미확보,건조,맑음,단일로 - 기타,승합,남,50세,상해없음,승용,여,28세,중상
2016121900100399,2016년 12월 19일 17시,월요일,부산광역시 해운대구 반여동,중상사고,0,1,0,0,차대사람 - 횡단중,보행자보호의무위반,건조,흐림,교차로 - 교차로부근,승용,남,56세,상해없음,보행자,남,56세,중상
2016121900100400,2016년 12월 19일 17시,월요일,부산광역시 사하구 다대동,경상사고,0,0,1,0,차대사람 - 기타,신호위반,건조,맑음,교차로 - 교차로안,원동기,남,45세,상해없음,보행자,여,15세,경상
2016121900100401,2016년 12월 19일 17시,월요일,부산광역시 사상구 주례동,중상사고,0,1,0,0,차대사람 - 차도통행중,신호위반,건조,맑음,교차로 - 교차로안,승합,여,55세,상해없음,보행자,남,65세,중상
2016121900100444,2016년 12월 19일 18시,월요일,부산광역시 영도구 대교동2가,경상사고,0,0,1,0,차대사람 - 기타,안전운전불이행,습기,비,교차로 - 교차로부근,승용,여,40세,상해없음,보행자,남,54세,경상
2016121900100445,2016년 12월 19일 18시,월요일,부산광역시 부산진구 범천동,중상사고,0,1,0,0,차대사람 - 횡단중,보행자보호의무위반,습기,비,단일로 - 기타,화물,남,66세,상해없음,보행자,남,47세,중상
2016121900100491,2016년 12월 19일 19시,월요일,부산광역시 동래구 온천동,중상사고,0,1,0,0,차대사람 - 보도통행중,보행자보호의무위반,습기,비,단일로 - 기타,화물,남,46세,상해없음,보행자,남,58세,중상
2016121900100492,2016년 12월 19일 19시,월요일,부산광역시 부산진구 부전동,경상사고,0,0,3,0,차대차 - 측면충돌,신호위반,습기,비,교차로 - 교차로안,승용,여,38세,상해없음,승용,여,46세,경상
2016121900100531,2016년 12월 19일 20시,월요일,부산광역시 중구 남포동2가,경상사고,0,0,3,0,차대차 - 기타,안전운전불이행,습기,비,교차로 - 교차로부근,승용,남,18세,상해없음,승용,남,61세,상해없음
2016121900100532,2016년 12월 19일 20시,월요일,부산광역시 북구 화명동,중상사고,0,1,2,0,차대차 - 추돌,차로위반,습기,비,단일로 - 기타,승용,남,58세,상해없음,승용,남,21세,중상
2016121900100533,2016년 12월 19일 20시,월요일,부산광역시 동래구 온천동,중상사고,0,1,0,0,차대사람 - 차도통행중,안전운전불이행,습기,비,교차로 - 교차로안,승용,남,61세,상해없음,보행자,여,55세,중상
2016121900100549,2016년 12월 19일 21시,월요일,부산광역시 동구 초량동,경상사고,0,0,2,0,차대차 - 기타,중앙선침범,습기,비,단일로 - 기타,승용,남,50세,상해없음,승용,남,40세,경상
2016121900100550,2016년 12월 19일 21시,월요일,부산광역시 부산진구 부전동,경상사고,0,0,1,0,차대차 - 측면직각충돌,안전운전불이행,건조,맑음,단일로 - 기타,승용,남,47세,상해없음,이륜,남,29세,경상
2016121900100551,2016년 12월 19일 21시,월요일,부산광역시 사하구 다대동,경상사고,0,0,1,0,차량단독 - 기타,기타,건조,맑음,단일로 - 기타,승용,남,63세,상해없음,,,,
2016121900100575,2016년 12월 19일 22시,월요일,부산광역시 동구 초량동,경상사고,0,0,1,0,차대차 - 기타,교차로운행방법위반,습기,비,교차로 - 교차로안,승용,남,55세,상해없음,승용,여,43세,경상
2016121900100576,2016년 12월 19일 22시,월요일,부산광역시 북구 화명동,경상사고,0,0,1,0,차대사람 - 기타,신호위반,습기,비,단일로 - 횡단보도상,이륜,남,16세,상해없음,보행자,남,24세,경상
2016121900100577,2016년 12월 19일 22시,월요일,부산광역시 사상구 삼락동,경상사고,0,0,1,0,차대차 - 측면충돌,안전운전불이행,습기,비,단일로 - 기타,승용,남,55세,상해없음,승용,남,64세,경상
2016121900100610,2016년 12월 19일 23시,월요일,부산광역시 부산진구 부전동,경상사고,0,0,1,0,차대차 - 기타,안전거리미확보,습기,비,단일로 - 기타,승용,남,25세,상해없음,승용,남,61세,상해없음
2016121900100611,2016년 12월 19일 23시,월요일,부산광역시 금정구 구서동,중상사고,0,1,0,2,차대차 - 측면충돌,기타,건조,맑음,교차로 - 교차로안,승용,남,31세,상해없음,승용,남,55세,상해없음
2016122000100041,2016년 12월 20일 03시,화요일,부산광역시 부산진구 전포동,중상사고,0,1,1,0,차대차 - 측면충돌,신호위반,습기,비,교차로 - 교차로안,화물,남,23세,상해없음,승용,남,50세,경상
2016122000100050,2016년 12월 20일 04시,화요일,부산광역시 강서구 송정동,중상사고,0,3,0,0,차대차 - 측면직각충돌,신호위반,습기,비,교차로 - 교차로안,승용,남,35세,상해없음,화물,남,34세,중상
2016122000100068,2016년 12월 20일 06시,화요일,부산광역시 서구 충무동1가,중상사고,0,1,0,0,차대차 - 기타,안전운전불이행,습기,흐림,단일로 - 횡단보도부근,자전거,남,76세,중상,승용,남,73세,상해없음
2016122000100069,2016년 12월 20일 06시,화요일,부산광역시 영도구 동삼동,경상사고,0,0,2,0,차대차 - 측면직각충돌,교차로운행방법위반,건조,맑음,교차로 - 교차로안,화물,남,61세,상해없음,승합,남,24세,경상
2016122000100070,2016년 12월 20일 06시,화요일,부산광역시 부산진구 가야동,경상사고,0,0,1,0,차대차 - 측면충돌,신호위반,건조,흐림,교차로 - 교차로안,화물,남,55세,상해없음,승용,남,49세,경상
2016122000100096,2016년 12월 20일 07시,화요일,부산광역시 기장군 장안읍,중상사고,0,1,0,0,차대차 - 측면충돌,신호위반,건조,맑음,교차로 - 교차로안,화물,남,64세,상해없음,원동기,남,80세,중상
2016122000100115,2016년 12월 20일 08시,화요일,부산광역시 중구 중앙동4가,경상사고,0,0,1,0,차대사람 - 차도통행중,안전운전불이행,건조,맑음,단일로 - 기타,승용,남,58세,상해없음,보행자,남,51세,경상
2016122000100116,2016년 12월 20일 08시,화요일,부산광역시 중구 영주동,중상사고,0,1,1,0,차대차 - 측면충돌,중앙선침범,습기,맑음,미분류 - 미분류,승용,여,52세,상해없음,승용,남,36세,중상
2016122000100117,2016년 12월 20일 08시,화요일,부산광역시 사하구 신평동,중상사고,0,1,0,0,차대차 - 측면충돌,안전운전불이행,건조,맑음,교차로 - 교차로안,승용,여,44세,상해없음,이륜,여,34세,중상
2016122000100118,2016년 12월 20일 08시,화요일,부산광역시 연제구 연산동,중상사고,0,1,0,0,차대차 - 측면충돌,안전운전불이행,건조,흐림,교차로 - 교차로안,승용,여,45세,상해없음,원동기,남,25세,중상
2016122000100153,2016년 12월 20일 09시,화요일,부산광역시 수영구 광안동,경상사고,0,0,1,0,차대차 - 정면충돌,안전운전불이행,건조,맑음,단일로 - 기타,승합,여,26세,상해없음,이륜,남,55세,경상
2016122000100154,2016년 12월 20일 09시,화요일,부산광역시 금정구 금사동,경상사고,0,0,1,0,차대차 - 측면직각충돌,직진우회전진행방해,건조,맑음,교차로 - 교차로안,승용,남,56세,상해없음,승용,여,40세,경상
2016122000100155,2016년 12월 20일 09시,화요일,부산광역시 사하구 신평동,경상사고,0,0,1,1,차대차 - 추돌,안전거리미확보,건조,맑음,단일로 - 기타,승용,남,64세,경상,화물,남,48세,상해없음
2016122000100156,2016년 12월 20일 09시,화요일,부산광역시 강서구 명지동,경상사고,0,0,1,0,차대사람 - 기타,안전운전불이행,건조,맑음,단일로 - 기타,승용,남,51세,상해없음,보행자,남,37세,경상
2016122000100238,2016년 12월 20일 11시,화요일,부산광역시 수영구 남천동,중상사고,0,1,0,0,차대사람 - 차도통행중,안전운전불이행,건조,맑음,단일로 - 기타,화물,남,68세,상해없음,보행자,여,70세,중상
2016122000100239,2016년 12월 20일 11시,화요일,부산광역시 금정구 장전동,중상사고,0,1,0,0,차대차 - 추돌,안전운전불이행,건조,맑음,단일로 - 기타,승용,남,32세,상해없음,자전거,남,43세,중상
2016122000100240,2016년 12월 20일 11시,화요일,부산광역시 사하구 다대동,경상사고,0,0,1,0,차대차 - 기타,안전운전불이행,건조,맑음,단일로 - 기타,승용,여,61세,상해없음,화물,남,35세,경상
2016122000100241,2016년 12월 20일 11시,화요일,부산광역시 강서구 송정동,경상사고,0,0,2,0,차대차 - 기타,안전운전불이행,건조,맑음,단일로 - 기타,화물,남,35세,상해없음,승용,여,43세,경상
2016122000100271,2016년 12월 20일 12시,화요일,부산광역시 동구 범일동,중상사고,0,1,0,0,차대차 - 기타,안전운전불이행,건조,맑음,단일로 - 기타,승용,남,71세,상해없음,자전거,남,80세,중상
2016122000100272,2016년 12월 20일 12시,화요일,부산광역시 동래구 명륜동,경상사고,0,0,1,0,차대사람 - 차도통행중,안전운전불이행,건조,맑음,단일로 - 기타,승용,남,80세,상해없음,보행자,여,29세,경상
2016122000100273,2016년 12월 20일 12시,화요일,부산광역시 부산진구 부암동,사망사고,1,0,0,0,차량단독 - 기타,안전운전불이행,건조,맑음,단일로 - 기타,이륜,남,65세,사망,,,,
2016122000100317,2016년 12월 20일 14시,화요일,부산광역시 서구 서대신동2가,중상사고,0,1,0,0,차대사람 - 횡단중,안전운전불이행,건조,맑음,교차로 - 교차로부근,승용,여,46세,상해없음,보행자,여,70세,중상
2016122000100318,2016년 12월 20일 14시,화요일,부산광역시 북구 금곡동,중상사고,0,1,0,0,차대사람 - 기타,안전운전불이행,건조,맑음,단일로 - 기타,승용,남,55세,기타불명,보행자,남,10세,중상
2016122000100359,2016년 12월 20일 15시,화요일,부산광역시 남구 용호동,경상사고,0,0,1,0,차대차 - 측면직각충돌,신호위반,건조,맑음,교차로 - 교차로안,이륜,남,71세,상해없음,승용,남,44세,경상
2016122000100360,2016년 12월 20일 15시,화요일,부산광역시 부산진구 부전동,경상사고,0,0,1,0,차대사람 - 기타,안전운전불이행,건조,맑음,단일로 - 기타,승용,여,24세,상해없음,보행자,여,74세,경상
2016122000100392,2016년 12월 20일 16시,화요일,부산광역시 남구 대연동,경상사고,0,0,1,0,차대차 - 추돌,안전운전불이행,건조,맑음,단일로 - 기타,이륜,남,17세,상해없음,승용,남,58세,상해없음
2016122000100430,2016년 12월 20일 17시,화요일,부산광역시 동구 수정동,중상사고,0,1,0,0,차대사람 - 횡단중,보행자보호의무위반,건조,맑음,단일로 - 횡단보도상,화물,기타불명,기타불명,기타불명,보행자,여,18세,중상
2016122000100431,2016년 12월 20일 17시,화요일,부산광역시 남구 용호동,경상사고,0,0,1,0,차대사람 - 차도통행중,신호위반,건조,맑음,교차로 - 교차로안,승용,여,49세,상해없음,보행자,여,18세,경상
2016122000100432,2016년 12월 20일 17시,화요일,부산광역시 연제구 연산동,경상사고,0,0,1,0,차대차 - 기타,안전거리미확보,건조,맑음,단일로 - 기타,승합,남,43세,상해없음,승용,여,52세,상해없음
2016122000100467,2016년 12월 20일 18시,화요일,부산광역시 동구 범일동,중상사고,0,1,0,0,차대사람 - 기타,안전운전불이행,건조,맑음,단일로 - 기타,화물,남,52세,상해없음,보행자,여,69세,중상
2016122000100468,2016년 12월 20일 18시,화요일,부산광역시 남구 감만동,중상사고,0,1,0,0,차대사람 - 횡단중,신호위반,건조,기타,교차로 - 교차로부근,승용,남,28세,상해없음,보행자,남,59세,중상
2016122000100525,2016년 12월 20일 19시,화요일,부산광역시 해운대구 좌동,경상사고,0,0,1,0,차대차 - 기타,안전거리미확보,기타,맑음,단일로 - 기타,이륜,남,21세,경상,승용,남,55세,상해없음
2016122000100526,2016년 12월 20일 19시,화요일,부산광역시 금정구 부곡동,경상사고,0,0,1,0,차대차 - 측면충돌,기타,건조,맑음,교차로 - 교차로안,승용,남,51세,상해없음,승용,남,39세,경상
2016122000100557,2016년 12월 20일 20시,화요일,부산광역시 금정구 남산동,부상신고사고,0,0,0,1,차대사람 - 횡단중,안전운전불이행,건조,맑음,단일로 - 기타,자전거,남,20세,기타불명,보행자,여,57세,부상신고
2016122000100586,2016년 12월 20일 21시,화요일,부산광역시 해운대구 반여동,중상사고,0,1,0,0,차대차 - 측면충돌,안전거리미확보,건조,맑음,단일로 - 기타,승용,남,19세,상해없음,원동기,남,18세,중상
2016122000100587,2016년 12월 20일 21시,화요일,부산광역시 금정구 구서동,경상사고,0,0,2,0,차대차 - 추돌,안전운전불이행,건조,맑음,단일로 - 기타,승용,남,45세,상해없음,승용,남,30세,경상
2016122000100660,2016년 12월 20일 23시,화요일,부산광역시 연제구 연산동,경상사고,0,0,1,0,차대사람 - 횡단중,신호위반,건조,맑음,단일로 - 횡단보도상,원동기,남,19세,상해없음,보행자,남,59세,경상
2016122000100661,2016년 12월 20일 23시,화요일,부산광역시 기장군 기장읍,사망사고,1,0,0,0,차량단독 - 공작물충돌,안전운전불이행,건조,맑음,단일로 - 기타,이륜,남,33세,사망,,,,
2016122100100018,2016년 12월 21일 01시,수요일,부산광역시 남구 대연동,부상신고사고,0,0,0,1,차대차 - 측면충돌,신호위반,건조,맑음,단일로 - 기타,원동기,남,31세,부상신고,승합,남,59세,상해없음
2016122100100064,2016년 12월 21일 06시,수요일,부산광역시 사하구 당리동,경상사고,0,0,1,0,차대차 - 추돌,안전운전불이행,건조,맑음,단일로 - 기타,이륜,남,38세,상해없음,승용,남,61세,경상
2016122100100082,2016년 12월 21일 07시,수요일,부산광역시 수영구 남천동,경상사고,0,0,1,0,차대사람 - 기타,보행자보호의무위반,건조,맑음,교차로 - 교차로부근,승용,여,43세,상해없음,보행자,남,39세,경상
2016122100100083,2016년 12월 21일 07시,수요일,부산광역시 북구 구포동,중상사고,0,1,0,0,차대차 - 측면직각충돌,안전운전불이행,건조,맑음,단일로 - 기타,승용,남,35세,상해없음,원동기,남,29세,중상
2016122100100084,2016년 12월 21일 07시,수요일,부산광역시 사하구 신평동,부상신고사고,0,0,0,1,차대차 - 측면직각충돌,직진우회전진행방해,건조,맑음,교차로 - 교차로안,화물,남,65세,상해없음,자전거,남,63세,부상신고
2016122100100118,2016년 12월 21일 08시,수요일,부산광역시 남구 문현동,중상사고,0,1,0,0,차대사람 - 기타,안전운전불이행,건조,맑음,단일로 - 기타,승용,남,47세,상해없음,보행자,여,80세,중상
2016122100100119,2016년 12월 21일 08시,수요일,부산광역시 영도구 영선동2가,경상사고,0,0,1,0,차대사람 - 횡단중,보행자보호의무위반,건조,맑음,교차로 - 교차로부근,승용,여,45세,상해없음,보행자,여,46세,경상
2016122100100120,2016년 12월 21일 08시,수요일,부산광역시 금정구 서동,경상사고,0,0,1,0,차대차 - 측면직각충돌,직진우회전진행방해,건조,맑음,교차로 - 교차로안,승용,남,52세,상해없음,승용,남,25세,경상
2016122100100121,2016년 12월 21일 08시,수요일,부산광역시 사하구 하단동,경상사고,0,0,2,0,차대차 - 기타,안전운전불이행,건조,맑음,교차로 - 교차로부근,승용,여,49세,경상,승용,여,56세,경상
2016122100100150,2016년 12월 21일 09시,수요일,부산광역시 동래구 수안동,중상사고,0,1,2,0,차대차 - 측면직각충돌,안전운전불이행,건조,맑음,교차로 - 교차로안,승합,남,59세,상해없음,승합,남,43세,중상
2016122100100151,2016년 12월 21일 09시,수요일,부산광역시 기장군 장안읍,중상사고,0,1,7,2,차대차 - 추돌,안전운전불이행,건조,흐림,단일로 - 기타,건설기계,남,35세,상해없음,승합,남,59세,경상
2016122100100183,2016년 12월 21일 10시,수요일,부산광역시 사상구 삼락동,경상사고,0,0,1,0,차대사람 - 기타,안전운전불이행,건조,맑음,단일로 - 기타,화물,남,60세,상해없음,보행자,여,53세,경상
2016122100100211,2016년 12월 21일 11시,수요일,부산광역시 금정구 장전동,중상사고,0,1,0,0,차대차 - 정면충돌,안전운전불이행,건조,맑음,단일로 - 기타,승용,여,41세,중상,승용,남,62세,상해없음
2016122100100212,2016년 12월 21일 11시,수요일,부산광역시 사하구 괴정동,경상사고,0,0,1,0,차대차 - 기타,안전운전불이행,건조,흐림,단일로 - 기타,승합,남,50세,상해없음,기타불명,남,58세,경상
2016122100100247,2016년 12월 21일 12시,수요일,부산광역시 영도구 남항동2가,중상사고,0,1,0,0,차대차 - 기타,안전운전불이행,건조,맑음,단일로 - 기타,승용,남,43세,상해없음,자전거,남,66세,중상
2016122100100248,2016년 12월 21일 12시,수요일,부산광역시 부산진구 전포동,경상사고,0,0,1,0,차대차 - 추돌,안전운전불이행,건조,맑음,단일로 - 기타,승용,여,23세,상해없음,승용,남,65세,상해없음
2016122100100249,2016년 12월 21일 12시,수요일,부산광역시 사하구 하단동,중상사고,0,1,0,0,차대차 - 측면직각충돌,안전운전불이행,건조,맑음,교차로 - 교차로안,승용,남,50세,상해없음,승용,남,48세,중상
2016122100100250,2016년 12월 21일 12시,수요일,부산광역시 연제구 연산동,경상사고,0,0,1,0,차대차 - 측면직각충돌,신호위반,건조,맑음,교차로 - 교차로안,승용,남,59세,상해없음,승용,남,65세,경상
2016122100100271,2016년 12월 21일 13시,수요일,부산광역시 부산진구 당감동,중상사고,0,1,0,0,차대차 - 측면직각충돌,안전운전불이행,건조,맑음,단일로 - 기타,화물,남,61세,상해없음,이륜,남,30세,중상
2016122100100272,2016년 12월 21일 13시,수요일,부산광역시 금정구 서동,경상사고,0,0,1,0,차대사람 - 길가장자리구역통행중,안전운전불이행,건조,맑음,단일로 - 기타,화물,남,66세,상해없음,보행자,남,17세,경상
2016122100100273,2016년 12월 21일 13시,수요일,부산광역시 금정구 부곡동,중상사고,0,1,1,0,차대차 - 추돌,안전거리미확보,건조,맑음,교차로 - 교차로부근,승용,남,65세,상해없음,승용,여,46세,경상
2016122100100293,2016년 12월 21일 14시,수요일,부산광역시 해운대구 재송동,부상신고사고,0,0,0,1,차대사람 - 기타,기타,습기,비,기타 - 기타,기타불명,기타불명,기타불명,기타불명,보행자,남,50세,부상신고
2016122100100323,2016년 12월 21일 15시,수요일,부산광역시 해운대구 재송동,경상사고,0,0,1,0,차대차 - 측면충돌,안전운전불이행,습기,비,교차로 - 교차로안,승용,여,33세,상해없음,이륜,남,62세,경상
2016122100100358,2016년 12월 21일 16시,수요일,부산광역시 강서구 녹산동,경상사고,0,0,1,0,차대차 - 추돌,안전거리미확보,건조,맑음,단일로 - 기타,승용,남,53세,상해없음,승용,남,59세,경상
2016122100100404,2016년 12월 21일 17시,수요일,부산광역시 해운대구 우동,경상사고,0,0,1,0,차대사람 - 횡단중,보행자보호의무위반,습기,비,단일로 - 횡단보도상,승합,남,62세,상해없음,보행자,남,72세,경상
2016122100100405,2016년 12월 21일 17시,수요일,부산광역시 사하구 하단동,경상사고,0,0,2,0,차대차 - 측면직각충돌,안전운전불이행,습기,비,단일로 - 기타,승합,남,60세,상해없음,승합,남,61세,상해없음
2016122100100406,2016년 12월 21일 17시,수요일,부산광역시 사하구 장림동,중상사고,0,1,0,0,차대사람 - 기타,안전운전불이행,습기,비,단일로 - 기타,승용,여,50세,상해없음,보행자,남,68세,중상
2016122100100485,2016년 12월 21일 18시,수요일,부산광역시 중구 부평동3가,경상사고,0,0,1,0,차대차 - 기타,안전운전불이행,습기,비,교차로 - 교차로안,승용,여,30세,상해없음,자전거,남,64세,경상
2016122100100486,2016년 12월 21일 18시,수요일,부산광역시 동구 수정동,경상사고,0,0,1,0,차대사람 - 횡단중,안전운전불이행,습기,비,단일로 - 기타,승용,남,60세,상해없음,보행자,남,16세,경상
2016122100100487,2016년 12월 21일 18시,수요일,부산광역시 수영구 광안동,중상사고,0,1,0,0,차대사람 - 횡단중,보행자보호의무위반,습기,비,단일로 - 기타,승용,남,45세,상해없음,보행자,여,36세,중상
2016122100100488,2016년 12월 21일 18시,수요일,부산광역시 북구 금곡동,경상사고,0,0,2,0,차대차 - 추돌,안전운전불이행,건조,맑음,단일로 - 기타,승합,남,58세,상해없음,승용,남,55세,경상
2016122100100489,2016년 12월 21일 18시,수요일,부산광역시 영도구 청학동,경상사고,0,0,1,0,차대차 - 기타,불법유턴,건조,맑음,기타 - 기타,승용,남,50세,상해없음,승용,남,34세,상해없음
2016122100100490,2016년 12월 21일 18시,수요일,부산광역시 부산진구 범천동,경상사고,0,0,3,0,차대차 - 측면직각충돌,안전운전불이행,습기,비,교차로 - 교차로안,승용,남,39세,상해없음,승용,남,63세,경상
2016122100100491,2016년 12월 21일 18시,수요일,부산광역시 사하구 하단동,경상사고,0,0,1,0,차대사람 - 기타,안전운전불이행,건조,맑음,단일로 - 기타,승용,여,55세,상해없음,보행자,여,52세,경상
2016122100100586,2016년 12월 21일 19시,수요일,부산광역시 사하구 괴정동,중상사고,0,1,0,0,차대사람 - 횡단중,안전운전불이행,습기,비,단일로 - 횡단보도상,이륜,남,29세,상해없음,보행자,남,45세,중상
2016122100100587,2016년 12월 21일 19시,수요일,부산광역시 수영구 망미동,중상사고,0,2,0,0,차대차 - 측면직각충돌,신호위반,습기,비,교차로 - 교차로안,승용,남,44세,상해없음,승용,남,41세,상해없음