사고번호,사고일시,요일,시군구,사고내용,사망자수,중상자수,경상자수,부상신고자수,사고유형,법규위반,노면상태,기상상태,도로형태,가해운전자 차종,가해운전자 성별,가해운전자 연령,가해운전자 상해정도,피해운전자 차종,피해운전자 성별,피해운전자 연령,피해운전자 상해정도
2016122100100648,2016년 12월 21일 20시,수요일,부산광역시 사하구 신평동,경상사고,0,0,1,0,차대사람 - 횡단중,중앙선침범,건조,맑음,단일로 - 기타,승용,남,32세,상해없음,보행자,남,62세,경상
2016122100100704,2016년 12월 21일 21시,수요일,부산광역시 동래구 사직동,경상사고,0,0,2,0,차대차 - 추돌,안전거리미확보,습기,비,단일로 - 기타,승합,남,59세,상해없음,승용,남,43세,경상
2016122100100760,2016년 12월 21일 22시,수요일,부산광역시 연제구 연산동,경상사고,0,0,1,0,차대사람 - 차도통행중,안전운전불이행,습기,비,교차로 - 교차로안,승용,남,38세,상해없음,보행자,남,23세,경상
2016122100100761,2016년 12월 21일 22시,수요일,부산광역시 기장군 정관읍,경상사고,0,0,1,0,차대차 - 추돌,안전운전불이행,습기,비,단일로 - 기타,승합,남,50세,상해없음,승용,남,51세,경상
2016122100100823,2016년 12월 21일 23시,수요일,부산광역시 동구 수정동,중상사고,0,1,0,0,차대사람 - 횡단중,안전운전불이행,습기,비,단일로 - 기타,승용,남,70세,상해없음,보행자,남,34세,중상
2016122100100824,2016년 12월 21일 23시,수요일,부산광역시 해운대구 재송동,경상사고,0,0,2,0,차대차 - 측면직각충돌,안전운전불이행,습기,비,교차로 - 교차로안,승용,남,34세,상해없음,승용,남,33세,경상
2016122100100825,2016년 12월 21일 23시,수요일,부산광역시 사하구 하단동,경상사고,0,0,1,0,차대차 - 정면충돌,신호위반,습기,비,교차로 - 교차로안,승용,남,23세,상해없음,이륜,남,21세,경상
2016122200100019,2016년 12월 22일 00시,목요일,부산광역시 수영구 민락동,경상사고,0,0,4,0,차대차 - 기타,안전운전불이행,습기,비,교차로 - 교차로안,기타불명,기타불명,기타불명,기타불명,승용,남,34세,경상
2016122200100020,2016년 12월 22일 00시,목요일,부산광역시 영도구 동삼동,경상사고,0,0,3,0,차대차 - 추돌,안전거리미확보,습기,비,교차로 - 교차로부근,승용,남,52세,상해없음,승용,여,27세,경상
2016122200100065,2016년 12월 22일 01시,목요일,부산광역시 수영구 광안동,중상사고,0,2,0,0,차대차 - 추돌,안전운전불이행,건조,맑음,단일로 - 기타,승용,남,32세,상해없음,승용,남,34세,중상
2016122200100066,2016년 12월 22일 01시,목요일,부산광역시 동래구 명륜동,경상사고,0,0,1,0,차대차 - 측면직각충돌,안전운전불이행,습기,비,단일로 - 기타,승용,남,50세,상해없음,승용,남,55세,경상
2016122200100117,2016년 12월 22일 04시,목요일,부산광역시 해운대구 좌동,경상사고,0,0,1,0,차량단독 - 공작물충돌,안전운전불이행,습기,비,교차로 - 교차로부근,승용,남,38세,상해없음,,,,
2016122200100127,2016년 12월 22일 05시,목요일,부산광역시 동래구 온천동,경상사고,0,0,1,0,차대차 - 측면직각충돌,교차로운행방법위반,습기,비,교차로 - 교차로안,승합,남,71세,상해없음,화물,남,74세,경상
2016122200100128,2016년 12월 22일 05시,목요일,부산광역시 사하구 괴정동,중상사고,0,1,0,0,차대사람 - 횡단중,신호위반,습기,비,단일로 - 횡단보도상,승용,여,56세,상해없음,보행자,남,35세,중상
2016122200100138,2016년 12월 22일 06시,목요일,부산광역시 금정구 부곡동,경상사고,0,0,1,0,차대사람 - 횡단중,보행자보호의무위반,건조,맑음,교차로 - 교차로부근,화물,남,46세,상해없음,보행자,남,33세,경상
2016122200100205,2016년 12월 22일 08시,목요일,부산광역시 수영구 망미동,경상사고,0,0,1,0,차대차 - 추돌,안전운전불이행,습기,비,단일로 - 기타,승용,남,29세,상해없음,승용,남,46세,경상
2016122200100297,2016년 12월 22일 12시,목요일,부산광역시 동래구 명륜동,경상사고,0,0,5,0,차대차 - 측면직각충돌,중앙선침범,건조,맑음,단일로 - 기타,승용,남,68세,상해없음,승용,남,57세,경상
2016122200100298,2016년 12월 22일 12시,목요일,부산광역시 강서구 대저2동,경상사고,0,0,2,0,차대차 - 측면직각충돌,안전운전불이행,건조,맑음,교차로 - 교차로안,화물,남,32세,상해없음,승용,남,31세,경상
2016122200100353,2016년 12월 22일 14시,목요일,부산광역시 연제구 연산동,중상사고,0,1,0,0,차대사람 - 차도통행중,보행자보호의무위반,건조,맑음,교차로 - 교차로부근,화물,남,49세,상해없음,보행자,남,12세,중상
2016122200100379,2016년 12월 22일 15시,목요일,부산광역시 서구 동대신동1가,경상사고,0,0,1,0,차대차 - 추돌,안전운전불이행,건조,맑음,단일로 - 기타,승용,여,33세,상해없음,승용,남,32세,경상
2016122200100408,2016년 12월 22일 16시,목요일,부산광역시 강서구 송정동,경상사고,0,0,1,0,차대차 - 기타,안전운전불이행,건조,맑음,단일로 - 기타,승용,여,48세,상해없음,승용,남,41세,기타불명
2016122200100435,2016년 12월 22일 17시,목요일,부산광역시 동래구 온천동,경상사고,0,0,3,0,차대차 - 측면직각충돌,안전거리미확보,건조,맑음,단일로 - 기타,승합,남,31세,상해없음,승용,남,49세,경상
2016122200100436,2016년 12월 22일 17시,목요일,부산광역시 부산진구 부전동,경상사고,0,0,1,0,차량단독 - 기타,안전운전불이행,건조,맑음,교차로 - 교차로부근,승합,남,54세,상해없음,,,,
2016122200100437,2016년 12월 22일 17시,목요일,부산광역시 사하구 구평동,중상사고,0,1,0,0,차대차 - 측면충돌,안전운전불이행,건조,맑음,단일로 - 기타,화물,남,62세,상해없음,원동기,남,42세,중상
2016122200100438,2016년 12월 22일 17시,목요일,부산광역시 사하구 구평동,중상사고,0,1,0,0,차대사람 - 횡단중,보행자보호의무위반,건조,흐림,단일로 - 횡단보도상,승용,남,50세,상해없음,보행자,여,39세,중상
2016122200100439,2016년 12월 22일 17시,목요일,부산광역시 사하구 신평동,경상사고,0,0,1,0,차대사람 - 횡단중,안전거리미확보,건조,맑음,단일로 - 기타,승용,남,33세,상해없음,보행자,여,62세,경상
2016122200100487,2016년 12월 22일 18시,목요일,부산광역시 북구 구포동,경상사고,0,0,1,0,차대차 - 측면직각충돌,안전거리미확보,건조,맑음,단일로 - 기타,승용,여,43세,상해없음,승용,남,36세,경상
2016122200100545,2016년 12월 22일 19시,목요일,부산광역시 북구 구포동,부상신고사고,0,0,0,1,차대사람 - 기타,안전운전불이행,건조,맑음,단일로 - 기타,승용,여,60세,상해없음,보행자,남,19세,부상신고
2016122200100579,2016년 12월 22일 20시,목요일,부산광역시 해운대구 송정동,경상사고,0,0,1,1,차대차 - 측면직각충돌,신호위반,건조,맑음,교차로 - 교차로안,승용,남,24세,부상신고,승용,남,34세,경상
2016122200100580,2016년 12월 22일 20시,목요일,부산광역시 해운대구 반여동,경상사고,0,0,1,0,차대차 - 측면직각충돌,안전거리미확보,건조,맑음,교차로 - 교차로부근,승용,여,24세,상해없음,이륜,남,26세,경상
2016122200100581,2016년 12월 22일 20시,목요일,부산광역시 사상구 삼락동,부상신고사고,0,0,0,1,차대차 - 기타,안전거리미확보,건조,맑음,단일로 - 기타,승용,여,43세,상해없음,승용,남,25세,부상신고
2016122200100618,2016년 12월 22일 21시,목요일,부산광역시 해운대구 재송동,경상사고,0,0,2,0,차대차 - 추돌,안전운전불이행,건조,흐림,교차로 - 교차로부근,승용,남,62세,상해없음,화물,남,57세,경상
2016122200100619,2016년 12월 22일 21시,목요일,부산광역시 연제구 연산동,경상사고,0,0,1,0,차대사람 - 횡단중,안전운전불이행,건조,맑음,단일로 - 기타,승용,여,62세,상해없음,보행자,남,61세,경상
2016122200100682,2016년 12월 22일 23시,목요일,부산광역시 동래구 온천동,경상사고,0,0,1,0,차대차 - 추돌,안전거리미확보,건조,맑음,단일로 - 기타,승용,남,56세,상해없음,승용,남,36세,경상
2016122200100683,2016년 12월 22일 23시,목요일,부산광역시 수영구 수영동,경상사고,0,0,1,0,차대사람 - 차도통행중,안전운전불이행,건조,맑음,단일로 - 기타,승용,남,67세,상해없음,보행자,여,20세,경상
2016122200100684,2016년 12월 22일 23시,목요일,부산광역시 연제구 연산동,경상사고,0,0,1,0,차대차 - 측면직각충돌,안전거리미확보,건조,맑음,교차로 - 교차로부근,승용,남,54세,상해없음,기타불명,기타불명,기타불명,기타불명
2016122300100030,2016년 12월 23일 01시,금요일,부산광역시 부산진구 부전동,경상사고,0,0,2,0,차대차 - 측면충돌,신호위반,건조,맑음,교차로 - 교차로부근,승용,남,67세,상해없음,승용,남,36세,경상
2016122300100065,2016년 12월 23일 05시,금요일,부산광역시 해운대구 좌동,부상신고사고,0,0,0,1,차대차 - 측면직각충돌,신호위반,건조,맑음,교차로 - 교차로안,승용,여,42세,부상신고,승용,남,72세,상해없음
2016122300100066,2016년 12월 23일 05시,금요일,부산광역시 사하구 다대동,경상사고,0,0,1,0,차대차 - 측면직각충돌,신호위반,건조,맑음,교차로 - 교차로안,승용,여,54세,상해없음,승용,남,37세,경상
2016122300100067,2016년 12월 23일 05시,금요일,부산광역시 사상구 삼락동,경상사고,0,0,2,0,차대차 - 정면충돌,신호위반,건조,맑음,교차로 - 교차로안,이륜,남,20세,경상,승용,남,49세,경상
2016122300100074,2016년 12월 23일 06시,금요일,부산광역시 남구 대연동,경상사고,0,0,1,0,차대사람 - 횡단중,보행자보호의무위반,건조,맑음,단일로 - 기타,승용,여,59세,상해없음,보행자,남,58세,경상
2016122300100089,2016년 12월 23일 07시,금요일,부산광역시 동래구 안락동,경상사고,0,0,1,0,차대사람 - 차도통행중,안전운전불이행,건조,맑음,교차로 - 교차로안,승용,남,47세,상해없음,보행자,남,17세,경상
2016122300100120,2016년 12월 23일 08시,금요일,부산광역시 중구 중앙동4가,중상사고,0,1,0,0,차대차 - 기타,교차로운행방법위반,건조,맑음,교차로 - 교차로부근,특수,남,62세,상해없음,이륜,남,44세,중상
2016122300100164,2016년 12월 23일 09시,금요일,부산광역시 부산진구 가야동,부상신고사고,0,0,0,1,차대사람 - 횡단중,안전운전불이행,건조,맑음,단일로 - 기타,승합,남,69세,상해없음,보행자,여,80세,부상신고
2016122300100165,2016년 12월 23일 09시,금요일,부산광역시 연제구 연산동,경상사고,0,0,1,0,차대차 - 측면직각충돌,교차로운행방법위반,건조,맑음,교차로 - 교차로안,화물,남,51세,상해없음,승용,남,47세,상해없음
2016122300100191,2016년 12월 23일 10시,금요일,부산광역시 영도구 봉래동1가,경상사고,0,0,1,0,차대차 - 측면직각충돌,안전운전불이행,건조,맑음,단일로 - 기타,이륜,남,61세,경상,승용,남,64세,상해없음
2016122300100247,2016년 12월 23일 12시,금요일,부산광역시 동구 수정동,경상사고,0,0,1,0,차대차 - 기타,불법유턴,건조,맑음,단일로 - 기타,자전거,여,62세,경상,원동기,남,47세,상해없음
2016122300100248,2016년 12월 23일 12시,금요일,부산광역시 동래구 온천동,중상사고,0,1,0,0,차대차 - 측면직각충돌,차로위반,건조,맑음,단일로 - 기타,승용,남,67세,상해없음,원동기,남,61세,중상
2016122300100249,2016년 12월 23일 12시,금요일,부산광역시 해운대구 우동,중상사고,0,1,0,0,차대차 - 기타,안전운전불이행,기타,맑음,단일로 - 기타,승용,남,22세,상해없음,승용,남,39세,중상
2016122300100281,2016년 12월 23일 13시,금요일,부산광역시 부산진구 초읍동,사망사고,1,0,0,0,차대사람 - 보도통행중,안전운전불이행,건조,맑음,단일로 - 기타,건설기계,남,63세,상해없음,보행자,여,60세,사망
2016122300100282,2016년 12월 23일 13시,금요일,부산광역시 연제구 거제동,중상사고,0,1,0,0,차대사람 - 차도통행중,안전운전불이행,건조,맑음,단일로 - 기타,승용,남,55세,상해없음,보행자,남,7세,중상
2016122300100314,2016년 12월 23일 14시,금요일,부산광역시 해운대구 반송동,부상신고사고,0,0,0,1,차량단독 - 기타,안전운전불이행,건조,맑음,단일로 - 기타,승합,남,62세,상해없음,,,,
2016122300100332,2016년 12월 23일 15시,금요일,부산광역시 부산진구 부전동,경상사고,0,0,1,0,차대차 - 측면직각충돌,차로위반,건조,맑음,교차로 - 교차로부근,승용,여,50세,상해없음,원동기,남,21세,경상
2016122300100333,2016년 12월 23일 15시,금요일,부산광역시 사하구 괴정동,부상신고사고,0,0,0,1,차대사람 - 횡단중,기타,건조,맑음,단일로 - 기타,승용,남,58세,상해없음,보행자,여,10세,부상신고
2016122300100365,2016년 12월 23일 16시,금요일,부산광역시 사상구 괘법동,부상신고사고,0,0,0,1,차대차 - 추돌,안전운전불이행,건조,맑음,단일로 - 기타,이륜,남,65세,부상신고,승용,여,47세,상해없음
2016122300100403,2016년 12월 23일 17시,금요일,부산광역시 남구 대연동,경상사고,0,0,1,0,차대차 - 측면직각충돌,안전운전불이행,건조,맑음,단일로 - 기타,승용,여,57세,상해없음,원동기,남,24세,경상
2016122300100443,2016년 12월 23일 18시,금요일,부산광역시 해운대구 좌동,경상사고,0,0,1,0,차대사람 - 횡단중,안전운전불이행,건조,맑음,단일로 - 기타,승용,남,62세,상해없음,보행자,남,47세,경상
2016122300100444,2016년 12월 23일 18시,금요일,부산광역시 부산진구 개금동,경상사고,0,0,1,0,차대사람 - 차도통행중,안전운전불이행,건조,맑음,교차로 - 교차로안,승합,남,72세,상해없음,보행자,남,57세,경상
2016122300100445,2016년 12월 23일 18시,금요일,부산광역시 사상구 엄궁동,경상사고,0,0,1,0,차대차 - 추돌,안전운전불이행,건조,맑음,단일로 - 기타,승용,남,46세,상해없음,승용,남,52세,경상
2016122300100502,2016년 12월 23일 19시,금요일,부산광역시 중구 남포동5가,경상사고,0,0,1,0,차대사람 - 횡단중,안전운전불이행,건조,맑음,단일로 - 횡단보도상,승용,남,37세,상해없음,보행자,남,78세,경상
2016122300100503,2016년 12월 23일 19시,금요일,부산광역시 금정구 서동,경상사고,0,0,1,0,차대사람 - 차도통행중,교차로운행방법위반,건조,맑음,교차로 - 교차로안,승용,남,54세,상해없음,보행자,여,64세,경상
2016122300100504,2016년 12월 23일 19시,금요일,부산광역시 사하구 다대동,경상사고,0,0,2,0,차대차 - 추돌,안전운전불이행,건조,맑음,단일로 - 횡단보도부근,승용,남,42세,상해없음,승용,남,58세,경상
2016122300100580,2016년 12월 23일 21시,금요일,부산광역시 동래구 칠산동,경상사고,0,0,1,0,차대차 - 측면직각충돌,안전운전불이행,건조,맑음,단일로 - 기타,승용,남,30세,상해없음,승용,남,28세,경상
2016122300100623,2016년 12월 23일 22시,금요일,부산광역시 영도구 동삼동,경상사고,0,0,2,0,차대차 - 기타,신호위반,건조,맑음,교차로 - 교차로안,승용,여,29세,상해없음,승합,남,43세,경상
2016122300100624,2016년 12월 23일 22시,금요일,부산광역시 사상구 학장동,경상사고,0,0,1,0,차대사람 - 기타,안전운전불이행,건조,맑음,단일로 - 기타,승용,남,50세,상해없음,보행자,남,22세,경상
2016122300100625,2016년 12월 23일 22시,금요일,부산광역시 금정구 구서동,경상사고,0,0,2,0,차대차 - 측면직각충돌,안전거리미확보,건조,맑음,단일로 - 기타,승용,남,42세,상해없음,승용,남,36세,경상
2016122300100669,2016년 12월 23일 23시,금요일,부산광역시 남구 문현동,경상사고,0,0,1,0,차대사람 - 횡단중,보행자보호의무위반,건조,맑음,단일로 - 기타,승용,남,32세,상해없음,보행자,남,40세,경상
2016122400100007,2016년 12월 24일 00시,토요일,부산광역시 부산진구 부암동,경상사고,0,0,1,0,차대차 - 측면충돌,신호위반,건조,맑음,교차로 - 교차로안,이륜,남,24세,상해없음,승용,남,49세,경상
2016122400100026,2016년 12월 24일 01시,토요일,부산광역시 부산진구 부전동,경상사고,0,0,1,0,차대사람 - 횡단중,안전운전불이행,건조,맑음,단일로 - 기타,승용,기타불명,기타불명,기타불명,보행자,남,47세,경상
2016122400100027,2016년 12월 24일 01시,토요일,부산광역시 사하구 괴정동,중상사고,0,2,5,0,차대차 - 추돌,안전운전불이행,건조,맑음,단일로 - 기타,승용,남,37세,상해없음,승용,남,63세,경상
2016122400100028,2016년 12월 24일 01시,토요일,부산광역시 사상구 덕포동,중상사고,0,1,1,0,차대차 - 추돌,중앙선침범,건조,맑음,단일로 - 기타,승용,남,49세,상해없음,승용,남,49세,경상
2016122400100056,2016년 12월 24일 02시,토요일,부산광역시 남구 대연동,중상사고,0,1,0,0,차대차 - 정면충돌,안전운전불이행,건조,맑음,기타 - 기타,승용,남,51세,상해없음,승용,여,48세,중상
2016122400100072,2016년 12월 24일 03시,토요일,부산광역시 사하구 하단동,경상사고,0,0,5,0,차대차 - 추돌,안전운전불이행,건조,맑음,단일로 - 기타,승용,남,65세,상해없음,승용,남,29세,경상
2016122400100073,2016년 12월 24일 03시,토요일,부산광역시 연제구 거제동,중상사고,0,1,0,0,차대차 - 측면충돌,안전운전불이행,건조,맑음,교차로 - 교차로부근,자전거,남,24세,중상,승용,남,56세,상해없음
2016122400100074,2016년 12월 24일 03시,토요일,부산광역시 연제구 연산동,경상사고,0,0,1,0,차대사람 - 기타,보행자보호의무위반,건조,맑음,단일로 - 기타,승용,남,25세,상해없음,보행자,남,35세,경상
2016122400100091,2016년 12월 24일 04시,토요일,부산광역시 동구 초량동,중상사고,0,1,0,0,차대사람 - 보도통행중,보행자보호의무위반,건조,맑음,단일로 - 기타,원동기,기타불명,기타불명,기타불명,보행자,남,56세,중상
2016122400100092,2016년 12월 24일 04시,토요일,부산광역시 북구 구포동,중상사고,0,1,0,0,차량단독 - 기타,안전운전불이행,건조,맑음,교차로 - 교차로부근,이륜,남,57세,중상,,,,
2016122400100093,2016년 12월 24일 04시,토요일,부산광역시 부산진구 부전동,중상사고,0,1,1,0,차대차 - 측면충돌,안전운전불이행,건조,맑음,단일로 - 기타,이륜,남,21세,상해없음,승용,남,54세,상해없음
2016122400100101,2016년 12월 24일 05시,토요일,부산광역시 남구 문현동,경상사고,0,0,1,0,차대차 - 측면직각충돌,교차로운행방법위반,건조,맑음,교차로 - 교차로안,원동기,남,57세,경상,승용,남,71세,상해없음
2016122400100113,2016년 12월 24일 06시,토요일,부산광역시 금정구 노포동,경상사고,0,0,1,0,차대차 - 측면충돌,차로위반,건조,맑음,교차로 - 교차로부근,승용,남,25세,상해없음,승용,남,31세,경상
2016122400100144,2016년 12월 24일 08시,토요일,부산광역시 연제구 거제동,중상사고,0,1,0,0,차대차 - 측면충돌,신호위반,건조,맑음,교차로 - 교차로안,승용,남,77세,상해없음,이륜,남,69세,중상
2016122400100165,2016년 12월 24일 10시,토요일,부산광역시 수영구 남천동,중상사고,0,1,2,0,차대차 - 정면충돌,신호위반,건조,맑음,교차로 - 교차로안,승용,남,73세,상해없음,화물,남,70세,경상
2016122400100166,2016년 12월 24일 10시,토요일,부산광역시 북구 구포동,중상사고,0,1,0,0,차대차 - 정면충돌,안전운전불이행,건조,맑음,교차로 - 교차로안,승용,남,67세,상해없음,이륜,남,33세,중상
2016122400100192,2016년 12월 24일 11시,토요일,부산광역시 해운대구 재송동,중상사고,0,1,0,0,차대사람 - 기타,기타,건조,맑음,단일로 - 기타,승용,남,64세,상해없음,보행자,남,72세,중상
2016122400100193,2016년 12월 24일 11시,토요일,부산광역시 부산진구 부전동,중상사고,0,1,0,0,차대차 - 측면직각충돌,안전운전불이행,건조,맑음,단일로 - 기타,승용,남,63세,상해없음,이륜,남,24세,중상
2016122400100194,2016년 12월 24일 11시,토요일,부산광역시 금정구 회동동,중상사고,0,1,2,0,차대차 - 추돌,안전거리미확보,건조,맑음,단일로 - 기타,건설기계,남,58세,상해없음,화물,남,35세,경상
2016122400100195,2016년 12월 24일 11시,토요일,부산광역시 사하구 다대동,경상사고,0,0,1,0,차대차 - 측면직각충돌,안전거리미확보,건조,맑음,단일로 - 기타,승용,남,28세,상해없음,승용,남,60세,경상
2016122400100196,2016년 12월 24일 11시,토요일,부산광역시 사하구 다대동,경상사고,0,0,1,0,차대사람 - 횡단중,안전운전불이행,건조,맑음,단일로 - 횡단보도상,화물,남,35세,상해없음,보행자,여,43세,경상
2016122400100218,2016년 12월 24일 12시,토요일,부산광역시 부산진구 당감동,경상사고,0,0,1,0,차대사람 - 횡단중,안전운전불이행,건조,맑음,단일로 - 기타,승용,여,51세,상해없음,보행자,여,5세,경상
2016122400100219,2016년 12월 24일 12시,토요일,부산광역시 금정구 구서동,경상사고,0,0,2,1,차대차 - 추돌,안전거리미확보,건조,맑음,단일로 - 기타,화물,남,38세,상해없음,화물,남,57세,경상
2016122400100243,2016년 12월 24일 13시,토요일,부산광역시 동래구 온천동,경상사고,0,0,1,1,차대차 - 추돌,차로위반,건조,맑음,단일로 - 기타,승용,남,59세,상해없음,승용,남,34세,경상
2016122400100317,2016년 12월 24일 16시,토요일,부산광역시 동래구 사직동,경상사고,0,0,1,0,차대사람 - 차도통행중,안전운전불이행,건조,맑음,단일로 - 기타,화물,남,24세,상해없음,보행자,여,16세,경상
2016122400100348,2016년 12월 24일 17시,토요일,부산광역시 서구 부용동2가,중상사고,0,1,0,0,차대차 - 측면직각충돌,안전운전불이행,건조,맑음,교차로 - 교차로안,이륜,남,23세,중상,승용,남,64세,상해없음
2016122400100349,2016년 12월 24일 17시,토요일,부산광역시 수영구 광안동,경상사고,0,0,1,0,차대사람 - 횡단중,보행자보호의무위반,건조,맑음,단일로 - 기타,승용,여,32세,상해없음,보행자,남,57세,경상
2016122400100350,2016년 12월 24일 17시,토요일,부산광역시 부산진구 범천동,경상사고,0,0,1,0,차대사람 - 기타,안전운전불이행,건조,맑음,단일로 - 기타,승용,남,37세,상해없음,보행자,남,64세,경상
2016122400100351,2016년 12월 24일 17시,토요일,부산광역시 사하구 감천동,중상사고,0,1,0,0,차대차 - 기타,안전운전불이행,건조,맑음,단일로 - 기타,승용,남,35세,상해없음,이륜,남,18세,중상
2016122400100352,2016년 12월 24일 17시,토요일,부산광역시 연제구 연산동,경상사고,0,0,1,0,차대차 - 측면충돌,안전운전불이행,건조,맑음,교차로 - 교차로안,승용,남,67세,상해없음,원동기,여,20세,경상
2016122400100393,2016년 12월 24일 18시,토요일,부산광역시 해운대구 반송동,경상사고,0,0,1,0,차대차 - 측면직각충돌,안전운전불이행,건조,맑음,교차로 - 교차로부근,승용,남,50세,상해없음,승합,남,63세,경상
2016122400100394,2016년 12월 24일 18시,토요일,부산광역시 사상구 괘법동,경상사고,0,0,1,0,차대사람 - 횡단중,안전운전불이행,건조,맑음,단일로 - 기타,승용,남,68세,상해없음,보행자,여,16세,경상
2016122400100395,2016년 12월 24일 18시,토요일,부산광역시 사상구 괘법동,경상사고,0,0,1,0,차대차 - 기타,신호위반,건조,맑음,교차로 - 교차로안,승용,남,46세,상해없음,이륜,남,38세,경상
2016122400100440,2016년 12월 24일 19시,토요일,부산광역시 동래구 온천동,중상사고,0,2,0,0,차량단독 - 기타,안전운전불이행,건조,맑음,단일로 - 기타,승용,남,65세,기타불명,,,,
2016122400100442,2016년 12월 24일 19시,토요일,부산광역시 부산진구 전포동,경상사고,0,0,2,0,차대차 - 측면충돌,신호위반,건조,맑음,교차로 - 교차로안,승용,남,54세,경상,승용,남,23세,상해없음
2016122400100443,2016년 12월 24일 19시,토요일,부산광역시 금정구 금사동,중상사고,0,1,0,0,차대사람 - 기타,안전운전불이행,건조,맑음,교차로 - 교차로부근,승용,남,46세,상해없음,보행자,남,44세,중상
2016122400100474,2016년 12월 24일 20시,토요일,부산광역시 동구 좌천동,경상사고,0,0,1,0,차대사람 - 횡단중,안전운전불이행,건조,맑음,단일로 - 기타,승용,남,62세,상해없음,보행자,여,67세,경상
2016122400100475,2016년 12월 24일 20시,토요일,부산광역시 동래구 사직동,경상사고,0,0,1,0,차대차 - 정면충돌,안전운전불이행,건조,맑음,단일로 - 기타,승용,여,52세,상해없음,원동기,남,33세,경상
2016122400100476,2016년 12월 24일 20시,토요일,부산광역시 해운대구 반여동,경상사고,0,0,2,0,차대차 - 추돌,안전운전불이행,건조,맑음,단일로 - 기타,승용,남,23세,상해없음,승용,남,25세,경상
2016122400100513,2016년 12월 24일 21시,토요일,부산광역시 북구 화명동,경상사고,0,0,1,0,차대차 - 추돌,안전운전불이행,건조,맑음,단일로 - 기타,화물,남,66세,상해없음,승용,남,60세,경상
2016122400100535,2016년 12월 24일 22시,토요일,부산광역시 남구 용호동,경상사고,0,0,1,0,차대차 - 기타,안전운전불이행,건조,맑음,교차로 - 교차로안,승용,여,37세,상해없음,자전거,여,41세,경상
2016122400100536,2016년 12월 24일 22시,토요일,부산광역시 부산진구 전포동,경상사고,0,0,1,0,차대차 - 기타,안전운전불이행,건조,맑음,교차로 - 교차로부근,승용,여,53세,상해없음,승용,남,62세,경상
2016122500100004,2016년 12월 25일 00시,일요일,부산광역시 해운대구 중동,경상사고,0,0,1,0,차대차 - 측면충돌,중앙선침범,건조,맑음,교차로 - 교차로부근,원동기,남,17세,상해없음,승용,남,48세,상해없음
2016122500100023,2016년 12월 25일 01시,일요일,부산광역시 해운대구 좌동,경상사고,0,0,1,0,차대차 - 측면직각충돌,교차로운행방법위반,건조,맑음,교차로 - 교차로부근,승용,남,40세,상해없음,승용,남,48세,경상
2016122500100046,2016년 12월 25일 03시,일요일,부산광역시 수영구 수영동,중상사고,0,1,0,0,차대차 - 측면직각충돌,신호위반,건조,맑음,단일로 - 횡단보도상,승용,여,42세,상해없음,원동기,남,22세,중상
2016122500100062,2016년 12월 25일 05시,일요일,부산광역시 부산진구 부전동,중상사고,0,1,0,0,차대차 - 측면충돌,안전운전불이행,건조,맑음,단일로 - 기타,승용,남,22세,상해없음,승용,남,24세,중상
2016122500100074,2016년 12월 25일 06시,일요일,부산광역시 해운대구 우동,경상사고,0,0,1,0,차대사람 - 횡단중,신호위반,건조,맑음,단일로 - 기타,승용,남,31세,상해없음,보행자,여,77세,경상
2016122500100075,2016년 12월 25일 06시,일요일,부산광역시 금정구 부곡동,중상사고,0,1,0,0,차대사람 - 차도통행중,기타,건조,맑음,교차로 - 교차로부근,승용,남,33세,상해없음,보행자,남,76세,중상
2016122500100076,2016년 12월 25일 06시,일요일,부산광역시 연제구 거제동,부상신고사고,0,0,0,1,차대차 - 추돌,안전거리미확보,건조,맑음,교차로 - 교차로부근,승용,남,68세,상해없음,승용,남,33세,부상신고
2016122500100081,2016년 12월 25일 07시,일요일,부산광역시 동래구 온천동,경상사고,0,0,1,0,차대차 - 측면직각충돌,교차로운행방법위반,건조,맑음,교차로 - 교차로안,건설기계,남,49세,상해없음,승용,남,52세,경상
2016122500100094,2016년 12월 25일 08시,일요일,부산광역시 부산진구 전포동,중상사고,0,1,0,0,차대차 - 기타,신호위반,건조,맑음,교차로 - 교차로안,승용,여,44세,상해없음,이륜,남,71세,중상
2016122500100123,2016년 12월 25일 10시,일요일,부산광역시 영도구 봉래동1가,경상사고,0,0,1,0,차대차 - 추돌,안전운전불이행,건조,맑음,단일로 - 기타,승용,남,59세,상해없음,승용,남,60세,경상
2016122500100141,2016년 12월 25일 11시,일요일,부산광역시 부산진구 부전동,경상사고,0,0,1,0,차대사람 - 기타,안전운전불이행,건조,맑음,교차로 - 교차로안,승용,남,68세,상해없음,보행자,여,21세,경상
2016122500100142,2016년 12월 25일 11시,일요일,부산광역시 사하구 감천동,중상사고,0,2,0,1,차량단독 - 전도전복,안전운전불이행,건조,맑음,교차로 - 교차로부근,승용,남,67세,부상신고,,,,
2016122500100143,2016년 12월 25일 11시,일요일,부산광역시 강서구 천성동,중상사고,0,1,1,0,차대차 - 추돌,안전운전불이행,건조,맑음,단일로 - 기타,승용,여,28세,기타불명,승용,남,59세,경상