사고번호,사고일시,요일,시군구,사고내용,사망자수,중상자수,경상자수,부상신고자수,사고유형,법규위반,노면상태,기상상태,도로형태,가해운전자 차종,가해운전자 성별,가해운전자 연령,가해운전자 상해정도,피해운전자 차종,피해운전자 성별,피해운전자 연령,피해운전자 상해정도
2016122500100243,2016년 12월 25일 15시,일요일,부산광역시 해운대구 반여동,경상사고,0,0,2,0,차대차 - 측면충돌,신호위반,건조,맑음,교차로 - 교차로안,승용,여,53세,상해없음,승용,남,40세,경상
2016122500100244,2016년 12월 25일 15시,일요일,부산광역시 부산진구 부전동,경상사고,0,0,1,0,차대사람 - 기타,안전운전불이행,건조,맑음,단일로 - 기타,승용,남,38세,상해없음,보행자,남,19세,경상
2016122500100258,2016년 12월 25일 16시,일요일,부산광역시 사하구 하단동,경상사고,0,0,2,0,차대차 - 측면충돌,신호위반,건조,맑음,교차로 - 교차로안,승용,남,63세,상해없음,승용,남,28세,경상
2016122500100259,2016년 12월 25일 16시,일요일,부산광역시 기장군 정관읍,경상사고,0,0,2,0,차대차 - 기타,안전거리미확보,건조,맑음,단일로 - 기타,승용,남,41세,상해없음,승용,남,42세,경상
2016122500100279,2016년 12월 25일 17시,일요일,부산광역시 중구 중앙동2가,경상사고,0,0,4,0,차대차 - 기타,교차로운행방법위반,건조,맑음,교차로 - 교차로안,승용,남,65세,기타불명,승용,남,53세,경상
2016122500100280,2016년 12월 25일 17시,일요일,부산광역시 수영구 광안동,중상사고,0,2,2,0,차대차 - 기타,신호위반,건조,맑음,교차로 - 교차로안,승용,여,45세,상해없음,승용,여,44세,경상
2016122500100281,2016년 12월 25일 17시,일요일,부산광역시 사하구 감천동,경상사고,0,0,1,0,차대사람 - 기타,안전운전불이행,건조,맑음,단일로 - 기타,승용,남,21세,상해없음,보행자,남,67세,경상
2016122500100282,2016년 12월 25일 17시,일요일,부산광역시 연제구 연산동,경상사고,0,0,1,0,차대차 - 추돌,안전거리미확보,건조,맑음,단일로 - 기타,원동기,남,18세,경상,승용,남,21세,상해없음
2016122500100283,2016년 12월 25일 17시,일요일,부산광역시 강서구 명지동,중상사고,0,1,0,0,차대차 - 측면직각충돌,교차로운행방법위반,건조,맑음,교차로 - 교차로안,승용,남,50세,상해없음,이륜,남,19세,중상
2016122500100396,2016년 12월 25일 21시,일요일,부산광역시 남구 용호동,경상사고,0,0,1,0,차대사람 - 기타,중앙선침범,건조,맑음,단일로 - 기타,승용,남,45세,상해없음,보행자,남,41세,경상
2016122500100397,2016년 12월 25일 21시,일요일,부산광역시 북구 구포동,중상사고,0,1,0,0,차대사람 - 횡단중,안전운전불이행,건조,맑음,단일로 - 기타,승용,남,64세,상해없음,보행자,남,56세,중상
2016122500100398,2016년 12월 25일 21시,일요일,부산광역시 동래구 안락동,경상사고,0,0,1,0,차대차 - 측면충돌,중앙선침범,건조,맑음,단일로 - 기타,원동기,남,19세,경상,원동기,남,20세,상해없음
2016122500100422,2016년 12월 25일 22시,일요일,부산광역시 수영구 광안동,경상사고,0,0,1,0,차대차 - 기타,안전거리미확보,건조,맑음,단일로 - 기타,승용,여,48세,상해없음,승합,남,52세,상해없음
2016122600100002,2016년 12월 26일 00시,월요일,부산광역시 북구 금곡동,중상사고,0,1,0,0,차대차 - 추돌,안전운전불이행,습기,비,교차로 - 교차로부근,승용,남,23세,상해없음,승용,여,49세,중상
2016122600100025,2016년 12월 26일 02시,월요일,부산광역시 동래구 온천동,경상사고,0,0,1,0,차대차 - 기타,교차로운행방법위반,건조,맑음,교차로 - 교차로안,승용,남,58세,상해없음,승용,남,32세,경상
2016122600100046,2016년 12월 26일 05시,월요일,부산광역시 사하구 다대동,경상사고,0,0,1,0,차대차 - 정면충돌,안전운전불이행,건조,흐림,교차로 - 교차로안,승용,남,57세,상해없음,이륜,여,50세,경상
2016122600100047,2016년 12월 26일 05시,월요일,부산광역시 사상구 모라동,중상사고,0,1,0,0,차대사람 - 횡단중,안전운전불이행,습기,흐림,단일로 - 횡단보도부근,승용,남,57세,상해없음,보행자,남,41세,중상
2016122600100078,2016년 12월 26일 07시,월요일,부산광역시 부산진구 양정동,중상사고,0,1,1,1,차대차 - 정면충돌,중앙선침범,습기,비,단일로 - 기타,승용,남,44세,상해없음,승용,남,75세,경상
2016122600100106,2016년 12월 26일 08시,월요일,부산광역시 동래구 사직동,경상사고,0,0,1,0,차대사람 - 기타,안전운전불이행,습기,비,단일로 - 기타,승용,남,33세,상해없음,보행자,여,44세,경상
2016122600100135,2016년 12월 26일 09시,월요일,부산광역시 부산진구 당감동,중상사고,0,1,0,0,차대차 - 추돌,안전운전불이행,습기,흐림,단일로 - 기타,승용,여,25세,상해없음,이륜,남,61세,중상
2016122600100136,2016년 12월 26일 09시,월요일,부산광역시 부산진구 당감동,경상사고,0,0,3,0,차대차 - 측면직각충돌,안전거리미확보,습기,비,단일로 - 기타,승용,여,46세,경상,승용,여,24세,상해없음
2016122600100159,2016년 12월 26일 10시,월요일,부산광역시 해운대구 우동,경상사고,0,0,1,0,차대차 - 추돌,안전운전불이행,건조,맑음,교차로 - 교차로부근,승용,여,47세,상해없음,승용,남,36세,경상
2016122600100238,2016년 12월 26일 13시,월요일,부산광역시 사상구 괘법동,경상사고,0,0,1,1,차대차 - 측면충돌,직진우회전진행방해,습기,비,교차로 - 교차로안,승용,남,55세,부상신고,화물,남,56세,경상
2016122600100239,2016년 12월 26일 13시,월요일,부산광역시 사상구 주례동,경상사고,0,0,1,0,차대차 - 추돌,안전운전불이행,습기,비,교차로 - 교차로부근,승합,남,69세,상해없음,승용,남,45세,경상
2016122600100240,2016년 12월 26일 13시,월요일,부산광역시 강서구 대저1동,부상신고사고,0,0,0,3,차대차 - 추돌,안전운전불이행,건조,맑음,단일로 - 기타,화물,남,51세,상해없음,승용,남,50세,부상신고
2016122600100269,2016년 12월 26일 14시,월요일,부산광역시 동래구 낙민동,경상사고,0,0,3,0,차대차 - 측면직각충돌,교차로운행방법위반,건조,맑음,교차로 - 교차로안,승용,남,39세,상해없음,승용,여,29세,경상
2016122600100299,2016년 12월 26일 15시,월요일,부산광역시 해운대구 중동,부상신고사고,0,0,0,1,차대차 - 추돌,안전운전불이행,건조,맑음,교차로 - 교차로부근,이륜,남,35세,부상신고,승합,여,46세,상해없음
2016122600100300,2016년 12월 26일 15시,월요일,부산광역시 사상구 주례동,경상사고,0,0,3,0,차대차 - 추돌,안전운전불이행,건조,맑음,단일로 - 기타,화물,남,63세,상해없음,화물,남,42세,경상
2016122600100330,2016년 12월 26일 16시,월요일,부산광역시 부산진구 개금동,부상신고사고,0,0,0,1,차대사람 - 기타,안전운전불이행,습기,비,단일로 - 횡단보도상,승용,남,67세,상해없음,보행자,여,58세,부상신고
2016122600100354,2016년 12월 26일 17시,월요일,부산광역시 수영구 수영동,경상사고,0,0,1,0,차대차 - 측면직각충돌,안전운전불이행,건조,맑음,단일로 - 기타,승용,남,45세,상해없음,승용,남,38세,경상
2016122600100355,2016년 12월 26일 17시,월요일,부산광역시 해운대구 중동,경상사고,0,0,1,0,차대차 - 기타,교차로운행방법위반,건조,맑음,단일로 - 기타,승용,남,69세,상해없음,승용,남,30세,경상
2016122600100356,2016년 12월 26일 17시,월요일,부산광역시 금정구 부곡동,중상사고,0,1,0,0,차대사람 - 횡단중,안전운전불이행,습기,비,교차로 - 교차로안,승용,남,47세,상해없음,보행자,남,47세,중상
2016122600100357,2016년 12월 26일 17시,월요일,부산광역시 강서구 명지동,중상사고,0,1,0,0,차대사람 - 횡단중,보행자보호의무위반,습기,맑음,단일로 - 횡단보도상,승용,남,34세,상해없음,보행자,여,46세,중상
2016122600100358,2016년 12월 26일 17시,월요일,부산광역시 강서구 녹산동,경상사고,0,0,1,0,차대차 - 측면충돌,신호위반,습기,비,교차로 - 교차로안,승용,남,45세,경상,화물,남,45세,상해없음
2016122600100359,2016년 12월 26일 17시,월요일,부산광역시 강서구 강동동,경상사고,0,0,4,0,차대차 - 추돌,안전운전불이행,습기,비,교차로 - 교차로부근,승용,남,69세,상해없음,승용,남,34세,경상
2016122600100360,2016년 12월 26일 17시,월요일,부산광역시 사상구 괘법동,경상사고,0,0,1,0,차대차 - 측면직각충돌,안전거리미확보,습기,비,교차로 - 교차로부근,화물,남,47세,상해없음,원동기,남,32세,경상
2016122600100361,2016년 12월 26일 17시,월요일,부산광역시 사상구 엄궁동,부상신고사고,0,0,0,1,차대차 - 기타,안전거리미확보,건조,맑음,단일로 - 기타,승용,남,64세,상해없음,승용,남,45세,부상신고
2016122600100362,2016년 12월 26일 17시,월요일,부산광역시 기장군 장안읍,경상사고,0,0,1,0,차대차 - 측면직각충돌,안전운전불이행,건조,맑음,단일로 - 기타,승용,남,50세,상해없음,승용,여,26세,경상
2016122600100406,2016년 12월 26일 18시,월요일,부산광역시 서구 서대신동2가,경상사고,0,0,1,0,차대차 - 측면직각충돌,안전거리미확보,습기,비,단일로 - 기타,화물,남,51세,상해없음,승용,남,43세,경상
2016122600100407,2016년 12월 26일 18시,월요일,부산광역시 영도구 동삼동,경상사고,0,0,1,0,차대차 - 측면직각충돌,교차로운행방법위반,습기,비,교차로 - 교차로안,승용,여,55세,상해없음,화물,남,45세,경상
2016122600100408,2016년 12월 26일 18시,월요일,부산광역시 부산진구 개금동,중상사고,0,1,0,0,차대사람 - 횡단중,신호위반,습기,비,단일로 - 횡단보도부근,원동기,남,16세,상해없음,보행자,여,64세,중상
2016122600100471,2016년 12월 26일 19시,월요일,부산광역시 서구 서대신동2가,경상사고,0,0,2,0,차대차 - 정면충돌,신호위반,습기,비,교차로 - 교차로안,승합,남,51세,상해없음,승합,남,59세,경상
2016122600100472,2016년 12월 26일 19시,월요일,부산광역시 동래구 온천동,경상사고,0,0,1,0,차대차 - 추돌,안전거리미확보,건조,맑음,단일로 - 기타,승용,남,41세,상해없음,승용,남,27세,경상
2016122600100473,2016년 12월 26일 19시,월요일,부산광역시 동래구 온천동,중상사고,0,1,0,0,차대차 - 추돌,차로위반,습기,비,단일로 - 기타,승용,남,52세,상해없음,승용,여,31세,중상
2016122600100474,2016년 12월 26일 19시,월요일,부산광역시 부산진구 전포동,중상사고,0,1,0,0,차대사람 - 횡단중,안전운전불이행,습기,비,교차로 - 교차로안,승용,여,50세,상해없음,보행자,여,74세,중상
2016122600100513,2016년 12월 26일 20시,월요일,부산광역시 북구 만덕동,중상사고,0,1,0,0,차대차 - 측면직각충돌,안전운전불이행,습기,비,교차로 - 교차로안,승용,남,25세,상해없음,원동기,남,18세,중상
2016122600100515,2016년 12월 26일 20시,월요일,부산광역시 기장군 기장읍,경상사고,0,0,1,0,차대차 - 측면직각충돌,직진우회전진행방해,건조,맑음,교차로 - 교차로안,승용,남,27세,상해없음,승용,여,51세,경상
2016122600100546,2016년 12월 26일 21시,월요일,부산광역시 동구 초량동,중상사고,0,1,1,0,차대차 - 측면직각충돌,신호위반,건조,맑음,교차로 - 교차로안,승용,남,64세,상해없음,승용,남,60세,경상
2016122600100547,2016년 12월 26일 21시,월요일,부산광역시 동구 수정동,중상사고,0,1,0,0,차대사람 - 횡단중,신호위반,습기,비,교차로 - 교차로안,화물,남,57세,상해없음,보행자,남,46세,중상
2016122600100548,2016년 12월 26일 21시,월요일,부산광역시 북구 덕천동,중상사고,0,1,0,0,차대사람 - 횡단중,안전운전불이행,습기,비,교차로 - 교차로안,승용,남,29세,상해없음,보행자,남,62세,중상
2016122600100549,2016년 12월 26일 21시,월요일,부산광역시 영도구 청학동,경상사고,0,0,1,0,차대사람 - 횡단중,안전운전불이행,습기,비,단일로 - 기타,승용,남,47세,상해없음,보행자,남,54세,경상
2016122600100550,2016년 12월 26일 21시,월요일,부산광역시 기장군 기장읍,경상사고,0,0,1,0,차대차 - 추돌,안전운전불이행,기타,비,교차로 - 교차로안,승용,남,46세,경상,승용,남,68세,상해없음
2016122600100583,2016년 12월 26일 22시,월요일,부산광역시 해운대구 중동,중상사고,0,1,0,0,차대사람 - 횡단중,안전운전불이행,습기,비,교차로 - 교차로안,승용,남,44세,상해없음,보행자,남,20세,중상
2016122600100584,2016년 12월 26일 22시,월요일,부산광역시 해운대구 반여동,중상사고,0,1,0,0,차대차 - 정면충돌,안전운전불이행,습기,비,단일로 - 기타,승용,남,54세,상해없음,승용,남,67세,중상
2016122600100613,2016년 12월 26일 23시,월요일,부산광역시 부산진구 양정동,부상신고사고,0,0,0,1,차대차 - 측면충돌,신호위반,건조,맑음,교차로 - 교차로안,이륜,남,47세,부상신고,승용,남,44세,상해없음
2016122700100024,2016년 12월 27일 01시,화요일,부산광역시 서구 동대신동1가,중상사고,0,2,0,0,차대차 - 기타,중앙선침범,습기,비,단일로 - 기타,승용,남,57세,상해없음,승용,남,56세,중상
2016122700100035,2016년 12월 27일 02시,화요일,부산광역시 해운대구 중동,중상사고,0,1,0,0,차량단독 - 전도전복,과속,기타,비,단일로 - 기타,승용,남,40세,상해없음,,,,
2016122700100066,2016년 12월 27일 06시,화요일,부산광역시 사하구 당리동,중상사고,0,1,0,0,차대사람 - 횡단중,보행자보호의무위반,건조,맑음,교차로 - 교차로안,승용,남,62세,상해없음,보행자,여,35세,중상
2016122700100084,2016년 12월 27일 07시,화요일,부산광역시 동래구 수안동,중상사고,0,1,0,0,차대차 - 측면충돌,안전운전불이행,건조,맑음,단일로 - 기타,승용,여,41세,상해없음,자전거,남,85세,중상
2016122700100085,2016년 12월 27일 07시,화요일,부산광역시 부산진구 부전동,경상사고,0,0,1,0,차대차 - 추돌,안전거리미확보,건조,맑음,단일로 - 기타,원동기,남,24세,경상,승용,남,44세,상해없음
2016122700100111,2016년 12월 27일 08시,화요일,부산광역시 사상구 주례동,중상사고,0,1,0,0,차대사람 - 횡단중,신호위반,건조,맑음,단일로 - 횡단보도상,승용,남,37세,상해없음,보행자,여,51세,중상
2016122700100137,2016년 12월 27일 09시,화요일,부산광역시 금정구 회동동,경상사고,0,0,1,0,차대차 - 정면충돌,중앙선침범,건조,맑음,단일로 - 기타,건설기계,남,58세,상해없음,승합,남,50세,경상
2016122700100138,2016년 12월 27일 09시,화요일,부산광역시 사상구 엄궁동,경상사고,0,0,1,0,차대차 - 측면충돌,직진우회전진행방해,건조,맑음,교차로 - 교차로부근,화물,남,56세,상해없음,승용,여,58세,경상
2016122700100160,2016년 12월 27일 10시,화요일,부산광역시 동래구 안락동,경상사고,0,0,1,0,차대차 - 측면직각충돌,신호위반,건조,맑음,교차로 - 교차로안,원동기,남,65세,상해없음,승용,남,66세,상해없음
2016122700100161,2016년 12월 27일 10시,화요일,부산광역시 해운대구 중동,중상사고,0,1,0,0,차대차 - 측면충돌,교차로운행방법위반,건조,맑음,교차로 - 교차로부근,승용,여,68세,상해없음,자전거,여,61세,중상
2016122700100187,2016년 12월 27일 11시,화요일,부산광역시 기장군 정관읍,경상사고,0,0,1,0,차대차 - 기타,교차로운행방법위반,건조,맑음,교차로 - 교차로안,승용,여,36세,상해없음,승용,남,42세,경상
2016122700100208,2016년 12월 27일 12시,화요일,부산광역시 동구 초량동,중상사고,0,1,0,0,차대사람 - 횡단중,보행자보호의무위반,건조,맑음,교차로 - 교차로부근,승용,남,62세,상해없음,보행자,여,55세,중상
2016122700100209,2016년 12월 27일 12시,화요일,부산광역시 영도구 대교동1가,경상사고,0,0,1,0,차대차 - 추돌,안전운전불이행,건조,맑음,단일로 - 기타,승용,남,23세,상해없음,승용,남,47세,경상
2016122700100210,2016년 12월 27일 12시,화요일,부산광역시 영도구 대교동1가,경상사고,0,0,1,0,차대차 - 추돌,안전운전불이행,건조,맑음,단일로 - 기타,승용,남,18세,상해없음,승용,남,47세,경상
2016122700100211,2016년 12월 27일 12시,화요일,부산광역시 사하구 신평동,경상사고,0,0,1,0,차대차 - 기타,교차로운행방법위반,건조,맑음,교차로 - 교차로안,승용,남,70세,상해없음,승용,남,27세,경상
2016122700100234,2016년 12월 27일 13시,화요일,부산광역시 남구 문현동,경상사고,0,0,1,0,차대사람 - 차도통행중,안전운전불이행,건조,맑음,단일로 - 기타,승용,남,32세,상해없음,보행자,여,58세,경상
2016122700100235,2016년 12월 27일 13시,화요일,부산광역시 금정구 서동,중상사고,0,1,0,0,차대사람 - 기타,안전운전불이행,건조,맑음,교차로 - 교차로안,승용,남,53세,상해없음,보행자,여,58세,중상
2016122700100265,2016년 12월 27일 14시,화요일,부산광역시 서구 충무동1가,경상사고,0,0,1,1,차대차 - 추돌,안전운전불이행,건조,맑음,교차로 - 교차로안,승용,여,58세,상해없음,승용,남,29세,경상
2016122700100266,2016년 12월 27일 14시,화요일,부산광역시 수영구 광안동,경상사고,0,0,2,1,차대차 - 기타,안전거리미확보,건조,맑음,단일로 - 교량,승용,여,53세,부상신고,승용,여,55세,경상
2016122700100267,2016년 12월 27일 14시,화요일,부산광역시 남구 대연동,경상사고,0,0,1,0,차대차 - 추돌,안전운전불이행,건조,맑음,단일로 - 기타,승용,남,49세,상해없음,승용,남,55세,경상
2016122700100268,2016년 12월 27일 14시,화요일,부산광역시 동래구 온천동,중상사고,0,1,0,0,차대사람 - 보도통행중,보행자보호의무위반,건조,맑음,단일로 - 기타,이륜,여,57세,상해없음,보행자,남,75세,중상
2016122700100269,2016년 12월 27일 14시,화요일,부산광역시 동래구 수안동,중상사고,0,1,0,0,차대사람 - 차도통행중,안전운전불이행,건조,맑음,단일로 - 기타,승용,남,49세,상해없음,보행자,여,19세,중상
2016122700100270,2016년 12월 27일 14시,화요일,부산광역시 해운대구 반여동,중상사고,0,1,0,0,차대사람 - 기타,안전운전불이행,건조,맑음,기타 - 기타,이륜,남,20세,상해없음,보행자,여,75세,중상
2016122700100271,2016년 12월 27일 14시,화요일,부산광역시 해운대구 좌동,경상사고,0,0,1,0,차대차 - 추돌,안전운전불이행,건조,맑음,단일로 - 기타,승용,여,49세,상해없음,승용,여,42세,경상
2016122700100272,2016년 12월 27일 14시,화요일,부산광역시 부산진구 부전동,경상사고,0,0,1,0,차대사람 - 기타,안전운전불이행,건조,맑음,단일로 - 기타,승합,남,67세,상해없음,보행자,여,77세,경상
2016122700100273,2016년 12월 27일 14시,화요일,부산광역시 사하구 괴정동,중상사고,0,1,0,0,차대사람 - 기타,안전운전불이행,건조,맑음,단일로 - 기타,화물,남,64세,상해없음,보행자,여,68세,중상
2016122700100274,2016년 12월 27일 14시,화요일,부산광역시 사상구 모라동,중상사고,0,2,0,0,차대차 - 측면충돌,직진우회전진행방해,건조,맑음,교차로 - 교차로안,화물,남,55세,상해없음,원동기,남,64세,중상
2016122700100310,2016년 12월 27일 15시,화요일,부산광역시 남구 감만동,경상사고,0,0,1,0,차대차 - 측면직각충돌,안전운전불이행,건조,맑음,단일로 - 기타,이륜,남,23세,상해없음,승용,남,47세,경상
2016122700100311,2016년 12월 27일 15시,화요일,부산광역시 동래구 온천동,중상사고,0,1,0,0,차대사람 - 차도통행중,안전운전불이행,건조,맑음,교차로 - 교차로안,승용,남,46세,상해없음,보행자,여,60세,중상
2016122700100312,2016년 12월 27일 15시,화요일,부산광역시 부산진구 범천동,중상사고,0,1,0,0,차대차 - 추돌,안전거리미확보,건조,맑음,단일로 - 기타,승용,남,38세,상해없음,승용,남,68세,중상
2016122700100313,2016년 12월 27일 15시,화요일,부산광역시 사하구 괴정동,중상사고,0,1,0,0,차대사람 - 기타,교차로운행방법위반,건조,맑음,교차로 - 교차로안,화물,남,50세,상해없음,보행자,여,67세,중상
2016122700100340,2016년 12월 27일 16시,화요일,부산광역시 해운대구 반송동,중상사고,0,1,0,0,차대사람 - 횡단중,보행자보호의무위반,건조,맑음,단일로 - 횡단보도상,화물,남,60세,상해없음,보행자,여,68세,중상
2016122700100376,2016년 12월 27일 17시,화요일,부산광역시 부산진구 양정동,부상신고사고,0,0,0,1,차대차 - 기타,안전운전불이행,건조,맑음,단일로 - 기타,이륜,남,24세,부상신고,승용,남,57세,상해없음
2016122700100409,2016년 12월 27일 18시,화요일,부산광역시 서구 암남동,중상사고,0,1,0,0,차대차 - 기타,중앙선침범,건조,맑음,교차로 - 교차로부근,원동기,남,56세,상해없음,자전거,남,19세,중상
2016122700100465,2016년 12월 27일 19시,화요일,부산광역시 기장군 정관읍,경상사고,0,0,1,0,차대차 - 측면직각충돌,중앙선침범,건조,맑음,단일로 - 기타,승용,여,42세,상해없음,원동기,남,40세,경상
2016122700100493,2016년 12월 27일 20시,화요일,부산광역시 해운대구 반여동,부상신고사고,0,0,0,1,차대차 - 측면직각충돌,교차로운행방법위반,건조,맑음,교차로 - 교차로부근,이륜,남,16세,부상신고,승용,남,37세,상해없음
2016122700100494,2016년 12월 27일 20시,화요일,부산광역시 사하구 장림동,경상사고,0,0,1,0,차대사람 - 횡단중,안전운전불이행,건조,맑음,단일로 - 기타,승용,남,61세,상해없음,보행자,남,21세,경상
2016122700100549,2016년 12월 27일 22시,화요일,부산광역시 부산진구 양정동,중상사고,0,1,0,0,차대사람 - 차도통행중,안전운전불이행,건조,맑음,단일로 - 기타,승용,남,48세,상해없음,보행자,여,23세,중상
2016122700100572,2016년 12월 27일 23시,화요일,부산광역시 동래구 온천동,경상사고,0,0,1,0,차대차 - 추돌,안전운전불이행,건조,맑음,단일로 - 교량,승용,남,34세,상해없음,승용,남,59세,경상
2016122700100573,2016년 12월 27일 23시,화요일,부산광역시 동래구 사직동,경상사고,0,0,1,0,차대차 - 측면직각충돌,안전운전불이행,건조,맑음,교차로 - 교차로안,이륜,남,22세,경상,승용,남,56세,상해없음
2016122700100574,2016년 12월 27일 23시,화요일,부산광역시 사하구 신평동,경상사고,0,0,1,0,차대차 - 기타,신호위반,건조,맑음,교차로 - 교차로안,건설기계,남,45세,상해없음,승용,남,52세,경상
2016122800100009,2016년 12월 28일 00시,수요일,부산광역시 서구 동대신동2가,부상신고사고,0,0,0,1,차대차 - 정면충돌,안전운전불이행,건조,맑음,단일로 - 기타,승용,여,24세,부상신고,승용,남,61세,상해없음
2016122800100025,2016년 12월 28일 01시,수요일,부산광역시 부산진구 부암동,경상사고,0,0,2,0,차대차 - 측면충돌,신호위반,건조,맑음,교차로 - 교차로안,승용,남,43세,상해없음,승용,남,56세,경상
2016122800100068,2016년 12월 28일 06시,수요일,부산광역시 부산진구 가야동,중상사고,0,1,0,0,차대사람 - 차도통행중,안전운전불이행,건조,맑음,기타 - 기타,승용,남,49세,상해없음,보행자,여,49세,중상
2016122800100111,2016년 12월 28일 08시,수요일,부산광역시 부산진구 연지동,부상신고사고,0,0,0,1,차대사람 - 횡단중,보행자보호의무위반,건조,맑음,단일로 - 횡단보도상,승합,남,60세,상해없음,보행자,여,33세,부상신고
2016122800100146,2016년 12월 28일 09시,수요일,부산광역시 해운대구 반송동,중상사고,0,1,0,0,차대사람 - 횡단중,보행자보호의무위반,건조,맑음,단일로 - 횡단보도상,화물,남,42세,상해없음,보행자,여,72세,중상
2016122800100147,2016년 12월 28일 09시,수요일,부산광역시 사상구 모라동,중상사고,0,1,2,0,차대차 - 추돌,안전운전불이행,결빙,맑음,단일로 - 기타,승용,남,66세,상해없음,화물,남,28세,경상
2016122800100186,2016년 12월 28일 10시,수요일,부산광역시 해운대구 중동,중상사고,0,1,0,0,차대차 - 측면충돌,기타,건조,맑음,교차로 - 교차로부근,화물,남,61세,상해없음,이륜,남,62세,중상
2016122800100187,2016년 12월 28일 10시,수요일,부산광역시 금정구 남산동,중상사고,0,1,0,0,차대차 - 기타,기타,건조,맑음,단일로 - 기타,화물,남,64세,상해없음,승합,남,46세,상해없음
2016122800100188,2016년 12월 28일 10시,수요일,부산광역시 사상구 덕포동,경상사고,0,0,1,0,차대사람 - 길가장자리구역통행중,안전운전불이행,건조,맑음,단일로 - 기타,원동기,남,22세,기타불명,보행자,여,56세,경상
2016122800100208,2016년 12월 28일 11시,수요일,부산광역시 사하구 신평동,중상사고,0,1,0,0,차대사람 - 길가장자리구역통행중,안전운전불이행,건조,맑음,교차로 - 교차로부근,화물,남,45세,상해없음,보행자,남,88세,중상
2016122800100242,2016년 12월 28일 12시,수요일,부산광역시 동래구 온천동,경상사고,0,0,1,0,차대차 - 기타,차로위반,건조,맑음,단일로 - 기타,화물,남,36세,상해없음,승용,여,61세,경상
2016122800100243,2016년 12월 28일 12시,수요일,부산광역시 해운대구 반송동,경상사고,0,0,1,0,차대차 - 기타,안전거리미확보,기타,맑음,단일로 - 기타,승용,남,59세,상해없음,이륜,남,60세,경상
2016122800100303,2016년 12월 28일 14시,수요일,부산광역시 부산진구 범천동,중상사고,0,1,1,0,차대차 - 기타,안전운전불이행,건조,맑음,단일로 - 기타,승용,남,58세,상해없음,승용,남,32세,상해없음
2016122800100304,2016년 12월 28일 14시,수요일,부산광역시 연제구 연산동,경상사고,0,0,1,0,차대차 - 기타,안전운전불이행,건조,맑음,단일로 - 기타,승용,남,49세,기타불명,승합,남,48세,경상
2016122800100343,2016년 12월 28일 15시,수요일,부산광역시 부산진구 양정동,중상사고,0,1,0,0,차대사람 - 횡단중,보행자보호의무위반,건조,맑음,단일로 - 횡단보도상,승용,여,57세,상해없음,보행자,여,67세,중상
2016122800100344,2016년 12월 28일 15시,수요일,부산광역시 사하구 장림동,경상사고,0,0,1,0,차대사람 - 횡단중,보행자보호의무위반,건조,맑음,단일로 - 기타,승용,여,43세,상해없음,보행자,여,7세,경상
2016122800100345,2016년 12월 28일 15시,수요일,부산광역시 기장군 기장읍,경상사고,0,0,1,0,차대차 - 정면충돌,신호위반,건조,맑음,교차로 - 교차로안,승용,여,38세,상해없음,승용,남,69세,상해없음
2016122800100372,2016년 12월 28일 16시,수요일,부산광역시 남구 대연동,부상신고사고,0,0,0,1,차대차 - 측면직각충돌,안전운전불이행,건조,맑음,단일로 - 기타,화물,남,49세,상해없음,승용,남,59세,부상신고
2016122800100373,2016년 12월 28일 16시,수요일,부산광역시 수영구 민락동,중상사고,0,1,0,0,차대사람 - 기타,교차로운행방법위반,건조,맑음,교차로 - 교차로안,화물,남,50세,상해없음,보행자,남,45세,중상
2016122800100374,2016년 12월 28일 16시,수요일,부산광역시 해운대구 우동,중상사고,0,1,1,0,차대차 - 측면직각충돌,교차로운행방법위반,건조,맑음,교차로 - 교차로안,승용,여,37세,상해없음,승용,여,49세,경상
2016122800100375,2016년 12월 28일 16시,수요일,부산광역시 금정구 구서동,중상사고,0,1,0,0,차대차 - 기타,안전운전불이행,건조,맑음,단일로 - 기타,승용,남,66세,상해없음,원동기,남,44세,기타불명
2016122800100404,2016년 12월 28일 17시,수요일,부산광역시 북구 만덕동,중상사고,0,1,0,0,차대차 - 기타,신호위반,건조,맑음,교차로 - 교차로안,승용,여,26세,상해없음,이륜,남,21세,중상
2016122800100405,2016년 12월 28일 17시,수요일,부산광역시 부산진구 부전동,중상사고,0,1,0,0,차대차 - 기타,기타,건조,맑음,단일로 - 기타,승용,남,70세,상해없음,이륜,남,22세,중상
2016122800100441,2016년 12월 28일 18시,수요일,부산광역시 남구 대연동,경상사고,0,0,1,0,차대사람 - 차도통행중,안전운전불이행,건조,맑음,단일로 - 기타,승용,남,28세,상해없음,보행자,여,24세,경상
2016122800100442,2016년 12월 28일 18시,수요일,부산광역시 영도구 청학동,중상사고,0,1,0,0,차대차 - 측면충돌,안전운전불이행,건조,맑음,교차로 - 교차로안,승용,남,68세,상해없음,이륜,남,39세,중상
2016122800100443,2016년 12월 28일 18시,수요일,부산광역시 부산진구 부전동,경상사고,0,0,1,0,차대차 - 정면충돌,신호위반,건조,맑음,교차로 - 교차로안,승용,여,45세,상해없음,이륜,남,25세,경상