사고번호,사고일시,요일,시군구,사고내용,사망자수,중상자수,경상자수,부상신고자수,사고유형,법규위반,노면상태,기상상태,도로형태,가해운전자 차종,가해운전자 성별,가해운전자 연령,가해운전자 상해정도,피해운전자 차종,피해운전자 성별,피해운전자 연령,피해운전자 상해정도
2016122800100444,2016년 12월 28일 18시,수요일,부산광역시 사하구 하단동,중상사고,0,1,2,0,차대차 - 추돌,안전거리미확보,건조,맑음,단일로 - 기타,승용,남,30세,상해없음,승용,남,50세,중상
2016122800100446,2016년 12월 28일 18시,수요일,부산광역시 사상구 덕포동,경상사고,0,0,1,0,차대차 - 측면직각충돌,안전운전불이행,건조,맑음,단일로 - 기타,승합,남,57세,상해없음,승용,남,38세,경상
2016122800100504,2016년 12월 28일 19시,수요일,부산광역시 부산진구 전포동,중상사고,0,1,0,0,차대차 - 정면충돌,신호위반,건조,맑음,교차로 - 교차로안,승용,남,51세,상해없음,이륜,남,41세,중상
2016122800100505,2016년 12월 28일 19시,수요일,부산광역시 연제구 거제동,경상사고,0,0,2,0,차대차 - 추돌,안전운전불이행,건조,맑음,단일로 - 기타,승용,여,47세,상해없음,승용,여,57세,경상
2016122800100538,2016년 12월 28일 20시,수요일,부산광역시 강서구 명지동,경상사고,0,0,1,0,차대차 - 측면직각충돌,안전운전불이행,건조,맑음,기타 - 기타,승용,남,28세,상해없음,승합,남,71세,경상
2016122800100564,2016년 12월 28일 21시,수요일,부산광역시 연제구 거제동,부상신고사고,0,0,0,1,차대차 - 측면직각충돌,안전거리미확보,건조,맑음,단일로 - 기타,승용,남,60세,상해없음,이륜,남,17세,부상신고
2016122800100589,2016년 12월 28일 22시,수요일,부산광역시 사상구 엄궁동,사망사고,1,0,0,0,차대사람 - 기타,안전운전불이행,건조,맑음,단일로 - 기타,승용,여,54세,상해없음,보행자,여,25세,사망
2016122800100611,2016년 12월 28일 23시,수요일,부산광역시 해운대구 중동,경상사고,0,0,1,0,차대사람 - 기타,안전운전불이행,건조,맑음,단일로 - 기타,자전거,남,41세,상해없음,보행자,여,27세,경상
2016122800100612,2016년 12월 28일 23시,수요일,부산광역시 부산진구 범천동,경상사고,0,0,1,0,차대차 - 기타,안전운전불이행,건조,맑음,단일로 - 기타,승용,남,52세,상해없음,승용,여,20세,상해없음
2016122900100008,2016년 12월 29일 00시,목요일,부산광역시 사하구 괴정동,경상사고,0,0,3,0,차대차 - 추돌,안전운전불이행,건조,맑음,기타 - 기타,승용,남,26세,상해없음,승용,남,59세,경상
2016122900100009,2016년 12월 29일 00시,목요일,부산광역시 사상구 감전동,경상사고,0,0,1,0,차대사람 - 횡단중,안전운전불이행,건조,맑음,단일로 - 기타,원동기,여,52세,상해없음,보행자,남,55세,경상
2016122900100032,2016년 12월 29일 01시,목요일,부산광역시 연제구 연산동,경상사고,0,0,1,0,차대차 - 기타,신호위반,건조,맑음,단일로 - 횡단보도부근,승용,남,56세,상해없음,이륜,남,17세,경상
2016122900100033,2016년 12월 29일 01시,목요일,부산광역시 사상구 감전동,부상신고사고,0,0,0,2,차대차 - 정면충돌,신호위반,건조,맑음,교차로 - 교차로안,화물,남,34세,상해없음,승용,남,54세,부상신고
2016122900100043,2016년 12월 29일 02시,목요일,부산광역시 북구 화명동,부상신고사고,0,0,0,1,차대차 - 추돌,안전운전불이행,건조,맑음,단일로 - 기타,이륜,남,19세,부상신고,승용,남,60세,상해없음
2016122900100124,2016년 12월 29일 07시,목요일,부산광역시 남구 대연동,중상사고,0,1,0,0,차대차 - 기타,안전운전불이행,건조,맑음,기타 - 기타,건설기계,남,62세,상해없음,화물,남,43세,중상
2016122900100125,2016년 12월 29일 07시,목요일,부산광역시 부산진구 개금동,중상사고,0,1,0,0,차대사람 - 횡단중,안전운전불이행,건조,맑음,단일로 - 횡단보도상,승용,남,74세,상해없음,보행자,여,72세,중상
2016122900100126,2016년 12월 29일 07시,목요일,부산광역시 부산진구 전포동,경상사고,0,0,1,0,차대차 - 측면충돌,안전운전불이행,건조,맑음,단일로 - 기타,화물,남,63세,상해없음,승용,여,66세,경상
2016122900100127,2016년 12월 29일 07시,목요일,부산광역시 금정구 노포동,경상사고,0,0,1,0,차대차 - 측면충돌,신호위반,건조,맑음,교차로 - 교차로안,원동기,남,58세,경상,승용,여,51세,상해없음
2016122900100128,2016년 12월 29일 07시,목요일,부산광역시 사하구 하단동,경상사고,0,0,1,0,차대차 - 기타,안전거리미확보,건조,맑음,단일로 - 기타,화물,남,33세,상해없음,화물,남,50세,경상
2016122900100129,2016년 12월 29일 07시,목요일,부산광역시 기장군 정관읍,경상사고,0,0,3,0,차대차 - 추돌,안전운전불이행,건조,맑음,단일로 - 기타,승용,남,39세,상해없음,승용,여,43세,경상
2016122900100152,2016년 12월 29일 08시,목요일,부산광역시 남구 용호동,경상사고,0,0,1,0,차대사람 - 기타,안전운전불이행,건조,맑음,기타 - 기타,화물,여,54세,상해없음,보행자,남,22세,경상
2016122900100153,2016년 12월 29일 08시,목요일,부산광역시 남구 대연동,경상사고,0,0,1,0,차대차 - 측면직각충돌,차로위반,건조,맑음,단일로 - 기타,승용,남,59세,상해없음,승용,여,49세,경상
2016122900100155,2016년 12월 29일 08시,목요일,부산광역시 북구 화명동,경상사고,0,0,1,0,차대차 - 추돌,안전운전불이행,건조,맑음,교차로 - 교차로안,화물,남,35세,상해없음,승용,남,30세,경상
2016122900100203,2016년 12월 29일 09시,목요일,부산광역시 사하구 신평동,경상사고,0,0,2,0,차대사람 - 횡단중,교차로운행방법위반,건조,맑음,교차로 - 교차로안,화물,남,49세,상해없음,보행자,여,35세,경상
2016122900100267,2016년 12월 29일 11시,목요일,부산광역시 북구 화명동,사망사고,1,0,0,0,차대사람 - 기타,안전운전불이행,건조,맑음,단일로 - 기타,화물,남,75세,상해없음,보행자,여,87세,사망
2016122900100297,2016년 12월 29일 12시,목요일,부산광역시 해운대구 재송동,중상사고,0,1,0,0,차대사람 - 횡단중,안전운전불이행,건조,맑음,단일로 - 기타,화물,남,36세,상해없음,보행자,남,65세,중상
2016122900100298,2016년 12월 29일 12시,목요일,부산광역시 연제구 거제동,경상사고,0,0,1,0,차대차 - 측면충돌,안전운전불이행,건조,맑음,단일로 - 기타,이륜,남,53세,경상,승용,남,77세,상해없음
2016122900100299,2016년 12월 29일 12시,목요일,부산광역시 기장군 장안읍,경상사고,0,0,1,0,차대차 - 측면직각충돌,안전운전불이행,건조,맑음,단일로 - 기타,승용,남,50세,상해없음,승용,남,62세,상해없음
2016122900100339,2016년 12월 29일 13시,목요일,부산광역시 북구 구포동,경상사고,0,0,1,0,차대차 - 기타,안전운전불이행,건조,맑음,단일로 - 기타,승용,남,73세,상해없음,화물,남,66세,경상
2016122900100340,2016년 12월 29일 13시,목요일,부산광역시 영도구 봉래동3가,경상사고,0,0,1,0,차대차 - 측면직각충돌,안전거리미확보,건조,맑음,단일로 - 기타,승용,여,34세,상해없음,승용,남,31세,경상
2016122900100380,2016년 12월 29일 14시,목요일,부산광역시 남구 용호동,경상사고,0,0,3,2,차대차 - 측면충돌,교차로운행방법위반,건조,맑음,교차로 - 교차로안,승용,여,43세,상해없음,승용,남,68세,경상
2016122900100381,2016년 12월 29일 14시,목요일,부산광역시 사상구 괘법동,경상사고,0,0,2,0,차대차 - 정면충돌,안전거리미확보,건조,맑음,단일로 - 기타,승용,남,29세,상해없음,승용,여,49세,경상
2016122900100448,2016년 12월 29일 16시,목요일,부산광역시 북구 덕천동,부상신고사고,0,0,0,1,차대사람 - 횡단중,안전운전불이행,건조,맑음,단일로 - 기타,이륜,남,66세,상해없음,보행자,여,61세,부상신고
2016122900100479,2016년 12월 29일 17시,목요일,부산광역시 남구 문현동,경상사고,0,0,1,0,차대사람 - 기타,안전운전불이행,건조,맑음,단일로 - 기타,승용,남,42세,상해없음,보행자,남,61세,경상
2016122900100480,2016년 12월 29일 17시,목요일,부산광역시 해운대구 재송동,경상사고,0,0,1,0,차대차 - 측면직각충돌,안전운전불이행,건조,맑음,교차로 - 교차로안,승용,남,37세,상해없음,승용,남,33세,경상
2016122900100481,2016년 12월 29일 17시,목요일,부산광역시 금정구 구서동,경상사고,0,0,1,0,차대차 - 측면충돌,교차로운행방법위반,건조,맑음,교차로 - 교차로부근,건설기계,남,43세,상해없음,승용,여,44세,경상
2016122900100527,2016년 12월 29일 18시,목요일,부산광역시 남구 문현동,경상사고,0,0,2,0,차대차 - 추돌,안전운전불이행,건조,맑음,단일로 - 기타,승용,남,46세,상해없음,승용,남,42세,경상
2016122900100528,2016년 12월 29일 18시,목요일,부산광역시 동래구 명장동,경상사고,0,0,1,0,차대차 - 측면직각충돌,교차로운행방법위반,건조,맑음,교차로 - 교차로안,화물,남,66세,상해없음,이륜,남,20세,경상
2016122900100529,2016년 12월 29일 18시,목요일,부산광역시 동래구 명륜동,경상사고,0,0,1,0,차대사람 - 기타,안전운전불이행,건조,맑음,단일로 - 기타,승합,남,58세,상해없음,보행자,여,67세,경상
2016122900100530,2016년 12월 29일 18시,목요일,부산광역시 해운대구 중동,경상사고,0,0,1,0,차대차 - 정면충돌,교차로운행방법위반,건조,맑음,교차로 - 교차로안,승용,남,49세,상해없음,이륜,남,27세,경상
2016122900100531,2016년 12월 29일 18시,목요일,부산광역시 금정구 노포동,중상사고,0,1,0,0,차대차 - 기타,안전운전불이행,건조,맑음,단일로 - 기타,승용,여,51세,상해없음,승합,남,52세,상해없음
2016122900100532,2016년 12월 29일 18시,목요일,부산광역시 사상구 주례동,중상사고,0,1,0,0,차대사람 - 횡단중,보행자보호의무위반,건조,맑음,단일로 - 횡단보도상,승용,남,65세,상해없음,보행자,남,57세,중상
2016122900100585,2016년 12월 29일 19시,목요일,부산광역시 수영구 망미동,중상사고,0,1,0,0,차대사람 - 기타,안전운전불이행,건조,맑음,기타 - 기타,자전거,남,23세,상해없음,보행자,여,71세,중상
2016122900100586,2016년 12월 29일 19시,목요일,부산광역시 연제구 연산동,경상사고,0,0,2,0,차대차 - 기타,안전거리미확보,건조,맑음,단일로 - 기타,승용,남,62세,상해없음,승용,남,29세,경상
2016122900100647,2016년 12월 29일 20시,목요일,부산광역시 수영구 광안동,경상사고,0,0,4,0,차대차 - 기타,안전운전불이행,건조,맑음,교차로 - 교차로부근,승용,남,24세,상해없음,승용,남,51세,경상
2016122900100685,2016년 12월 29일 21시,목요일,부산광역시 중구 남포동6가,경상사고,0,0,1,0,차대사람 - 기타,안전운전불이행,건조,맑음,단일로 - 기타,승용,남,50세,상해없음,보행자,여,50세,경상
2016122900100772,2016년 12월 29일 23시,목요일,부산광역시 동구 좌천동,경상사고,0,0,3,0,차대차 - 기타,안전운전불이행,건조,맑음,단일로 - 기타,승용,남,48세,상해없음,승용,남,33세,경상
2016123000100015,2016년 12월 30일 00시,금요일,부산광역시 동래구 온천동,경상사고,0,0,1,0,차대차 - 측면직각충돌,신호위반,건조,맑음,교차로 - 교차로안,원동기,남,22세,경상,승용,남,27세,상해없음
2016123000100063,2016년 12월 30일 02시,금요일,부산광역시 중구 부평동2가,경상사고,0,0,1,0,차대사람 - 기타,안전운전불이행,건조,맑음,단일로 - 기타,승용,남,49세,상해없음,보행자,남,31세,경상
2016123000100064,2016년 12월 30일 02시,금요일,부산광역시 사하구 하단동,중상사고,0,1,0,0,차대사람 - 횡단중,기타,건조,맑음,교차로 - 교차로안,승용,남,64세,상해없음,보행자,여,51세,중상
2016123000100102,2016년 12월 30일 05시,금요일,부산광역시 부산진구 당감동,중상사고,0,1,0,0,차대차 - 측면충돌,안전운전불이행,건조,맑음,단일로 - 기타,승용,남,47세,상해없음,승용,남,64세,중상
2016123000100134,2016년 12월 30일 07시,금요일,부산광역시 사상구 엄궁동,중상사고,0,1,0,0,차대사람 - 기타,안전운전불이행,건조,맑음,단일로 - 기타,이륜,남,27세,상해없음,보행자,남,55세,중상
2016123000100166,2016년 12월 30일 08시,금요일,부산광역시 수영구 남천동,중상사고,0,1,0,0,차대차 - 측면직각충돌,안전운전불이행,건조,맑음,단일로 - 교량,승용,남,58세,상해없음,승용,남,41세,상해없음
2016123000100167,2016년 12월 30일 08시,금요일,부산광역시 해운대구 송정동,중상사고,0,1,0,0,차대차 - 추돌,안전거리미확보,건조,맑음,단일로 - 터널,건설기계,남,65세,상해없음,승용,남,34세,중상
2016123000100168,2016년 12월 30일 08시,금요일,부산광역시 사하구 장림동,경상사고,0,0,1,0,차대차 - 기타,신호위반,건조,맑음,기타 - 기타,원동기,남,21세,기타불명,원동기,남,25세,경상
2016123000100169,2016년 12월 30일 08시,금요일,부산광역시 연제구 연산동,경상사고,0,0,1,0,차대사람 - 횡단중,안전운전불이행,건조,맑음,교차로 - 교차로안,승용,남,24세,상해없음,보행자,여,9세,경상
2016123000100238,2016년 12월 30일 10시,금요일,부산광역시 해운대구 반여동,경상사고,0,0,1,0,차대사람 - 길가장자리구역통행중,안전운전불이행,건조,맑음,단일로 - 기타,승용,여,39세,상해없음,보행자,남,43세,경상
2016123000100262,2016년 12월 30일 11시,금요일,부산광역시 수영구 남천동,중상사고,0,1,0,0,차대차 - 측면직각충돌,신호위반,건조,맑음,단일로 - 횡단보도부근,승용,남,57세,상해없음,이륜,남,69세,중상
2016123000100263,2016년 12월 30일 11시,금요일,부산광역시 수영구 광안동,중상사고,0,1,0,0,차대사람 - 보도통행중,중앙선침범,건조,맑음,교차로 - 교차로부근,승용,남,50세,상해없음,보행자,남,55세,중상
2016123000100264,2016년 12월 30일 11시,금요일,부산광역시 동래구 명장동,중상사고,0,1,1,0,차대차 - 측면충돌,신호위반,건조,맑음,교차로 - 교차로안,승용,남,62세,상해없음,승용,남,74세,상해없음
2016123000100265,2016년 12월 30일 11시,금요일,부산광역시 동래구 온천동,중상사고,0,1,0,0,차대사람 - 보도통행중,기타,건조,맑음,단일로 - 기타,승용,남,31세,상해없음,보행자,여,65세,중상
2016123000100266,2016년 12월 30일 11시,금요일,부산광역시 금정구 구서동,경상사고,0,0,1,0,차대사람 - 횡단중,신호위반,건조,맑음,단일로 - 기타,승용,여,25세,기타불명,보행자,남,66세,경상
2016123000100267,2016년 12월 30일 11시,금요일,부산광역시 사상구 괘법동,경상사고,0,0,1,0,차대차 - 기타,안전거리미확보,건조,맑음,단일로 - 횡단보도상,기타불명,여,44세,상해없음,이륜,남,64세,경상
2016123000100308,2016년 12월 30일 12시,금요일,부산광역시 수영구 민락동,부상신고사고,0,0,0,1,차대사람 - 횡단중,안전운전불이행,건조,맑음,교차로 - 교차로안,승용,남,70세,상해없음,보행자,남,13세,부상신고
2016123000100309,2016년 12월 30일 12시,금요일,부산광역시 북구 덕천동,경상사고,0,0,1,0,차대차 - 기타,교차로운행방법위반,건조,맑음,교차로 - 교차로안,화물,남,51세,상해없음,자전거,여,61세,경상
2016123000100310,2016년 12월 30일 12시,금요일,부산광역시 북구 덕천동,중상사고,0,1,0,0,차량단독 - 기타,안전운전불이행,건조,맑음,교차로 - 교차로부근,이륜,남,16세,중상,,,,
2016123000100311,2016년 12월 30일 12시,금요일,부산광역시 연제구 거제동,중상사고,0,1,0,0,차대사람 - 횡단중,중앙선침범,건조,맑음,교차로 - 교차로부근,승용,남,20세,상해없음,보행자,남,75세,중상
2016123000100312,2016년 12월 30일 12시,금요일,부산광역시 사상구 엄궁동,경상사고,0,0,2,0,차대차 - 추돌,안전운전불이행,건조,맑음,단일로 - 기타,승용,남,73세,경상,승용,남,41세,경상
2016123000100355,2016년 12월 30일 13시,금요일,부산광역시 동래구 수안동,경상사고,0,0,1,0,차대차 - 측면직각충돌,교차로운행방법위반,건조,맑음,교차로 - 교차로안,승용,여,63세,상해없음,승용,남,58세,경상
2016123000100399,2016년 12월 30일 14시,금요일,부산광역시 부산진구 가야동,경상사고,0,0,1,0,차대사람 - 보도통행중,기타,건조,맑음,단일로 - 기타,승용,남,43세,상해없음,보행자,여,28세,경상
2016123000100400,2016년 12월 30일 14시,금요일,부산광역시 금정구 부곡동,부상신고사고,0,0,0,1,차대사람 - 기타,안전운전불이행,건조,맑음,단일로 - 기타,기타불명,기타불명,기타불명,기타불명,보행자,여,52세,부상신고
2016123000100440,2016년 12월 30일 15시,금요일,부산광역시 서구 부민동1가,중상사고,0,1,0,0,차대차 - 기타,안전운전불이행,건조,맑음,단일로 - 기타,화물,남,55세,상해없음,화물,남,67세,중상
2016123000100441,2016년 12월 30일 15시,금요일,부산광역시 남구 우암동,중상사고,0,1,0,0,차대차 - 추돌,안전운전불이행,건조,맑음,교차로 - 교차로부근,화물,남,55세,상해없음,승용,남,55세,상해없음
2016123000100480,2016년 12월 30일 16시,금요일,부산광역시 수영구 광안동,중상사고,0,1,0,0,차대사람 - 차도통행중,안전운전불이행,건조,맑음,단일로 - 기타,승용,남,62세,상해없음,보행자,여,67세,중상
2016123000100526,2016년 12월 30일 17시,금요일,부산광역시 서구 동대신동3가,중상사고,0,1,0,0,차대차 - 측면충돌,안전운전불이행,건조,맑음,단일로 - 기타,이륜,남,31세,상해없음,이륜,남,43세,중상
2016123000100577,2016년 12월 30일 18시,금요일,부산광역시 동구 초량동,경상사고,0,0,2,0,차대차 - 추돌,신호위반,건조,맑음,교차로 - 교차로부근,승용,여,30세,상해없음,승용,남,66세,경상
2016123000100578,2016년 12월 30일 18시,금요일,부산광역시 동래구 온천동,중상사고,0,1,1,0,차대차 - 추돌,안전운전불이행,건조,맑음,단일로 - 기타,승합,남,50세,상해없음,승용,여,26세,중상
2016123000100579,2016년 12월 30일 18시,금요일,부산광역시 사하구 장림동,중상사고,0,1,1,0,차대차 - 측면충돌,안전거리미확보,건조,맑음,교차로 - 교차로안,승용,여,55세,상해없음,원동기,남,14세,경상
2016123000100651,2016년 12월 30일 19시,금요일,부산광역시 사하구 장림동,중상사고,0,1,2,1,차대차 - 측면직각충돌,신호위반,건조,맑음,교차로 - 교차로안,승용,남,56세,부상신고,승용,남,64세,경상
2016123000100652,2016년 12월 30일 19시,금요일,부산광역시 연제구 연산동,중상사고,0,1,0,0,차대사람 - 횡단중,신호위반,건조,맑음,단일로 - 횡단보도상,승용,남,36세,상해없음,보행자,여,39세,중상
2016123000100707,2016년 12월 30일 20시,금요일,부산광역시 영도구 청학동,경상사고,0,0,1,0,차대차 - 기타,교차로운행방법위반,건조,맑음,교차로 - 교차로안,승용,남,64세,상해없음,승용,남,49세,경상
2016123000100708,2016년 12월 30일 20시,금요일,부산광역시 수영구 수영동,경상사고,0,0,1,0,차대차 - 측면직각충돌,신호위반,건조,맑음,단일로 - 기타,승용,남,60세,상해없음,원동기,남,20세,경상
2016123000100756,2016년 12월 30일 21시,금요일,부산광역시 동래구 사직동,중상사고,0,1,0,0,차대사람 - 기타,안전운전불이행,건조,맑음,교차로 - 교차로안,승합,남,51세,상해없음,보행자,남,53세,중상
2016123000100786,2016년 12월 30일 22시,금요일,부산광역시 남구 대연동,경상사고,0,0,3,0,차대차 - 추돌,안전운전불이행,건조,맑음,단일로 - 기타,승용,남,61세,상해없음,승합,남,49세,상해없음
2016123000100822,2016년 12월 30일 23시,금요일,부산광역시 연제구 연산동,경상사고,0,0,1,0,차대차 - 측면충돌,기타,건조,맑음,단일로 - 기타,승용,남,58세,상해없음,원동기,남,26세,경상
2016123100100006,2016년 12월 31일 00시,토요일,부산광역시 금정구 부곡동,경상사고,0,0,1,0,차대사람 - 기타,안전운전불이행,건조,맑음,단일로 - 기타,승용,남,26세,상해없음,보행자,남,37세,경상
2016123100100007,2016년 12월 31일 00시,토요일,부산광역시 기장군 기장읍,중상사고,0,1,0,0,차대사람 - 기타,안전운전불이행,건조,맑음,기타 - 기타,화물,남,37세,상해없음,보행자,여,62세,중상
2016123100100075,2016년 12월 31일 02시,토요일,부산광역시 동래구 사직동,중상사고,0,1,0,0,차대사람 - 기타,안전운전불이행,건조,맑음,단일로 - 기타,승용,남,49세,상해없음,보행자,남,23세,중상
2016123100100076,2016년 12월 31일 02시,토요일,부산광역시 금정구 장전동,중상사고,0,1,1,0,차대차 - 측면직각충돌,신호위반,건조,맑음,교차로 - 교차로안,승용,남,70세,상해없음,승용,남,63세,경상
2016123100100077,2016년 12월 31일 02시,토요일,부산광역시 사상구 감전동,부상신고사고,0,0,0,2,차대차 - 측면직각충돌,교차로운행방법위반,건조,맑음,교차로 - 교차로안,승용,남,56세,상해없음,승용,남,75세,상해없음
2016123100100078,2016년 12월 31일 02시,토요일,부산광역시 사상구 괘법동,중상사고,0,1,1,0,차대차 - 추돌,안전운전불이행,건조,맑음,단일로 - 기타,승용,남,31세,상해없음,승용,남,64세,경상
2016123100100098,2016년 12월 31일 03시,토요일,부산광역시 북구 금곡동,중상사고,0,1,0,0,차대사람 - 기타,안전운전불이행,건조,맑음,단일로 - 기타,승용,남,41세,상해없음,보행자,남,65세,중상
2016123100100099,2016년 12월 31일 03시,토요일,부산광역시 금정구 부곡동,경상사고,0,0,1,0,차대사람 - 횡단중,안전운전불이행,건조,맑음,단일로 - 기타,승용,남,55세,상해없음,보행자,남,26세,경상
2016123100100105,2016년 12월 31일 04시,토요일,부산광역시 부산진구 부전동,중상사고,0,1,0,0,차대차 - 기타,안전운전불이행,건조,맑음,단일로 - 기타,승용,남,47세,상해없음,승용,남,35세,상해없음
2016123100100106,2016년 12월 31일 04시,토요일,부산광역시 부산진구 부전동,중상사고,0,1,0,0,차대사람 - 횡단중,안전운전불이행,건조,맑음,단일로 - 기타,이륜,남,17세,상해없음,보행자,남,34세,중상
2016123100100122,2016년 12월 31일 05시,토요일,부산광역시 해운대구 우동,중상사고,0,3,0,0,차대차 - 정면충돌,중앙선침범,건조,맑음,단일로 - 기타,승용,남,32세,상해없음,승용,여,39세,중상
2016123100100139,2016년 12월 31일 06시,토요일,부산광역시 부산진구 가야동,경상사고,0,0,1,0,차대사람 - 차도통행중,안전운전불이행,건조,맑음,교차로 - 교차로안,화물,남,56세,상해없음,보행자,여,75세,경상
2016123100100140,2016년 12월 31일 06시,토요일,부산광역시 기장군 기장읍,경상사고,0,0,2,0,차대차 - 추돌,안전운전불이행,건조,맑음,교차로 - 교차로부근,승용,남,26세,경상,승용,남,43세,경상
2016123100100172,2016년 12월 31일 08시,토요일,부산광역시 금정구 금사동,중상사고,0,1,0,0,차량단독 - 공작물충돌,안전운전불이행,건조,맑음,교차로 - 교차로안,승용,남,45세,중상,,,,
2016123100100185,2016년 12월 31일 09시,토요일,부산광역시 수영구 수영동,경상사고,0,0,1,0,차대차 - 측면직각충돌,교차로운행방법위반,건조,맑음,교차로 - 교차로안,승용,남,32세,상해없음,승용,남,44세,경상
2016123100100217,2016년 12월 31일 11시,토요일,부산광역시 서구 동대신동2가,경상사고,0,0,1,1,차대차 - 측면직각충돌,신호위반,건조,맑음,교차로 - 교차로안,승용,남,40세,부상신고,승용,남,35세,경상
2016123100100218,2016년 12월 31일 11시,토요일,부산광역시 기장군 정관읍,경상사고,0,0,1,1,차대차 - 추돌,안전운전불이행,건조,맑음,교차로 - 교차로부근,화물,남,23세,상해없음,승용,남,34세,부상신고
2016123100100243,2016년 12월 31일 12시,토요일,부산광역시 해운대구 우동,경상사고,0,0,1,0,차대차 - 측면직각충돌,안전운전불이행,건조,맑음,교차로 - 교차로안,승합,남,58세,기타불명,승용,여,24세,경상
2016123100100244,2016년 12월 31일 12시,토요일,부산광역시 사상구 삼락동,경상사고,0,0,5,0,차대차 - 측면직각충돌,차로위반,건조,맑음,단일로 - 기타,승용,남,19세,경상,승용,남,53세,경상
2016123100100276,2016년 12월 31일 13시,토요일,부산광역시 부산진구 부전동,중상사고,0,2,0,1,차대차 - 기타,신호위반,건조,맑음,교차로 - 교차로안,승용,남,49세,상해없음,승합,남,38세,부상신고
2016123100100369,2016년 12월 31일 16시,토요일,부산광역시 남구 용호동,경상사고,0,0,2,0,차대차 - 추돌,안전거리미확보,건조,맑음,교차로 - 교차로안,승용,남,21세,상해없음,승용,남,36세,경상
2016123100100370,2016년 12월 31일 16시,토요일,부산광역시 사하구 신평동,경상사고,0,0,2,0,차대차 - 측면직각충돌,안전운전불이행,건조,맑음,교차로 - 교차로안,승용,여,59세,경상,승용,남,54세,경상
2016123100100419,2016년 12월 31일 18시,토요일,부산광역시 북구 구포동,경상사고,0,0,1,0,차대차 - 기타,안전거리미확보,건조,맑음,단일로 - 기타,승용,남,71세,상해없음,이륜,남,62세,경상
2016123100100420,2016년 12월 31일 18시,토요일,부산광역시 금정구 장전동,중상사고,0,1,0,0,차대차 - 측면충돌,기타,건조,맑음,교차로 - 교차로안,승용,남,22세,상해없음,승용,여,45세,상해없음
2016123100100421,2016년 12월 31일 18시,토요일,부산광역시 연제구 거제동,중상사고,0,1,1,0,차대차 - 측면충돌,신호위반,건조,맑음,교차로 - 교차로안,승용,남,48세,상해없음,이륜,남,40세,중상
2016123100100479,2016년 12월 31일 19시,토요일,부산광역시 수영구 민락동,중상사고,0,1,2,0,차대차 - 측면직각충돌,안전운전불이행,건조,맑음,교차로 - 교차로안,이륜,남,39세,중상,승용,여,47세,경상
2016123100100480,2016년 12월 31일 19시,토요일,부산광역시 사상구 엄궁동,경상사고,0,0,1,0,차대차 - 기타,교차로운행방법위반,건조,맑음,교차로 - 교차로부근,승용,남,60세,상해없음,이륜,남,34세,경상
2016123100100481,2016년 12월 31일 19시,토요일,부산광역시 사상구 괘법동,경상사고,0,0,1,0,차대사람 - 횡단중,안전운전불이행,건조,맑음,단일로 - 횡단보도상,승용,남,51세,상해없음,보행자,남,50세,경상
2016123100100482,2016년 12월 31일 19시,토요일,부산광역시 기장군 정관읍,중상사고,0,1,0,0,차대차 - 측면직각충돌,신호위반,건조,맑음,교차로 - 교차로안,이륜,남,37세,상해없음,승용,남,43세,중상
2016123100100526,2016년 12월 31일 20시,토요일,부산광역시 해운대구 석대동,중상사고,0,1,0,0,차대차 - 측면직각충돌,안전거리미확보,건조,맑음,단일로 - 기타,승용,남,66세,상해없음,원동기,남,24세,중상
2016123100100527,2016년 12월 31일 20시,토요일,부산광역시 부산진구 양정동,경상사고,0,0,2,0,차대차 - 추돌,안전거리미확보,건조,맑음,단일로 - 기타,승용,남,27세,상해없음,승용,남,40세,경상
2016123100100528,2016년 12월 31일 20시,토요일,부산광역시 부산진구 부전동,중상사고,0,1,0,0,차대사람 - 차도통행중,안전운전불이행,건조,맑음,단일로 - 기타,승용,남,61세,상해없음,보행자,남,56세,중상
2016123100100569,2016년 12월 31일 21시,토요일,부산광역시 동래구 명륜동,중상사고,0,1,0,1,차대차 - 측면직각충돌,안전운전불이행,건조,맑음,교차로 - 교차로부근,승용,남,55세,상해없음,승용,남,45세,중상
2016123100100570,2016년 12월 31일 21시,토요일,부산광역시 동래구 사직동,경상사고,0,0,1,0,차대차 - 측면직각충돌,안전운전불이행,건조,맑음,교차로 - 교차로안,승용,남,44세,상해없음,승용,남,46세,경상
2016123100100601,2016년 12월 31일 22시,토요일,부산광역시 서구 남부민동,경상사고,0,0,1,0,차대차 - 측면직각충돌,신호위반,건조,맑음,교차로 - 교차로안,승용,남,61세,상해없음,이륜,남,18세,경상
2016123100100602,2016년 12월 31일 22시,토요일,부산광역시 기장군 기장읍,중상사고,0,1,0,0,차대사람 - 차도통행중,안전운전불이행,건조,맑음,교차로 - 교차로안,승합,남,46세,상해없음,보행자,남,44세,중상
2016123100100634,2016년 12월 31일 23시,토요일,부산광역시 북구 화명동,경상사고,0,0,1,0,차대차 - 기타,안전거리미확보,건조,맑음,교차로 - 교차로부근,승용,남,53세,상해없음,이륜,남,19세,경상